stem,style,lpips,ssim,histogram_distance
thanh1+𣌌,thanh1,0.13213013112545013,0.5747641342170149,0.2924970957846806
thanh1+𪢌,thanh1,0.08943095803260803,0.6173080576862162,0.15999159407057964
thanh1+𡎜,thanh1,0.0664055198431015,0.7520751615016557,0.14148421151317161
thanh1+󱞈,thanh1,0.09207694977521896,0.6843414809300812,0.1442677773572341
thanh1+𫼿,thanh1,0.06899109482765198,0.6888625999384714,0.11254624382169809
thanh1+󱢉,thanh1,0.09636315703392029,0.5689214987584867,0.15658643380455195
thanh1+𠴌,thanh1,0.12662191689014435,0.585682711085712,0.15411226094537062
thanh1+󱢅,thanh1,0.09617074579000473,0.6095257586979246,3.045654179696644
thanh1+󱹻,thanh1,0.13392777740955353,0.6455995195730565,0.21513721156534793
thanh1+湳,thanh1,0.10672985762357712,0.5731396925424929,0.2154171088920834
thanh1+𬧡,thanh1,0.08634728193283081,0.7283632766652122,0.11124904514573926
thanh1+󰮁,thanh1,0.11097951978445053,0.4866589881168755,0.1833667576452622
thanh1+𠸬,thanh1,0.08688516169786453,0.6279831007370573,0.24282682040137046
thanh1+󱜺,thanh1,0.10683862864971161,0.5487402702737999,0.07595065245700736
thanh1+𫄋,thanh1,0.07173813134431839,0.7241445572594912,0.13610788626533818
thanh1+囄,thanh1,0.07336912304162979,0.7197859500196575,0.1694190673743637
thanh1+󱥯,thanh1,0.1057819202542305,0.5210750592377239,0.1935880487002695
thanh1+䓬,thanh1,0.05937398970127106,0.8257799764502025,0.08829154082161826
thanh1+󱰍,thanh1,0.0881606787443161,0.7289854653085397,0.1317165042228499
thanh1+𡚝,thanh1,0.07180020213127136,0.7637168213854304,0.10449589301191074
thanh1+𤄷,thanh1,0.1225755512714386,0.6103769310601754,0.188863305856802
thanh1+󱤚,thanh1,0.11469609290361404,0.6174445451866956,0.22518193902391745
thanh1+𢪭,thanh1,0.0698791965842247,0.7563094197414961,0.13723891171111183
thanh1+𫴇,thanh1,0.09432400017976761,0.5774282905109175,0.3410512343538228
thanh1+𠸫,thanh1,0.0838184505701065,0.6850439165148973,0.10532099999912777
thanh1+𬅷,thanh1,0.11842896044254303,0.6459186240902288,0.19409376366190387
thanh1+𡎤,thanh1,0.09244339913129807,0.6762848727528937,0.174548146437794
thanh1+󱊚,thanh1,0.10765746235847473,0.6792819900763111,0.11754112714838261
thanh1+𢀦,thanh1,0.07491812109947205,0.6989204850361205,0.14449420802800866
thanh1+𦨂,thanh1,0.08963146060705185,0.6273013409127218,0.14466536189584833
thanh1+𨄮,thanh1,0.08504612743854523,0.5221961376826005,0.11964401314707945
thanh1+𧿯,thanh1,0.1082078069448471,0.6382883984039839,0.13237109589647952
thanh1+󱰯,thanh1,0.0929827019572258,0.7191962385674422,0.15414037227853022
thanh1+󱮝,thanh1,0.06958801299333572,0.7300152345356601,0.15726877314879592
thanh1+𡅩,thanh1,0.17625048756599426,0.43294621230560065,0.32257046979868426
thanh1+󰄜,thanh1,0.11667867004871368,0.4942907860242663,0.3195923664603184
thanh1+𦨭,thanh1,0.0882396250963211,0.6629224837258817,0.11572409781914443
thanh1+𬄪,thanh1,0.08392121642827988,0.7529702576157115,0.15774626734646405
thanh1+󱜉,thanh1,0.08357656002044678,0.5553337705217694,0.15564477721473904
thanh1+󰂻,thanh1,0.06953798979520798,0.7614947060135311,0.11130725368060679
thanh1+󱟫,thanh1,0.08716972172260284,0.7496907119557505,32.41220592025213
thanh1+𬮷,thanh1,0.1411486268043518,0.45818067285590347,0.14198120667744898
thanh1+𡮣,thanh1,0.11266466230154037,0.6478619799553693,0.1493023459362521
thanh1+󱧖,thanh1,0.11697815358638763,0.7161604938868711,0.14558037443580552
thanh1+㧪,thanh1,0.09142381697893143,0.6697246196528865,0.22296368836433444
thanh1+󱬔,thanh1,0.08229289203882217,0.6101019211650288,0.18722673083536912
thanh1+𪢊,thanh1,0.08042477071285248,0.7268450026748452,0.2003066712497145
thanh1+󰭂,thanh1,0.10497210919857025,0.6766459519692848,0.12206568019006137
thanh1+𢅄,thanh1,0.07441532611846924,0.5492729979970563,0.11409190768931592
thanh1+𥶱,thanh1,0.12553581595420837,0.45241458845913335,0.30173784492255934
thanh1+啲,thanh1,0.07956793904304504,0.7250546073318778,0.09795626654202501
thanh1+𩯂,thanh1,0.09243433177471161,0.6747195508815681,0.27726179769072423
thanh1+𩼁,thanh1,0.10065315663814545,0.6579420589957561,0.1281688239251223
thanh1+𫟌,thanh1,0.1232583075761795,0.7053305294886079,0.09262312739446467
thanh1+㗩,thanh1,0.11670152842998505,0.6300622293277188,0.192612359734879
thanh1+󱛍,thanh1,0.054362475872039795,0.7519344874354064,0.09507435971433159
thanh1+𫆮,thanh1,0.07384271919727325,0.7351023269049876,0.16338585521822543
thanh1+𪡿,thanh1,0.09382066875696182,0.6634626242621412,0.23559145210175778
thanh1+𢹊,thanh1,0.10846521705389023,0.6175712578180121,0.5435204413260892
thanh1+󰧙,thanh1,0.08354643732309341,0.7551781284565332,0.10897151145317874
thanh1+󱘧,thanh1,0.09518138319253922,0.6634235931893664,0.1931313520979744
thanh1+𦷬,thanh1,0.07170730829238892,0.6939608919374326,0.10877484980819509
thanh1+󱞕,thanh1,0.10430081188678741,0.5374720940370349,0.10634774005589069
thanh1+𠼸,thanh1,0.10532587766647339,0.6393944751311509,0.19651461045033078
thanh1+𤉓,thanh1,0.08982226997613907,0.742466006011463,0.12490961576688664
thanh1+𤯱,thanh1,0.09234476089477539,0.7722793231614037,0.1465562077269117
thanh1+𧒅,thanh1,0.10494782030582428,0.6269199336005702,1.316380558264706
thanh1+󱟉,thanh1,0.09736809134483337,0.5918395987380923,0.3146272923718707
thanh1+𡪦,thanh1,0.11163900047540665,0.6279901945324182,0.20150011598075654
thanh1+󰊫,thanh1,0.10511495918035507,0.6212627707601904,0.13980417793803993
thanh1+𪝅,thanh1,0.0762920081615448,0.7947287484921455,0.10556397742531233
thanh1+𫪎,thanh1,0.0793505534529686,0.7830407722772367,0.10843533697838509
thanh1+󱳴,thanh1,0.09179234504699707,0.4928038726183503,0.21194990467842334
thanh1+󰢽,thanh1,0.06692171841859818,0.776543472922573,0.13865508742705693
thanh1+𩵾,thanh1,0.0768522322177887,0.7129400005846483,0.15343802979633
thanh1+󱼓,thanh1,0.0998319685459137,0.7268698160699834,0.13752032097761482
thanh1+𫫜,thanh1,0.10158571600914001,0.4862514445140046,0.10097333951642441
thanh1+󰮯,thanh1,0.08005712181329727,0.6364523462825831,0.1888043929414894
thanh1+𡁝,thanh1,0.11151480674743652,0.722383564803402,0.14488313844611145
thanh1+𠴭,thanh1,0.08970683068037033,0.6508236627690793,6.335513817546207
thanh1+󱫗,thanh1,0.088918536901474,0.6225979949112063,0.25713392556583103
thanh1+𪻋,thanh1,0.07659950107336044,0.7331958489823024,0.1979516498827819
thanh1+𬟻,thanh1,0.09523853659629822,0.6892767339026532,0.10499075914759333
thanh1+󰢣,thanh1,0.11175550520420074,0.5788970290807937,0.300122715896133
thanh1+捠,thanh1,0.07376397401094437,0.7648440428275383,0.10200174687003137
thanh1+𪡎,thanh1,0.07121048122644424,0.6641663878325681,0.12832746557053953
thanh1+𡫶,thanh1,0.09853379428386688,0.5572834516675388,0.19136937786600902
thanh1+󱫠,thanh1,0.11071739345788956,0.6431857355493392,0.22601553865328258
thanh1+𰈏,thanh1,0.0844622552394867,0.7719440101360479,0.1787562681695111
thanh1+篵,thanh1,0.09654726833105087,0.6363264526360033,0.2825609477581783
thanh1+󰊎,thanh1,0.09714645892381668,0.6697267089600178,0.25116073593758176
thanh1+󱪢,thanh1,0.0770038366317749,0.7463538972298656,0.1379562183847723
thanh1+𡮛,thanh1,0.08276429027318954,0.734105028931618,0.13068920451724275
thanh1+𨁟,thanh1,0.06801830977201462,0.6918963530483953,0.11534064379172633
thanh1+󱛹,thanh1,0.09148384630680084,0.6275690666278143,0.1746111254809294
thanh1+𫑺,thanh1,0.11325918883085251,0.6391257213052317,0.20189870620711234
thanh1+𠶈,thanh1,0.07734151184558868,0.8003490911969882,0.07688586694168174
thanh1+𡎡,thanh1,0.06241144984960556,0.7168560495280402,0.07417695493460215
thanh1+󰼀,thanh1,0.07326042652130127,0.7497693556324144,0.15153699521729844
thanh1+󱟢,thanh1,0.06915711611509323,0.7408569920616181,0.13605740999437263
thanh1+𡄧,thanh1,0.12025327980518341,0.5680920756771621,0.4232362343003196
thanh1+󱦩,thanh1,0.09560949355363846,0.6774158874185936,0.1404001677985913
thanh1+󱥦,thanh1,0.12643760442733765,0.5808082754335784,0.1795995937857459
thanh1+𫪄,thanh1,0.09290816634893417,0.7531562192743589,0.10509035380186904
thanh1+𬡶,thanh1,0.10173545777797699,0.539070465343633,0.20165916578370865
thanh1+󱩳,thanh1,0.11866063624620438,0.6385294239040138,0.16846398947315988
thanh1+𪭟,thanh1,0.08340715616941452,0.7955321311388038,0.09872584737891286
thanh1+󱦯,thanh1,0.07757320255041122,0.6393445923410506,0.13917689346100084
thanh1+󱤠,thanh1,0.09914115071296692,0.6651307745562681,0.18149757319050439
thanh1+󱝺,thanh1,0.08964797109365463,0.5678081939633086,0.12753653551933433
thanh1+𢠤,thanh1,0.10696198046207428,0.6190082129941856,0.12829607315972272
thanh1+𫧟,thanh1,0.11231409013271332,0.5916440851179139,0.11066913771988927
thanh1+󱛪,thanh1,0.08999443054199219,0.6706362035655323,0.16091550071836982
thanh1+𤗹,thanh1,0.07733678817749023,0.7410938177669506,0.17289576804134596
thanh1+󱞻,thanh1,0.09344962239265442,0.6616025317108104,0.1429816098147848
thanh1+󰍱,thanh1,0.056873057037591934,0.7178015469376305,0.1779304902566947
thanh1+󰄼,thanh1,0.05984209477901459,0.7763953425036889,0.10174664376692728
thanh1+𫢶,thanh1,0.060595981776714325,0.7599457903571208,0.1508954193637008
thanh1+𦟏,thanh1,0.06242230534553528,0.7708222728196744,0.11284009112067905
thanh1+𪴉,thanh1,0.10204958915710449,0.4891347533105552,0.13529675540725541
thanh1+𧞣,thanh1,0.11541227996349335,0.5046895327144612,0.28413814752035965
thanh1+󱏛,thanh1,0.10680560767650604,0.7332484904612641,0.14037669720600343
thanh1+󱛳,thanh1,0.10267414897680283,0.6672115344040227,0.12930398617021613
thanh1+󱥑,thanh1,0.0643484815955162,0.7460300569151266,0.12178128389713073
thanh1+𠌊,thanh1,0.11668030917644501,0.5742636995197112,0.10234288500244858
thanh1+𫵊,thanh1,0.07048559188842773,0.6920517004254265,0.13319750477093315
thanh1+󱩻,thanh1,0.11165967583656311,0.6560244233995928,0.14128940265619885
thanh1+𪺇,thanh1,0.08843164145946503,0.6995999722205738,0.15594330856565805
thanh1+𡂉,thanh1,0.10267151892185211,0.668173919363695,0.15431380634825886
thanh1+󰌋,thanh1,0.09627647697925568,0.6053508416234521,0.16392006345595314
thanh1+󱟠,thanh1,0.09812221676111221,0.6800060351273416,0.15952482518517055
thanh1+𡉎,thanh1,0.08869633823633194,0.7456553782837064,0.1479278901585321
thanh1+挒,thanh1,0.06858367472887039,0.7280808300926525,0.15340363650416988
thanh1+㙘,thanh1,0.08592897653579712,0.6947374310771512,0.13580399596363335
thanh1+𧋅,thanh1,0.10756824910640717,0.6799572124401789,0.08832430096482041
thanh1+𪩥,thanh1,0.10137362778186798,0.6870278608467992,0.14093067510268922
thanh1+󱭪,thanh1,0.10792113840579987,0.5772202619056668,0.20480834029234107
thanh1+𪥑,thanh1,0.10048666596412659,0.604311103696823,0.1619664602670659
thanh1+𫛈,thanh1,0.12731894850730896,0.5381546686003634,0.26109734894222947
thanh1+󱡑,thanh1,0.0877467468380928,0.7248952270307097,0.11874713333730119
thanh1+𬆅,thanh1,0.07411661744117737,0.7129362887851515,0.09949309200839318
thanh1+𬖵,thanh1,0.11901867389678955,0.5095485362052918,0.30177236837289784
thanh1+𰇵,thanh1,0.08790571987628937,0.6260928955394036,0.1050281051287499
thanh1+󰂛,thanh1,0.06981285661458969,0.7739027276080325,0.11287312963340164
thanh1+𪡱,thanh1,0.06711488217115402,0.7820568354207054,0.13297372288244916
thanh1+󱥪,thanh1,0.08929592370986938,0.6874764616706525,0.10972233939909048
thanh1+󱭷,thanh1,0.11310622096061707,0.6463089637911166,0.28652118970270485
thanh1+󱪎,thanh1,0.09606359899044037,0.6633846570406864,0.18275614158188272
thanh1+𠵴,thanh1,0.11613024771213531,0.6814677649712955,0.1410026370070283
thanh1+󱰐,thanh1,0.12430454790592194,0.5446695861172718,0.239205740414844
thanh1+󱚑,thanh1,0.09441594034433365,0.7429694611064909,0.13160919452347722
thanh1+󱝑,thanh1,0.08750765025615692,0.6801139014656697,0.10242237888945054
thanh1+𠶒,thanh1,0.14088721573352814,0.5903370271471314,190.86693558954627
thanh1+󱝷,thanh1,0.11867373436689377,0.5089796791112212,0.21843050687835866
thanh1+󱛕,thanh1,0.07546365261077881,0.6872249971397648,0.18791090342778105
thanh1+𠷦,thanh1,0.07383334636688232,0.7362831647363847,0.15024844316286756
thanh1+󱦗,thanh1,0.12647733092308044,0.5313098204455478,0.205035032588783
thanh1+𫧾,thanh1,0.09576553106307983,0.6226229811321881,0.18033985090679594
thanh1+󱜲,thanh1,0.08915893733501434,0.7269961111451979,0.1182587266377515
thanh1+𢲠,thanh1,0.08650370687246323,0.7075561051384894,0.1302904752519675
thanh1+󱳒,thanh1,0.08133041858673096,0.6322974526367571,0.2000855665260001
thanh1+𪡈,thanh1,0.07901843637228012,0.6933104975248969,0.08475579358278917
thanh1+𬄹,thanh1,0.10355960577726364,0.704832515611049,0.22771958886504598
thanh1+󱯠,thanh1,0.1062762439250946,0.5354652554912972,0.2255998982698361
thanh1+󱞟,thanh1,0.10628031939268112,0.6259509694751719,0.26374238556014457
thanh1+𪤲,thanh1,0.08100992441177368,0.6410504226900191,0.1081264860200335
thanh1+𬞰,thanh1,0.06557575613260269,0.6570806138521001,0.1931054199755408
thanh1+󱋠,thanh1,0.10046251863241196,0.6793223306876579,0.12817274694509098
thanh1+𬂨,thanh1,0.09527166932821274,0.7029535668679049,0.17092421151768478
thanh1+󱟱,thanh1,0.09367118775844574,0.7343134468610353,0.08352789066987647
thanh1+𢲾,thanh1,0.15425729751586914,0.5793596441077495,0.4003982568194347
thanh1+󱰶,thanh1,0.11750446259975433,0.6030922584533522,0.22325254654244775
thanh1+󰮦,thanh1,0.12042674422264099,0.5643944269523952,0.43931893417674245
thanh1+𰈨,thanh1,0.08917178213596344,0.7029434999399887,0.1540557436104607
thanh1+𪖺,thanh1,0.09626986086368561,0.6628128971760484,0.23928715793715316
thanh1+󱝗,thanh1,0.0800798088312149,0.6561535676909102,0.1880812157817002
thanh1+󰨑,thanh1,0.09561975300312042,0.6612402404023262,0.17604058231072806
thanh1+󰣡,thanh1,0.09450284391641617,0.6235575323429899,0.19850170938573267
thanh1+𠹰,thanh1,0.10230351239442825,0.5835184128019907,0.14202825443483744
thanh1+𫵞,thanh1,0.10373307764530182,0.6794812900657863,0.18025970309231412
thanh1+󱧨,thanh1,0.08433076739311218,0.7135439917844474,0.14405592470580672
thanh1+𪶩,thanh1,0.1153016984462738,0.6289016159432046,0.14506166830083456
thanh1+𡫐,thanh1,0.09836731851100922,0.5728404321198904,0.23351715237681314
thanh1+󱡴,thanh1,0.0977482944726944,0.709138687417003,0.16748257599008376
thanh1+𡀲,thanh1,0.08711518347263336,0.6822398085979356,0.16558607293948857
thanh1+𦘱,thanh1,0.112253837287426,0.7671584081853698,0.09619706656351779
thanh1+󱭘,thanh1,0.10542050749063492,0.6956255287429842,0.14032370085020604
thanh1+󱞀,thanh1,0.1368967890739441,0.4600940416674287,0.21096347560806764
thanh1+𪢠,thanh1,0.07461047172546387,0.6708618643366343,0.1759180451872043
thanh1+󰭠,thanh1,0.10265516489744186,0.5265272149658797,0.1138656025316072
thanh1+󱛦,thanh1,0.09080900996923447,0.7101390910373758,0.15099421810093838
thanh1+𪢒,thanh1,0.0878329947590828,0.6593474395539051,0.1434580111933851
thanh1+󱞄,thanh1,0.07355399429798126,0.7278125359110242,0.13281287713824627
thanh1+󱫟,thanh1,0.09872017055749893,0.5486197233098684,0.1994966830742022
thanh1+𩽈,thanh1,0.08480425924062729,0.6213081711132366,0.2646154085201355
thanh1+󱀰,thanh1,0.07937835901975632,0.7087526471086674,0.11178921908580193
thanh1+󱜴,thanh1,0.08404506742954254,0.7005180775697808,0.08547833148271337
thanh1+𠀿,thanh1,0.11995730549097061,0.5998349073739694,0.14496985794365214
thanh1+𣞄,thanh1,0.08506359905004501,0.6694129493328086,0.18440941798711896
thanh1+𪥘,thanh1,0.06266564875841141,0.7846848257173493,0.11020315318762307
thanh1+𭉷,thanh1,0.08603976666927338,0.7255533367671488,0.15129834494984826
thanh1+𫔬,thanh1,0.09205690771341324,0.7093746010918109,0.1996655017047159
thanh1+𫴬,thanh1,0.08730489760637283,0.75442162885673,0.1119967428235394
thanh1+󱥻,thanh1,0.11010835319757462,0.44031933626973957,0.1455912668218127
thanh1+󱟏,thanh1,0.12268196791410446,0.6212128006969646,0.29227999954655765
thanh1+𤬪,thanh1,0.08522999286651611,0.6915524862675703,0.10341142108577817
thanh1+𬃴,thanh1,0.071858249604702,0.7278955232691657,0.1299733816291218
thanh1+󱙴,thanh1,0.08585761487483978,0.7269277286915183,0.19444499228414833
thanh1+𤎓,thanh1,0.1056918352842331,0.5608991706493605,0.18261660149915226
thanh1+𪢡,thanh1,0.1247517392039299,0.6019188326602468,25.642446187261367
thanh1+󱘡,thanh1,0.08325614035129547,0.677203604931656,0.18634213513479983
thanh1+󱲝,thanh1,0.10072656720876694,0.5963085743317545,0.17725724356002717
thanh1+𬏻,thanh1,0.07577565312385559,0.7125459936312042,0.1115415843075051
thanh1+𫢖,thanh1,0.11735159158706665,0.531243817199046,0.15628792667051652
thanh1+𫢧,thanh1,0.0919768363237381,0.6642976673920022,0.12313973916215805
thanh1+㖪,thanh1,0.05599013715982437,0.8017770149579947,0.09854983072369783
thanh1+𪾭,thanh1,0.10451121628284454,0.5501952721572227,0.09292389290562596
thanh1+𠼳,thanh1,0.06890372186899185,0.7439213051629509,0.1730476347197937
thanh1+𦞎,thanh1,0.08345849812030792,0.6809745322830978,0.21344837639524417
thanh1+󱟕,thanh1,0.11731653660535812,0.38385475296545074,0.1690464984410169
thanh1+𠾺,thanh1,0.10008110105991364,0.7389559605872074,0.14712865609147294
thanh1+󱞡,thanh1,0.0679984986782074,0.6957357229660525,0.14035419947597763
thanh1+𡄳,thanh1,0.09009888768196106,0.5709223973936062,0.12882787377756974
thanh1+𫫴,thanh1,0.12027490139007568,0.3428927740509582,0.22485667161597553
thanh1+󱘓,thanh1,0.13068534433841705,0.6222610913664572,0.16013486387194864
thanh1+󰜡,thanh1,0.06821954995393753,0.7609495086250386,0.09122914866025206
thanh1+󱍺,thanh1,0.12336453050374985,0.5907519200653768,0.45124519364592125
thanh1+𤋽,thanh1,0.09844107925891876,0.440461706335474,0.19837589790893925
thanh1+󰴾,thanh1,0.059517014771699905,0.7522433093607231,0.10011769960723921
thanh1+󱢰,thanh1,0.07608091086149216,0.7250873137821684,0.1701882778151792
thanh1+𣋇,thanh1,0.08744265884160995,0.6971124049541008,0.21670781173487333
thanh1+󰢔,thanh1,0.07477772980928421,0.707280792887163,0.15313019181599816
thanh1+㼫,thanh1,0.07545849680900574,0.724519482441986,0.10395804666219532
thanh1+𪝪,thanh1,0.09215430170297623,0.6683390483356972,0.19232800075670983
thanh1+𢰦,thanh1,0.08275225758552551,0.7620975868492016,0.13433786989871851
thanh1+󱢥,thanh1,0.09586751461029053,0.6398455651824044,0.2324036971667607
thanh1+𬈈,thanh1,0.08128904551267624,0.7310840235065678,0.13126191104776347
thanh1+󱗳,thanh1,0.08141984045505524,0.7273135163318459,0.14318640879173525
thanh1+󱼒,thanh1,0.13445506989955902,0.5665939496947445,0.1563208831670677
thanh1+𡏠,thanh1,0.09991828352212906,0.4106859274833164,0.12507621444756453
thanh1+󱟂,thanh1,0.07934590429067612,0.6903022879547,0.18688739415064246
thanh1+𭈖,thanh1,0.06632751226425171,0.7042227281158827,0.14159611253656673
thanh1+䐥,thanh1,0.09918659925460815,0.6283189375607483,0.15102093848478548
thanh1+𬓓,thanh1,0.106049545109272,0.31629620201866115,0.14749059107454476
thanh1+󱞇,thanh1,0.09913894534111023,0.6598594281066817,0.25811419624353177
thanh1+𥙒,thanh1,0.11259834468364716,0.4711920324653545,0.13268692836725968
thanh1+𣛦,thanh1,0.08295923471450806,0.6942125426410202,0.17058804478187586
thanh1+𡚄,thanh1,0.07594195008277893,0.7093119739812881,0.15682641770037664
thanh1+𭰺,thanh1,0.09309377521276474,0.7261259738269972,0.09810331786303965
thanh1+𡄫,thanh1,0.07175291329622269,0.765126958728721,0.168908602934753
thanh1+濧,thanh1,0.09595312923192978,0.6587539014780315,0.12628957568798327
thanh1+󱤈,thanh1,0.08252573758363724,0.5486357823192518,0.15807149534312867
thanh1+󱬑,thanh1,0.07552016526460648,0.7440305223438781,0.1393871760324714
thanh1+󱰮,thanh1,0.10479018092155457,0.6565467598782209,0.2907220055318815
thanh1+𠶍,thanh1,0.10554535686969757,0.7042160012709165,1.7616530247001274
thanh1+𨨨,thanh1,0.08070617914199829,0.7404056688117515,0.08917149370622172
thanh1+𡄡,thanh1,0.09740080684423447,0.5017031862274738,0.16821257401255227
thanh1+󱟲,thanh1,0.0916680172085762,0.5930990995204997,0.13087044211019375
thanh1+𥴙,thanh1,0.08675190061330795,0.6610160138054391,0.4051393280544047
thanh1+󰅬,thanh1,0.10909157246351242,0.7065565235637937,0.24549598454641708
thanh1+󰬥,thanh1,0.13012650609016418,0.6083991610666368,0.17409916362456948
thanh1+𬠥,thanh1,0.07410655170679092,0.639800015313054,0.11415122375186827
thanh1+󱚕,thanh1,0.0755920484662056,0.6379064042318179,0.125765349664966
thanh1+󱤗,thanh1,0.08984296023845673,0.5994304567887315,0.225452016272612
thanh1+󱀄,thanh1,0.12713506817817688,0.6118177066962935,0.21309348643374823
thanh1+𬉌,thanh1,0.10668358206748962,0.6722539363620579,0.12165641004063112
thanh1+𤁯,thanh1,0.1188848614692688,0.62307349146493,0.2293797590456094
thanh1+󰮡,thanh1,0.1149267703294754,0.6006655348901382,0.15001270091144742
thanh1+󱯗,thanh1,0.10188919305801392,0.676768294858696,0.1042686700866365
thanh1+𤼞,thanh1,0.11696292459964752,0.5535211109559413,0.3374334421082612
thanh1+𪰰,thanh1,0.11853891611099243,0.6720369250092348,0.09141000570657505
thanh1+󱠑,thanh1,0.07569247484207153,0.7202163459640128,0.1455106829066841
thanh1+𤶹,thanh1,0.06865235418081284,0.6944785841237263,0.160885026675364
thanh1+𡅉,thanh1,0.09507809579372406,0.6998536158647112,0.21353772018012762
thanh1+𫣝,thanh1,0.09628415107727051,0.6330774693794001,0.5089902139763366
thanh1+󱠠,thanh1,0.12512817978858948,0.32268537209302645,0.16314193061524837
thanh1+󱜖,thanh1,0.1075400784611702,0.7474145069412163,0.09489685622122086
thanh1+󱦾,thanh1,0.09560676664113998,0.7000105818405999,0.14544924971839227
thanh1+𤲼,thanh1,0.0923207551240921,0.6646409741452308,0.17076811590933236
thanh1+󰇵,thanh1,0.08057844638824463,0.6605604057712313,0.1240717363409707
thanh1+𤣡,thanh1,0.12079082429409027,0.6402435630531967,0.2721257605210217
thanh1+𡁽,thanh1,0.08221915364265442,0.569483496765427,0.10656864986572719
thanh1+𡁚,thanh1,0.07828737050294876,0.717331359107306,0.13626532989479323
thanh1+溒,thanh1,0.08261039853096008,0.6270539701499485,0.17407679694562037
thanh1+󱛺,thanh1,0.08161062747240067,0.6147731841922763,0.2034382907688489
thanh1+𦄆,thanh1,0.08795825392007828,0.6983599578486603,0.116922899698715
thanh1+𠼋,thanh1,0.0807381346821785,0.7943015124200848,0.09841167276506202
thanh1+𡑪,thanh1,0.07739179581403732,0.7328980547565845,0.1281564795774822
thanh1+𫫊,thanh1,0.06164376437664032,0.8041742110190447,0.1191043327836619
thanh1+𤻓,thanh1,0.09339775145053864,0.655926544879863,0.17616215883904052
thanh1+󱟟,thanh1,0.07197262346744537,0.5723192244270313,0.10014531320790616
thanh1+󰙅,thanh1,0.09351421892642975,0.6902589893642617,0.14221723610494194
thanh1+𠇕,thanh1,0.10634207725524902,0.7123234135255705,0.12134076723062777
thanh1+𫥸,thanh1,0.09822175651788712,0.6557993189234528,0.24253234959529002
thanh1+𪢷,thanh1,0.06629031151533127,0.8035130990654961,0.08091316154513507
thanh1+𪢍,thanh1,0.07914725691080093,0.6900185319847214,0.13653597331229161
thanh1+󰣿,thanh1,0.07603255659341812,0.738277505801086,0.11849146183445201
thanh1+𠾬,thanh1,0.08581884205341339,0.668543362475198,0.10448312419346073
thanh1+𡓟,thanh1,0.11009341478347778,0.6625162003405325,0.21800492149455483
thanh1+󱚰,thanh1,0.06594760715961456,0.740201986291343,0.15638084283981143
thanh1+󱯈,thanh1,0.07133280485868454,0.7462577645893265,0.11755696575347026
thanh1+𠿀,thanh1,0.10702412575483322,0.6995159088809348,0.18186243333464022
thanh1+𦲼,thanh1,0.08173251897096634,0.6265764614077608,0.1152936687293562
thanh1+𨄿,thanh1,0.09763098508119583,0.6533627306535309,0.17521866588406318
thanh1+󱛴,thanh1,0.10441387444734573,0.4759463597516175,0.1707926643327087
thanh1+𣘊,thanh1,0.09552790224552155,0.4140717511387887,0.14610326909317406
thanh1+𫐹,thanh1,0.08351844549179077,0.7458066297546481,0.14790979406182003
thanh1+𬓛,thanh1,0.0915260836482048,0.6318311160732863,5.4690389115253035
thanh1+𠽙,thanh1,0.09820107370615005,0.7078586234678071,0.22100044453030088
thanh1+𠮨,thanh1,0.11835476756095886,0.7405734476747027,0.14140102637540505
thanh1+𬕳,thanh1,0.09099091589450836,0.6885807168024983,0.21925409131668694
thanh1+󱪱,thanh1,0.08074455708265305,0.5648602186973208,0.18515010365620388
thanh1+堹,thanh1,0.06371216475963593,0.7615453911776102,0.10260033928680924
thanh1+󱨨,thanh1,0.14242179691791534,0.35010991706571787,0.22210070519256428
thanh1+𠽂,thanh1,0.09012869000434875,0.6536786084391588,0.11098211483159741
thanh1+󱞴,thanh1,0.06482286006212234,0.6730779230735074,0.1239601003930842
thanh1+𫄉,thanh1,0.12064430862665176,0.6853686424341935,0.2813822623876878
thanh1+𠽇,thanh1,0.12038341909646988,0.7283760478322079,0.15265473990504694
thanh1+哖,thanh1,0.09554432332515717,0.7785346843617564,0.10556431991747757
thanh1+𥶂,thanh1,0.09928752481937408,0.685033230321886,0.14689122554884004
thanh1+𠶂,thanh1,0.09023649990558624,0.7119451334225353,0.1415117831176513
thanh1+𦛲,thanh1,0.11096352338790894,0.3976924460228613,0.09660480567671557
thanh1+哠,thanh1,0.08662013709545135,0.7645864648305281,0.10410408710947476
thanh1+󱞔,thanh1,0.07338543981313705,0.7883136896027161,0.10246961713711668
thanh1+𠸯,thanh1,0.1181466281414032,0.6709237662093303,0.1690888284317562
thanh1+𦟑,thanh1,0.09055308252573013,0.6677206818685779,0.1623655965787482
thanh1+󱙥,thanh1,0.08615551143884659,0.6127101197706001,0.11724733599079522
thanh1+𪡴,thanh1,0.06839607656002045,0.7314290241007184,0.16166022218021783
thanh1+𬔽,thanh1,0.11587083339691162,0.681079094876077,0.14630739720769634
thanh1+󱞙,thanh1,0.07534775882959366,0.6888757487063921,0.09086435636823931
thanh1+󱞾,thanh1,0.0947473794221878,0.7179518407486661,0.13954329946333907
thanh1+𣻢,thanh1,0.1038467288017273,0.6234565179821304,0.16424819171140279
thanh1+󰁐,thanh1,0.09971173852682114,0.6961705680957203,0.14057642062707396
thanh1+󱩩,thanh1,0.0935610830783844,0.6237772811782943,0.1163843294035035
thanh1+𪢤,thanh1,0.10189608484506607,0.6652246687763359,0.16235729447959338
thanh1+󱛑,thanh1,0.10755646228790283,0.5973965572070264,0.16629767289875466
thanh1+𡌡,thanh1,0.10681578516960144,0.6848760910780975,0.10424471745921449
thanh1+󱛻,thanh1,0.09046778082847595,0.5800080897551532,0.1483271228378048
thanh1+󱛣,thanh1,0.0827547088265419,0.7080819704956912,0.3226149552363807
thanh1+󱯺,thanh1,0.1347794383764267,0.414203467990921,0.3288816531973717
thanh1+𩀳,thanh1,0.08471472561359406,0.7089107578019567,0.16991100025739933
thanh1+𥋲,thanh1,0.05436870455741882,0.7223555764587855,0.14465744962241986
thanh1+󱜌,thanh1,0.11548710614442825,0.7038843334120205,0.1372066761853428
thanh1+𫭅,thanh1,0.11079965531826019,0.6909909038794573,0.20464692269577356
thanh1+󱅒,thanh1,0.10497745126485825,0.6109493143504746,0.3587674111518118
thanh1+𠜈,thanh1,0.0908922553062439,0.6999669476915727,0.10352424960072887
thanh1+𬊭,thanh1,0.09063678234815598,0.5907638267420967,0.14892062161582098
thanh1+㗴,thanh1,0.10912476480007172,0.40993245021704783,0.16744643756749297
thanh1+𡋦,thanh1,0.07402744144201279,0.6582153615808886,0.12595515758569234
thanh1+㙩,thanh1,0.07902933657169342,0.7337007681660478,0.13202812813416354
thanh1+𪢜,thanh1,0.09508366137742996,0.5629703087651977,0.12033777641067085
thanh1+󱚒,thanh1,0.08059922605752945,0.7117374805931784,0.15000314393801073
thanh1+󰬲,thanh1,0.08952108025550842,0.6371745663746365,0.20300767054378724
thanh1+󱛱,thanh1,0.09557085484266281,0.7253547527461074,0.12876445585891666
thanh1+󱝪,thanh1,0.08984754234552383,0.6735401969838993,0.13329659002348515
thanh1+𢯝,thanh1,0.13965170085430145,0.5607822862039872,0.1349255054073115
thanh1+󱥥,thanh1,0.08192788809537888,0.658453097400792,0.1412655928829446
thanh1+󰶅,thanh1,0.07531847804784775,0.701634596839972,0.12351910380334241
thanh1+𫱞,thanh1,0.0916845053434372,0.7300191272635427,0.17368472026675183
thanh1+檤,thanh1,0.0935327485203743,0.7116005418213528,0.16849047388796545
thanh1+𠱜,thanh1,0.09559538215398788,0.5770817401961096,0.0807588532345993
thanh1+󱞼,thanh1,0.12907682359218597,0.6827066629110394,0.17669872329989214
thanh1+󱙰,thanh1,0.09437460452318192,0.6525223285470841,0.19677321228872804
thanh1+鎫,thanh1,0.08421008288860321,0.5848646464516226,0.17920189776691778
thanh1+󱚂,thanh1,0.14591991901397705,0.629635169593047,0.16864528125479095
thanh1+𧌂,thanh1,0.06750825047492981,0.7925775203864377,0.08778039592088942
thanh1+𢠿,thanh1,0.07075836509466171,0.5554817215149795,0.11125563774511789
thanh1+󱞆,thanh1,0.08026457577943802,0.6819286300907468,0.16638032110465373
thanh1+󱝖,thanh1,0.13653205335140228,0.5893032711566435,0.16304871327529477
thanh1+𦟋,thanh1,0.10470631718635559,0.6057540560005182,0.1290455911895193
thanh1+󱜆,thanh1,0.08557842671871185,0.6857663843439005,0.14317278780403098
thanh1+𡅍,thanh1,0.127603217959404,0.4339116459831777,0.21030202212374696
thanh1+󰯺,thanh1,0.07756555080413818,0.666812288084595,0.13726123310657354
thanh1+𬈗,thanh1,0.10178255289793015,0.6693800142521522,0.1340990100150439
thanh1+𠳭,thanh1,0.056769080460071564,0.7982297839798059,0.07512377391795462
thanh1+𮫷,thanh1,0.09714719653129578,0.6013703398778922,0.14210980607245827
thanh1+𠺼,thanh1,0.05436079949140549,0.7952427458736652,0.09833249841450586
thanh1+󱡉,thanh1,0.14236034452915192,0.5670775120181194,0.33054455944833316
thanh1+𠺺,thanh1,0.08528978377580643,0.6171134638443385,3.2618333056676536
thanh1+󰤴,thanh1,0.12326927483081818,0.6967226180009222,0.12063021577087087
thanh1+󰺼,thanh1,0.09549253433942795,0.6355278237881283,0.15197745082472922
thanh1+𬙛,thanh1,0.11490198969841003,0.5867678145508742,0.12555396469399382
thanh1+𡑭,thanh1,0.08005507290363312,0.6146163052024581,0.09429348620874105
thanh1+󱙌,thanh1,0.10510750859975815,0.7016144159444322,0.23445092390762645
thanh1+𠸄,thanh1,0.059181615710258484,0.7306280024927839,0.09129288803600527
thanh1+󱡰,thanh1,0.11941282451152802,0.6306064698398388,0.7159342177856253
thanh1+󱦙,thanh1,0.08800137042999268,0.5861438329220383,0.31216836394443465
thanh1+𠿸,thanh1,0.091803178191185,0.7487254809628181,0.17817138726332615
thanh1+抋,thanh1,0.0956302061676979,0.6546437962242053,0.09915736316027401
thanh1+𫅲,thanh1,0.1540640890598297,0.5151300415198582,0.2868501909147056
thanh1+唥,thanh1,0.07616458088159561,0.7812115586388294,0.09323418102267832
thanh1+𩶽,thanh1,0.07970626652240753,0.6511582914152312,0.16192465540401454
thanh1+󱣂,thanh1,0.07512779533863068,0.6896953528932177,0.1710263818936345
thanh1+󱪚,thanh1,0.0666520893573761,0.7474478737674234,0.11850043629338679
thanh1+󱲥,thanh1,0.08316066861152649,0.7551366455368027,0.1367049878930618
thanh1+󱜝,thanh1,0.07599564641714096,0.809538657752246,0.08345275316473533
thanh1+󱨇,thanh1,0.10942646861076355,0.5956745168905461,0.15329785888292324
thanh1+𪡗,thanh1,0.10111028701066971,0.5793928857916745,0.1339436187088568
thanh1+󰧺,thanh1,0.11803518980741501,0.5525326739100678,0.18865672634234834
thanh1+𠿱,thanh1,0.09573977440595627,0.7199225130534794,0.1859426400807165
thanh1+󱠰,thanh1,0.11382405459880829,0.6184349220243609,0.18093378314264363
thanh1+󱺂,thanh1,0.09726368635892868,0.678054421867004,0.1876155096443414
thanh1+𮜲,thanh1,0.07743032276630402,0.6807674138207924,0.21898129977507821
thanh1+𩯁,thanh1,0.12043687701225281,0.6070383660287105,0.2970392701537364
thanh1+󱯛,thanh1,0.12248155474662781,0.5912118857698794,0.1975832101553968
thanh1+𠲏,thanh1,0.07532468438148499,0.780788884947219,0.10369056013599688
thanh1+󱝭,thanh1,0.110741525888443,0.5826695040816233,0.11583579296919193
thanh1+𡀫,thanh1,0.0785227119922638,0.7693402963100929,0.12008670416472389
thanh1+󱞒,thanh1,0.08723054826259613,0.7166550766190408,0.1760279473500684
thanh1+󱝞,thanh1,0.07912991940975189,0.7244711484338922,0.15955302296918095
thanh1+󱞜,thanh1,0.07887031137943268,0.7193626028196511,0.1440132224542746
thanh1+󰸪,thanh1,0.10044145584106445,0.6671547065859967,0.18037683141268146
thanh1+𫪀,thanh1,0.07759203016757965,0.7221367527804015,0.12237167517855885
thanh1+𪤻,thanh1,0.07924148440361023,0.6482679698545107,0.13275580232671824
thanh1+󱮺,thanh1,0.11357878148555756,0.5693253756058766,0.1447195407550024
thanh1+󱦐,thanh1,0.08328020572662354,0.6941397145769825,0.21082119543731104
thanh1+𭉆,thanh1,0.07055118680000305,0.7682604784346588,0.12994657598642803
thanh1+󱜫,thanh1,0.059974249452352524,0.7781657768533069,0.10175001917132637
thanh1+𡃙,thanh1,0.08163876086473465,0.708578842708515,0.2592478156975307
thanh1+󱡗,thanh1,0.0914459377527237,0.5616430281857387,0.16161976952689158
thanh1+朠,thanh1,0.06675618886947632,0.7519458906484202,0.12151159183400949
thanh1+𡃝,thanh1,0.12550222873687744,0.6846999927734492,0.21581702046847143
thanh1+󱜾,thanh1,0.06656893342733383,0.74202418121498,0.0985675359319258
thanh1+󱚫,thanh1,0.10039743781089783,0.5597335440068103,0.17182836812262872
thanh1+󱞲,thanh1,0.09083203971385956,0.6542075493809058,0.21805621861876634
thanh1+󱟁,thanh1,0.0860411524772644,0.5116967609545932,0.19187595395386933
thanh1+󱫸,thanh1,0.10424080491065979,0.5106024590827484,0.24958103156083492
thanh1+𫯝,thanh1,0.07362938672304153,0.695606110814157,0.08082536768811754
thanh1+𧎠,thanh1,0.1434977501630783,0.4885945762544712,0.1547983849182649
thanh1+㨲,thanh1,0.11004196107387543,0.5345188577529373,0.10229428109863103
thanh1+𪟤,thanh1,0.06760242581367493,0.7248394020398383,0.10039116730801977
thanh1+󰙯,thanh1,0.08501670509576797,0.7804968770044415,0.10408664032691696
thanh1+𦩳,thanh1,0.08188843727111816,0.6955081100774025,0.15260753617435635
thanh1+𪢖,thanh1,0.0795866921544075,0.7313706490368775,0.16678510130666857
thanh1+󱢜,thanh1,0.0862012505531311,0.5986626548509129,0.14533063387051723
thanh1+󱓍,thanh1,0.13269120454788208,0.5874682261836,0.16438297229804824
thanh1+𫪁,thanh1,0.07127830386161804,0.7757773380930312,0.08260182512970682
thanh1+𡀦,thanh1,0.08055008202791214,0.5668561813767196,0.12032165179328978
thanh1+󱛅,thanh1,0.09854292124509811,0.5040398274717806,0.09977178315292733
thanh1+󰏏,thanh1,0.07712938636541367,0.6254123629514474,0.15463621653905565
thanh1+𦟟,thanh1,0.10196805745363235,0.6161719501180968,0.14964130516423324
thanh1+󱺃,thanh1,0.06950261443853378,0.7474484137102564,0.11622902181715324
thanh1+𢴎,thanh1,0.09468632936477661,0.7332309527814559,0.16936110529849535
thanh1+󰌺,thanh1,0.06792309135198593,0.7563071758349812,0.15620802373265827
thanh1+𬗏,thanh1,0.07717592269182205,0.5801554726262017,0.08344592642205258
thanh1+𪡆,thanh1,0.10913094133138657,0.4880120205186802,0.08326378891176857
thanh1+󱟮,thanh1,0.09985674917697906,0.41733030303478436,0.1372264259148749
thanh1+󱫂,thanh1,0.08323008567094803,0.6883101414796984,0.15520293119458928
thanh1+󱝝,thanh1,0.08068292587995529,0.6080889955726385,0.07457006519430408
thanh1+󱹜,thanh1,0.09039469063282013,0.7566685318279925,0.10490752691857892
thanh1+󱝆,thanh1,0.08243629336357117,0.6524301850566607,0.09468995415717742
thanh1+󱞃,thanh1,0.09752287715673447,0.7339313831196195,0.1538600926420479
thanh1+󱞁,thanh1,0.10558676719665527,0.5922652124407476,0.17860127691427766
thanh1+𫽦,thanh1,0.07928278297185898,0.680960822739712,0.12978152529641165
thanh1+󱬧,thanh1,0.08338366448879242,0.6757969229770092,0.13578203299494548
thanh1+󰃧,thanh1,0.06792867928743362,0.7210143105516446,0.09808281560733884
thanh1+𧍆,thanh1,0.0780988335609436,0.7153873650803044,0.18242186654482354
thanh1+湨,thanh1,0.1137312650680542,0.6959961410460993,0.09669166503587995
thanh1+󱰖,thanh1,0.1205449253320694,0.5982216627153224,0.1513303532987776
thanh1+󱜶,thanh1,0.10332192480564117,0.6960599344630042,0.15467185394978092
thanh1+𨂚,thanh1,0.11445404589176178,0.6583987206197232,0.1538148413093344
thanh1+󱮮,thanh1,0.12492254376411438,0.6118079962789369,0.22378667631829896
thanh1+󱨈,thanh1,0.11910749971866608,0.5101730208330761,0.13249956799035115
thanh1+𡃜,thanh1,0.08932599425315857,0.6586424010635809,0.11870132277641969
thanh1+𡃳,thanh1,0.11086942255496979,0.5942233803367813,0.14607472503417226
thanh1+󱞽,thanh1,0.11024163663387299,0.6685387397239606,0.2991927466491931
thanh1+󱘰,thanh1,0.1308816820383072,0.6605767167206962,0.1906515323226208
thanh1+𪡦,thanh1,0.10090263187885284,0.6932915797767846,1.3391602327610979
thanh1+𡮥,thanh1,0.10924642533063889,0.7214294831915494,0.17302006202504916
thanh1+𪿀,thanh1,0.08602386713027954,0.5275050199923493,0.20848226736681874
thanh1+󱬊,thanh1,0.0995483472943306,0.6902658131743834,0.23558185031829956
thanh1+𤄮,thanh1,0.11425592005252838,0.6836052620313802,0.19718270139913038
thanh1+󱛲,thanh1,0.10271251946687698,0.6756559549330939,0.32827838417663774
thanh1+𡞗,thanh1,0.11279244720935822,0.5234557776402059,0.14799614731001043
thanh1+𡓾,thanh1,0.10045520216226578,0.6126730079108176,0.164752915009865
thanh1+㨫,thanh1,0.09878264367580414,0.755198643219642,0.16897619503825348
thanh1+󱟪,thanh1,0.11030568182468414,0.6373954847658841,0.12149980522959132
thanh1+󱩛,thanh1,0.08714285492897034,0.721289396767714,0.18862269594441225
thanh1+𪣱,thanh1,0.07893732190132141,0.6815004261104792,0.09222732121558723
thanh1+󱯑,thanh1,0.11296480894088745,0.5583243895623468,0.0874519563945484
thanh1+𤳧,thanh1,0.10383975505828857,0.6854536084377895,0.13908190289439712
thanh1+𥵉,thanh1,0.09627566486597061,0.6634862544135182,0.18733776653699782
thanh1+𠲃,thanh1,0.07448352873325348,0.8111707194603452,0.08438363590230787
thanh1+󱦅,thanh1,0.10989788174629211,0.47163932253805385,1.3907017357926248
thanh1+鮗,thanh1,0.0918954610824585,0.6609368142159526,0.23778068366243485
thanh1+󱥓,thanh1,0.07400968670845032,0.699173967546144,0.18690647708966393
thanh1+𦿄,thanh1,0.0904713124036789,0.5772928204449796,0.13613048918991338
thanh1+󱞦,thanh1,0.07513429969549179,0.7218463877855131,0.18116990779710865
thanh1+𠸽,thanh1,0.09461606293916702,0.6280143256479229,0.15332456012895468
thanh1+𡮺,thanh1,0.1472175568342209,0.44659318857906416,0.2702607893921746
thanh1+𡔒,thanh1,0.14548207819461823,0.6069510453931747,0.26186564193233725
thanh1+󱣗,thanh1,0.09050503373146057,0.5934955965009834,0.2535742283466453
thanh1+𡁞,thanh1,0.10622064769268036,0.669884821117278,0.10634670584829549
thanh1+𩝻,thanh1,0.09896690398454666,0.6415102937918279,0.1213826201460096
thanh1+󱰭,thanh1,0.10004868358373642,0.4942484577732801,0.09773063049023016
thanh1+󱞅,thanh1,0.08031035214662552,0.7193118079860927,0.17137629935963572
thanh1+󱣶,thanh1,0.09284370392560959,0.7038053510201688,0.13612503645778104
thanh1+𥭑,thanh1,0.10575512051582336,0.5407945282667243,6.190334887002977
thanh1+𠸙,thanh1,0.09350714087486267,0.5608460140232755,0.10056427101946823
thanh1+󱣆,thanh1,0.0775550901889801,0.7318312610293474,0.19567820622598234
thanh1+󰞘,thanh1,0.07616952806711197,0.7828027915827622,0.0664139916984089
thanh1+󱠼,thanh1,0.07508719712495804,0.7709487851905891,0.13360369770393296
thanh1+𩠱,thanh1,0.12568415701389313,0.6234525765010759,0.24884903798276856
thanh1+𡡇,thanh1,0.08315469324588776,0.7271855620021905,0.11407141253836661
thanh1+𪸄,thanh1,0.1197633370757103,0.4438861363418139,0.1806552742364114
thanh1+𨅞,thanh1,0.08954958617687225,0.6566395877826403,0.14191442164944726
thanh1+𠿁,thanh1,0.08409303426742554,0.7276302865385565,0.1302008290444058
thanh1+𤏦,thanh1,0.06679144501686096,0.7198600491840679,0.17067541233640063
thanh1+𫊬,thanh1,0.07231638580560684,0.7088031566207417,0.09676899196801021
thanh1+󰢜,thanh1,0.07387035340070724,0.6662428397934925,0.18301906263539672
thanh1+󱟈,thanh1,0.08215087652206421,0.7191519304098731,0.11994040858273013
thanh1+󱹽,thanh1,0.09632308781147003,0.720137863158689,0.15752050758727512
thanh1+婫,thanh1,0.06435630470514297,0.7195554576609632,0.10583986642284987
thanh1+𡉁,thanh1,0.06394322216510773,0.7382723278977898,0.13586821532461835
thanh1+𥐨,thanh1,0.0954180434346199,0.6340901110596013,0.1176228494871447
thanh1+𡓯,thanh1,0.08757048845291138,0.6513143074095621,0.2591949424852818
thanh1+𤊤,thanh1,0.08530479669570923,0.6867883704026562,0.18131344263757132
thanh1+𥴘,thanh1,0.07739818096160889,0.6314341471459883,0.15329031129562884
thanh1+𠶊,thanh1,0.08991838246583939,0.6223041679233916,0.1348829260897849
thanh1+𠅐,thanh1,0.10028628259897232,0.5318600338025204,0.18106928035203518
thanh1+𫬠,thanh1,0.1139121800661087,0.6376549580722082,0.24222991061264718
thanh1+󱟎,thanh1,0.05698138475418091,0.7487781672642811,0.16639751268127764
thanh1+󱷿,thanh1,0.0681319609284401,0.7465530059481811,0.09496367663729445
thanh1+󱦪,thanh1,0.08513525873422623,0.7692025989845899,0.13118940456842398
thanh1+𠮙,thanh1,0.10404063761234283,0.7744242056542262,0.1293362793658894
thanh1+󱓦,thanh1,0.07216115295886993,0.6746461809445051,0.16756759128649948
thanh1+󱹓,thanh1,0.09117022901773453,0.6983668506689499,0.12516863592632235
thanh1+娫,thanh1,0.09327945113182068,0.5087162932748284,0.17911727947971187
thanh1+󱖧,thanh1,0.10031871497631073,0.6525249859663835,0.15583581461869533
thanh1+𫰄,thanh1,0.0854296013712883,0.7509657178993695,0.13401935918223
thanh1+𫏙,thanh1,0.09108531475067139,0.6657582097784197,0.18148730760358966
thanh1+󰐨,thanh1,0.10770530998706818,0.5569962545664245,0.26889179298575067
thanh1+󱝻,thanh1,0.0976836234331131,0.636483347466561,0.14008819419763122
thanh1+󱝢,thanh1,0.09128299355506897,0.7366585028578012,0.17481275445350994
thanh1+󱠱,thanh1,0.07532504200935364,0.7742303563137618,0.14871792070935352
thanh1+󱢏,thanh1,0.13750112056732178,0.5795828751545605,0.2565179416826419
thanh1+󱓇,thanh1,0.08446603268384933,0.7317264464805474,0.13250934217025515
thanh1+𠏠,thanh1,0.0645298957824707,0.7741292271355528,0.12693544863731007
thanh1+󱲗,thanh1,0.12724202871322632,0.5642347084060106,0.21102901446861652
thanh1+𥾸,thanh1,0.09276282042264938,0.5476697161343375,0.13184854814008304
thanh1+𭡏,thanh1,0.09439406543970108,0.5871256102701533,0.19647220065036977
thanh1+偖,thanh1,0.08063263446092606,0.7345371756150161,0.1227993661604856
thanh1+󱛥,thanh1,0.08970357477664948,0.6554901511030925,0.12425354586838495
thanh1+󱟹,thanh1,0.1407727748155594,0.5289483424859382,0.29170063642233324
thanh1+󱝟,thanh1,0.13995636999607086,0.5730540814639744,0.32958128420743876
thanh1+󱜷,thanh1,0.08041685074567795,0.6567775748070841,0.14030422628193684
thanh1+󱫴,thanh1,0.096377894282341,0.6096728396611851,0.2049458186128232
thanh1+𢙬,thanh1,0.07420598715543747,0.7493834362776604,0.07059291367872979
thanh1+󱟬,thanh1,0.10456676781177521,0.6581678115455913,0.1704997294892386
thanh1+󱳭,thanh1,0.09058263897895813,0.5968873600947749,0.1756159553870875
thanh1+󱬻,thanh1,0.10456117242574692,0.5682830362115444,0.2051394698029644
thanh1+𠲜,thanh1,0.07737282663583755,0.595252020390711,0.10322012061096897
thanh1+󰌗,thanh1,0.0675688087940216,0.7258066577698739,0.10906249076636394
thanh1+𨆷,thanh1,0.11518936604261398,0.5579769113564542,0.17543283858712408
thanh1+𠻉,thanh1,0.08725988864898682,0.7357572103176011,0.16172154771131456
thanh1+𠷯,thanh1,0.10876680165529251,0.6259358259640239,40.54901063277479
thanh1+𡦫,thanh1,0.0710710808634758,0.651019184201117,0.1457413719035645
thanh1+󱝫,thanh1,0.15328481793403625,0.41501103753601915,0.1660029963000206
thanh1+𪣠,thanh1,0.09282989054918289,0.7629544628988175,0.1327101225990591
thanh1+𠴹,thanh1,0.11357919871807098,0.6351349657552632,0.1483436743145581
thanh1+󱳦,thanh1,0.15004324913024902,0.6715078913961213,0.18097589153473134
thanh1+𢵻,thanh1,0.08074869215488434,0.7445899207628267,0.11294527367452072
thanh1+𧋸,thanh1,0.0757046788930893,0.7710755659641519,0.08518951231908985
thanh1+𬕻,thanh1,0.08779267966747284,0.6444978077312541,0.15075868204874496
thanh1+𪶵,thanh1,0.08468297123908997,0.7278708352293456,0.11986730198044493
thanh1+𧜗,thanh1,0.08641654253005981,0.738101764671614,0.1534130174011658
thanh1+𬊐,thanh1,0.12859107553958893,0.5202366687492794,0.12096644713195236
thanh1+𡁎,thanh1,0.11015932261943817,0.6857221894401734,0.1852884266269349
thanh1+󱩗,thanh1,0.09467931091785431,0.6119842541411962,0.10463287588092111
thanh1+𭈙,thanh1,0.09629800915718079,0.639249979757497,0.13702826837607754
thanh1+𡁼,thanh1,0.0752580314874649,0.7412589753724487,0.08386957773540053
thanh1+󱫳,thanh1,0.07964964956045151,0.7085186611516987,0.08275462815575789
thanh1+𡅑,thanh1,0.06958147883415222,0.6538347661249924,0.16327783361126866
thanh1+埨,thanh1,0.05747680738568306,0.7609564621663787,0.10460708009179272
thanh1+𢶽,thanh1,0.0878821462392807,0.6727307254674402,0.17006723722107542
thanh1+󱠡,thanh1,0.14752385020256042,0.5404340098061885,0.311658372586825
thanh1+𡂷,thanh1,0.07639656960964203,0.7295390712336604,0.180455558632003
thanh1+󱝙,thanh1,0.07105068117380142,0.7303496415600782,0.09655096763797781
thanh1+󰮃,thanh1,0.0916963666677475,0.7220447152911719,0.1961056489340244
thanh1+𰓖,thanh1,0.0832250788807869,0.7052650361526023,0.10908078082870953
thanh1+鏙,thanh1,0.08448304235935211,0.6456791815915625,0.17374718334816977
thanh1+󱰪,thanh1,0.06663960218429565,0.7469259904019577,0.10307529967672419
thanh1+󱥄,thanh1,0.06733907759189606,0.7576339651105501,0.08657561898852328
thanh1+㗌,thanh1,0.10645346343517303,0.6828124174048879,0.0923604312091519
thanh1+󱦡,thanh1,0.10434524714946747,0.613473750345489,0.30515850681604156
thanh1+胋,thanh1,0.07775326818227768,0.7684391861219337,0.10025437709045536
thanh1+𠾲,thanh1,0.10079296678304672,0.7442825135682627,0.10709113419795839
thanh1+啩,thanh1,0.07631421089172363,0.7591993910008775,0.10830323160916357
thanh1+壉,thanh1,0.08916157484054565,0.7527595091053725,0.15846754171984404
thanh1+𢹾,thanh1,0.13246981799602509,0.5690057920023167,0.25777528673705946
thanh1+󱙷,thanh1,0.09159649163484573,0.6871167226362105,0.16404747492446906
thanh1+𬏇,thanh1,0.08702738583087921,0.6069041429528291,0.082775132068286
thanh1+𪢘,thanh1,0.10258749127388,0.5291061989324374,0.16044327557972932
thanh1+󰛈,thanh1,0.08945193141698837,0.7236397255075688,0.15097386618203187
thanh1+󱚚,thanh1,0.12838946282863617,0.45108608300834774,0.27293607732723013
thanh1+󱩸,thanh1,0.09026174992322922,0.7491130596866532,0.09339447419895737
thanh1+𤁔,thanh1,0.11473673582077026,0.5438110848507292,0.162225804662504
thanh1+󱉲,thanh1,0.07990439236164093,0.6386942178800064,0.21061035128678637
thanh1+󱚴,thanh1,0.12440100312232971,0.6607570726547701,0.22470262949808173
thanh1+𠽏,thanh1,0.10330954194068909,0.6825218298534265,0.12922637349029953
thanh1+𪡽,thanh1,0.08440029621124268,0.6910114381429932,0.10540095872393822
thanh1+󱛢,thanh1,0.0693802684545517,0.7847438709867021,0.08222614448300514
thanh1+𭋙,thanh1,0.07060728967189789,0.7596853595920743,0.10808832005141288
thanh1+𪞀,thanh1,0.09471791237592697,0.5550039723645003,0.3141558984153207
thanh1+𪂱,thanh1,0.07641967386007309,0.7387823380723697,0.16876279908465527
thanh1+𣕞,thanh1,0.08181384205818176,0.6763353014159795,0.2309464230823595
thanh1+󱰤,thanh1,0.1066543459892273,0.46886530219694816,0.2761178560198264
thanh1+󰙘,thanh1,0.09521086513996124,0.6391336889428744,0.16801183077447976
thanh1+󱚇,thanh1,0.09345147013664246,0.5806646182453717,0.20941172232503832
thanh1+𡏯,thanh1,0.055398546159267426,0.7974732363366247,0.11423161494755425
thanh1+鯑,thanh1,0.09974001348018646,0.5787896999768511,0.1915106421996496
thanh1+󱡄,thanh1,0.09056182205677032,0.3320341215740855,0.16205063149961435
thanh1+𫬱,thanh1,0.07159839570522308,0.7127882409520139,0.11543732250800558
thanh1+󱟛,thanh1,0.07609394192695618,0.7390541757984297,0.10738411127289611
thanh1+󰺥,thanh1,0.13342106342315674,0.5251506068436964,0.18696350498765188
thanh1+𡅫,thanh1,0.12322038412094116,0.4630530636877259,0.15272531227917613
thanh1+𫮒,thanh1,0.10813166946172714,0.5057843607106819,0.17239815578854856
thanh1+𠲹,thanh1,0.1546715945005417,0.5819863031458814,0.1980733156798712
thanh1+󱜈,thanh1,0.0879741907119751,0.7152897920272467,0.1822350849773031
thanh1+󱹪,thanh1,0.10655280202627182,0.5648920598715,0.17189211184939016
thanh1+𣛤,thanh1,0.07116056978702545,0.6892603290149829,0.14741998966860392
thanh1+𪱴,thanh1,0.08299184590578079,0.7015430787193168,0.13435665859146964
thanh1+㗶,thanh1,0.06745452433824539,0.7697789589305455,0.1512523920717598
thanh1+𡚎,thanh1,0.06364468485116959,0.6881524532885431,0.1257734982016633
thanh1+󱧀,thanh1,0.10518737137317657,0.6814640145811143,0.16096822704725736
thanh1+󱛽,thanh1,0.09595838934183121,0.5252578195247928,0.16517268961292011
thanh1+󱙤,thanh1,0.08094020932912827,0.7367568268643936,0.07684049503458078
thanh1+𡮨,thanh1,0.09004440903663635,0.6636695257258584,0.1295413286395268
thanh1+𠷥,thanh1,0.07084313035011292,0.7669807646773563,0.08370484061728956
thanh1+𨪷,thanh1,0.07661715149879456,0.71292552798666,0.1422219524062474
thanh1+󱬎,thanh1,0.10702358186244965,0.6201151471353917,0.19307051548063445
thanh1+𬖩,thanh1,0.13593697547912598,0.632751863173178,0.1716048511127328
thanh1+𪥾,thanh1,0.09371014684438705,0.6725878783806711,0.12662515747967126
thanh1+󱬐,thanh1,0.12910404801368713,0.6175287587088449,0.17475138238430069
thanh1+󱙭,thanh1,0.07491087168455124,0.7646691172957316,0.12875367615265998
thanh1+𢪥,thanh1,0.07338669151067734,0.6327378346685248,0.14264484918712886
thanh1+󱟨,thanh1,0.11063451319932938,0.5264768601834242,0.15768441167563577
thanh1+𫉎,thanh1,0.07596029341220856,0.7234196383876976,0.13271954978319525
thanh1+󰬽,thanh1,0.09487161040306091,0.5700418732161973,0.10107833295060893
thanh1+𪧺,thanh1,0.1107882559299469,0.5972936533035844,0.11145915946693208
thanh1+󰠎,thanh1,0.08336785435676575,0.7525546048347326,0.10138177336042131
thanh1+𫉩,thanh1,0.0708932876586914,0.7787085813026708,0.10310567072495351
thanh1+󱝘,thanh1,0.09331277012825012,0.7083654842754408,0.17260232473704187
thanh1+󱋣,thanh1,0.11848664283752441,0.5461822759039751,0.20751059566422736
thanh1+𰦫,thanh1,0.06604144722223282,0.7293822511744014,0.11116910629982373
thanh1+𠹖,thanh1,0.08849094808101654,0.7571871405933793,0.10211626453378814
thanh1+󱦋,thanh1,0.11444724351167679,0.6224586765151799,0.2520143974043277
thanh1+󰛺,thanh1,0.07548925280570984,0.7324394084779513,0.10968226530450202
thanh1+𫇿,thanh1,0.13195843994617462,0.5362713645976376,0.08952360488998339
thanh1+󰝅,thanh1,0.13770610094070435,0.653517279609884,0.15519887756188688
thanh1+𮤭,thanh1,0.11905047297477722,0.6628444199942491,0.09222284008628016
thanh1+󱱀,thanh1,0.09690912067890167,0.6490820507417547,0.25339766257617347
thanh1+󱩫,thanh1,0.11749901622533798,0.7229358682886354,0.16010474405227268
thanh1+󰥉,thanh1,0.09951210767030716,0.6658793939068995,0.16034436672037525
thanh1+󱚍,thanh1,0.11326483637094498,0.6069266960178337,0.31425063242679063
thanh1+㘢,thanh1,0.11148804426193237,0.7371731576390944,0.14005415909115165
thanh1+󱩬,thanh1,0.08355008810758591,0.7420680257728048,0.10684422294538211
thanh1+𫪌,thanh1,0.07567993551492691,0.7213693065959017,0.14403570284076364
thanh1+𦀌,thanh1,0.1416040062904358,0.5938414170351883,1.045498432616425
thanh1+󰢷,thanh1,0.12380136549472809,0.5309629375867493,0.22763907926847013
thanh1+󱚭,thanh1,0.07262283563613892,0.6766267147944506,0.12781125612309693
thanh1+𫅰,thanh1,0.1389952450990677,0.4082035865238148,0.3061322093502936
thanh1+󱟦,thanh1,0.07909803837537766,0.6918721126658076,0.12856516877093346
thanh1+󱰚,thanh1,0.09633554518222809,0.6935388520049411,0.15982104570270927
thanh1+󱤾,thanh1,0.10618370771408081,0.7026512813595108,0.15638242913222908
thanh1+䀭,thanh1,0.08578354120254517,0.7302743194311181,0.11622160504197754
thanh1+󱞿,thanh1,0.11216770112514496,0.6482898060561683,0.1650095528676653
thanh1+𡜒,thanh1,0.0551350936293602,0.7335649986623862,0.12568434004613302
thanh1+󱝂,thanh1,0.10826680809259415,0.47666236730222966,0.11843750672210511
thanh1+𠴇,thanh1,0.0905877873301506,0.7304866564170569,0.10160431649904605
thanh1+𦟖,thanh1,0.08914119005203247,0.6897666211064136,0.1737755476533062
thanh1+𬏖,thanh1,0.07086748629808426,0.6995025399175621,0.10247860946848653
thanh1+𡐮,thanh1,0.09592802077531815,0.6284526281920582,0.1394639461954157
thanh1+𣎞,thanh1,0.11865370720624924,0.460497540938867,0.1692313386955289
thanh1+󱯄,thanh1,0.1136552095413208,0.6153010465852374,0.2886317063495693
thanh1+󱹙,thanh1,0.08706070482730865,0.6805380211131586,0.16800655398816258
thanh1+噃,thanh1,0.08839821815490723,0.7606445040679604,0.13884896461353632
thanh1+圚,thanh1,0.10291856527328491,0.58172256119247,0.5528555598338237
thanh1+𫯲,thanh1,0.09221778810024261,0.584088429057229,0.11136646049983469
thanh1+󱙉,thanh1,0.0683608204126358,0.6900370441922289,0.09770051435599847
thanh1+𪤽,thanh1,0.08281344175338745,0.7410053639866416,0.17367575847553043
thanh1+𡝦,thanh1,0.10183185338973999,0.6949609419036091,0.14563376988331078
thanh1+堒,thanh1,0.07299953699111938,0.7418418298803097,0.11324140129690563
thanh1+𪸝,thanh1,0.07706700265407562,0.7525562370275335,0.08573172828034041
thanh1+󱋃,thanh1,0.08619560301303864,0.6512807752565711,0.15071242910304292
thanh1+㖵,thanh1,0.086534284055233,0.7533622421000706,0.08552978738246252
thanh1+󱫷,thanh1,0.06895774602890015,0.8062052262617684,0.09265262171682898
thanh1+㖕,thanh1,0.0772782638669014,0.8157116554291053,0.10920193853765862
thanh1+󱞳,thanh1,0.08613553643226624,0.7215558446534649,0.06211161963142788
thanh1+𫼰,thanh1,0.0608675442636013,0.7978417516685758,0.08648890350404499
thanh1+󱝸,thanh1,0.08277709782123566,0.7474525395641998,0.11514125594501734
thanh1+𪺛,thanh1,0.10816656053066254,0.6553548880952207,0.21628657944321097
thanh1+𫮲,thanh1,0.09796170890331268,0.6448268130707189,0.14822832794273755
thanh1+𡖡,thanh1,0.09439335763454437,0.6675145771153788,0.1359904603764285
thanh1+󱲰,thanh1,0.1392495036125183,0.49754775953598446,0.19947362762955723
thanh1+󱙵,thanh1,0.10636955499649048,0.6268209946597985,0.25833736069213337
thanh1+󱯏,thanh1,0.05847185105085373,0.7288368290265467,0.1151242680846591
thanh1+󰋓,thanh1,0.08740048855543137,0.7132606141032783,0.1412652095228665
thanh1+𨪪,thanh1,0.0650201216340065,0.7534225865841729,0.11834195806239571
thanh1+𫕹,thanh1,0.09241163730621338,0.7235704121628996,0.12629459666500334
thanh1+𩠸,thanh1,0.09208829700946808,0.6254286543469323,0.19651095141176608
thanh1+𬕌,thanh1,0.07432469725608826,0.6532385380631269,0.12742717064180564
thanh1+𠷇,thanh1,0.10003542900085449,0.6630380834602574,0.2386357585178922
thanh1+󱬺,thanh1,0.1319429725408554,0.4088785132432768,0.12612350879146642
thanh1+㗭,thanh1,0.0846799835562706,0.7303395026512262,0.1504092749740664
thanh1+󱚛,thanh1,0.13351523876190186,0.4705590036495503,0.22549724606458685
thanh1+󱟜,thanh1,0.07448685169219971,0.7161451079274048,0.08756195345829805
thanh1+𡃖,thanh1,0.0959208756685257,0.684891179388085,0.20639374253780404
thanh1+𡗅,thanh1,0.13081717491149902,0.4665730067672919,0.272815058631842
thanh1+𠹍,thanh1,0.12426231801509857,0.6388958028291835,0.13126467734892686
thanh1+󰭔,thanh1,0.0725356787443161,0.7298837310147143,0.08827290906509026
thanh1+𫥿,thanh1,0.09908508509397507,0.5915566207698227,0.22451217765797202
thanh1+󰝎,thanh1,0.06928619742393494,0.7787552192922113,0.09570988282314134
thanh1+󱹺,thanh1,0.10556987673044205,0.5977788071906032,6.689617092926393
thanh1+𠻅,thanh1,0.0821632668375969,0.7314252245769597,0.10520906334136552
thanh1+𢶹,thanh1,0.06522025167942047,0.738967331032287,0.14820956841540356
thanh1+󱱣,thanh1,0.1470317244529724,0.45541620194457166,0.24080518484931512
thanh1+󱝧,thanh1,0.09316225349903107,0.7028395211172819,2.6170945091336533
thanh1+𡎔,thanh1,0.07739673554897308,0.7142623354408236,0.14259921394618613
thanh1+𢷰,thanh1,0.08159345388412476,0.6985156875117172,0.17512480975852587
thanh1+𭈒,thanh1,0.09178671985864639,0.7456854399155746,0.09164283902962707
thanh1+󰛕,thanh1,0.0914703905582428,0.6789146778295154,0.20425208266974673
thanh1+󱛵,thanh1,0.06750702112913132,0.7483774498116221,0.1230372237926115
thanh1+󱳪,thanh1,0.0948362722992897,0.6683313567051831,0.09143341659253836
thanh1+𢢈,thanh1,0.12238109111785889,0.479724632690175,0.2923891984221296
thanh1+𪮽,thanh1,0.11316366493701935,0.6771749935358677,0.20432724225128815
thanh1+󱝐,thanh1,0.10368745774030685,0.5910284493601141,0.08806226052610923
thanh1+󰘵,thanh1,0.08110322803258896,0.6174037752924213,0.1513649663297454
thanh1+󱨿,thanh1,0.07969795167446136,0.6396401547310783,0.13195389880255415
thanh1+𫫷,thanh1,0.10420554131269455,0.6551887709756574,0.2055349811140549
thanh1+𡉖,thanh1,0.06263073533773422,0.7710446745052207,0.07645350522355011
thanh1+󰡊,thanh1,0.0871046856045723,0.6168983166808741,0.13840308553044897
thanh1+󱝒,thanh1,0.06301343441009521,0.7971633656711314,0.09840652055342235
thanh1+侱,thanh1,0.08664916455745697,0.587921116672685,0.08924663756361113
thanh1+󱝨,thanh1,0.10476332902908325,0.6707209909842075,0.1879157459601538
thanh1+󱋇,thanh1,0.08343427628278732,0.7284088190872966,0.14117122466870383
thanh1+𡫡,thanh1,0.08547230809926987,0.7133075973776534,0.14160074522582766
thanh1+𰊣,thanh1,0.14287909865379333,0.5853749990679307,0.32141597712023545
thanh1+睈,thanh1,0.08268725872039795,0.7265428059429889,0.1473123460059739
thanh1+󱞑,thanh1,0.12359316647052765,0.6763972286910865,0.10368365474646413
thanh1+󱞗,thanh1,0.06187135726213455,0.7849687105182429,0.07205007122907936
thanh1+𨡨,thanh1,0.11676515638828278,0.6658837639919329,0.2078216642110915
thanh1+𪡫,thanh1,0.09649516642093658,0.7107753324798096,0.13344957672769886
thanh1+󱤲,thanh1,0.09310445934534073,0.6241353078803852,0.2380557812750478
thanh1+󱞊,thanh1,0.09363032877445221,0.7246134215500069,0.16274821892528718
thanh1+󱰺,thanh1,0.09675919264554977,0.5135244652287175,0.30806827518066565
thanh1+󱎾,thanh1,0.08122184127569199,0.5992560315497631,0.1700014703985846
thanh1+𡃓,thanh1,0.10503758490085602,0.47365448773241287,0.1861213671160078
thanh1+𤹕,thanh1,0.086223304271698,0.6866153093971763,0.1578862099475926
thanh1+󱝳,thanh1,0.10189972817897797,0.731915019240507,0.12698962903756125
thanh1+𣖗,thanh1,0.08112522214651108,0.7060881848192009,0.15058225648632376
thanh1+󱪼,thanh1,0.08326122909784317,0.6749713969211343,0.1600357520159581
thanh1+𧍇,thanh1,0.08290400356054306,0.642471029900661,0.09533179972284593
thanh1+󰬪,thanh1,0.1126030832529068,0.36624374835238505,0.16231995505607413
thanh1+󱨜,thanh1,0.14252257347106934,0.49725168816503085,0.26654683720248823
thanh1+𩇆,thanh1,0.11240942776203156,0.6109794062996687,0.22250738320601246
thanh1+󱋭,thanh1,0.09676087647676468,0.6609421308368549,0.618951946431991
thanh1+𨮉,thanh1,0.09896442294120789,0.6568357812374903,0.1663289443021739
thanh1+𪉴,thanh1,0.08814329653978348,0.6966589619188194,0.1670605462280792
thanh1+𠻱,thanh1,0.1078241616487503,0.49590303151458764,0.16893531435014272
thanh1+𧟝,thanh1,0.1741003692150116,0.27661479830737207,0.31702447774160003
thanh1+𥖑,thanh1,0.11536169052124023,0.6551024924277489,0.13764824172493992
thanh1+藞,thanh1,0.11040782928466797,0.7180437485715454,0.23505383900325927
thanh1+󱝾,thanh1,0.08431902527809143,0.6664032441405068,0.21035224073176476
thanh1+󱹡,thanh1,0.10640740394592285,0.7131108925674345,0.18864263076483903
thanh1+䈊,thanh1,0.0752105638384819,0.6949385369278679,0.16390567149564153
thanh1+𡁛,thanh1,0.09359517693519592,0.702062533264664,0.20750270071701818
thanh1+𠻆,thanh1,0.09591308236122131,0.7283862492976182,0.12362512709889543
thanh1+𨆟,thanh1,0.12143769860267639,0.6074554643043076,5.71631000164767
thanh1+𥱫,thanh1,0.11947137117385864,0.6484954195288746,4.084426448975845
thanh1+󰬸,thanh1,0.07924254238605499,0.7133468500142378,0.13394732453943448
thanh1+蓸,thanh1,0.048091672360897064,0.8058147957355224,0.1197992937766903
thanh1+𡀇,thanh1,0.09115255624055862,0.6735002966083015,0.2386338258452166
thanh1+𪷘,thanh1,0.12823829054832458,0.5905950102074294,0.20346996833382222
thanh1+󱛙,thanh1,0.09688577055931091,0.7492217614903507,0.1388535789774502
thanh1+𠼇,thanh1,0.0981752872467041,0.6908541332399689,0.20384905519652619
thanh1+󱝀,thanh1,0.10490503907203674,0.6886146914161563,0.12281791961383941
thanh1+𡌩,thanh1,0.09150079637765884,0.7446015325214063,0.13340924043539482
thanh1+󰮝,thanh1,0.08831007033586502,0.5839434803046738,0.24603044333365023
thanh1+𦽎,thanh1,0.094967782497406,0.6589216158884408,0.22682580477530065
thanh1+󱹿,thanh1,0.09449827671051025,0.5614693364365694,0.21457127549769384
thanh1+󱤍,thanh1,0.12413081526756287,0.35003692147284843,0.21356312439416322
thanh1+𭊳,thanh1,0.10482453554868698,0.6798060223375547,0.1339949911016064
thanh1+𠞡,thanh1,0.08637126535177231,0.7245988279949622,0.12701295486579148
thanh1+䰺,thanh1,0.1077587828040123,0.6796302681116131,0.10542284028472791
thanh1+莰,thanh1,0.08105312287807465,0.6941225630851908,0.11566096878530698
thanh1+󱞢,thanh1,0.08520124852657318,0.7753255029694937,0.10587685454688946
thanh1+𬄃,thanh1,0.08612067997455597,0.6820868395396096,0.12789654544894985
thanh1+𡀬,thanh1,0.0881543681025505,0.7494132829519906,0.13074027462467308
thanh1+󰞬,thanh1,0.10005713254213333,0.6734872738909161,0.21897874303796927
thanh1+󱨱,thanh1,0.095760278403759,0.6827486207123227,0.18194032751528058
thanh1+𫯐,thanh1,0.09326988458633423,0.6530694225231266,0.19131737520525718
thanh1+𥵖,thanh1,0.10588094592094421,0.4613959613099624,0.1471128742483281
thanh1+󱌡,thanh1,0.13973625004291534,0.40658874279798174,0.23555875334441692
thanh1+𠬖,thanh1,0.08261250704526901,0.6943139991279812,0.1930496925545435
thanh1+󱼖,thanh1,0.11618869006633759,0.5034262993125763,0.283395498698543
thanh1+𡄰,thanh1,0.12494154274463654,0.6215365690765386,0.14372929246644606
thanh1+𫱗,thanh1,0.058828677982091904,0.7706513892700686,0.13893894531574522
thanh1+󰈠,thanh1,0.08383668959140778,0.7553164782582895,0.15348313116936899
thanh1+𫿟,thanh1,0.11304713040590286,0.6199112901245536,0.23140894114816013
thanh1+󱠳,thanh1,0.08478868752717972,0.5656536665032009,0.10959024437694742
thanh1+𪱎,thanh1,0.11468255519866943,0.6029654957419532,0.1762356861349568
thanh1+𡄾,thanh1,0.08168154209852219,0.7123857958881248,0.15948989187576793
thanh1+󱯧,thanh1,0.08717165887355804,0.7230271851291253,0.16597051241066674
thanh1+𣱿,thanh1,0.11438864469528198,0.7567836515428341,0.0833684570900436
thanh1+󰊈,thanh1,0.045844610780477524,0.8276027041516725,0.08634939300173006
thanh1+嘪,thanh1,0.12710480391979218,0.6567344839923721,0.18285492886953883
thanh1+洅,thanh1,0.08538953959941864,0.6846266627251606,0.09385156703373314
thanh1+󱎶,thanh1,0.09966573864221573,0.6366868537049238,0.16118306155798615
thanh1+𠱻,thanh1,0.07573753595352173,0.7545160541699748,0.09677076433843301
thanh1+𣙯,thanh1,0.0879717618227005,0.7389898729211765,0.17524319311417622
thanh1+𫞡,thanh1,0.11422187089920044,0.47759826042811515,0.09289529310395357
thanh1+𤞦,thanh1,0.05818738043308258,0.7588430581633452,0.10807118288519248
thanh1+󱞝,thanh1,0.08969457447528839,0.686682094501754,0.09834010168128521
thanh1+𬀦,thanh1,0.07499347627162933,0.6543559467935198,0.10847753746192089
thanh1+𨊌,thanh1,0.07941369712352753,0.6677271267201914,0.2304206667379168
thanh1+𬂻,thanh1,0.07511866092681885,0.7290372049566065,0.1874413063369862
thanh1+𫬪,thanh1,0.11889100819826126,0.5931944678674064,0.29136051357626375
thanh1+𫽠,thanh1,0.11527511477470398,0.6399971838834547,0.14214011367993376
thanh1+󱩙,thanh1,0.10399693250656128,0.7185003541474483,0.12565382730724867
thanh1+󱌔,thanh1,0.12475773692131042,0.6125990899756942,0.21336302755187397
thanh1+󱛋,thanh1,0.08010860532522202,0.7247638465129442,0.1337639973009711
thanh1+󱞣,thanh1,0.10302089899778366,0.5657743208417102,0.1995050277521635
thanh1+󱳠,thanh1,0.12248127907514572,0.6862953695782659,0.207656613652257
thanh1+𥌈,thanh1,0.07169423997402191,0.6651311842542886,0.19608168233060916
thanh1+𫏝,thanh1,0.09417440742254257,0.6893459633730515,0.18813644874312227
thanh1+󱋰,thanh1,0.11052113771438599,0.6465396596943812,0.17251096263082655
thanh1+𢴊,thanh1,0.11081124097108841,0.45342995646729617,0.1940708237816973
thanh1+󱨫,thanh1,0.16210360825061798,0.6432579488296966,0.21021026900381604
thanh1+𬦄,thanh1,0.1007842868566513,0.6323219765441996,0.18914286138870354
thanh1+𫆶,thanh1,0.09159199893474579,0.588201015483316,0.19470917959605505
thanh1+𩛸,thanh1,0.06383949518203735,0.79747115533767,0.1268507299615043
thanh1+󱮾,thanh1,0.13051217794418335,0.6089949075132173,0.2199610317493302
thanh1+󱟡,thanh1,0.12985366582870483,0.6495023479488539,0.2441735229975741
thanh1+𠶅,thanh1,0.09898971021175385,0.6247384586750356,0.09265795796627894
thanh1+𫴯,thanh1,0.13427259027957916,0.4306946112652127,0.25516858083868826
thanh1+𨁋,thanh1,0.11469998955726624,0.6864196670398867,0.18169384762816354
thanh1+󱞮,thanh1,0.10922932624816895,0.5778320669710487,0.1547815605472098
thanh1+𠴘,thanh1,0.06986194103956223,0.7783985798516991,0.07741855426297654
thanh1+澿,thanh1,0.10374164581298828,0.7122057069128678,0.16620948725491083
thanh1+󰬙,thanh1,0.105158731341362,0.7110699934273279,0.09934134885188746
thanh1+󱸠,thanh1,0.12409704923629761,0.6058175520196097,0.21075932492426297
thanh1+灆,thanh1,0.1118098795413971,0.6820778197361339,0.18368768346771316
thanh1+󱋙,thanh1,0.09130652248859406,0.6459190191954651,0.1638152762628648
thanh1+󰆐,thanh1,0.07795076072216034,0.7099816903044909,0.11185032038610487
thanh1+󱫪,thanh1,0.09992855042219162,0.6715803902444833,0.20211888364002342
thanh1+𪮩,thanh1,0.06649881601333618,0.7079336615533849,0.15204328323555727
thanh1+󰭏,thanh1,0.07091835141181946,0.7491901108727308,0.15452885511485662
thanh1+𧜐,thanh1,0.09969140589237213,0.6571990903534478,0.2791792178591594
thanh1+󰘇,thanh1,0.10408026725053787,0.4698583305588249,0.20386485397784704
thanh1+𡃎,thanh1,0.07902635633945465,0.6701435512351825,0.2372348604966625
thanh1+𦝺,thanh1,0.09595120698213577,0.5017351944831046,0.11153276772925313
thanh1+󰁂,thanh1,0.1426602452993393,0.6032719806984997,0.1766506925420163
thanh1+𡕩,thanh1,0.10358640551567078,0.7190439584153472,0.13417702685754665
thanh1+󱥭,thanh1,0.1359996795654297,0.6050460386963709,0.22190033915098795
thanh1+𠊙,thanh1,0.07949323952198029,0.7571085945255662,0.09642970906218801
thanh1+婻,thanh1,0.07993842661380768,0.4816449455497759,0.1225522958000541
thanh1+𠶎,thanh1,0.06820402294397354,0.7902344322948452,0.09348005284926546
thanh1+󱳬,thanh1,0.0893242210149765,0.7466468507226958,0.168210459535813
thanh1+󰍖,thanh1,0.07708241045475006,0.7546404801786908,0.13959493919806096
thanh1+𡫨,thanh1,0.09465983510017395,0.6810490637283774,0.19444727395709127
thanh1+𦝇,thanh1,0.08926752209663391,0.7988498498319181,0.0882033851270753
thanh1+󱡇,thanh1,0.09691962599754333,0.5677861517281619,0.17814118273975443
thanh1+𫠼,thanh1,0.09590302407741547,0.7608616907677852,0.13865149771431942
thanh1+󱦔,thanh1,0.09733416140079498,0.6225769270118009,0.1734404283322617
thanh1+㤝,thanh1,0.07654223591089249,0.7599266072368511,0.2243520939047845
thanh1+𪬪,thanh1,0.09372078627347946,0.6440763648833582,0.1759200159755143
thanh1+蝔,thanh1,0.08177433907985687,0.7637287441994571,0.14817305459553293
thanh1+𦲹,thanh1,0.11439420282840729,0.5210735605255331,0.19727124758957218
thanh1+󱦮,thanh1,0.09408888965845108,0.716945925075145,0.13347569561114883
thanh1+𫡸,thanh1,0.10933685302734375,0.6405716407826243,0.23571568419247535
thanh1+󱞎,thanh1,0.09567054361104965,0.6869254876635545,0.08403612538572675
thanh1+㖏,thanh1,0.07524746656417847,0.7242095248658139,0.13566924117515536
thanh1+𠻇,thanh1,0.06923848390579224,0.7248974740133951,0.1611057491988439
thanh1+𥌧,thanh1,0.07116227596998215,0.746264196280109,0.13838736367326035
thanh1+𢭿,thanh1,0.07649365812540054,0.7117375735677441,0.13555205334597112
thanh1+󰛼,thanh1,0.058989036828279495,0.739935016674368,0.12054444682869896
thanh1+󱧝,thanh1,0.1407366842031479,0.5895239524860805,0.2736483612559539
thanh1+𩂀,thanh1,0.0950326919555664,0.7426182590513134,0.10478163276329112
thanh1+󱭧,thanh1,0.09358959645032883,0.5283727868056076,0.13929499736344764
thanh1+姈,thanh1,0.08216937631368637,0.6097389858801048,0.14178101674584573
thanh1+𰋝,thanh1,0.07037292420864105,0.7489081135628851,0.11344082974259269
thanh1+𠸩,thanh1,0.09493046253919601,0.640655473535721,0.09070712219618476
thanh1+𫪦,thanh1,0.07756272703409195,0.7293859579701567,0.1512059762173727
thanh1+㘗,thanh1,0.1170554980635643,0.6682483807852624,0.1975315760927572
thanh1+𫲰,thanh1,0.10048259794712067,0.5925512820587544,0.2787165366646837
thanh1+󱌰,thanh1,0.08264483511447906,0.8059396108940723,0.09110208132442381
thanh1+𡇻,thanh1,0.11318624019622803,0.6539090739242872,0.14867018736356882
thanh1+𪡍,thanh1,0.10309738665819168,0.7170663721013933,0.09847918158577036
thanh1+󰂄,thanh1,0.08286678791046143,0.771163108696425,0.10217489019924529
thanh1+󱲙,thanh1,0.07571513950824738,0.7325315316207972,0.14555750676087278
thanh1+𠺮,thanh1,0.07591167837381363,0.6924552710880557,0.06757853701994664
thanh1+𡍢,thanh1,0.0854024589061737,0.6717695268759859,0.2202508770382221
thanh1+𣒠,thanh1,0.09097637236118317,0.6795439959264399,0.2120513856251033
thanh1+𨄸,thanh1,0.0925619825720787,0.6146941700831523,0.1630037192357637
thanh1+𦼜,thanh1,0.10030697286128998,0.6482504395621255,0.21634842959943723
thanh1+𪦎,thanh1,0.09328219294548035,0.580410343962338,0.1791062904474343
thanh1+𧞿,thanh1,0.09671719372272491,0.5893853819278285,0.2303509912418206
thanh1+󱤉,thanh1,0.097847118973732,0.693898416187941,0.2314134411643655
thanh1+󰘓,thanh1,0.15036144852638245,0.6639928150439274,0.2777722453566262
thanh1+𠹌,thanh1,0.11021900922060013,0.5346923855727819,0.1993528995067876
thanh1+󱟝,thanh1,0.09307937324047089,0.6394648063838574,0.18046005568433596
thanh1+󱞖,thanh1,0.102523073554039,0.6871955602355841,0.13163373913743642
thanh1+𣓾,thanh1,0.08555476367473602,0.7537860975398045,0.16967086229224324
thanh1+󱝹,thanh1,0.10496693849563599,0.6820887417354949,0.27338116878666724
thanh1+󰫽,thanh1,0.09280159324407578,0.6983423615959569,0.2533866918409134
thanh1+󰬟,thanh1,0.09250090271234512,0.621456816292039,0.09358975010517288
thanh1+𥯉,thanh1,0.09961094707250595,0.6359408015851149,7.54223451666925
thanh1+󱠢,thanh1,0.09296119958162308,0.6529630280760067,0.23071507707470404
thanh1+𡂄,thanh1,0.0814041942358017,0.7445308150638715,0.1274448985069413
thanh1+󱡵,thanh1,0.0823001116514206,0.670744304802787,0.12996633785644718
thanh1+𪀆,thanh1,0.08219674974679947,0.6810543481463287,0.20121381422858634
thanh1+󱟰,thanh1,0.10790363699197769,0.5954894860533123,0.1731693340741994
thanh1+𬛀,thanh1,0.06921397149562836,0.7596102815713968,0.10962268452335382
thanh1+󱘠,thanh1,0.08706647157669067,0.6954942455728234,0.1866443504425509
thanh1+𠴖,thanh1,0.09350316226482391,0.7597792585370746,0.12787166138220907
thanh1+󰬨,thanh1,0.09210029989480972,0.6192218795087883,0.13499260850487396
thanh1+󱤒,thanh1,0.09945293515920639,0.6394232676313422,0.2567895324858731
thanh1+𪁄,thanh1,0.09046416729688644,0.6233821940042839,0.1599909645300643
thanh1+𪣮,thanh1,0.0911843404173851,0.66319833774209,0.12786883416946707
thanh1+󰭙,thanh1,0.08983764797449112,0.6819542851377866,0.1484122839142003
thanh1+𠿴,thanh1,0.10388258844614029,0.6944493211804167,0.13787509753897362
thanh1+𥊜,thanh1,0.07909567654132843,0.7316905503183131,0.15028301922416365
thanh1+𡳳,thanh1,0.10556548833847046,0.6060915908029095,0.18595737013134597
thanh1+𧒊,thanh1,0.09338110685348511,0.6771079144894058,0.12340306428025687
thanh1+𡃆,thanh1,0.07631471753120422,0.7597939550937765,0.13129964105659014
thanh1+𫲼,thanh1,0.08153113722801208,0.6290676177144471,0.10502225114347645
thanh1+𩂄,thanh1,0.1294645220041275,0.6937436490233241,0.17292623315366326
thanh1+󱝯,thanh1,0.10117658972740173,0.4562824514316646,0.18322294439023745
thanh1+𠾾,thanh1,0.0896921455860138,0.7343702023686435,0.12687650864145641
thanh1+㖗,thanh1,0.09101049602031708,0.7616016182515742,0.11085076997763312
thanh1+𬪽,thanh1,0.07600221782922745,0.7683666508815763,0.148764134881721
thanh1+󰤣,thanh1,0.07764313369989395,0.6986837492318014,0.11133312277196315
thanh1+𢆠,thanh1,0.09674178063869476,0.6749549455277389,0.15311383046692836
thanh1+󱫑,thanh1,0.08374480158090591,0.5802280424571078,0.19332184743995415
thanh1+󱞠,thanh1,0.10885075479745865,0.6809625279987236,0.19737241072737896
thanh1+󱩈,thanh1,0.09935842454433441,0.7098323553735478,0.1429643813102526
thanh1+𣔧,thanh1,0.0808837041258812,0.7367499017669074,0.15731266372230715
thanh1+󱪉,thanh1,0.07187685370445251,0.7010152864882678,0.17125305435878632
thanh1+𡏥,thanh1,0.08349012583494186,0.7091563287978803,0.15880570622335388
thanh1+󱚳,thanh1,0.08778712898492813,0.6481522905989041,0.15576290092686526
thanh1+𤐠,thanh1,0.07791934162378311,0.7142706888194804,0.16495215719498232
thanh1+𬕷,thanh1,0.1074671596288681,0.6800338923587458,0.17381211149444628
thanh1+𫫛,thanh1,0.09487367421388626,0.6741515080230972,0.1150413010551043
thanh1+󱠧,thanh1,0.08157525211572647,0.6695502316220875,0.16503281332161257
thanh1+𪤠,thanh1,0.11337560415267944,0.7081495394073223,0.1553066323781437
thanh1+𪠉,thanh1,0.09383954852819443,0.7022674366914615,0.16111663074081903
thanh1+󱗘,thanh1,0.10127623379230499,0.6424057207426802,0.16760055738681798
thanh1+㷝,thanh1,0.12794765830039978,0.601382676475617,0.15184636120904293
thanh1+𡫫,thanh1,0.08319991827011108,0.6671235141655979,0.16941647417241412
thanh1+󱮧,thanh1,0.09090296924114227,0.7273431866850067,0.14662367491581205
thanh1+𤉕,thanh1,0.08931382745504379,0.6909337359097555,0.1194837265336975
thanh1+󱨕,thanh1,0.10716082155704498,0.6416892580141742,0.4113827796907074
thanh1+𬞑,thanh1,0.09552913159132004,0.6330088018783377,0.13826344796141915
thanh1+󱛆,thanh1,0.10098613053560257,0.6932058808097254,0.24700783363666856
thanh1+𥱰,thanh1,0.09274265915155411,0.6537343193266836,0.2213276221088709
thanh1+呯,thanh1,0.10528486222028732,0.7326635998981533,0.07697655480238527
thanh1+󱧔,thanh1,0.1247808039188385,0.6632584126189368,0.1986501803082742
thanh1+𨂗,thanh1,0.11900313198566437,0.48356732460061674,0.2898603115904505
thanh1+󱧘,thanh1,0.1405257284641266,0.6268705496811718,0.13406576039678852
thanh1+󱞐,thanh1,0.08346585184335709,0.7436636490161564,0.12921251546120702
thanh1+󱮑,thanh1,0.12597140669822693,0.5776354741709017,0.24791963394599503
thanh1+󱰗,thanh1,0.0904320478439331,0.6893145236242741,0.1846376635015541
thanh1+𫉮,thanh1,0.08996748179197311,0.7340682775279241,0.17355067854292916
thanh1+𥮈,thanh1,0.1037762388586998,0.5851530649295483,0.32679411559957733
thanh1+󰬛,thanh1,0.07521343231201172,0.7140694434440444,0.08400598304758349
thanh1+𡅯,thanh1,0.06373469531536102,0.7715917587443053,0.12393911158109872
thanh1+󰂘,thanh1,0.08907849341630936,0.7513314442838032,0.15622129353410993
thanh1+󱮟,thanh1,0.11352752894163132,0.6137770165096323,0.18807188338800027
thanh1+㖀,thanh1,0.10273902118206024,0.7176997241191474,36.05046803432919
thanh1+𨔌,thanh1,0.08868753910064697,0.6659181145305807,0.22093198729048028
thanh1+𪻟,thanh1,0.09626774489879608,0.723013325202025,0.18378991416507626
thanh1+𨇉,thanh1,0.11670774966478348,0.6064648950557515,0.6294136645045503
thanh1+𩸮,thanh1,0.08593180030584335,0.7034389689039954,0.2080815858637055
thanh1+󱤑,thanh1,0.0880107432603836,0.6070159015598184,0.1872178233062852
thanh1+󱢣,thanh1,0.08720922470092773,0.6575122439275772,0.19574283414536942
thanh1+𦵠,thanh1,0.07470834255218506,0.7199935118955966,0.10837821639929707
thanh1+𩸴,thanh1,0.06411709636449814,0.6805642317400497,0.1418095978903342
thanh1+𩝭,thanh1,0.08475585281848907,0.7582227465844384,0.09833932111117982
thanh1+𩹹,thanh1,0.0912216305732727,0.5721884902097796,0.3729807507827638
thanh1+𪤸,thanh1,0.09747617691755295,0.7434606893371319,0.14568937381966082
thanh1+𠿵,thanh1,0.0869315043091774,0.7048087313128407,0.10475726800257547
thanh1+𬑶,thanh1,0.0982808917760849,0.6636766967622867,0.13983654029207962
thanh1+𩚧,thanh1,0.10010528564453125,0.6858148488009956,0.18818558763850768
thanh1+𠚐,thanh1,0.07900109142065048,0.6247870750519633,0.08069852396312849
thanh1+󱛖,thanh1,0.08288432657718658,0.777254768002454,0.12041091157615025
thanh1+󱙲,thanh1,0.08854572474956512,0.6664945144982267,0.22031441077642613
thanh1+𠺚,thanh1,0.06670523434877396,0.7766842765709722,0.09007702491247636
thanh1+𨃌,thanh1,0.0791611447930336,0.6139617376460724,0.1297296352358109
thanh1+𫮡,thanh1,0.11067292094230652,0.6084552766856101,0.15921763844863204
thanh1+𠲡,thanh1,0.08161228895187378,0.5219587214002349,0.11118566844139577
thanh1+󱺈,thanh1,0.08863683044910431,0.7398190865361811,0.1346206274941539
thanh1+𡑲,thanh1,0.08856704831123352,0.6238580034492184,0.14569685094633536
thanh1+㺜,thanh1,0.09386307746171951,0.6928185099205522,0.15346659623980152
thanh1+󱤥,thanh1,0.08738536387681961,0.7281272342886482,0.104083721049797
thanh1+𬛒,thanh1,0.07249737530946732,0.7319819635071713,0.12093859240577624
thanh1+󰢉,thanh1,0.09954936057329178,0.5668046048704263,0.1065194312711875
thanh1+𭢌,thanh1,0.09841321408748627,0.6706982122999677,0.12920575030658032
thanh1+󰅲,thanh1,0.0761922150850296,0.700895109457299,0.14560196534681402
thanh2+𧌂,thanh2,0.072479248046875,0.7384916212854103,0.14051612189399018
thanh2+𫽦,thanh2,0.10972179472446442,0.4952273631586925,0.21996333017558078
thanh2+囄,thanh2,0.11411070078611374,0.541359001808773,0.23799777655765367
thanh2+󱝯,thanh2,0.08099561929702759,0.56284847800976,0.2701503851423856
thanh2+󱠼,thanh2,0.08539324253797531,0.6772278718290249,0.1254925810235928
thanh2+啩,thanh2,0.1140441969037056,0.5621853567290145,0.32508308872379693
thanh2+唥,thanh2,0.11371021717786789,0.6612705818021335,0.15156584417381955
thanh2+󱏛,thanh2,0.12677058577537537,0.6271389376754248,0.3252168071073141
thanh2+𩂄,thanh2,0.11984564363956451,0.642167932840768,0.17839111467801072
thanh2+𡑭,thanh2,0.07020643353462219,0.7512568884041813,0.10693835944976311
thanh2+𰈨,thanh2,0.0931413546204567,0.7007674381804085,0.1909911787353029
thanh2+𡄡,thanh2,0.08292508870363235,0.6604980821854266,0.21390241707967161
thanh2+𠅐,thanh2,0.11037901788949966,0.6359644629335791,0.16112533312560956
thanh2+󱝢,thanh2,0.11472894251346588,0.60261730496215,0.30634635217338185
thanh2+𥾸,thanh2,0.08552239090204239,0.6335842225658852,0.23236717620757064
thanh2+鏙,thanh2,0.08125150948762894,0.7076633611568772,0.18749963291412208
thanh2+𪢠,thanh2,0.09742312878370285,0.5220365808394436,0.1751899282826156
thanh2+𥐨,thanh2,0.08393251895904541,0.6462673200017709,0.11393999554782208
thanh2+𪺛,thanh2,0.1256321668624878,0.6620776873958912,0.2810536408593909
thanh2+󰼀,thanh2,0.07766025513410568,0.7096259673873516,0.20698330769703818
thanh2+󱟲,thanh2,0.11263392865657806,0.5121984638019056,0.2996400292234492
thanh2+󱚕,thanh2,0.06797511875629425,0.7384284208185962,0.10659408424631195
thanh2+𠹌,thanh2,0.08952276408672333,0.5658078044569993,0.1598785837991836
thanh2+𡂷,thanh2,0.09214164316654205,0.6400583793162585,0.15973157896430823
thanh2+󱙉,thanh2,0.1283462643623352,0.4745883577220967,0.24860335522852237
thanh2+𬊭,thanh2,0.08457831293344498,0.6422584291509597,0.15664244238580932
thanh2+𤻓,thanh2,0.1304021179676056,0.5600475575326864,0.41533065053708135
thanh2+󱨿,thanh2,0.07658234238624573,0.6875780728567527,0.1807889039456542
thanh2+𪭟,thanh2,0.09355233609676361,0.7980215484836616,0.09192509827817309
thanh2+𭋙,thanh2,0.10797976702451706,0.583347833556301,0.2330347183754342
thanh2+󱝐,thanh2,0.0695621520280838,0.7786316151569618,0.1521966567375508
thanh2+󱳪,thanh2,0.11775179207324982,0.6086489056166261,0.18366093217174492
thanh2+𤗹,thanh2,0.10963480174541473,0.5963058741432306,0.4291543628249339
thanh2+𨪷,thanh2,0.10889489203691483,0.5028555909054404,0.15124130420127946
thanh2+𪡿,thanh2,0.12666793167591095,0.5527384645073572,4.375947182355109
thanh2+𬦄,thanh2,0.1528061330318451,0.39637820141187735,0.6925587929203899
thanh2+󱞑,thanh2,0.12045015394687653,0.62687626988118,15.884041036148945
thanh2+𬏇,thanh2,0.07119042426347733,0.6497038455306785,0.12403000344443767
thanh2+󱹡,thanh2,0.08444856852293015,0.66958931988403,0.16627862507816418
thanh2+𤯱,thanh2,0.06937520951032639,0.7442866798829606,0.14486401787339878
thanh2+󱨈,thanh2,0.10196900367736816,0.6535473775061015,0.13299296522547158
thanh2+󱹽,thanh2,0.09577976167201996,0.7061295509204074,0.19083262257229816
thanh2+󱛻,thanh2,0.07210143655538559,0.7246333404986817,0.19392525422857324
thanh2+𡅉,thanh2,0.12198984622955322,0.5188546718556014,0.40939982657450674
thanh2+󱋰,thanh2,0.11056465655565262,0.5851881917759323,0.15580554360965687
thanh2+𬂻,thanh2,0.11441189050674438,0.5449138580303476,0.33719390296477275
thanh2+𮤭,thanh2,0.09881681948900223,0.6414554973562117,0.19993635351974826
thanh2+洅,thanh2,0.14814238250255585,0.5501195889596682,0.13370637473578126
thanh2+󱚫,thanh2,0.07276274263858795,0.7290840687834438,0.12875677830125168
thanh2+𩀳,thanh2,0.09212532639503479,0.5873911475696375,0.22195556084262705
thanh2+𠲹,thanh2,0.16168667376041412,0.5362272403812379,0.4912369409610082
thanh2+𠺺,thanh2,0.09589947760105133,0.6528305152181215,0.1728414817050992
thanh2+𠮨,thanh2,0.09238366037607193,0.7354515293222047,0.14623613850023676
thanh2+婻,thanh2,0.07303152978420258,0.5988126277127309,0.18192324186157896
thanh2+󰂘,thanh2,0.08245669305324554,0.7425788379763135,0.1517519109536817
thanh2+𧍇,thanh2,0.0946236178278923,0.5867865419191045,0.1528136416965313
thanh2+𪤸,thanh2,0.12449777871370316,0.49466450390584027,0.2964735469095028
thanh2+󱸠,thanh2,0.10850565880537033,0.6014002349356942,0.24962030166902383
thanh2+󱛴,thanh2,0.10919195413589478,0.6175710541679006,0.20787007413900005
thanh2+󱝙,thanh2,0.0822979211807251,0.6971262532925068,0.23396466367325108
thanh2+󱬺,thanh2,0.13935397565364838,0.5741721621830618,0.4195629559083173
thanh2+𬛀,thanh2,0.07430784404277802,0.7384917658937183,0.12986160376637537
thanh2+𫢧,thanh2,0.08987067639827728,0.6552788754458808,0.17749823871152182
thanh2+𩼁,thanh2,0.11708217859268188,0.5972743108825327,0.3191122260394263
thanh2+𨂚,thanh2,0.11777836084365845,0.5785107433192507,0.19124836171913387
thanh2+󱮧,thanh2,0.11737722903490067,0.65559684048064,0.4410824001076367
thanh2+𠺼,thanh2,0.08421798050403595,0.5728730565735026,0.17176871991978235
thanh2+󰅲,thanh2,0.1089671403169632,0.5813704989394293,0.11554990480333555
thanh2+𧿯,thanh2,0.10650843381881714,0.6809540217786402,0.22461336342590052
thanh2+󱤉,thanh2,0.0954536646604538,0.6714456406086853,0.28260786941969174
thanh2+󱓦,thanh2,0.13812395930290222,0.4670164975432009,2.2277186566251648
thanh2+󱝒,thanh2,0.08218619227409363,0.7324171034091701,0.12208627928926097
thanh2+󱝾,thanh2,0.07912809401750565,0.6731863403412561,0.20728608983807403
thanh2+󱩸,thanh2,0.1169847846031189,0.5651268422153728,0.15893435826737043
thanh2+󱙲,thanh2,0.10479068756103516,0.5400384320869235,0.25153857523913364
thanh2+𬙛,thanh2,0.12354680895805359,0.49968102386910657,0.16868626702924852
thanh2+𫯐,thanh2,0.11626505851745605,0.6083531089563968,0.27710452722858286
thanh2+󱫂,thanh2,0.09204906225204468,0.5651593811289942,0.24355986945796682
thanh2+𠽂,thanh2,0.08381547033786774,0.7388775888805211,0.1108758702444917
thanh2+󱥻,thanh2,0.08578847348690033,0.6880038623874958,0.2025875807158947
thanh2+󰧺,thanh2,0.0985221341252327,0.6450498315611889,0.2929541942401858
thanh2+󰆐,thanh2,0.10498405247926712,0.6451745683144839,0.28418619862877764
thanh2+𢀦,thanh2,0.07693972438573837,0.737102833516,0.2271594519224374
thanh2+𪧺,thanh2,0.1109272912144661,0.6097138288920395,0.22902548446867235
thanh2+𫫷,thanh2,0.11165770888328552,0.6269189411745603,0.20467703818045987
thanh2+󱬧,thanh2,0.10073968768119812,0.6318993297981074,0.2744000243310818
thanh2+󰶅,thanh2,0.0735040009021759,0.6517778177776833,0.14117013087733055
thanh2+󱬑,thanh2,0.09856866300106049,0.5875788995371355,0.24751084501353524
thanh2+挒,thanh2,0.08443374931812286,0.483290408365002,0.12366085235386913
thanh2+䀭,thanh2,0.0885891392827034,0.48612494030869474,0.1307594577178488
thanh2+𡁞,thanh2,0.09714403748512268,0.6299274978694623,0.18033922676178663
thanh2+󱬻,thanh2,0.11986741423606873,0.5349305195040323,0.22909813038025764
thanh2+󱡰,thanh2,0.12338121235370636,0.559462623010541,0.26397925677525574
thanh2+󱥓,thanh2,0.0711996853351593,0.6613467652601034,0.1349996202796692
thanh2+㖏,thanh2,0.07735688239336014,0.7514025686951833,0.08862940534635837
thanh2+𫬠,thanh2,0.11040656268596649,0.5280971372080242,0.2553532050175453
thanh2+𪦎,thanh2,0.07582806795835495,0.7431486469315239,0.1658135760394064
thanh2+󱝟,thanh2,0.119650699198246,0.55121184392691,0.2591261413313553
thanh2+󱩻,thanh2,0.08793273568153381,0.669512056862535,0.14157392668225757
thanh2+𪡽,thanh2,0.09726002812385559,0.6923203232847409,0.2680313311837689
thanh2+溒,thanh2,0.09536973387002945,0.5680543457555645,0.16113391493673543
thanh2+𡂉,thanh2,0.10396207869052887,0.6562704032784913,0.19208877125679633
thanh2+𬏖,thanh2,0.09598776698112488,0.6054752592656594,0.23029934190174184
thanh2+𢰦,thanh2,0.07387803494930267,0.6186237472329343,1.8698994024048057
thanh2+󱹪,thanh2,0.09501028805971146,0.6753045496150328,0.20019280151953908
thanh2+󱞳,thanh2,0.09891898930072784,0.6923527202557863,0.3851737441166179
thanh2+𭈒,thanh2,0.06893019378185272,0.693679138112472,0.1604083164992993
thanh2+󰮦,thanh2,0.13508649170398712,0.4020849942277461,0.3259893572358185
thanh2+𬆅,thanh2,0.08642422407865524,0.67124387518152,0.18838175152271175
thanh2+哠,thanh2,0.09428312629461288,0.7370696283497165,0.14125952984321966
thanh2+󱫴,thanh2,0.11312326788902283,0.6013753465600354,0.21712420550921527
thanh2+捠,thanh2,0.08923785388469696,0.6061729231627478,0.16077142721993196
thanh2+𬀦,thanh2,0.0656413733959198,0.7369264363112245,0.10105150361468906
thanh2+𠿱,thanh2,0.07400405406951904,0.7327887639618117,0.15529832710455857
thanh2+𬄪,thanh2,0.08880350738763809,0.6495469665767655,0.16420848610658947
thanh2+𡫶,thanh2,0.125443235039711,0.37798848189646533,0.17105602631600347
thanh2+呯,thanh2,0.09138435125350952,0.8006821458069936,0.10514377231267806
thanh2+󱥯,thanh2,0.13213488459587097,0.47583042208223936,0.9922920870481433
thanh2+󰨑,thanh2,0.11575693637132645,0.6378493764314483,0.22295114130760996
thanh2+𡃎,thanh2,0.09269759804010391,0.549282830367052,0.17676079152742094
thanh2+𡅍,thanh2,0.1316232979297638,0.40879299899749977,0.21234372338691218
thanh2+𫧟,thanh2,0.13237351179122925,0.4818913646847518,0.12075267921247101
thanh2+𫵞,thanh2,0.1181538999080658,0.42895590224757424,2.3671279012291975
thanh2+𫅰,thanh2,0.12537699937820435,0.5080790875478631,0.5024322784965709
thanh2+𬏻,thanh2,0.07916741073131561,0.6764926364492757,0.1447387218053644
thanh2+𢢈,thanh2,0.12967994809150696,0.5010143836831066,0.2766187286445268
thanh2+𤶹,thanh2,0.08716842532157898,0.6362233149339134,0.2106152698418632
thanh2+濧,thanh2,0.15089455246925354,0.48207395162845973,0.2507869542542291
thanh2+󱟉,thanh2,0.0863780528306961,0.5174911283297147,0.1306666761699995
thanh2+󰫽,thanh2,0.09793946892023087,0.6236752224685244,0.2863035295926864
thanh2+󱟹,thanh2,0.09102067351341248,0.6051370551149964,0.2879083102401551
thanh2+𨅞,thanh2,0.09863542765378952,0.7056431474060023,0.1755311510965759
thanh2+󱞼,thanh2,0.11873367428779602,0.6220176371365772,0.2248397315976558
thanh2+𡔒,thanh2,0.10516467690467834,0.5395173397737361,0.1951956610127886
thanh2+𤊤,thanh2,0.06865814328193665,0.7549157137415629,0.11008691467682297
thanh2+㖵,thanh2,0.11187215149402618,0.7075777013683088,0.9348151383054254
thanh2+󱪢,thanh2,0.07303180545568466,0.5541073345390591,0.26982153249323004
thanh2+󱞠,thanh2,0.13933083415031433,0.4126457360189886,0.342595840723793
thanh2+󰃧,thanh2,0.08101439476013184,0.6553611475439197,0.2888013743852331
thanh2+𣘊,thanh2,0.12853483855724335,0.3773470300600292,0.38972652482585574
thanh2+󱝑,thanh2,0.06136567145586014,0.7657386156829982,0.10496569836639545
thanh2+󱋠,thanh2,0.09724849462509155,0.5878215259765417,0.25504922403882485
thanh2+󱝘,thanh2,0.09599139541387558,0.6811099274607246,0.9153574248555056
thanh2+󱰭,thanh2,0.08970838785171509,0.6606321681389736,0.18966815504876502
thanh2+㺜,thanh2,0.11097541451454163,0.6410407437136398,0.21600745004519406
thanh2+𤐠,thanh2,0.1350131332874298,0.5692829361285313,1.1146317985154937
thanh2+𡪦,thanh2,0.08103295415639877,0.7211465239340764,0.1259224041810323
thanh2+𠸩,thanh2,0.0957583412528038,0.7642895891508013,0.10940789027874608
thanh2+󱥪,thanh2,0.09220951795578003,0.6623138519861516,0.2621255114646704
thanh2+󰝅,thanh2,0.11850636452436447,0.6606207387975075,0.13243508856548125
thanh2+𢲠,thanh2,0.08302484452724457,0.6621752319813999,0.3498739956777525
thanh2+󰛼,thanh2,0.08971519768238068,0.6684436540254106,0.2600532040076662
thanh2+𣱿,thanh2,0.12034685164690018,0.7222180585552913,0.1246316880479507
thanh2+󱛢,thanh2,0.07080703228712082,0.7583828866488578,0.12002623583532
thanh2+󱝂,thanh2,0.13160721957683563,0.5178212809993138,28.460275021275976
thanh2+𪿀,thanh2,0.12730731070041656,0.5191031891017042,1.008630108851121
thanh2+󱡄,thanh2,0.10671486705541611,0.5627201193653325,0.2667543830710725
thanh2+󱼖,thanh2,0.11173008382320404,0.5624509344145956,0.24601510282780578
thanh2+󱗘,thanh2,0.10756490379571915,0.45083748577948785,0.23883051817316284
thanh2+灆,thanh2,0.1420516073703766,0.6513477527772968,0.2779509432630332
thanh2+󱦅,thanh2,0.09063556790351868,0.6422746888789693,0.1286797605233637
thanh2+󱡇,thanh2,0.09123725444078445,0.6253619102380051,0.246556381424459
thanh2+𡫫,thanh2,0.09431135654449463,0.6004075982987543,0.2612776612541284
thanh2+𠴘,thanh2,0.09563640505075455,0.5729927156557674,0.16272691836646533
thanh2+𢪥,thanh2,0.07741161435842514,0.6880896842117532,0.14487924798215246
thanh2+󱟟,thanh2,0.09612087905406952,0.6389451286154072,0.2628911251398774
thanh2+𥵖,thanh2,0.09973283857107162,0.6621662906858202,0.2323340525139063
thanh2+𣓾,thanh2,0.07469013333320618,0.7536791079550862,0.14343279737547873
thanh2+𫱗,thanh2,0.07522410154342651,0.6887962335253552,0.22287927576125066
thanh2+󱯏,thanh2,0.07417762279510498,0.7272593420101076,0.18207409364970317
thanh2+𡂄,thanh2,0.10231649875640869,0.5479195577566489,0.17639848406790715
thanh2+󰬨,thanh2,0.08630628883838654,0.6988469713758805,0.2172699720772793
thanh2+𡏯,thanh2,0.0867796242237091,0.7097212803933604,0.19303456012847572
thanh2+堒,thanh2,0.07448617368936539,0.6839107133621487,0.15591581521418377
thanh2+𠏠,thanh2,0.05928441882133484,0.7928123265380493,0.12558103997882383
thanh2+󱞽,thanh2,0.12864066660404205,0.5783696029380954,0.46282587199630026
thanh2+䐥,thanh2,0.10422460734844208,0.5922355460074957,0.3338797497103778
thanh2+𡎔,thanh2,0.09420131146907806,0.6369431743749001,0.2550267113386771
thanh2+󰙯,thanh2,0.0969938188791275,0.740476677124499,0.1252550985264951
thanh2+󱠠,thanh2,0.13191868364810944,0.5038399391367722,0.30847129351092323
thanh2+󱟮,thanh2,0.0951010063290596,0.6127289108381132,0.17551869499848358
thanh2+󱢏,thanh2,0.14670324325561523,0.5740107570625818,0.26716054443180764
thanh2+𢹊,thanh2,0.12815257906913757,0.3626000539888235,0.1739611440179761
thanh2+𫔬,thanh2,0.10967044532299042,0.6460505329829526,0.2164200201411098
thanh2+㗴,thanh2,0.15623900294303894,0.3609870435627449,0.3171880228523947
thanh2+󰐨,thanh2,0.12413978576660156,0.446263692731235,0.26905591226143605
thanh2+𣞄,thanh2,0.10526791214942932,0.6240882630488865,0.5964392636774528
thanh2+𫇿,thanh2,0.09444019943475723,0.685010904590383,0.1324899843324863
thanh2+𥱰,thanh2,0.11757481098175049,0.5583513228651544,2.1154752288550216
thanh2+𡄰,thanh2,0.10419692099094391,0.5920921571356695,0.24757089856462386
thanh2+󱌔,thanh2,0.09386251866817474,0.6756786224837894,0.182175904668698
thanh2+𪾭,thanh2,0.1128881573677063,0.46576290621746796,0.1566968426622003
thanh2+𧎠,thanh2,0.10672202706336975,0.47383006729777155,0.16845575696835105
thanh2+𠮙,thanh2,0.12886843085289001,0.6891786937337652,0.17618261946556893
thanh2+𫑺,thanh2,0.13958854973316193,0.36538932488222164,0.40599366450961777
thanh2+󱤾,thanh2,0.11412178725004196,0.6080071448138695,0.22632064173482572
thanh2+𨁟,thanh2,0.0866941288113594,0.6247570477626363,0.18448351952380748
thanh2+𪢌,thanh2,0.11175622045993805,0.6211743484157685,0.2544105884894298
thanh2+󱲝,thanh2,0.10888922959566116,0.699596547825959,0.19144355626145262
thanh2+𭈖,thanh2,0.11570093035697937,0.5097827887823044,0.1709663578835036
thanh2+䈊,thanh2,0.05473589897155762,0.7634386109089709,0.12417992342853072
thanh2+㗩,thanh2,0.13230961561203003,0.6529197210879478,0.22865850458263878
thanh2+󱟡,thanh2,0.15094631910324097,0.4270611114002162,0.45347739665669873
thanh2+󰬪,thanh2,0.1252477467060089,0.6452912002597544,0.18688116269837943
thanh2+𩂀,thanh2,0.0903884693980217,0.754117754879646,0.1178064976011169
thanh2+󱞎,thanh2,0.18353131413459778,0.48862321773923706,122.27513343828008
thanh2+󱞲,thanh2,0.08566280454397202,0.5932196193111842,0.23066565230459335
thanh2+󱖧,thanh2,0.0993974581360817,0.6590463131341037,0.23784022646976344
thanh2+𡉎,thanh2,0.0599387101829052,0.7489981389891263,0.14166245955488546
thanh2+𫭅,thanh2,0.08790761977434158,0.6802938439894637,0.1878234937141179
thanh2+𦘱,thanh2,0.08046811074018478,0.8011190949265791,0.0828805407546488
thanh2+𬛒,thanh2,0.09257125854492188,0.6362467868285611,0.26241948368984586
thanh2+󱯺,thanh2,0.09816188365221024,0.5871367713549079,0.24906474813038115
thanh2+󱧀,thanh2,0.11489009857177734,0.5621701501806845,0.23299224244517677
thanh2+󱞇,thanh2,0.09193035960197449,0.6539721092308334,0.2126252128006408
thanh2+䰺,thanh2,0.0933598205447197,0.677632694788716,0.24058569516622405
thanh2+󱱣,thanh2,0.1003422662615776,0.6555431144847771,0.24976477340124473
thanh2+𡏥,thanh2,0.10102637112140656,0.6278113227403618,0.16192944622602803
thanh2+󱛖,thanh2,0.08532513678073883,0.7265519916026922,12.950532546489578
thanh2+𫴬,thanh2,0.08627380430698395,0.6031120275674987,0.19262431867072916
thanh2+󱫠,thanh2,0.09337583929300308,0.6299994355502013,0.17119570449028146
thanh2+㙩,thanh2,0.0895596519112587,0.6759724880922537,0.1732802971708074
thanh2+𡳳,thanh2,0.10216687619686127,0.6233997333089217,0.20224160956725137
thanh2+󱥄,thanh2,0.081289142370224,0.6200350293769663,0.17242402762432577
thanh2+𰓖,thanh2,0.0784013494849205,0.652715894846125,0.12441623990409283
thanh2+󰊈,thanh2,0.10216724127531052,0.7293414796201743,0.1647964953426465
thanh2+󱛦,thanh2,0.10541306436061859,0.6436985002281735,0.18091544081204639
thanh2+𪡍,thanh2,0.09477487206459045,0.6647165636783865,0.3311353509068421
thanh2+󱓇,thanh2,0.09765709936618805,0.5693418078556141,0.2823792378326699
thanh2+󰤣,thanh2,0.09069091826677322,0.6659369471152303,0.147167599646251
thanh2+𡓯,thanh2,0.0876728817820549,0.6977613430169536,0.22833430867859905
thanh2+󱦮,thanh2,0.11531699448823929,0.68858166407836,0.1976435081836421
thanh2+󰢽,thanh2,0.1042090654373169,0.5215768867416304,0.2232793003617355
thanh2+𠱻,thanh2,0.10695909708738327,0.5860895021794675,14.734058681579363
thanh2+󱛳,thanh2,0.11132726073265076,0.5497024311343149,0.19127555272699395
thanh2+𣎞,thanh2,0.0860876515507698,0.7272193515951468,0.15368425147296258
thanh2+𦩳,thanh2,0.08305017650127411,0.6262180538545944,0.1849002848740372
thanh2+𫏙,thanh2,0.09106501191854477,0.6136244910191979,0.30209942030951314
thanh2+󰣡,thanh2,0.08179216086864471,0.7150639125808145,0.15734712849526575
thanh2+𨪪,thanh2,0.09353524446487427,0.6875023108515973,0.2783183093325443
thanh2+𬖵,thanh2,0.11853905767202377,0.4531232451638443,0.2640799575203258
thanh2+𭊳,thanh2,0.12850786745548248,0.5750081886409785,0.27829531069736946
thanh2+𪤠,thanh2,0.12545090913772583,0.6062659266221395,0.1719503601736567
thanh2+󱞴,thanh2,0.11635846644639969,0.5874085199969743,0.2367176534310167
thanh2+𫪄,thanh2,0.08866923302412033,0.731057928176783,0.15234482772084326
thanh2+󱚇,thanh2,0.11012548953294754,0.5914209043531864,0.26028275653611527
thanh2+󰂛,thanh2,0.08799690008163452,0.6800868500709435,0.15192541549963812
thanh2+󱩛,thanh2,0.09940597414970398,0.4630737648136314,0.24051134125893422
thanh2+㧪,thanh2,0.10874725878238678,0.6095337003658556,1.0569107108885116
thanh2+𢠤,thanh2,0.10936117172241211,0.6519224958636445,0.2399154466260718
thanh2+󱼓,thanh2,0.10559830069541931,0.685072436345613,0.22065943962893364
thanh2+󱠑,thanh2,0.06416129320859909,0.6777563688898817,0.12856670552110247
thanh2+鮗,thanh2,0.12796367704868317,0.6337600229528931,0.24681893570875513
thanh2+󱠢,thanh2,0.08319287747144699,0.6127651597672128,0.20168969029365572
thanh2+󱋣,thanh2,0.1156051903963089,0.5185219192706404,5.338190703880694
thanh2+𠌊,thanh2,0.08831758052110672,0.5648611773440435,0.2328975070916809
thanh2+󱚰,thanh2,0.08550359308719635,0.6379506106739266,0.2715533173957623
thanh2+󱼒,thanh2,0.08459372818470001,0.6978143902451149,0.17761080660280248
thanh2+𧒅,thanh2,0.0958084985613823,0.5090183298344072,0.2277599563623757
thanh2+𪴉,thanh2,0.12401767075061798,0.5077446734170906,0.33081797944316205
thanh2+󰍖,thanh2,0.081784188747406,0.6730268577470531,0.26018862695655504
thanh2+󱊚,thanh2,0.08626095950603485,0.722238133729339,0.21836965293218757
thanh2+𫽠,thanh2,0.11759113520383835,0.6119626271812953,0.16763361772436924
thanh2+𥶱,thanh2,0.0900372564792633,0.6351082847977372,0.2677354913923469
thanh2+𰋝,thanh2,0.1323099434375763,0.5575550236059172,0.13427261780238547
thanh2+𤎓,thanh2,0.08029533922672272,0.645327513695304,0.2285005804930006
thanh2+󱦙,thanh2,0.10575912147760391,0.5317564703842135,0.3046700797089487
thanh2+𡚝,thanh2,0.08222616463899612,0.6470347109322637,0.1995392318442518
thanh2+𡉁,thanh2,0.13165836036205292,0.45763709376202516,0.3271397974028001
thanh2+󰯺,thanh2,0.11625128239393234,0.5752402629267545,0.17110057445154458
thanh2+𫮡,thanh2,0.08774834871292114,0.7040451312745553,0.15403321132348838
thanh2+𬕻,thanh2,0.09818611294031143,0.6658408251069543,0.2225017057082863
thanh2+𠷦,thanh2,0.09129451215267181,0.6768602030590879,0.2271644960561533
thanh2+𪥘,thanh2,0.08829675614833832,0.7429660104080881,0.20064859023920445
thanh2+𡄳,thanh2,0.0882517397403717,0.6505668901788464,0.19679734524507583
thanh2+𨇉,thanh2,0.11074398458003998,0.6135933474353993,0.24511076411689636
thanh2+𤬪,thanh2,0.09559361636638641,0.7195996158740777,0.13673194735073665
thanh2+𧞿,thanh2,0.1620786190032959,0.25605947282169605,0.306944766749537
thanh2+𤣡,thanh2,0.11438509821891785,0.6277565232178811,0.24813541899576894
thanh2+󰤴,thanh2,0.0752146914601326,0.7292856879153146,0.12053403323455864
thanh2+𦟖,thanh2,0.10683903843164444,0.5128606289077997,4.633769475718531
thanh2+𨆷,thanh2,0.19325053691864014,0.2855692248766734,0.4302385830560591
thanh2+󱟫,thanh2,0.07363761216402054,0.7401972895289353,0.17371153156539673
thanh2+󱢣,thanh2,0.1299368143081665,0.49636022759868886,0.5458357161783943
thanh2+󱞖,thanh2,0.11863373965024948,0.6468600630918321,0.5963134247547005
thanh2+󱭘,thanh2,0.09564854949712753,0.6559457727786299,0.28099988285314437
thanh2+󱩩,thanh2,0.09528283774852753,0.6679345138456594,0.1960398393020644
thanh2+𡁎,thanh2,0.11376175284385681,0.6886567584201679,0.20998904841092025
thanh2+𫆮,thanh2,0.08570848405361176,0.6905346142394827,0.22038984077190238
thanh2+𡑪,thanh2,0.11847998946905136,0.5070146002023463,0.1660983523326076
thanh2+𠸬,thanh2,0.1035338044166565,0.6497683841756456,0.23904620511343114
thanh2+󰴾,thanh2,0.11718256026506424,0.3366583386293973,0.14744644282686642
thanh2+𨮉,thanh2,0.08648500591516495,0.5450584719609463,0.16406852279275194
thanh2+󱢰,thanh2,0.10326598584651947,0.6176593337920789,0.39517584226769104
thanh2+󱛋,thanh2,0.07942602783441544,0.6734737267467216,0.27317363330514327
thanh2+𤞦,thanh2,0.07905186712741852,0.6589624914345993,0.23072733617472438
thanh2+𫪦,thanh2,0.08657583594322205,0.5957841510059062,0.20061581993358826
thanh2+𬄹,thanh2,0.10779198259115219,0.603840377772104,0.3165820495412364
thanh2+𠼇,thanh2,0.10454335808753967,0.6442645568854639,3.5261701729341106
thanh2+𠿵,thanh2,0.1171056255698204,0.6286360523365107,0.27303000858524734
thanh2+󱮾,thanh2,0.1122175008058548,0.37795018502479055,0.2269918267964244
thanh2+󱜲,thanh2,0.07858090847730637,0.770171691009282,0.1046647689641695
thanh2+𡀦,thanh2,0.0883205235004425,0.6702172608099922,0.4660562187613481
thanh2+󱡴,thanh2,0.13143782317638397,0.5763398932948472,0.22224367914411547
thanh2+𠴌,thanh2,0.08491750806570053,0.7219013607996848,0.2312327772232525
thanh2+㙘,thanh2,0.0872153639793396,0.5956430179987136,0.07815838457842803
thanh2+𪉴,thanh2,0.09959616512060165,0.5704582017707135,0.24082319574518496
thanh2+󱜖,thanh2,0.1272546648979187,0.6835015382358992,0.27041333835821396
thanh2+𤲼,thanh2,0.1144920289516449,0.4335448221814322,0.22932356097377016
thanh2+𡚎,thanh2,0.09651476889848709,0.63504352465871,0.28716800257988456
thanh2+𠷯,thanh2,0.0911305621266365,0.6209237491725803,0.18907391629435524
thanh2+𨄿,thanh2,0.12492737919092178,0.5628889395963141,0.31078411409988105
thanh2+𡀲,thanh2,0.08544990420341492,0.6696983695457457,0.22621457877300558
thanh2+𪣠,thanh2,0.08830080926418304,0.7095283804870685,0.16911346735582988
thanh2+󱘓,thanh2,0.1120661050081253,0.6612713008867291,0.12916172523830066
thanh2+𬑶,thanh2,0.11531178653240204,0.6282803106776236,0.32635976805866207
thanh2+󱤥,thanh2,0.08347199857234955,0.6597910148576291,0.1801031187693277
thanh2+𭉷,thanh2,0.11375787854194641,0.5684843430416254,0.15851026904170254
thanh2+𤉓,thanh2,0.10216140002012253,0.6303028880403447,0.15549930974845713
thanh2+𪝅,thanh2,0.07587432861328125,0.6916125748381607,0.5216161955862416
thanh2+󰘓,thanh2,0.12775303423404694,0.6945273808612173,0.18080121776373018
thanh2+𢠿,thanh2,0.07090284675359726,0.7196706689874429,0.20150388833143265
thanh2+󰺼,thanh2,0.14455899596214294,0.3243882158875999,0.2537957867823743
thanh2+󱹜,thanh2,0.06018698960542679,0.7741097730078833,0.13626627458312887
thanh2+𪝪,thanh2,0.09046045690774918,0.575252496762261,0.29862311810804026
thanh2+󱰍,thanh2,0.08903220295906067,0.6317227782890095,0.18444489968155678
thanh2+󱥭,thanh2,0.15588396787643433,0.565143319868077,0.3527021688153207
thanh2+󰢣,thanh2,0.0957631766796112,0.541809480807334,0.36618978984445055
thanh2+󱟰,thanh2,0.11320482194423676,0.5651490164227032,0.2555985129605939
thanh2+𩠸,thanh2,0.15035556256771088,0.4768939519935206,0.41016493609832966
thanh2+󱝹,thanh2,0.12671564519405365,0.621578936430473,0.2681151135631952
thanh2+𠶍,thanh2,0.08421514928340912,0.7179945579812761,1.06798466604367
thanh2+𠼋,thanh2,0.11677173525094986,0.5227873662590999,0.6106171765261728
thanh2+𣕞,thanh2,0.11532741785049438,0.40831710773577345,0.3079326735187338
thanh2+󱫷,thanh2,0.1040007695555687,0.6450761203857928,0.23033025500218937
thanh2+𤏦,thanh2,0.09671624004840851,0.6025153056954771,0.16429221916386694
thanh2+𫫊,thanh2,0.07600700110197067,0.7618676671738563,0.24621212495785338
thanh2+𫼰,thanh2,0.06587180495262146,0.7305150578646369,0.14981625909137455
thanh2+󱝭,thanh2,0.14406102895736694,0.6374275989230956,0.3568989569728834
thanh2+󱥦,thanh2,0.1391809582710266,0.4466333680127569,0.2825921368646617
thanh2+𬡶,thanh2,0.09995526075363159,0.5955630478772213,0.3042122240108378
thanh2+𪢷,thanh2,0.10480248928070068,0.6818377382499645,0.15883753703865114
thanh2+𡀫,thanh2,0.1249026209115982,0.517369795799353,0.1714353564377963
thanh2+󱅒,thanh2,0.1478128880262375,0.47021699859254507,0.4474056863262161
thanh2+𫡸,thanh2,0.14435872435569763,0.5649930829344143,0.3684668102013728
thanh2+󰌋,thanh2,0.08340020477771759,0.7024295148771217,0.20202074448230634
thanh2+𠾲,thanh2,0.10172854363918304,0.6253270402544097,0.18298046492600029
thanh2+󱬎,thanh2,0.11384418606758118,0.5536611858053222,0.2745077767959761
thanh2+𡌡,thanh2,0.0943273976445198,0.5850591518881929,0.12391980417725477
thanh2+󱞿,thanh2,0.11216027289628983,0.6147035390237091,0.22830448711488863
thanh2+󰙘,thanh2,0.1049073338508606,0.5375141921893732,0.3396754621968219
thanh2+𪻟,thanh2,0.11393272131681442,0.6766900713709253,0.23483525857246765
thanh2+𡃝,thanh2,0.12675100564956665,0.5861216855246966,0.1939596884762249
thanh2+𪡫,thanh2,0.09062383323907852,0.6501721977783134,0.14763582441630319
thanh2+𫯝,thanh2,0.1293039470911026,0.6227813728904937,0.137323449790416
thanh2+𣌌,thanh2,0.12327529489994049,0.42003009033494354,0.285741042292545
thanh2+𡎤,thanh2,0.11261287331581116,0.6229575527836612,0.2241879638929458
thanh2+󱷿,thanh2,0.07304541766643524,0.7330239851902466,0.1317910013907521
thanh2+𫣝,thanh2,0.10843772441148758,0.520792844870059,0.2982388070401922
thanh2+󱟱,thanh2,0.09546306729316711,0.7235818644714646,0.09711434081251362
thanh2+󱝨,thanh2,0.10061430931091309,0.5891681054263359,0.3022767218564626
thanh2+󱤠,thanh2,0.11935752630233765,0.6375568958118236,0.30909983564585874
thanh2+𭰺,thanh2,0.10300784558057785,0.6251754074794492,0.14665842467136503
thanh2+𤹕,thanh2,0.10803940892219543,0.6440851427618892,0.22554922235149666
thanh2+𡑲,thanh2,0.10466308891773224,0.6067593366560068,0.17261583968350294
thanh2+𥮈,thanh2,0.11207204312086105,0.5402576093800399,0.19182391214062153
thanh2+󱦐,thanh2,0.10410609841346741,0.6234455831119518,0.36788467223478377
thanh2+󱤍,thanh2,0.12204274535179138,0.6093251033533619,0.39824757786518145
thanh2+󱛕,thanh2,0.07971853017807007,0.5029853339552076,0.22377084511806744
thanh2+󱚍,thanh2,0.09005607664585114,0.6708910076532263,0.20919985128151844
thanh2+壉,thanh2,0.13189685344696045,0.3575570282237913,0.11736062141411958
thanh2+𡜒,thanh2,0.0657024011015892,0.7042223292005797,0.1953195454260863
thanh2+󱺈,thanh2,0.09011877328157425,0.7122663346966488,0.26318424658956796
thanh2+𮜲,thanh2,0.07857821136713028,0.7280575204304783,0.13991440821111803
thanh2+𡫨,thanh2,0.09428233653306961,0.6386889351285666,0.26545504317500157
thanh2+姈,thanh2,0.0729803740978241,0.6783841281694453,0.14102215908611787
thanh2+𡎡,thanh2,0.06778235733509064,0.6972494700755959,0.08918214254011873
thanh2+𠻇,thanh2,0.10314099490642548,0.5885571763629082,0.19765277503605697
thanh2+𡃓,thanh2,0.10466950386762619,0.5521991301356303,3.0843548474192257
thanh2+󱥥,thanh2,0.10003883391618729,0.5598741551287815,0.23583352508666064
thanh2+󰄜,thanh2,0.1182766705751419,0.48000274830190626,0.3271254501833291
thanh2+𪂱,thanh2,0.07518836855888367,0.746030995933011,0.15322256610912063
thanh2+𩶽,thanh2,0.11934803426265717,0.5617558723708715,0.698546933131737
thanh2+㖪,thanh2,0.09639787673950195,0.7398582844163584,0.12268843454817373
thanh2+𬊐,thanh2,0.10314682871103287,0.68367771976862,0.19790813035113838
thanh2+𩝭,thanh2,0.09219107031822205,0.6064735679906417,0.2980063804099112
thanh2+󱜷,thanh2,0.13327749073505402,0.4674231119711594,0.2614797150685469
thanh2+𩛸,thanh2,0.06717953830957413,0.6335953438566011,0.20458306747027724
thanh2+𠲡,thanh2,0.09657526761293411,0.5583964175077556,0.453803668869552
thanh2+󱞙,thanh2,0.0734596848487854,0.7735294941052497,0.176597943887533
thanh2+󱙰,thanh2,0.09488516300916672,0.5846836926298822,0.23554893448544612
thanh2+󱍺,thanh2,0.0822458565235138,0.6529809742971229,0.1844592846531785
thanh2+𩚧,thanh2,0.1478322446346283,0.34159504280756064,0.21626798642645972
thanh2+󱟪,thanh2,0.11350442469120026,0.6017749571243832,0.2536193904720235
thanh2+哖,thanh2,0.1395082175731659,0.7467895461922645,0.16207247881769812
thanh2+𬓓,thanh2,0.11363182216882706,0.3562910600142992,0.16907144284699838
thanh2+𡁛,thanh2,0.10937913507223129,0.5435665413474993,0.33797005493192583
thanh2+𨄸,thanh2,0.09252369403839111,0.6602225639165015,0.5757595873779547
thanh2+𣻢,thanh2,0.14323687553405762,0.5708587588323432,0.43721120955433257
thanh2+󰘵,thanh2,0.09466603398323059,0.49682102025705,0.23561663637075278
thanh2+𠼸,thanh2,0.07673881947994232,0.724640084125646,0.10275450736314344
thanh2+󱟨,thanh2,0.10989046096801758,0.49964829577601316,0.17712541936490725
thanh2+𡁚,thanh2,0.09482252597808838,0.7024917135676817,0.1763180631239323
thanh2+𡁽,thanh2,0.08584398776292801,0.6497369297185045,0.1888637709280004
thanh2+󱲙,thanh2,0.10308969020843506,0.6484629805855675,0.24884861776304468
thanh2+睈,thanh2,0.10588575154542923,0.6740684903637764,0.161260522897506
thanh2+󱀄,thanh2,0.0996660515666008,0.6031885994771249,0.19005693943127708
thanh2+󱡉,thanh2,0.10590009391307831,0.660292292332624,0.1113036902569595
thanh2+𢵻,thanh2,0.09026996791362762,0.6794661879984738,0.17291037297196843
thanh2+𢶹,thanh2,0.07673408836126328,0.6262750258246997,0.19130674127850353
thanh2+𪸝,thanh2,0.10745830833911896,0.5816059870141986,9.000556242007306
thanh2+󱡗,thanh2,0.10199210047721863,0.5834332436878863,0.13407313920477512
thanh2+𬕌,thanh2,0.10481742769479752,0.44923493559127675,0.09031250339531238
thanh2+󱺃,thanh2,0.10204025357961655,0.6754639447421252,0.18853712101053433
thanh2+𡅫,thanh2,0.08879978954792023,0.6894591161416069,0.1866230110011926
thanh2+󱫟,thanh2,0.10609353333711624,0.5792818057095549,0.1742707714279734
thanh2+󱚴,thanh2,0.09773850440979004,0.5661161349655699,0.23232068877391784
thanh2+𠸄,thanh2,0.07558971643447876,0.6523905073168363,0.1242738745009571
thanh2+󱲰,thanh2,0.1425005942583084,0.46976951864503036,0.20081067787379578
thanh2+󰞘,thanh2,0.14134638011455536,0.6435755240646659,0.08716052047443075
thanh2+𡚄,thanh2,0.07960643619298935,0.7054660597404594,0.14867913487469755
thanh2+󱳠,thanh2,0.12521511316299438,0.5991620243576455,0.18084355386916728
thanh2+𬠥,thanh2,0.0820671021938324,0.592151586844257,0.14846976750984983
thanh2+󱳒,thanh2,0.09186869114637375,0.5961880406506794,0.2365680353664367
thanh2+𤉕,thanh2,0.09716685116291046,0.5575722201170581,0.29264563908060615
thanh2+󱦩,thanh2,0.10360913723707199,0.5750959573064756,0.25654305219780094
thanh2+𢷰,thanh2,0.10464321821928024,0.5714565614324173,0.30501973734415294
thanh2+㷝,thanh2,0.14388850331306458,0.520280303975155,0.274335334500732
thanh2+󱣶,thanh2,0.0923328846693039,0.6276613971015892,0.1462966382943187
thanh2+󱯄,thanh2,0.09372053295373917,0.6123967604116317,0.16843489240986065
thanh2+󱞕,thanh2,0.09495741873979568,0.6790359720163005,0.2089472375620219
thanh2+󱌡,thanh2,0.13999280333518982,0.4013107454828627,0.25855159105022146
thanh2+𠻱,thanh2,0.0927174985408783,0.6291175873061969,0.2306686246687092
thanh2+𡗅,thanh2,0.14972823858261108,0.5968867209962957,0.4335200459765174
thanh2+𠽇,thanh2,0.08089981228113174,0.7439963274104158,0.1422143206747047
thanh2+𪶵,thanh2,0.09493294358253479,0.6350763563119622,0.21878821108286395
thanh2+𪢒,thanh2,0.09608206152915955,0.6690836626372875,0.2224660079890204
thanh2+𪩥,thanh2,0.10100626945495605,0.6608825349667828,0.23206860895187761
thanh2+𣔧,thanh2,0.06253356486558914,0.7296912867813031,0.13181827345909555
thanh2+󱞾,thanh2,0.10987973213195801,0.5664054697195433,0.3010290679012961
thanh2+󰂻,thanh2,0.1028444916009903,0.6799343028991325,0.23001298054297017
thanh2+󱲗,thanh2,0.10182376950979233,0.5650134320815442,0.22071897286720513
thanh2+󱞒,thanh2,0.12180820107460022,0.5328927205408845,2.98262871418231
thanh2+𪤲,thanh2,0.09060312807559967,0.7486021268269717,4.049592402557709
thanh2+󱪱,thanh2,0.09379121661186218,0.4963173159797888,0.3668930406012387
thanh2+󱰺,thanh2,0.1095733493566513,0.4685183551357446,0.30644163332462
thanh2+𨆟,thanh2,0.1060757040977478,0.6116396141621024,0.18711001670398608
thanh2+󱬊,thanh2,0.11792872101068497,0.5144006206552895,0.32574123834808444
thanh2+𡍢,thanh2,0.09062514454126358,0.6250500240368905,0.2199498593376071
thanh2+𦟟,thanh2,0.11101704835891724,0.5661072068565699,0.19019867387550923
thanh2+󱹺,thanh2,0.09884018450975418,0.5808154130158796,0.1771873274901646
thanh2+𪢍,thanh2,0.09021465480327606,0.6646975614925964,0.19270425793655088
thanh2+㤝,thanh2,0.11802315711975098,0.5143559180281155,0.20744469336072194
thanh2+󱛱,thanh2,0.13326331973075867,0.6214079525473032,0.276323237181438
thanh2+󱛺,thanh2,0.0993364006280899,0.608111267044347,0.1957541973540986
thanh2+󰬲,thanh2,0.08651597797870636,0.5423396612183555,0.1262536698985597
thanh2+𪡎,thanh2,0.09729672223329544,0.5008340225171195,0.15293324821639118
thanh2+󱹙,thanh2,0.09904749691486359,0.6096768900550872,0.2490319091593479
thanh2+󰌗,thanh2,0.0660058781504631,0.6869511703851909,0.1892526980786081
thanh2+𥊜,thanh2,0.0994337648153305,0.7010780801826655,0.20064311152251926
thanh2+𰦫,thanh2,0.09640289843082428,0.5929791370364471,0.15590542186053988
thanh2+󱝸,thanh2,0.06560590863227844,0.7898858096710973,0.11451600367947969
thanh2+𠶊,thanh2,0.11119367182254791,0.6856874301671144,0.3462226974016902
thanh2+𫊬,thanh2,0.06874773651361465,0.7462345070027424,0.1211777532800815
thanh2+󱛙,thanh2,0.12512628734111786,0.6524120299228047,0.3951706119906586
thanh2+󱭷,thanh2,0.12781989574432373,0.5738084455929081,0.3968526903156498
thanh2+𥖑,thanh2,0.102686807513237,0.6471098462664441,0.2483715611320719
thanh2+𮫷,thanh2,0.09741058945655823,0.6665033405443799,0.187480573467209
thanh2+莰,thanh2,0.0771913155913353,0.6473765788348531,0.2291981542932673
thanh2+󱗳,thanh2,0.07911275327205658,0.688491057188161,0.16152151310189128
thanh2+󱜴,thanh2,0.07864362001419067,0.7566225672053765,0.09291942017354665
thanh2+𡀇,thanh2,0.07040764391422272,0.7573818493404064,0.10620289970990815
thanh2+𪠉,thanh2,0.07351883500814438,0.7900866733701601,0.11234190474724186
thanh2+𢯝,thanh2,0.0822531059384346,0.7134172934134765,0.13838957326481668
thanh2+𫿟,thanh2,0.1409127414226532,0.40267112253590426,0.3467598115730523
thanh2+󱳦,thanh2,0.13781696557998657,0.6417054075431099,0.19781911495639073
thanh2+𧟝,thanh2,0.12224258482456207,0.544322489699248,0.27313521222725046
thanh2+󱣂,thanh2,0.07033153623342514,0.7023571132996944,0.1481182685102277
thanh2+󱞟,thanh2,0.09195400029420853,0.6122525068310295,0.20926295748754029
thanh2+󰌺,thanh2,0.09049595147371292,0.7020979830932833,0.2667877487728048
thanh2+𥌈,thanh2,0.0970427617430687,0.6010339447751128,0.6620960025372994
thanh2+𧍆,thanh2,0.09397010505199432,0.5714133290418099,0.20742400945037456
thanh2+𬪽,thanh2,0.10328566282987595,0.6144718980070835,0.23040605266907507
thanh2+󱌰,thanh2,0.10409562289714813,0.6480547902100187,0.10254006118876159
thanh2+𠻉,thanh2,0.11723896861076355,0.657587642769236,0.34148830319423246
thanh2+󱟠,thanh2,0.09591016918420792,0.652666310780524,0.2070672641485802
thanh2+𨡨,thanh2,0.1063290610909462,0.5830384775466312,0.1727418750504449
thanh2+󱙌,thanh2,0.09913476556539536,0.641288360842745,0.17032102944385008
thanh2+抋,thanh2,0.06812237203121185,0.7293868274083604,0.13976410303871542
thanh2+𡅑,thanh2,0.08714433014392853,0.6259361660076855,0.16808675639204249
thanh2+󰮝,thanh2,0.07906880974769592,0.5332591772398753,0.2050208465572371
thanh2+𩵾,thanh2,0.09359581023454666,0.558651453693617,0.15569314945941634
thanh2+󱥑,thanh2,0.10850539058446884,0.5471657420824599,0.29387270675604005
thanh2+󰢔,thanh2,0.10449374467134476,0.6343381873660934,0.22014751908579
thanh2+󱜾,thanh2,0.0861627459526062,0.666717561794908,0.11004044246267004
thanh2+𬖩,thanh2,0.13112197816371918,0.6659799624620967,0.22262420187843046
thanh2+󱉲,thanh2,0.0841086208820343,0.647597995357974,0.2232121110657362
thanh2+𫱞,thanh2,0.11299186944961548,0.5836396315117902,0.7943069364774247
thanh2+󱩗,thanh2,0.13667887449264526,0.5751344539421038,0.2117167254491147
thanh2+󱰖,thanh2,0.09265020489692688,0.5694595651381283,0.2593705521403579
thanh2+𫄋,thanh2,0.07508842647075653,0.6618737195487144,0.1928902472963602
thanh2+𠿸,thanh2,0.10275574028491974,0.6412388348810317,0.22492956749919388
thanh2+𬕷,thanh2,0.12281312793493271,0.6218877427530601,0.24673437625224115
thanh2+𨃌,thanh2,0.10019754618406296,0.5758690171739421,0.21993833144142924
thanh2+󱛵,thanh2,0.11284426599740982,0.6505193984073286,0.8108019321630385
thanh2+󱞻,thanh2,0.10020659863948822,0.6605277143673517,0.20541036196952003
thanh2+󱫳,thanh2,0.11764580756425858,0.7000896291539201,0.1445479466334194
thanh2+㘗,thanh2,0.13371950387954712,0.4381840828636093,0.9129783313389476
thanh2+󱯈,thanh2,0.09278203547000885,0.6240091391175216,0.23842823950322864
thanh2+󱘠,thanh2,0.09468896687030792,0.5889544576233913,0.324162287999719
thanh2+𬮷,thanh2,0.1202816590666771,0.5323923842472992,0.2209716896862719
thanh2+󱛽,thanh2,0.1308266669511795,0.4428370563225588,0.17916442160490365
thanh2+󱚛,thanh2,0.13774725794792175,0.4820948811908202,0.6210149453894303
thanh2+𫆶,thanh2,0.10029065608978271,0.5603270942403523,0.21587172181561887
thanh2+󱹻,thanh2,0.1302783340215683,0.5010718795887799,0.24979652106378933
thanh2+󱘧,thanh2,0.0986788272857666,0.5956344233056093,0.20940236660536857
thanh2+𧜗,thanh2,0.09702370315790176,0.571285158894629,0.18895632492444672
thanh2+𧋸,thanh2,0.0702221542596817,0.7311258495068358,0.13064405179884078
thanh2+󰛈,thanh2,0.07828876376152039,0.6746538859587303,0.18011961954642366
thanh2+𡄾,thanh2,0.09635519236326218,0.6733924791872257,0.2307190713010281
thanh2+󰧙,thanh2,0.10214177519083023,0.7077924315685479,0.21078093439710943
thanh2+𡫐,thanh2,0.10195141285657883,0.6183310409099185,0.3355448349735873
thanh2+𫏝,thanh2,0.08996399492025375,0.632771667337462,0.17966132435942336
thanh2+𪤽,thanh2,0.11536222696304321,0.643694107244054,0.21254059041219675
thanh2+󱫗,thanh2,0.09534145891666412,0.6102175458785402,0.1842030999156193
thanh2+𩹹,thanh2,0.10974475741386414,0.6069355731907492,0.27430393888015586
thanh2+󱪼,thanh2,0.08720942586660385,0.673260149218957,0.22431591130323944
thanh2+㖀,thanh2,0.08648612350225449,0.7762649093110513,0.11003809420133713
thanh2+𢅄,thanh2,0.0859648734331131,0.5099289606726363,0.14269579108545202
thanh2+鯑,thanh2,0.08312160521745682,0.6668223064286927,0.24708640217322833
thanh2+𥵉,thanh2,0.12278473377227783,0.5618747679580897,0.14943454298274003
thanh2+㘢,thanh2,0.09564879536628723,0.7200630235731552,0.15800685518970012
thanh2+𠴭,thanh2,0.07419202476739883,0.72261649781864,0.19672961236880318
thanh2+𣛤,thanh2,0.07278920710086823,0.6406208751508364,0.20452205216192687
thanh2+𦀌,thanh2,0.07654845714569092,0.7275291630934259,0.1612223541014697
thanh2+𡄧,thanh2,0.11256592720746994,0.6529726215499362,0.25412672511731077
thanh2+𠀿,thanh2,0.12057729810476303,0.6728439922877562,0.19983548438585771
thanh2+𢴎,thanh2,0.11199602484703064,0.5379811680050438,0.343023635841595
thanh2+󰁐,thanh2,0.1222078800201416,0.6874686288492674,0.15051522891204783
thanh2+𤁔,thanh2,0.14638322591781616,0.569129198219052,0.23868288990852995
thanh2+𦿄,thanh2,0.10652199387550354,0.45931288567547707,0.2630693392997178
thanh2+𩯁,thanh2,0.13214010000228882,0.5444427181299663,0.3756018762344196
thanh2+𠽙,thanh2,0.09193391352891922,0.6787935012815028,0.20088584544409424
thanh2+󰢷,thanh2,0.10202939808368683,0.6489960592902921,0.1984810772799547
thanh2+󰈠,thanh2,0.11697423458099365,0.5239862442200133,0.33623417244828024
thanh2+󱛆,thanh2,0.09219162911176682,0.7051100728203592,0.21134549925333931
thanh2+𨁋,thanh2,0.11997241526842117,0.6203868907789941,0.23082326279022114
thanh2+𬕳,thanh2,0.12023400515317917,0.607575320824462,1.7961797440944476
thanh2+𤁯,thanh2,0.17322273552417755,0.36209507382892625,0.4865883276529635
thanh2+𡅩,thanh2,0.12937645614147186,0.6004597560118312,0.3307026500433556
thanh2+𡁼,thanh2,0.09877556562423706,0.6653537960838086,0.16532288925095437
thanh2+𠷇,thanh2,0.09118258208036423,0.6387361033198045,0.20268036740052855
thanh2+󱪎,thanh2,0.09188121557235718,0.6985172790002381,0.20036045865692773
thanh2+嘪,thanh2,0.08455473184585571,0.7424236618227047,0.15004721090001316
thanh2+𧜐,thanh2,0.09427414834499359,0.6202407447455858,0.2827954412555384
thanh2+𠇕,thanh2,0.10413914918899536,0.6318735446626819,0.149955387982915
thanh2+󱤗,thanh2,0.1033870056271553,0.6228414023819034,0.2666870128310756
thanh2+󰮃,thanh2,0.1070716381072998,0.5272223821948617,0.1952675750480771
thanh2+𩸮,thanh2,0.13514026999473572,0.6080541229680138,0.28352943803999847
thanh2+𠿁,thanh2,0.07826301455497742,0.6849880160430766,0.16802107586415838
thanh2+𩽈,thanh2,0.11088857799768448,0.5712421999300513,0.3310810083622336
thanh2+𫉩,thanh2,0.08871638774871826,0.6734536848973088,0.19494840966604435
thanh2+𡮺,thanh2,0.11815615743398666,0.5533307013206791,0.3464467111012832
thanh2+𡝦,thanh2,0.11218488961458206,0.7090433458292555,0.18678909147864722
thanh2+󱬔,thanh2,0.07410577684640884,0.7094474230214073,0.15700402896350177
thanh2+󱨇,thanh2,0.09280373156070709,0.7165349093195827,0.15593084038967506
thanh2+𬃴,thanh2,0.09088096022605896,0.6658704506803155,0.15510737413080525
thanh2+𤄮,thanh2,0.12083933502435684,0.6623696320110323,0.1730961663131728
thanh2+󱯗,thanh2,0.09296686202287674,0.6643494082251383,0.24791671834733484
thanh2+𫴇,thanh2,0.13816362619400024,0.42648802867729196,0.6566787990675199
thanh2+湳,thanh2,0.11092142760753632,0.5861322355807357,0.23971145814000047
thanh2+𪡴,thanh2,0.10077600926160812,0.674003496145392,0.14575044665532794
thanh2+󱨨,thanh2,0.10167665034532547,0.6383028444862654,0.20537886105288314
thanh2+𤋽,thanh2,0.09750861674547195,0.4869690824585298,0.15378913948283182
thanh2+󱛪,thanh2,0.0936991423368454,0.6699521798071276,0.24738077683559342
thanh2+婫,thanh2,0.13683035969734192,0.39041106091699546,0.20736583412802823
thanh2+󰺥,thanh2,0.10152655839920044,0.5966813929816893,0.22181849699363912
thanh2+󱰐,thanh2,0.11368445307016373,0.6334750641346,0.2364672134550756
thanh2+𩇆,thanh2,0.12288817018270493,0.5759672862216153,0.38716485595375955
thanh2+󱦔,thanh2,0.13805629312992096,0.5683290762316286,0.20638716308779026
thanh2+𦲼,thanh2,0.07183986902236938,0.7000655364563412,0.1410034998684797
thanh2+𠴇,thanh2,0.09964188933372498,0.6629807432039154,0.12923981291471207
thanh2+󱞅,thanh2,0.08228606730699539,0.700037923276039,0.2000674521254604
thanh2+󱚭,thanh2,0.09127796441316605,0.6596887590080308,0.2349710282286559
thanh2+󱤈,thanh2,0.09125974774360657,0.47392355778199513,0.30530262518447543
thanh2+󱝻,thanh2,0.08132336288690567,0.7317900395868288,0.13124636012834162
thanh2+󱋭,thanh2,0.10514439642429352,0.6727467519626226,0.22238467373440807
thanh2+噃,thanh2,0.10919234156608582,0.6156582245857187,2.40775295277165
thanh2+𢆠,thanh2,0.0923367440700531,0.6025081049852665,0.1243251342398128
thanh2+𠼳,thanh2,0.0829281359910965,0.6808992157112841,0.26275605824604065
thanh2+󱢜,thanh2,0.10042192041873932,0.5424364151258818,0.29334954347916237
thanh2+󱝪,thanh2,0.10125711560249329,0.6612666830138104,0.2281319020963215
thanh2+󱋇,thanh2,0.12260303646326065,0.50866840083187,0.2620248037338434
thanh2+𧒊,thanh2,0.08062539994716644,0.6586810425552733,0.4739580685267411
thanh2+𫫛,thanh2,0.08810628205537796,0.7090696976527093,0.12861486991971557
thanh2+𫲼,thanh2,0.0794491246342659,0.6899524337753798,0.1642231005098368
thanh2+𪮽,thanh2,0.08828108012676239,0.7057170676178912,0.1719880160900812
thanh2+𠾾,thanh2,0.09418985992670059,0.752193627798507,0.1390357467622586
thanh2+󱦡,thanh2,0.12284306436777115,0.4955816812642132,0.30355648817351844
thanh2+󱪚,thanh2,0.10139798372983932,0.6528908231150425,0.20729861321989831
thanh2+𡮨,thanh2,0.13012221455574036,0.6780949054884897,0.21766091074878102
thanh2+󱚂,thanh2,0.13757990300655365,0.642619564872549,0.3678681083606632
thanh2+𢶽,thanh2,0.1097550243139267,0.562659154732707,0.23038408374085842
thanh2+𡡇,thanh2,0.05718676373362541,0.7825571085663258,0.13728353608645585
thanh2+𪢡,thanh2,0.12970061600208282,0.5808413497534104,0.22035217725245312
thanh2+󱢅,thanh2,0.06281879544258118,0.6891848644237646,0.19996827443386836
thanh2+󰡊,thanh2,0.059149064123630524,0.7133850794514673,0.13240260154088165
thanh2+𫟌,thanh2,0.1109207347035408,0.548260309409294,0.11176633554982512
thanh2+𪀆,thanh2,0.0944097489118576,0.5976893073001464,0.2330402988741018
thanh2+𫅲,thanh2,0.132159024477005,0.45352244477253717,0.16249377400161893
thanh2+󱠧,thanh2,0.09292712062597275,0.6302245117661247,0.19282915818101024
thanh2+󰄼,thanh2,0.07335282862186432,0.6966965500655917,0.13419042703147668
thanh2+󱜆,thanh2,0.09906016290187836,0.6966159593966647,0.19613516991050509
thanh2+𬔽,thanh2,0.07111295312643051,0.7346253218219826,0.12232554016066305
thanh2+𪬪,thanh2,0.11745815724134445,0.6876587218288596,0.17598143172048908
thanh2+𥌧,thanh2,0.1004079207777977,0.5196278005742064,0.1996801116915198
thanh2+𡮛,thanh2,0.1166154146194458,0.6908111082489616,0.1757300899160433
thanh2+󱰪,thanh2,0.10805811733007431,0.45951595355474184,0.31191430455294206
thanh2+𠻆,thanh2,0.1132674440741539,0.6438845484613956,0.17877852148937304
thanh2+󱢉,thanh2,0.10145431756973267,0.5349147997640267,0.2949159969010624
thanh2+󱛲,thanh2,0.07824014127254486,0.7332070983804747,0.149763477690516
thanh2+󱚒,thanh2,0.11334354430437088,0.6106932223666837,0.32538229908038946
thanh2+𢭿,thanh2,0.07590244710445404,0.5954549700782242,0.0994380921621576
thanh2+𪡈,thanh2,0.08534425497055054,0.6851227736784419,0.2135312893707042
thanh2+󱰮,thanh2,0.09792084246873856,0.5033280734731211,0.30392290017467544
thanh2+󱝧,thanh2,0.07369950413703918,0.7527866283907054,0.16126134162947772
thanh2+󱡑,thanh2,0.083817258477211,0.6930422893122669,0.16906303547676246
thanh2+𠶂,thanh2,0.10145594924688339,0.6640483878030868,0.14323029636724502
thanh2+𪡗,thanh2,0.07246549427509308,0.7581346292161288,0.13916716681173033
thanh2+󰭙,thanh2,0.079792320728302,0.6825790533277343,0.17277322126178
thanh2+󱫸,thanh2,0.13721099495887756,0.5414085912795329,0.32951875306318984
thanh2+󱜈,thanh2,0.1056540310382843,0.5427176070918839,0.22230313945041422
thanh2+𠺮,thanh2,0.0649414211511612,0.7502952109720585,0.12414803072977006
thanh2+󱚚,thanh2,0.13832403719425201,0.49407841933996194,0.31953586397374806
thanh2+𡓾,thanh2,0.10844849050045013,0.5999140334539149,0.3099164160597024
thanh2+𫥸,thanh2,0.08651290833950043,0.6359422505531939,0.12978729687027188
thanh2+𠲏,thanh2,0.06458833813667297,0.8046208756393214,0.1068347635192386
thanh2+󱨫,thanh2,0.12992830574512482,0.6350529798886588,0.2549478223669744
thanh2+檤,thanh2,0.1266394853591919,0.6353600057238309,0.2880535808388604
thanh2+󱜺,thanh2,0.07104615867137909,0.7367262845610224,0.14442408664267106
thanh2+𫲰,thanh2,0.11527857929468155,0.5822627658132442,0.306924412354614
thanh2+󰊫,thanh2,0.11609162390232086,0.4447210743325551,0.38698672327907224
thanh2+󱩙,thanh2,0.09345053136348724,0.6623269710401619,0.21595350153976609
thanh2+󱯠,thanh2,0.14648741483688354,0.28922404271013785,0.24991337042909864
thanh2+󱜌,thanh2,0.10829922556877136,0.6870355374782321,0.13729982215551242
thanh2+󱤑,thanh2,0.0862036943435669,0.7002815251623454,0.136083700723324
thanh2+𡃜,thanh2,0.1035332977771759,0.6600949502015774,0.3956668325205737
thanh2+𦟑,thanh2,0.11866173148155212,0.5340066440545453,0.1731840891476576
thanh2+𡮣,thanh2,0.11384675651788712,0.6009422727893219,0.22054075236853612
thanh2+󱮑,thanh2,0.15810738503932953,0.42856792414301237,0.3423333270034141
thanh2+𦄆,thanh2,0.09813646972179413,0.7091438960240928,0.15148186945336203
thanh2+󱳬,thanh2,0.10644548386335373,0.6517181304164733,0.21022717487949164
thanh2+󱋃,thanh2,0.09146221727132797,0.5986295685572075,0.14512486953036216
thanh2+𥱫,thanh2,0.0815349891781807,0.7372154369521455,0.20570042776109457
thanh2+𪱴,thanh2,0.06918965280056,0.7082404758190765,0.10966519763278619
thanh2+󱰗,thanh2,0.09697879105806351,0.5705644782105618,0.19770130772361252
thanh2+󱡵,thanh2,0.09767206013202667,0.6458915876706879,0.1914595762415435
thanh2+󱞔,thanh2,0.06999757885932922,0.753376645429376,0.15278242961763777
thanh2+󱙥,thanh2,0.10351717472076416,0.5829927450345551,0.22514816378702038
thanh2+󱯑,thanh2,0.10249257832765579,0.5346227661730687,0.15519820791892702
thanh2+󱘰,thanh2,0.14001111686229706,0.6200234321841095,0.2894192515630685
thanh2+㖕,thanh2,0.09194912016391754,0.7388464710426734,0.27008376519567
thanh2+㗭,thanh2,0.0892261266708374,0.7158721079059658,0.16107853230543465
thanh2+󱝫,thanh2,0.10639332234859467,0.5440215068577167,0.1385833672248804
thanh2+𪢤,thanh2,0.11020788550376892,0.4925759678221485,0.2628522421911471
thanh2+𠿴,thanh2,0.10905752331018448,0.6395575607648607,0.24614041523861965
thanh2+𬓛,thanh2,0.08398070931434631,0.6145343895613601,0.16475639017035718
thanh2+𢲾,thanh2,0.11846709251403809,0.5193563989848287,0.20187839530963347
thanh2+󱪉,thanh2,0.09343497455120087,0.6108894709265287,0.28303579272207763
thanh2+𧋅,thanh2,0.08272144198417664,0.7105084871565929,0.16183682190587093
thanh2+𪡱,thanh2,0.06529004871845245,0.6744361254352385,0.1463146656508315
thanh2+󱟎,thanh2,0.08407528698444366,0.4926584015056645,0.2089429814929604
thanh2+𪰰,thanh2,0.078451007604599,0.7174071487994639,0.17300355639861065
thanh2+𫫜,thanh2,0.09596063941717148,0.6341948695896037,0.16463453353039614
thanh2+󱺂,thanh2,0.1400270015001297,0.6167767722700338,0.32070963199000896
thanh2+󱞡,thanh2,0.09351842105388641,0.632234085653106,0.2594815173442596
thanh2+𪖺,thanh2,0.12441854178905487,0.4225139847228016,0.21198326798120923
thanh2+𤄷,thanh2,0.14891201257705688,0.592017231194785,0.28821779424879373
thanh2+𣒠,thanh2,0.12559153139591217,0.6239673045453745,0.26592271046680266
thanh2+𡖡,thanh2,0.13653035461902618,0.6050461029884973,45.118230492791604
thanh2+𡏠,thanh2,0.1057656779885292,0.584066940103285,0.18807450822633257
thanh2+󱯧,thanh2,0.1280766874551773,0.5702230649978636,0.2865632971654195
thanh2+𠲜,thanh2,0.10274870693683624,0.7114383894099524,0.19394572759633136
thanh2+󱧖,thanh2,0.10438696295022964,0.5357865397116937,0.16089913137844877
thanh2+𤼞,thanh2,0.10516475886106491,0.5642234382774428,0.3602389510385616
thanh2+󱳴,thanh2,0.09681690484285355,0.5747108577430418,0.21160582181978574
thanh2+𠹍,thanh2,0.12664669752120972,0.6436260162696338,0.6173779778192703
thanh2+𦼜,thanh2,0.10014739632606506,0.6747751946854694,0.2325254449022608
thanh2+󰢉,thanh2,0.07586593925952911,0.7725611944114763,0.13089854938034964
thanh2+󰬽,thanh2,0.08523373305797577,0.6144673353578827,0.16959694263552805
thanh2+𠱜,thanh2,0.047286614775657654,0.8069450553692895,0.1014813139960128
thanh2+𠳭,thanh2,0.09815867990255356,0.5333045129818033,0.15330936159827516
thanh2+𩠱,thanh2,0.12459900975227356,0.5370539432049346,0.2800334113419333
thanh2+󱢥,thanh2,0.09276100993156433,0.5638826521696559,0.25979203526532707
thanh2+󱛅,thanh2,0.12714123725891113,0.43452031940294983,0.13620816395649799
thanh2+𪥾,thanh2,0.0961499810218811,0.6880620264732175,0.18315377005650646
thanh2+𨨨,thanh2,0.07339507341384888,0.6771368673246182,0.16718362075737211
thanh2+󱰚,thanh2,0.08375151455402374,0.6189487320542696,0.2744013741309103
thanh2+𠶅,thanh2,0.08340726792812347,0.6194657879995561,0.1378898826197347
thanh2+𠴹,thanh2,0.09794065356254578,0.6530997700644599,0.21289865536240374
thanh2+𪶩,thanh2,0.12951822578907013,0.5282832956305126,0.15412803502820444
thanh2+󱮮,thanh2,0.1207541897892952,0.6257870675723317,0.2388772632156666
thanh2+𩯂,thanh2,0.1080697551369667,0.3528073603670906,0.21446213540051032
thanh2+󰬟,thanh2,0.08113064616918564,0.6435119074991619,0.1456416992479637
thanh2+侱,thanh2,0.09660600125789642,0.592950023545513,0.11826623507470298
thanh2+𡐮,thanh2,0.09453557431697845,0.5497008128775206,0.17130753104190155
thanh2+𨂗,thanh2,0.09669054299592972,0.6670051480367158,0.21785002168547093
thanh2+𢪭,thanh2,0.06740745902061462,0.7303077289674768,0.11932012348005677
thanh2+󱝞,thanh2,0.11942435801029205,0.49207642545414093,0.3979367428169072
thanh2+𭡏,thanh2,0.1188797727227211,0.5727026871827188,0.8058054677836276
thanh2+𫛈,thanh2,0.12363018840551376,0.5224161811059684,0.4137953443024156
thanh2+藞,thanh2,0.07585044205188751,0.5889099073711713,0.16790824211320624
thanh2+𠷥,thanh2,0.07177124917507172,0.774018570840736,0.13213782394331489
thanh2+𦨂,thanh2,0.10080470144748688,0.5205194158814503,0.2624371044160652
thanh2+埨,thanh2,0.13799206912517548,0.5426656018835699,0.34747227190397084
thanh2+󱧝,thanh2,0.1363137662410736,0.6225511911255296,0.17608196303952203
thanh2+𬄃,thanh2,0.09341699630022049,0.6544823955266468,0.19826429201520557
thanh2+𤳧,thanh2,0.11899177730083466,0.6201512732121994,0.5339246651361162
thanh2+𨊌,thanh2,0.11915791779756546,0.4154790839749884,0.5445607931058152
thanh2+𦝇,thanh2,0.1012200266122818,0.6995143164981473,0.12425411441611389
thanh2+󰝎,thanh2,0.09329567849636078,0.6725371521853994,0.1881663953495949
thanh2+󱤚,thanh2,0.13662923872470856,0.601476496409551,0.24245654252128368
thanh2+𡅯,thanh2,0.0914081484079361,0.6609387410997355,0.1733936298360543
thanh2+󱝗,thanh2,0.07866476476192474,0.6953088752804647,0.16719965428866915
thanh2+湨,thanh2,0.13558216392993927,0.6227757833019476,0.16655073127349584
thanh2+蝔,thanh2,0.07807761430740356,0.7407024452138156,0.15777719419741246
thanh2+󰠎,thanh2,0.09643946588039398,0.7353105286715879,0.12759072831665141
thanh2+󱦯,thanh2,0.10219539701938629,0.44771261767643794,0.18477645326568878
thanh2+𡓟,thanh2,0.10932236164808273,0.685693059418222,0.22311347511590077
thanh2+𠿀,thanh2,0.09725753962993622,0.6024527691010023,0.19135943324888224
thanh2+󰭔,thanh2,0.10637515783309937,0.6195722525052081,0.17166576702777192
thanh2+𬟻,thanh2,0.09537550061941147,0.673494960443641,0.14968255083313456
thanh2+󱫪,thanh2,0.13861548900604248,0.4543712402424067,0.2869926486992452
thanh2+󱞢,thanh2,0.11220993101596832,0.631622124266371,0.18787680571146306
thanh2+𥭑,thanh2,0.08551342040300369,0.6717826354435689,0.15652703462049475
thanh2+𫪁,thanh2,0.0709957703948021,0.7984255517949348,0.12057179781290311
thanh2+𡃳,thanh2,0.15644988417625427,0.5416887004808276,26.922760898888768
thanh2+󱧘,thanh2,0.14799734950065613,0.4768484913657352,0.18575611873903464
thanh2+󱯛,thanh2,0.08913159370422363,0.6692912648599625,0.20408802470876353
thanh2+𥙒,thanh2,0.11542117595672607,0.6701767586642463,0.1747460058110296
thanh2+󰜡,thanh2,0.08938860893249512,0.6303543964439584,0.11529452232968873
thanh2+𫮲,thanh2,0.09959708154201508,0.6844848169385767,0.20672595368716082
thanh2+󱝷,thanh2,0.13584399223327637,0.35487396580313846,0.16203948129005652
thanh2+𬞰,thanh2,0.11595749109983444,0.5563212525136343,0.2630639874378167
thanh2+󱟬,thanh2,0.12083746492862701,0.5498656763628982,0.23924624148397777
thanh2+𬞑,thanh2,0.09897035360336304,0.6247542272110119,0.2188393402114661
thanh2+󱞈,thanh2,0.09879474341869354,0.6185633336482764,0.21030696109502559
thanh2+󱛣,thanh2,0.09839525073766708,0.6986395595815695,0.19768636774254592
thanh2+𪡆,thanh2,0.10624729841947556,0.6115924924503356,0.3606620767166772
thanh2+󰭏,thanh2,0.09422988444566727,0.6851843853586814,0.20328761844853993
thanh2+𡀬,thanh2,0.08971387147903442,0.6894872061485918,0.17163740724633494
thanh2+󰬙,thanh2,0.07732398808002472,0.7224056150812234,0.13451052763697172
thanh2+󱘡,thanh2,0.09617159515619278,0.6196932809658546,0.22444569405380768
thanh2+𪷘,thanh2,0.11660218983888626,0.6394420200203003,0.1613713899132614
thanh2+󱟛,thanh2,0.08036689460277557,0.6880368744492036,0.15389575551109982
thanh2+𬈗,thanh2,0.11562402546405792,0.5350197770081654,0.1666212251888889
thanh2+𦟋,thanh2,0.12134262919425964,0.5738868449607796,0.27573657373165467
thanh2+𬗏,thanh2,0.09811429679393768,0.4738687038978321,0.21037634937766359
thanh2+󱱀,thanh2,0.08067461848258972,0.6178124078454736,0.1644786382941499
thanh2+󱩳,thanh2,0.16381573677062988,0.32796591439264017,0.18047757336110126
thanh2+󰇵,thanh2,0.07102884352207184,0.7122010387766727,0.1738138528537241
thanh2+𡃖,thanh2,0.05676877871155739,0.7743198514303841,0.13354187238442483
thanh2+󱝀,thanh2,0.07758913934230804,0.7702323066391752,0.21599764725009205
thanh2+𫵊,thanh2,0.12041154503822327,0.5963559218804859,0.3287624709437436
thanh2+󱰤,thanh2,0.11955327540636063,0.572208537015183,0.3273697473062666
thanh2+𡋦,thanh2,0.07058583945035934,0.7107757281413073,0.1281645270614825
thanh2+󱞄,thanh2,0.12705305218696594,0.5785044425793967,0.33774205434806337
thanh2+胋,thanh2,0.07867483049631119,0.723981223111102,0.12369974434459319
thanh2+󱜶,thanh2,0.1248798817396164,0.7224294330844339,0.10243013579611186
thanh2+𠸫,thanh2,0.07185399532318115,0.7840247248998256,0.10583319372788642
thanh2+󱟂,thanh2,0.10589626431465149,0.6367891038313508,0.2550387289985548
thanh2+𡁝,thanh2,0.1017652377486229,0.6582418345972595,0.21241447900037258
thanh2+󱮺,thanh2,0.10164939612150192,0.6592586269455405,0.19471247750854523
thanh2+󱞆,thanh2,0.105424664914608,0.6130753729674393,0.28398039129116287
thanh2+𫫴,thanh2,0.11797621846199036,0.46880559378150055,0.1925090421373614
thanh2+󱝳,thanh2,0.1304875910282135,0.6801373232208947,0.15978914071054887
thanh2+𪥑,thanh2,0.11407080292701721,0.6178377939041699,3.782977403797219
thanh2+𦟏,thanh2,0.08203568309545517,0.6902631671561418,0.20715160414682357
thanh2+󰘇,thanh2,0.13081422448158264,0.532050938287112,0.26637076971305435
thanh2+󱨕,thanh2,0.12051872909069061,0.5844401007206559,0.24684033236256675
thanh2+󰮡,thanh2,0.12931948900222778,0.5948181686102799,0.2738125685533044
thanh2+󰮯,thanh2,0.10884392261505127,0.5611363289504733,0.2043138755794773
thanh2+𬅷,thanh2,0.09271379560232162,0.7138540163770902,0.23301778249616825
thanh2+󱮝,thanh2,0.06549658626317978,0.6966416826115793,0.20880280560395525
thanh2+󰛺,thanh2,0.08771415054798126,0.6669970651074113,0.11888835316252046
thanh2+𣛦,thanh2,0.11188286542892456,0.6179330516814181,0.24698299759534112
thanh2+𣙯,thanh2,0.09346067905426025,0.6423093370670621,0.5696619627629129
thanh2+󱩈,thanh2,0.11548683792352676,0.5601065322150339,0.3684069520880642
thanh2+󰬛,thanh2,0.09078517556190491,0.6957677965780085,0.17502461449621728
thanh2+󱟝,thanh2,0.0846010223031044,0.7020666526675612,0.1698606289690637
thanh2+󱞃,thanh2,0.08336152881383896,0.632063789418899,0.16869161563356427
thanh2+𠺚,thanh2,0.09050439298152924,0.5236116784705303,0.2207451597908802
thanh2+󱎶,thanh2,0.10998621582984924,0.5232306651167811,0.21082254371945183
thanh2+󱟢,thanh2,0.08750685304403305,0.6343028507167949,0.11627857189306423
thanh2+󱠱,thanh2,0.08720386028289795,0.6749459276682431,0.21498745354851048
thanh2+󱦗,thanh2,0.10828207433223724,0.6489230575953048,0.2712681002606753
thanh2+𫉮,thanh2,0.08654331415891647,0.7216920186219861,0.17153969288339385
thanh2+𦷬,thanh2,0.07707002013921738,0.637917874710721,0.19558063268388362
thanh2+𢹾,thanh2,0.16519615054130554,0.3153453303112238,0.34618844661989695
thanh2+󱓍,thanh2,0.11348220705986023,0.5933212134266689,0.15974399364433992
thanh2+󱙭,thanh2,0.11753900349140167,0.6364084808052765,0.3291683642866939
thanh2+󱠳,thanh2,0.08594352006912231,0.5934824476463563,0.23012436527780866
thanh2+𩸴,thanh2,0.07280462980270386,0.6709447103141694,0.2442388254729934
thanh2+󱝖,thanh2,0.09567418694496155,0.6893484473764614,0.13870585727505744
thanh2+澿,thanh2,0.11202152073383331,0.6400894836294295,0.31293913147126023
thanh2+𫠼,thanh2,0.08455890417098999,0.7019613695025797,0.22625673392963566
thanh2+󱞁,thanh2,0.10156641155481339,0.6484455092593543,0.18284560853221685
thanh2+𢴊,thanh2,0.10539211332798004,0.5590993889237972,0.22935461302542107
thanh2+𫐹,thanh2,0.08898410201072693,0.7335112971168857,0.1640607596295215
thanh2+󱬐,thanh2,0.11602059006690979,0.5615235233917039,0.2517491907383783
thanh2+󱞝,thanh2,0.0832599401473999,0.7142808906818063,0.18594545031664558
thanh2+𠸯,thanh2,0.0985558032989502,0.6807614543428382,0.17506500863800403
thanh2+𪤻,thanh2,0.0858493447303772,0.6955234304285441,0.15194146856175825
thanh2+𫞡,thanh2,0.07664303481578827,0.7040946864045707,0.16855186366858613
thanh2+𩝻,thanh2,0.11307410150766373,0.3908837856945909,0.3594679470539189
thanh2+󱞐,thanh2,0.0838823989033699,0.6935338119200438,0.1716573266878836
thanh2+㖗,thanh2,0.06870126724243164,0.7945456084437109,0.11512502694324833
thanh2+𡫡,thanh2,0.08920102566480637,0.6640036299813857,0.21009169639019962
thanh2+󱙷,thanh2,0.10248091071844101,0.5863153268114691,0.1776195607408717
thanh2+𠻅,thanh2,0.07219450175762177,0.7440087654585826,0.1697321372918694
thanh2+𪮩,thanh2,0.08449037373065948,0.5341669744795491,0.19372167598077228
thanh2+󱟈,thanh2,0.0848063975572586,0.5847464103077951,0.6831981897289235
thanh2+󰸪,thanh2,0.06808853894472122,0.6563771572165096,0.24175580431574895
thanh2+󰍱,thanh2,0.07286354154348373,0.7004500581411828,0.8270537169484166
thanh2+󱛹,thanh2,0.08289369195699692,0.6634094320998093,0.23857449626334062
thanh2+󱞜,thanh2,0.11274313926696777,0.6285627337810036,0.25512380126062295
thanh2+󱦋,thanh2,0.09931514412164688,0.6026042255590801,0.20625830925769195
thanh2+𪸄,thanh2,0.10955126583576202,0.6473805405328095,0.2605197637701865
thanh2+𨄮,thanh2,0.0851207822561264,0.7096390145394205,0.10913047221423162
thanh2+󱞊,thanh2,0.11550357192754745,0.6820281439644691,0.21121871360349176
thanh2+𥴙,thanh2,0.12217389792203903,0.5220253636446972,0.42214195966867646
thanh2+㨫,thanh2,0.11314592510461807,0.7816285367709394,0.14375607348327676
thanh2+𫉎,thanh2,0.08483519405126572,0.7036748563525965,0.17775266828363923
thanh2+󰂄,thanh2,0.10201536864042282,0.5908052677279687,0.09488199220509534
thanh2+𫢖,thanh2,0.10986559838056564,0.6116411556064215,0.45540365558653484
thanh2+𪢖,thanh2,0.09547172486782074,0.6365594684975348,0.2855608698586762
thanh2+𥋲,thanh2,0.08183039724826813,0.6412945586191128,0.18501304966062557
thanh2+𫪌,thanh2,0.10769721120595932,0.6200701276561504,0.22077559606347166
thanh2+󱝆,thanh2,0.09517675638198853,0.7332589712361236,0.14739823117893272
thanh2+𡄫,thanh2,0.09257880598306656,0.6746260246306618,0.2452711952446638
thanh2+𡞗,thanh2,0.09682302176952362,0.5104913906575097,0.15973762497957208
thanh2+󱰯,thanh2,0.1389089822769165,0.5529615517551303,0.2622995928709344
thanh2+󱟦,thanh2,0.11152350902557373,0.6547379662583788,0.23925814784412602
thanh2+𡎜,thanh2,0.0673370361328125,0.7121597504535746,0.16559979721205934
thanh2+𠜈,thanh2,0.08260072767734528,0.7366646744929986,0.13013536827868208
thanh2+𪱎,thanh2,0.1452067792415619,0.3651064348579727,0.2915378488162272
thanh2+𪻋,thanh2,0.09769483655691147,0.6700653122594661,0.2698433580502537
thanh2+𠹖,thanh2,0.09548624604940414,0.6970176330951259,0.1964049574592838
thanh2+󰬸,thanh2,0.09261089563369751,0.5277145393187828,0.1799856704991508
thanh2+𠽏,thanh2,0.09674286097288132,0.6433515972790842,0.211493100631027
thanh2+󱩬,thanh2,0.12234056740999222,0.47378967743802103,0.16422834927735608
thanh2+󰢜,thanh2,0.079698845744133,0.6826629213707356,0.17157546327684495
thanh2+𢙬,thanh2,0.06853431463241577,0.7906168242938664,0.11319340569338744
thanh2+蓸,thanh2,0.059172578155994415,0.7680422025951512,0.13502001809883432
thanh2+󱞦,thanh2,0.08465372025966644,0.6192355971546931,0.23215982800525323
thanh2+𪢘,thanh2,0.10055948793888092,0.5920413403866053,0.861309530631769
thanh2+󰭠,thanh2,0.08628411591053009,0.6688033601672859,0.1776483228605952
thanh2+𧞣,thanh2,0.08653122931718826,0.6013888394235948,0.22721709213407157
thanh2+󱛑,thanh2,0.11729548871517181,0.5644886188826649,0.2681749283920941
thanh2+𦽎,thanh2,0.07413741201162338,0.6575568563259201,0.18330530622079966
thanh2+𦞎,thanh2,0.07896337658166885,0.6879297270641554,0.2147119914084751
thanh2+𪟤,thanh2,0.09098709374666214,0.6437942098268008,0.20874957883636713
thanh2+𡦫,thanh2,0.11559838801622391,0.5201507519316686,0.25864311498273285
thanh2+󰭂,thanh2,0.0941300243139267,0.6051495619963516,0.172592970836928
thanh2+󰁂,thanh2,0.12701983749866486,0.6418263294798872,0.1583710447921652
thanh2+󱟜,thanh2,0.0978679358959198,0.5821051316756835,0.34475409556392567
thanh2+󱰶,thanh2,0.11488239467144012,0.5607816933008426,0.42886062635909566
thanh2+𫼿,thanh2,0.0951952189207077,0.5964296606791437,1.1257409083085725
thanh2+󰮁,thanh2,0.09095267206430435,0.6136343962498271,0.3367463623725005
thanh2+󱫑,thanh2,0.1117742508649826,0.5816033018711468,0.38721451207972857
thanh2+𪁄,thanh2,0.08672887831926346,0.560286755146135,0.1697193821255049
thanh2+󰛕,thanh2,0.09922900795936584,0.4042121792950989,0.25905965744485954
thanh2+𠵴,thanh2,0.10784963518381119,0.7296044407715472,0.14469761653362834
thanh2+篵,thanh2,0.07645614445209503,0.7300794755755512,0.18429033414542104
thanh2+𠸽,thanh2,0.10394647717475891,0.5845327543747346,0.2774119627378499
thanh2+󰞬,thanh2,0.14769069850444794,0.5456545317198763,0.44799521697845596
thanh2+𪞀,thanh2,0.06439626961946487,0.7363072883310259,0.15018442340663396
thanh2+𬂨,thanh2,0.09726398438215256,0.6898229794709875,0.17631132471958363
thanh2+󱞀,thanh2,0.12055026739835739,0.6369551943353474,0.24261882627073486
thanh2+󱜝,thanh2,0.1135082095861435,0.6541705354023223,0.15779301648205848
thanh2+𫄉,thanh2,0.10088939964771271,0.5275422624160035,0.1882736814270969
thanh2+󰏏,thanh2,0.12584303319454193,0.4932640502838656,0.25548971880436966
thanh2+堹,thanh2,0.0839449018239975,0.7400708919858929,0.15501125697871207
thanh2+󱨱,thanh2,0.10582194477319717,0.6404630284003708,0.17789299053845695
thanh2+󱦾,thanh2,0.1459193080663681,0.5517339923744253,1.1362857523547025
thanh2+𦵠,thanh2,0.1012810692191124,0.5378827474907769,0.1403431084183574
thanh2+󱳭,thanh2,0.10044442117214203,0.5562608821836568,0.16665095912657743
thanh2+𦝺,thanh2,0.09652029722929001,0.6372197998519202,0.3699981281893499
thanh2+󱤒,thanh2,0.10292308032512665,0.5487444966323183,0.31956027330101494
thanh2+娫,thanh2,0.09464757144451141,0.6957387379974721,0.5526743943524819
thanh2+󱝺,thanh2,0.12225095927715302,0.49313722674512994,0.15025200748835668
thanh2+𠸙,thanh2,0.09002567827701569,0.6475739625570965,10.441090532472233
thanh2+𡕩,thanh2,0.11492396146059036,0.5790304074209053,0.23856404242901527
thanh2+󰬥,thanh2,0.1374383270740509,0.581521419703517,0.2681352186693439
thanh2+󱭧,thanh2,0.13292963802814484,0.3218047942994272,0.22372337970511844
thanh2+󱙵,thanh2,0.09566783159971237,0.6398238471703284,0.2771904808450994
thanh2+󱛍,thanh2,0.1260625571012497,0.6370466540174088,0.5318667595973806
thanh2+𥶂,thanh2,0.17260606586933136,0.21640606307922064,0.17882353858822744
thanh2+𫢶,thanh2,0.10402306914329529,0.5825709998084906,0.2065546297413158
thanh2+𪣱,thanh2,0.13312184810638428,0.5786541344865767,0.13922754712208174
thanh2+󰊎,thanh2,0.10792472958564758,0.46597899342092436,46.81013914897786
thanh2+𦨭,thanh2,0.0686616450548172,0.7600180439090412,0.1483938829457848
thanh2+𫪀,thanh2,0.09419627487659454,0.6230898606797414,0.14093386887065565
thanh2+𡃙,thanh2,0.06239476799964905,0.7489113747234744,0.13492485112549954
thanh2+𪢜,thanh2,0.10162569582462311,0.4245793392504714,0.2019683317514823
thanh2+󱲥,thanh2,0.08769171684980392,0.7037880582788748,0.17908377155976993
thanh2+𪺇,thanh2,0.09025124460458755,0.4909073046834217,0.2692046193138613
thanh2+𨔌,thanh2,0.09337939321994781,0.6262745143826909,0.20013769590968733
thanh2+𡌩,thanh2,0.0839582234621048,0.7189849928631797,0.12994161957697306
thanh2+𫮒,thanh2,0.12173178791999817,0.5932133961223305,0.2060158055677165
thanh2+𫕹,thanh2,0.1260816752910614,0.5051033772419276,0.14501749540629782
thanh2+𣋇,thanh2,0.09753046929836273,0.5519965849451982,0.37272250708839544
thanh2+𪣮,thanh2,0.08742675930261612,0.7130710849337311,0.1805364915739358
thanh2+󱟕,thanh2,0.14961613714694977,0.37795453082893293,0.5550422333941702
thanh2+𠚐,thanh2,0.08482104539871216,0.6364068692774902,0.12977674738787973
thanh2+𠊙,thanh2,0.08116690069437027,0.6981471379239047,0.21003883586305253
thanh2+󱝝,thanh2,0.08460906147956848,0.6260685604864759,0.40441064558126866
thanh2+󱮟,thanh2,0.09748448431491852,0.6452827443564039,0.19248280207120594
thanh2+㨲,thanh2,0.11991946399211884,0.40498371784228737,0.09644231261010437
thanh2+𫴯,thanh2,0.10719005763530731,0.7084813059097023,0.20501784155813954
thanh2+朠,thanh2,0.08966648578643799,0.5581670624451197,0.21841610967761485
thanh2+󱞗,thanh2,0.12038455903530121,0.6145320378432959,0.11672120048624098
thanh2+圚,thanh2,0.11720870435237885,0.6211079381321287,0.2748669149920484
thanh2+𠶒,thanh2,0.12479420006275177,0.6306386644312283,0.2014332313012611
thanh2+󰣿,thanh2,0.10019877552986145,0.6603512980995845,0.18885263256551343
thanh2+󱹓,thanh2,0.1209043487906456,0.6319486136530541,0.26025630154551455
thanh2+𥯉,thanh2,0.08760049194097519,0.6723626159464388,0.144549550515184
thanh2+󱠡,thanh2,0.11990922689437866,0.4204924111551626,0.19996903514752815
thanh2+󱟁,thanh2,0.07261953502893448,0.6277613450842734,0.35080249902977806
thanh2+󱋙,thanh2,0.07770566642284393,0.7106620897199147,0.15285314290705487
thanh2+𫬪,thanh2,0.13150975108146667,0.5536559345122415,0.3302957625667294
thanh2+󱟏,thanh2,0.16419416666030884,0.48615268405026474,0.2403175011115631
thanh2+䓬,thanh2,0.08917295187711716,0.6605360309786623,0.1525552412729054
thanh2+𫬱,thanh2,0.11565443873405457,0.5873830833274186,0.2679919504053466
thanh2+󰅬,thanh2,0.11366269737482071,0.6740976466512206,0.23949597177718784
thanh2+󱭪,thanh2,0.08416387438774109,0.6114468882385031,0.24364376011679464
thanh2+󱹿,thanh2,0.1054137572646141,0.4559178254999548,0.26782027736882896
thanh2+𠴖,thanh2,0.07888704538345337,0.7452082290782043,0.1745704080928987
thanh2+𠾺,thanh2,0.15445172786712646,0.6256266395686252,0.35274786725779644
thanh2+𭉆,thanh2,0.11840716004371643,0.41592486738996226,0.1528626156092643
thanh2+㼫,thanh2,0.0988423079252243,0.6467805229548618,0.1531733231168473
thanh2+𦛲,thanh2,0.08739855140447617,0.629316078521724,0.2751488498610569
thanh2+󱤲,thanh2,0.09359213709831238,0.6285501687311649,0.27773032208196063
thanh2+啲,thanh2,0.15194900333881378,0.5471391407766389,7.554854075952414
thanh2+𬉌,thanh2,0.09869451820850372,0.697894834666333,0.140750941402281
thanh2+𪡦,thanh2,0.09774979203939438,0.5718504196112629,0.12139697746279765
thanh2+𦲹,thanh2,0.08983373641967773,0.6503881071053523,2.877901779007644
thanh2+𭈙,thanh2,0.09059327840805054,0.7196247914821364,0.1462828369579926
thanh2+𠲃,thanh2,0.07565769553184509,0.7701696575608641,0.09742575867184307
thanh2+𡉖,thanh2,0.06891756504774094,0.7555325307734978,0.11954214632984411
thanh2+󱣗,thanh2,0.1159055233001709,0.31235725712891993,0.2783704474162588
thanh2+󱧨,thanh2,0.10148333013057709,0.5494722684642112,0.25604240280398144
thanh2+󱞮,thanh2,0.11268093436956406,0.5274675779979048,0.39640979285098016
thanh2+𠶎,thanh2,0.08348419517278671,0.7100697051515454,0.12255419986267174
thanh2+𪢊,thanh2,0.09367971867322922,0.6025825894091096,0.17591758144539812
thanh2+󱩫,thanh2,0.13113465905189514,0.5918777344414969,5.459544884283189
thanh2+󰥉,thanh2,0.10743892192840576,0.5816104899211909,0.2232336891702588
thanh2+𫰄,thanh2,0.10374974459409714,0.5570971264881438,0.16925864432386184
thanh2+𠾬,thanh2,0.10956977307796478,0.5589150052358495,0.17258074723833852
thanh2+󰙅,thanh2,0.10011027753353119,0.6339853732191602,0.22839822140699287
thanh2+㗶,thanh2,0.10322755575180054,0.5477146953605099,0.16029991778692476
thanh2+𬈈,thanh2,0.08505034446716309,0.6706695258163422,0.1353227505879097
thanh2+𡇻,thanh2,0.10724087059497833,0.7111681570774364,0.4862753185653395
thanh2+𰈏,thanh2,0.08690671622753143,0.7221150819348005,0.18931112911868953
thanh2+𠹰,thanh2,0.09752631187438965,0.674692467706729,0.20179804087732497
thanh2+󱚳,thanh2,0.09631630778312683,0.6517665127408185,0.2504462218644446
thanh2+𭢌,thanh2,0.09504237025976181,0.6211911829935068,0.22920300727580015
thanh2+󱧔,thanh2,0.1323254257440567,0.6672788871512794,0.47817180646003
thanh2+󱞣,thanh2,0.10454075038433075,0.5981767582994745,0.21249641267011943
thanh2+𫥿,thanh2,0.07533112168312073,0.681689746288578,0.14540806184953128
thanh2+󱜉,thanh2,0.08263502269983292,0.6542416119293386,0.24302041347047001
thanh2+𥴘,thanh2,0.09619782119989395,0.5877265230896775,0.16337595387128376
thanh2+鎫,thanh2,0.0948345735669136,0.6610432470916449,0.23017669034301166
thanh2+󱨜,thanh2,0.11739540845155716,0.6282973361070953,0.28511972726911033
thanh2+󱙴,thanh2,0.104621022939682,0.6152622851576403,0.27307173152281267
thanh2+𡮥,thanh2,0.10959654301404953,0.6201258768416864,0.20544698551041987
thanh2+󱙤,thanh2,0.09094509482383728,0.5577191007916305,0.14794010119310888
thanh2+󱠰,thanh2,0.09008191525936127,0.6636192633744108,0.2066364611233582
thanh2+𡃆,thanh2,0.08299736678600311,0.6670258658856818,0.14768219188807238
thanh2+𬧡,thanh2,0.12064610421657562,0.49577027629260684,0.16660510251648128
thanh2+󱣆,thanh2,0.062443189322948456,0.7501887619132283,0.14160374012374324
thanh2+𰇵,thanh2,0.11883227527141571,0.5355388323223571,1.4167565421609352
thanh2+𰊣,thanh2,0.10925114899873734,0.6640211374642997,0.2160763551839946
thanh2+𫯲,thanh2,0.07723113894462585,0.6387528320753131,0.11330604219705427
thanh2+𣖗,thanh2,0.0967572033405304,0.5390668000815395,0.24158467777306183
thanh2+󱛥,thanh2,0.08285751193761826,0.6981114441217349,0.15891748782633455
thanh2+𫪎,thanh2,0.07175260782241821,0.7462186291790518,0.1291226091088227
thanh2+󱎾,thanh2,0.060188136994838715,0.703663241933011,0.12852005949717965
thanh2+󱜫,thanh2,0.1215074211359024,0.61302746880251,0.1581737808336593
thanh2+𠬖,thanh2,0.08734280616044998,0.6605384700101576,0.2007056055222589
thanh2+𠞡,thanh2,0.09921926259994507,0.7059278002391071,0.19621249927547948
thanh2+󱦪,thanh2,0.11226729303598404,0.6084736634420553,0.3084135692332207
thanh2+󰋓,thanh2,0.13696008920669556,0.46703404355862294,0.22065556580945214
thanh2+𫧾,thanh2,0.13601714372634888,0.5139267930528612,0.4644789101338505
thanh2+㗌,thanh2,0.12764358520507812,0.631061439748022,1.1037771605005382
thanh2+󱀰,thanh2,0.09886922687292099,0.6083105523639777,0.1463337684957615
thanh2+偖,thanh2,0.07233016937971115,0.6909970563144932,0.14116057742673663
thanh2+󱚑,thanh2,0.14741121232509613,0.5519889715866637,0.34832969620023335
thanh2+𠶈,thanh2,0.10224438458681107,0.5376113329183853,0.1338495179238658
thanh3+󱚰,thanh3,0.08714362978935242,0.6515429831711337,0.11331938608601289
thanh3+󱹿,thanh3,0.11445797979831696,0.7166560763122333,0.070416445150796
thanh3+𭢌,thanh3,0.11671344190835953,0.6762260904801569,0.07737389522145237
thanh3+𬏇,thanh3,0.09779097139835358,0.7774485556828159,0.07038275918296184
thanh3+𣔧,thanh3,0.12693212926387787,0.5557801476947158,0.0889060360234536
thanh3+䓬,thanh3,0.08582966029644012,0.7862408803303272,0.07189894254607322
thanh3+𣒠,thanh3,0.10121241956949234,0.6287615276818609,0.09015712572700539
thanh3+󱢥,thanh3,0.10778527706861496,0.6674896856023212,0.10229045995665288
thanh3+󱲙,thanh3,0.10211692750453949,0.6308374740972276,0.08316521258673211
thanh3+𠷦,thanh3,0.09981963038444519,0.7106378065085535,0.09483560279506363
thanh3+㗩,thanh3,0.10244912654161453,0.6813060693951003,0.07006340632634744
thanh3+𠾺,thanh3,0.09271705150604248,0.746005195107133,0.1025372116554197
thanh3+𭉆,thanh3,0.09340161085128784,0.7679007171507415,0.0978480028592159
thanh3+󱨨,thanh3,0.13264314830303192,0.6374886445152957,0.1251828572898633
thanh3+𦽎,thanh3,0.11275509744882584,0.5960972590529361,0.09564523594742676
thanh3+𡑪,thanh3,0.07024529576301575,0.7441651968197596,0.07355528603521712
thanh3+𢅄,thanh3,0.09370209276676178,0.760271197781179,0.08617642896703344
thanh3+󱝑,thanh3,0.09156617522239685,0.751993904172986,0.06835885044592406
thanh3+󱞝,thanh3,0.07362623512744904,0.7705299561864026,0.07495531794689493
thanh3+󱲰,thanh3,0.10936173051595688,0.6378636618979207,0.1187593302401979
thanh3+𥐨,thanh3,0.1245693564414978,0.6711598679946137,0.22366721136083947
thanh3+𩼁,thanh3,0.13030314445495605,0.6208882033044828,0.14796983032908687
thanh3+󱜺,thanh3,0.12853625416755676,0.5357512617082694,0.06975194977946807
thanh3+㨫,thanh3,0.13966350257396698,0.44493739565884977,0.07614030837605208
thanh3+𥴘,thanh3,0.08663047850131989,0.5934158915906359,0.09300170867914652
thanh3+𪉴,thanh3,0.11328102648258209,0.6533752953422531,0.10069557573932712
thanh3+𩯂,thanh3,0.10022588074207306,0.7154205697129077,0.15230998389092454
thanh3+󰣿,thanh3,0.10831154882907867,0.6465442230123154,0.11031313266612558
thanh3+󱝐,thanh3,0.10828574746847153,0.6640638750332493,0.08181187078879926
thanh3+󱫴,thanh3,0.1125212162733078,0.6676995623531343,0.08643337374964748
thanh3+𢶽,thanh3,0.08705625683069229,0.6960945097492579,0.08189423383411779
thanh3+㖪,thanh3,0.08338284492492676,0.7334629873092713,0.06601363317329698
thanh3+胋,thanh3,0.11168573051691055,0.5679545902830667,0.08705730198731527
thanh3+𪭟,thanh3,0.1003110334277153,0.8001155885281159,0.05845863594439751
thanh3+󱯺,thanh3,0.1027626320719719,0.641685680440707,0.09158832042127553
thanh3+𣻢,thanh3,0.10881640017032623,0.6346718232258204,0.07204144074143082
thanh3+󱜲,thanh3,0.07907528430223465,0.7732216943188013,0.0524884648849184
thanh3+𣋇,thanh3,0.1424282342195511,0.6505931258158476,0.08864008151609844
thanh3+婫,thanh3,0.09803442656993866,0.6618152615430378,0.09003615053668106
thanh3+󱟦,thanh3,0.10821785777807236,0.4776083295421219,0.09978750878580005
thanh3+𣖗,thanh3,0.1116609126329422,0.5991588471949133,0.10674965967103511
thanh3+𢴎,thanh3,0.09602300822734833,0.7713850003627637,0.07264451804223843
thanh3+𩂄,thanh3,0.10767477750778198,0.5850799084549971,0.10316086383444228
thanh3+󰃧,thanh3,0.08021757751703262,0.7252305130046915,0.06905938328370032
thanh3+𤉕,thanh3,0.11258498579263687,0.6241552036026022,0.07233221807460476
thanh3+𣛤,thanh3,0.10769060254096985,0.7082867358255734,0.07650052174773991
thanh3+󰆐,thanh3,0.09544457495212555,0.7632658641971616,0.07785855651426948
thanh3+󱩳,thanh3,0.10411848872900009,0.6500160061660465,0.0794505978499793
thanh3+蓸,thanh3,0.061733897775411606,0.7413440242361128,0.0960495492075667
thanh3+󰢽,thanh3,0.07573944330215454,0.6812235933131767,0.09488701324432951
thanh3+𡮨,thanh3,0.14986179769039154,0.6851247298152744,0.07862794402971203
thanh3+𪢊,thanh3,0.07209053635597229,0.7346442647516933,0.09074503786737624
thanh3+󰭏,thanh3,0.12991835176944733,0.659451807237642,0.0957028754265447
thanh3+󰛕,thanh3,0.09848316758871078,0.6316597971344833,0.09424739743267437
thanh3+𡄾,thanh3,0.0868426188826561,0.6627621797508306,0.08948132844154937
thanh3+󱞠,thanh3,0.13595622777938843,0.5443628266282581,0.09576792418152098
thanh3+𫪀,thanh3,0.0999981164932251,0.7213607336246374,0.06438747221533087
thanh3+󰬽,thanh3,0.11275266855955124,0.6012865250826746,0.07617250155460902
thanh3+󱜌,thanh3,0.1295127421617508,0.6741521357285181,0.07411916369893395
thanh3+󱞼,thanh3,0.08737412095069885,0.6410468914002223,0.10454736442633074
thanh3+湳,thanh3,0.10487178713083267,0.6615052733705816,0.07049246097458724
thanh3+𠶈,thanh3,0.07562144100666046,0.7907325977938529,0.06412569118303317
thanh3+𩀳,thanh3,0.103158138692379,0.5686835799406871,0.09949222457361974
thanh3+󰅲,thanh3,0.1194446012377739,0.6782162030613481,0.07223230546374364
thanh3+𨄸,thanh3,0.08975949883460999,0.6421403057664807,0.07396597804213
thanh3+󱢜,thanh3,0.12027011811733246,0.6358478394552063,0.07379762306124601
thanh3+𩝭,thanh3,0.09152206033468246,0.6736130185398623,0.10201196371219025
thanh3+㘗,thanh3,0.1045970469713211,0.545257455469158,0.10460783576236495
thanh3+𡂉,thanh3,0.08478475362062454,0.7330696536926995,0.08962763663625957
thanh3+𥴙,thanh3,0.08839422464370728,0.6623718522969431,0.12302945361596544
thanh3+𫭅,thanh3,0.13008053600788116,0.7197281041063829,0.0774527855425823
thanh3+󱞦,thanh3,0.09028837829828262,0.73324157539971,0.08088378105000638
thanh3+󱞜,thanh3,0.09140127897262573,0.6887830392509384,0.09600040520643144
thanh3+𤄷,thanh3,0.10171676427125931,0.7030622828213703,0.13630824177074732
thanh3+𪤸,thanh3,0.12724049389362335,0.6224683130826463,0.07270009585147505
thanh3+𡁼,thanh3,0.10895876586437225,0.6933593099590307,0.06250130154382733
thanh3+𪥾,thanh3,0.1286754459142685,0.6709838334542916,0.07263967159403928
thanh3+󱅒,thanh3,0.08832817524671555,0.7123410417929791,0.15708896995230667
thanh3+𫕹,thanh3,0.09220346063375473,0.6775612102719132,0.07299611838589222
thanh3+𪮽,thanh3,0.09713377803564072,0.7004282395611933,0.08818432023170708
thanh3+󱪚,thanh3,0.0827450156211853,0.766401790163118,0.07807023239564731
thanh3+󱦔,thanh3,0.08818495273590088,0.6827004651158817,0.10471367830527023
thanh3+󰂘,thanh3,0.1181671991944313,0.7794840552030567,0.06032304322762286
thanh3+𦟋,thanh3,0.1160663291811943,0.7032493285615712,0.09089604822631246
thanh3+󰌋,thanh3,0.10899736732244492,0.7338951305903764,0.08589766441873141
thanh3+󰤴,thanh3,0.07563313841819763,0.8069857254643237,0.062482100231360416
thanh3+𥱰,thanh3,0.08219651877880096,0.7691126724424309,0.11022401822186749
thanh3+󱞔,thanh3,0.10315247625112534,0.5182277798612268,0.09392687345609159
thanh3+󱠧,thanh3,0.10512848943471909,0.71094149490178,0.09931349791426823
thanh3+󱋇,thanh3,0.08336029946804047,0.6497050605033767,0.07864640085088477
thanh3+䈊,thanh3,0.08124633133411407,0.7463646660992429,0.0970004902432103
thanh3+󰬟,thanh3,0.10860386490821838,0.7122787895939188,0.062407827622430405
thanh3+𣛦,thanh3,0.10376010835170746,0.5880614735868802,0.09131840264271561
thanh3+󰸪,thanh3,0.09569694101810455,0.7056445564512901,0.09169826718566942
thanh3+󱧖,thanh3,0.11227363348007202,0.7444216439317468,0.06816173069325326
thanh3+𫄉,thanh3,0.1422613561153412,0.5813221954597697,0.07918965774420966
thanh3+󱝭,thanh3,0.1509263962507248,0.7588183477202262,0.07145245048181738
thanh3+𡑲,thanh3,0.09496469795703888,0.536445141239907,0.0869499349494453
thanh3+𭡏,thanh3,0.09883308410644531,0.7377888498330119,0.07352683411875738
thanh3+󰊈,thanh3,0.13042689859867096,0.5090365695952406,0.067616336112504
thanh3+𠹍,thanh3,0.13846494257450104,0.6980239866523597,0.07104657234411833
thanh3+𥶂,thanh3,0.08363064378499985,0.6679913706279329,0.0935159778037374
thanh3+󱹪,thanh3,0.09497441351413727,0.663913388084136,0.13049796852753234
thanh3+󱜷,thanh3,0.11815890669822693,0.6961243553868064,0.08131418927501972
thanh3+󰂄,thanh3,0.11061742156744003,0.7580115712318353,0.9878088118928764
thanh3+𤐠,thanh3,0.1163254901766777,0.5973224461753462,0.10459154104845865
thanh3+󱌔,thanh3,0.09199465811252594,0.7155244440664038,0.0811347386653556
thanh3+󱤠,thanh3,0.09797494113445282,0.7286057117153978,0.09251456548828281
thanh3+𤣡,thanh3,0.16153748333454132,0.7093255552223425,0.11268724356556004
thanh3+󱼓,thanh3,0.12164320051670074,0.5584697827602547,0.11206657261973964
thanh3+𪢡,thanh3,0.10595950484275818,0.6735724545804134,0.0871665469087514
thanh3+𠲃,thanh3,0.10686591267585754,0.7563931059647486,0.0674421129535877
thanh3+󰢣,thanh3,0.09286970645189285,0.6767355684427901,0.10324259919960327
thanh3+𪡴,thanh3,0.06915045529603958,0.7636900170563767,0.06345222522201699
thanh3+󱋰,thanh3,0.11496376246213913,0.689924026811193,0.09396465521065656
thanh3+󰫽,thanh3,0.10482218116521835,0.6926257603887964,0.11207531722331561
thanh3+𠻅,thanh3,0.11024326831102371,0.6639997561846365,0.09606305009854403
thanh3+󱞡,thanh3,0.1054137572646141,0.6934755251832746,0.0879574074630265
thanh3+󱝒,thanh3,0.061759594827890396,0.7621688470511347,0.06381210511831052
thanh3+𦲹,thanh3,0.0924060195684433,0.7313756086056741,0.06543248169479848
thanh3+𡫫,thanh3,0.10363943874835968,0.6739176080071784,0.09341717180518698
thanh3+𪢘,thanh3,0.0749182179570198,0.7552313847238703,0.0845141172464865
thanh3+𡂷,thanh3,0.08520378172397614,0.7825159230475709,0.08127602088621014
thanh3+𠻆,thanh3,0.13786421716213226,0.7210168398985461,0.07163176439020062
thanh3+󰢉,thanh3,0.08973051607608795,0.7267535582815836,0.08401956363258493
thanh3+𦵠,thanh3,0.07875344902276993,0.6854847028630625,0.07708931081030922
thanh3+𠲏,thanh3,0.09722910076379776,0.7780982055087085,0.06705815653607466
thanh3+󱋠,thanh3,0.10354091972112656,0.7236143950674069,0.1008652546338595
thanh3+𠶊,thanh3,0.06495727598667145,0.7899162429354285,0.12462793862577176
thanh3+𫢶,thanh3,0.09677492082118988,0.6617875458358775,0.06919805393456903
thanh3+𫔬,thanh3,0.08331088721752167,0.7611708456427968,0.061478347445364755
thanh3+󱦐,thanh3,0.12528222799301147,0.6336535532920529,0.0777386860213655
thanh3+𬅷,thanh3,0.12042012065649033,0.6852397833465765,0.06923140179102218
thanh3+𫥿,thanh3,0.12556593120098114,0.5947915478338086,0.06541236982881278
thanh3+󱋃,thanh3,0.09774884581565857,0.6943995064370455,0.0922141355712733
thanh3+󱹜,thanh3,0.10392455011606216,0.7297755484269539,0.07867361657567727
thanh3+𬄪,thanh3,0.07558262348175049,0.7051136758514837,0.1389124624250319
thanh3+󰛺,thanh3,0.11841272562742233,0.7726845357180068,0.06404633048038552
thanh3+𫣝,thanh3,0.1176643818616867,0.6983699497303418,0.08832423542261786
thanh3+𦟟,thanh3,0.11128441244363785,0.745955842005922,0.09316479733340309
thanh3+󱚭,thanh3,0.09802268445491791,0.684846537268094,0.09371829644882478
thanh3+󰭂,thanh3,0.12156082689762115,0.7192995658719037,0.08813390078654741
thanh3+󱤒,thanh3,0.12077319622039795,0.652334152841148,0.12392004109255024
thanh3+󱪎,thanh3,0.15773707628250122,0.6277190097331629,0.1270227037626632
thanh3+嘪,thanh3,0.09588272869586945,0.7267749629521333,0.06361941097676643
thanh3+𫫊,thanh3,0.05875343456864357,0.7965708229433041,0.07055157716071601
thanh3+𧌂,thanh3,0.0786500945687294,0.7786525586321638,0.08787261965483491
thanh3+𫮒,thanh3,0.10714161396026611,0.5429903436543346,0.07542566707558884
thanh3+𪧺,thanh3,0.11553643643856049,0.6299530986671243,0.06974706695367593
thanh3+󱊚,thanh3,0.08799746632575989,0.7443432503899607,0.086287146355282
thanh3+󱦩,thanh3,0.11029314994812012,0.6577725173166149,0.10883970578438569
thanh3+󱛦,thanh3,0.10590861737728119,0.7770804590427288,0.09639110407801532
thanh3+𨃌,thanh3,0.09242875128984451,0.7223475318695182,0.07876321837114626
thanh3+𥌧,thanh3,0.10765670239925385,0.7063076232554644,0.09695117791253031
thanh3+󰍱,thanh3,0.12157856673002243,0.7176116059307419,0.09066140618163392
thanh3+𩸴,thanh3,0.09334860742092133,0.6880989799445698,0.07608985457846519
thanh3+𪮩,thanh3,0.10048747062683105,0.7665168767916329,0.070806499168936
thanh3+󱬊,thanh3,0.09843828529119492,0.6964355736333148,0.08670878706953271
thanh3+󱞾,thanh3,0.07575485110282898,0.7426237875382131,0.08818388761071333
thanh3+𬛒,thanh3,0.10400629043579102,0.7581251995626084,0.10571926469450116
thanh3+㙩,thanh3,0.08299749344587326,0.6697529806929726,0.07596576201192877
thanh3+𠚐,thanh3,0.09594414383172989,0.638706052097656,0.06761132739467733
thanh3+󰺥,thanh3,0.1039632260799408,0.4909508467915837,0.09439509250240308
thanh3+𤏦,thanh3,0.08914399147033691,0.741652771306551,0.10019283787745253
thanh3+󰙯,thanh3,0.10981100052595139,0.7887780262849944,0.08338123536393179
thanh3+𢹾,thanh3,0.10425007343292236,0.6520557661575437,0.09471768860196096
thanh3+𪱴,thanh3,0.10680849105119705,0.7291064941451546,0.07684406441711605
thanh3+󱩛,thanh3,0.11337902396917343,0.4318846841373012,0.07299857340174735
thanh3+𠹌,thanh3,0.13249479234218597,0.638574901475141,0.08315008162837274
thanh3+𡁞,thanh3,0.09088972210884094,0.7423234776211816,0.08464154414950338
thanh3+𠼳,thanh3,0.08417808264493942,0.6943822441831958,0.07179986917681203
thanh3+𥱫,thanh3,0.0797574520111084,0.7271583590586633,0.08045985551574071
thanh3+𬕷,thanh3,0.11054312437772751,0.6401857121608997,0.13916734231742636
thanh3+㼫,thanh3,0.09463753551244736,0.6862110736959565,0.08113797031422294
thanh3+󱤥,thanh3,0.10876321792602539,0.649149537751201,0.0676106901533809
thanh3+㧪,thanh3,0.0953393504023552,0.6616655862739654,0.08337530350215323
thanh3+󱟜,thanh3,0.12880569696426392,0.6069597674872969,0.07250876463671996
thanh3+󱝧,thanh3,0.08768931031227112,0.729253513275392,0.07788214489383087
thanh3+𨆷,thanh3,0.10161590576171875,0.7425196355412356,0.10600180762640765
thanh3+𠴹,thanh3,0.1041489690542221,0.6731154713280896,0.06200002546831748
thanh3+𡅑,thanh3,0.07613411545753479,0.7031132583474433,0.09200426023303304
thanh3+𡅫,thanh3,0.09292095899581909,0.6034909123257959,0.07704190404484577
thanh3+󱮑,thanh3,0.11679293215274811,0.6382402324341202,0.15479356763453256
thanh3+𤞦,thanh3,0.05556396022439003,0.749778346190416,0.09108843576091091
thanh3+𢪭,thanh3,0.07033946365118027,0.7802462960721799,0.07009642457528874
thanh3+𢶹,thanh3,0.09688270092010498,0.6537414095530172,0.07991729910268351
thanh3+󰞬,thanh3,0.10261289775371552,0.6130352139640457,0.11171081418619705
thanh3+󱟎,thanh3,0.0930587649345398,0.6456696003632041,0.0889213239442526
thanh3+壉,thanh3,0.11374452710151672,0.5379297032677316,0.08675677847703157
thanh3+𨪷,thanh3,0.10771964490413666,0.7262018332778063,0.09812194063988816
thanh3+𡉎,thanh3,0.11906123906373978,0.6451582345860556,0.11143977426987949
thanh3+𬧡,thanh3,0.08652129769325256,0.7113408717331123,0.0753601194534162
thanh3+篵,thanh3,0.11169921606779099,0.5992426575652489,0.07381875564137841
thanh3+𪱎,thanh3,0.0984203964471817,0.6738596910375462,0.08236276626340922
thanh3+捠,thanh3,0.09527228772640228,0.6793460095670748,0.06712605767569749
thanh3+𠲡,thanh3,0.07974280416965485,0.7251596003774369,0.06524716944512701
thanh3+𡚎,thanh3,0.13310065865516663,0.6444521696838611,0.07872591326787524
thanh3+󰅬,thanh3,0.13145999610424042,0.617186586554531,0.09172702969195305
thanh3+󱍺,thanh3,0.11494949460029602,0.708116178869403,0.05388177073449351
thanh3+󱞟,thanh3,0.1156139001250267,0.7100092284744411,0.09044536118734932
thanh3+𥭑,thanh3,0.12014414370059967,0.7308546324275242,0.08790694263303538
thanh3+𢠿,thanh3,0.1171068549156189,0.6234576727344373,0.08360009413725321
thanh3+𠼋,thanh3,0.14967070519924164,0.6654196239082042,0.07865443197501176
thanh3+𣱿,thanh3,0.12856397032737732,0.686783157243438,0.04590182784802433
thanh3+𠺚,thanh3,0.08240010589361191,0.694268642144875,0.07246843885634897
thanh3+󱞑,thanh3,0.14276222884655,0.6885988409692732,0.060026844423613744
thanh3+󱰮,thanh3,0.10982416570186615,0.6282031994689172,0.15724930086532932
thanh3+𠮙,thanh3,0.10579325258731842,0.695844848844574,0.05763274988920936
thanh3+󱟠,thanh3,0.14195123314857483,0.6553482968968192,0.08437647385055974
thanh3+𢴊,thanh3,0.09440558403730392,0.6529609101344207,0.08015704610023304
thanh3+󰞘,thanh3,0.11310265958309174,0.6848711723596137,0.06341574824061046
thanh3+𢹊,thanh3,0.12876072525978088,0.5878568383812174,0.0998322361850238
thanh3+𪀆,thanh3,0.10608316957950592,0.5641733249750068,0.07475682956606718
thanh3+𫡸,thanh3,0.08998382091522217,0.701238372356361,0.4582425621518134
thanh3+𩠸,thanh3,0.08964021503925323,0.739408253052188,0.0998283053396916
thanh3+󱫠,thanh3,0.09401087462902069,0.6485151379610613,0.09624481229065535
thanh3+𪢖,thanh3,0.11652535200119019,0.6580444322636533,0.11952668895064189
thanh3+󱩩,thanh3,0.08586812019348145,0.6942517088840707,0.09215584117090715
thanh3+󱢏,thanh3,0.11670663952827454,0.594069517155273,0.11448954473112821
thanh3+󱬻,thanh3,0.10070507228374481,0.7068698695812589,0.09779884011777025
thanh3+𠹖,thanh3,0.08460110425949097,0.7592672619640445,0.06609215859964693
thanh3+𩸮,thanh3,0.10570437461137772,0.7178734449498547,0.08828926819177003
thanh3+𡮣,thanh3,0.0910792425274849,0.6424780301141132,0.09248175642127703
thanh3+󱡇,thanh3,0.08077964186668396,0.7085812328485737,0.1106471999656888
thanh3+󱳴,thanh3,0.10273952037096024,0.6635432055036153,0.08347009435399416
thanh3+𦘱,thanh3,0.14538991451263428,0.758715462259415,0.08371455610305456
thanh3+𫅰,thanh3,0.14212825894355774,0.41780706436551623,0.1400324757240143
thanh3+󰁂,thanh3,0.13624417781829834,0.6713968159129945,0.06777697897614761
thanh3+󱞮,thanh3,0.10443541407585144,0.7413027715368059,0.09525521999864306
thanh3+㘢,thanh3,0.11107510328292847,0.7136530031116102,0.09306164172503774
thanh3+𠴭,thanh3,0.09179915487766266,0.632029048166108,0.08508484269718429
thanh3+󰬸,thanh3,0.09606531262397766,0.571716564842568,0.08339834025229087
thanh3+󱟟,thanh3,0.10477788746356964,0.6712848458473736,0.07984425318617316
thanh3+𢀦,thanh3,0.09230980277061462,0.6706601604901374,0.1112479588122847
thanh3+𫵊,thanh3,0.08241919428110123,0.732118239405117,0.08499959818294989
thanh3+󱲝,thanh3,0.10382972657680511,0.6959371091906379,0.0866786996750727
thanh3+󱤲,thanh3,0.11265770345926285,0.7156586481167054,0.09379672029804638
thanh3+𤲼,thanh3,0.10481642931699753,0.6356318650623733,0.0812275159458569
thanh3+𦿄,thanh3,0.08338629454374313,0.7242842761667114,0.09922015038629989
thanh3+󱠼,thanh3,0.1402263045310974,0.7415143413563583,0.0922834775634756
thanh3+𠽏,thanh3,0.09007562696933746,0.7274048304363809,0.10712946195119048
thanh3+𪣮,thanh3,0.08386729657649994,0.7016268896398824,0.06214508465001271
thanh3+󱚂,thanh3,0.13608242571353912,0.7067766388616071,0.0730011923132038
thanh3+󱘧,thanh3,0.08568955957889557,0.724533211150704,0.10031680244233483
thanh3+󰮃,thanh3,0.09955380111932755,0.6994696781773037,0.14983729995885822
thanh3+鯑,thanh3,0.1070646196603775,0.7169744683477706,0.07725808354841913
thanh3+𤹕,thanh3,0.14054475724697113,0.59826063350264,0.10251641758651313
thanh3+󱩗,thanh3,0.0867207869887352,0.7946154722270456,0.10143718620348348
thanh3+𫅲,thanh3,0.14176306128501892,0.6222203450552715,0.10212768046908653
thanh3+󱝗,thanh3,0.10959100723266602,0.6548481778936298,0.09037223278541223
thanh3+󱳬,thanh3,0.09043189138174057,0.6795722919976087,0.07817977048070775
thanh3+󰮁,thanh3,0.12188947945833206,0.5694773980599431,0.12071517452101903
thanh3+𫮡,thanh3,0.09432767331600189,0.6997046657825192,0.08472458800103848
thanh3+󱷿,thanh3,0.08024156093597412,0.7407371362540013,0.08335574646423083
thanh3+堹,thanh3,0.09107689559459686,0.7299152799044484,0.07578429274110458
thanh3+𠸄,thanh3,0.11360999941825867,0.5881225753655915,0.06779883232117906
thanh3+𠶅,thanh3,0.11803024262189865,0.675415708265697,0.06596685944495978
thanh3+󰬙,thanh3,0.08764218538999557,0.8092103480181783,0.06226064145990227
thanh3+󰐨,thanh3,0.15372568368911743,0.5454221995155925,0.0788295364119574
thanh3+𠿀,thanh3,0.09088397771120071,0.6982307307105486,0.10937447748021484
thanh3+󱮺,thanh3,0.1254526972770691,0.47931800670464597,0.15648419602972122
thanh3+󱮮,thanh3,0.14062534272670746,0.5854522623998497,0.09283701141376792
thanh3+𫫴,thanh3,0.09329606592655182,0.752381156271049,0.10385122694010092
thanh3+灆,thanh3,0.08911141753196716,0.7214206634874238,0.10949687764957179
thanh3+󱞊,thanh3,0.0747743546962738,0.7265273579752293,0.1054949592799473
thanh3+󱛣,thanh3,0.09194941818714142,0.6308366194539348,0.09194986635367447
thanh3+𬔽,thanh3,0.09417235106229782,0.6748954181571553,0.08528962539743158
thanh3+𫟌,thanh3,0.11426611989736557,0.7746433454528419,0.07362457346238367
thanh3+𬪽,thanh3,0.12275001406669617,0.6653281475932128,0.07576045014514968
thanh3+𰇵,thanh3,0.08357947319746017,0.7617291067346362,0.06903744189730038
thanh3+󱩙,thanh3,0.1005902886390686,0.6784748052826943,0.08475095345939287
thanh3+𦷬,thanh3,0.08350656181573868,0.7138997292303408,0.07570107359050511
thanh3+󱚛,thanh3,0.13232538104057312,0.601783634744815,0.10218683116438869
thanh3+󱳦,thanh3,0.10208547860383987,0.7286593898026883,0.07683413603410427
thanh3+𬓛,thanh3,0.0824510008096695,0.7283095393883625,0.09422158769260763
thanh3+𩯁,thanh3,0.12540578842163086,0.5634737136975093,0.12449831529437849
thanh3+󱹙,thanh3,0.08318869024515152,0.7459818058433308,0.07210263412847566
thanh3+󱺃,thanh3,0.0971161276102066,0.7904497991582383,0.07722613912776978
thanh3+󰧺,thanh3,0.18939971923828125,0.6610091826514213,0.08709384590328569
thanh3+󱝸,thanh3,0.11310864984989166,0.7167247874129046,0.06727520232259325
thanh3+𪤽,thanh3,0.09725986421108246,0.5192197747421978,0.10652738734249856
thanh3+󰘇,thanh3,0.13625383377075195,0.5443790517124353,0.11217114871507596
thanh3+𠷥,thanh3,0.07758550345897675,0.7634687871313058,0.06690878241294564
thanh3+󱝳,thanh3,0.10456394404172897,0.6962746662125399,0.07067536833965544
thanh3+𭈒,thanh3,0.1419471949338913,0.5178130949897337,0.07780443653011695
thanh3+𧜐,thanh3,0.14320041239261627,0.6643125386656888,0.12651300258353113
thanh3+𠴌,thanh3,0.10817193984985352,0.7508037148517314,0.06725708076330757
thanh3+󱟫,thanh3,0.11600472033023834,0.660592226731773,0.09720108083678301
thanh3+𤁯,thanh3,0.1074134111404419,0.6548638237784449,0.08631824249699915
thanh3+󱛲,thanh3,0.101061150431633,0.6784995706457057,0.10533799609064372
thanh3+𣞄,thanh3,0.12528859078884125,0.6486410179781611,0.08668841594109152
thanh3+偖,thanh3,0.11404270678758621,0.6251394097523609,0.06467420066829832
thanh3+𬕌,thanh3,0.1008511558175087,0.5879847879625327,0.06623396077983662
thanh3+𡦫,thanh3,0.12091340869665146,0.5343778274352804,0.09087558661297339
thanh3+𨡨,thanh3,0.1027410626411438,0.6901346934686088,0.10105251033825596
thanh3+󱯄,thanh3,0.10688520222902298,0.6032202686997404,0.09885539083281868
thanh3+䰺,thanh3,0.12482082098722458,0.6701687963750764,0.08389306592716478
thanh3+󱳪,thanh3,0.1129867285490036,0.641879439432254,0.09194490689777905
thanh3+𡮺,thanh3,0.1417074203491211,0.4587642255500246,0.1479874466733004
thanh3+𪾭,thanh3,0.11064618825912476,0.73244366787596,0.07755956397081176
thanh3+󰍖,thanh3,0.13839508593082428,0.6594881834476711,0.08051641820308397
thanh3+𡫡,thanh3,0.11912722140550613,0.6551538805755995,0.08187356929457447
thanh3+󰄜,thanh3,0.15272557735443115,0.480271756169221,0.09230138466894107
thanh3+𨂗,thanh3,0.0797060951590538,0.716185453043016,0.09624920316843051
thanh3+󰊎,thanh3,0.0837363749742508,0.7914882872538284,0.07607410381064157
thanh3+󱧨,thanh3,0.0867791399359703,0.6908472245137728,0.10584578396129829
thanh3+󱓇,thanh3,0.09409221261739731,0.6936547015127427,0.08961006049477847
thanh3+󱞙,thanh3,0.11886568367481232,0.7074400740893092,0.06808665203114998
thanh3+󱞁,thanh3,0.10497366636991501,0.6327880776843499,0.07769413391807792
thanh3+𤼞,thanh3,0.10440565645694733,0.628445073318999,0.15343772678647058
thanh3+󱌡,thanh3,0.09481936693191528,0.624587368202349,0.08763623203129726
thanh3+󱛵,thanh3,0.06685797870159149,0.7500641555864089,0.06965095579195774
thanh3+𠻉,thanh3,0.08457483351230621,0.7297039956964433,0.09077610342193865
thanh3+󱩈,thanh3,0.15577007830142975,0.5809296017779819,0.12238563648439005
thanh3+𤁔,thanh3,0.12752898037433624,0.6289662935009983,0.10953795715254566
thanh3+𡏥,thanh3,0.10949709266424179,0.6293169936554677,1.982234644688419
thanh3+󱯏,thanh3,0.10393635928630829,0.6909903107963805,0.07527326418711765
thanh3+𪣱,thanh3,0.13733595609664917,0.6948127943686065,0.08133615002675086
thanh3+𦞎,thanh3,0.0721714124083519,0.7791296848459323,0.12995001019391375
thanh3+𪝪,thanh3,0.14193910360336304,0.6718700642833144,0.09943516328781717
thanh3+󱛖,thanh3,0.08428142964839935,0.6986885713518942,0.07398109146905067
thanh3+󱪼,thanh3,0.10268516838550568,0.6710320781512448,0.1107471263157787
thanh3+󱰪,thanh3,0.11061559617519379,0.6941676280641316,0.08935172604574942
thanh3+𪢠,thanh3,0.10434301197528839,0.5885170082328461,0.07041433318752263
thanh3+󱜾,thanh3,0.09200605750083923,0.7513713727493385,0.07237022758364714
thanh3+𫧟,thanh3,0.15016312897205353,0.5795820034779257,0.06887318542335724
thanh3+󱯑,thanh3,0.13365735113620758,0.7352214078593889,0.06558492593594566
thanh3+啩,thanh3,0.11483997106552124,0.757038936292109,0.05639263786335891
thanh3+𣕞,thanh3,0.10145710408687592,0.5889240902561168,0.15976433827843364
thanh3+󱭪,thanh3,0.08315054327249527,0.7451749256044784,0.10170108261800222
thanh3+󱥥,thanh3,0.13307951390743256,0.7243447384072962,0.07445982471167434
thanh3+󱛪,thanh3,0.09264643490314484,0.7571247059174447,0.09240753499122777
thanh3+󱜴,thanh3,0.11356895416975021,0.6761296132474655,0.06622268963813548
thanh3+𪬪,thanh3,0.11547833681106567,0.7095201381097697,0.09196618481673698
thanh3+𥌈,thanh3,0.11949611455202103,0.46774489132054853,0.09235990039780129
thanh3+䀭,thanh3,0.11633425205945969,0.5094978372984731,0.07150583756477624
thanh3+󱣂,thanh3,0.09902828931808472,0.7457179045291871,0.07672413347013834
thanh3+𫪦,thanh3,0.07485757023096085,0.7124220405356874,0.07181171147180412
thanh3+󱰐,thanh3,0.1420314610004425,0.5999689434964764,0.13516118666118668
thanh3+󱨇,thanh3,0.11217436194419861,0.6428915041118773,0.09463762003597988
thanh3+㗭,thanh3,0.11269834637641907,0.7078559733024592,0.09151250436201537
thanh3+𢪥,thanh3,0.11134178936481476,0.7310212844466377,0.06400158331817406
thanh3+󰨑,thanh3,0.09150288254022598,0.6350573797215903,0.11175858186651054
thanh3+𡋦,thanh3,0.09599515795707703,0.7452416790145181,0.08038442313332889
thanh3+󱝖,thanh3,0.14649777114391327,0.748048414023809,0.07299691286495856
thanh3+󱭘,thanh3,0.12582238018512726,0.6783503377146622,0.1232062994749845
thanh3+𫢧,thanh3,0.09995521605014801,0.7187176526342492,0.0808944619684668
thanh3+󱝟,thanh3,0.11615082621574402,0.626317812955866,0.13928642561046123
thanh3+󱳭,thanh3,0.06890304386615753,0.5864442396572775,0.10371871346515989
thanh3+𦟏,thanh3,0.09361955523490906,0.7267427451654775,0.08528641285867616
thanh3+󱜈,thanh3,0.08880702406167984,0.6948339784379038,0.07913431615444932
thanh3+𠿸,thanh3,0.06912294775247574,0.7504323550238472,0.0774333634226504
thanh3+󱖧,thanh3,0.15188096463680267,0.6841710805859681,0.08152984027782577
thanh3+󱞆,thanh3,0.10859448462724686,0.6701312959021939,0.08493594256787117
thanh3+𡚝,thanh3,0.10987846553325653,0.7033774200434304,0.8223146370787623
thanh3+𠵴,thanh3,0.11425986886024475,0.7437830095545379,0.07849693904632209
thanh3+𨄿,thanh3,0.10100490599870682,0.7360985899556629,0.10607682263451264
thanh3+󱟂,thanh3,0.09056176245212555,0.6461505411040231,0.0760261501534269
thanh3+󱧀,thanh3,0.10874516516923904,0.6233732558756889,0.0651006235008807
thanh3+󱜝,thanh3,0.08750162273645401,0.7369590852989456,0.054605409255695354
thanh3+󱫂,thanh3,0.11295120418071747,0.6626994468945152,0.09266829241843817
thanh3+󰢔,thanh3,0.11073845624923706,0.7141093354527972,0.08746254582307689
thanh3+𦛲,thanh3,0.12490476667881012,0.46072720987556093,0.07683080315812192
thanh3+󱮟,thanh3,0.09389104694128036,0.6232769348384185,0.07886838017864467
thanh3+𡁝,thanh3,0.11516731977462769,0.7303135790962921,0.15963521143544782
thanh3+𰊣,thanh3,0.08893264085054398,0.6849322949176996,0.07794004897723608
thanh3+𫆮,thanh3,0.1078750342130661,0.5894279782804245,0.13744811698803253
thanh3+𪿀,thanh3,0.12666890025138855,0.6839084134100346,0.08050351015858431
thanh3+𪻋,thanh3,0.0911458432674408,0.7088116122082886,0.1334583035485707
thanh3+藞,thanh3,0.08251762390136719,0.7420173176449345,0.11458825952648617
thanh3+󱯠,thanh3,0.12825508415699005,0.5866082410976458,0.14147656063898492
thanh3+󱠑,thanh3,0.10050991922616959,0.6431356048494953,0.08812470496605664
thanh3+󱛱,thanh3,0.11156897246837616,0.7594159592622479,0.083806135476727
thanh3+𡁎,thanh3,0.11849600076675415,0.7316418582984873,0.07413843643901095
thanh3+󱲥,thanh3,0.1173582673072815,0.6146296051801342,0.07498210465940557
thanh3+𫇿,thanh3,0.08181387186050415,0.7163495835187875,0.08552730657112946
thanh3+󱟹,thanh3,0.12115093320608139,0.6685379726896227,0.10965758679194132
thanh3+󱘰,thanh3,0.09392973780632019,0.754299858322424,0.07439450727774456
thanh3+󱛳,thanh3,0.08652537316083908,0.702407821418104,0.071199195779187
thanh3+󱩬,thanh3,0.09970696270465851,0.7247381311004171,0.07630575212687528
thanh3+𪶵,thanh3,0.08016786724328995,0.7597239164574645,0.10058815281078105
thanh3+󱘓,thanh3,0.1800340712070465,0.6977997914532323,0.07452398828999716
thanh3+𪞀,thanh3,0.09226945042610168,0.7155652519648609,0.11788499343763419
thanh3+𡂄,thanh3,0.10311389714479446,0.7317409656671631,0.12660021555597792
thanh3+󰢷,thanh3,0.1097707599401474,0.7245235924822689,0.07350897947176305
thanh3+𭊳,thanh3,0.11563270539045334,0.6783923342034274,0.09942840254049558
thanh3+󰏏,thanh3,0.11512595415115356,0.6298591393053826,0.08773095819068492
thanh3+󰙘,thanh3,0.10523514449596405,0.6684053542075453,0.07261153959654597
thanh3+󱞀,thanh3,0.11320871859788895,0.7227974093849,0.076201883523396
thanh3+𡄰,thanh3,0.10176440328359604,0.7061076168804858,0.11799779400018627
thanh3+󱥄,thanh3,0.10718804597854614,0.7447243925415591,0.0745429722168492
thanh3+𫐹,thanh3,0.12215732038021088,0.6278404422303266,0.08703536232976955
thanh3+󱝷,thanh3,0.13015331327915192,0.4634280459449576,0.09302350630925138
thanh3+󱹻,thanh3,0.10239741206169128,0.5360020131408965,0.11288463124476666
thanh3+𦀌,thanh3,0.08845677971839905,0.7459033266842595,0.08639058813360556
thanh3+𪡗,thanh3,0.08674099296331406,0.7119234847537835,0.06933990218409128
thanh3+𬏻,thanh3,0.1374872624874115,0.5761617822170422,0.08921717839535907
thanh3+󱧔,thanh3,0.07999542355537415,0.7599253611853881,0.07538882308092053
thanh3+󱞴,thanh3,0.07314653694629669,0.696618472144706,0.11656864573459651
thanh3+󱞒,thanh3,0.07805020362138748,0.6342907636568513,0.08080926710485366
thanh3+𫬠,thanh3,0.09545697271823883,0.7607248308401302,0.07992026644473105
thanh3+𥾸,thanh3,0.09841547161340714,0.7450592091196718,0.06734885788884408
thanh3+󱦡,thanh3,0.10387963801622391,0.6836512403725657,0.10021968351325344
thanh3+𡃜,thanh3,0.09428338706493378,0.706788293663329,0.08717456152280918
thanh3+𦝇,thanh3,0.1807621419429779,0.5794977732112316,0.0771493719245157
thanh3+󱥭,thanh3,0.1332995593547821,0.6523763040229137,0.0825898728765578
thanh3+𠅐,thanh3,0.06330849975347519,0.743691624453742,0.06413916569737933
thanh3+󱰖,thanh3,0.11654490232467651,0.6874500725295143,0.0921041542212178
thanh3+𪦎,thanh3,0.08327418565750122,0.6641013112769226,0.22355844091878083
thanh3+󱜉,thanh3,0.09144352376461029,0.7300854472756336,0.10737710357646067
thanh3+󱛑,thanh3,0.14031729102134705,0.7007511401753644,0.07353682575904548
thanh3+𠲜,thanh3,0.09773796796798706,0.7549297135826818,0.07115266514284145
thanh3+󱞽,thanh3,0.1308809220790863,0.577249165533204,0.16312077824286145
thanh3+𪴉,thanh3,0.11493375897407532,0.7133821858044728,0.11051165800523384
thanh3+󱦯,thanh3,0.11971177905797958,0.4108365978297652,0.07531373011853153
thanh3+󰬪,thanh3,0.17342060804367065,0.39740786006553286,0.07350622652505928
thanh3+𫿟,thanh3,0.11605934053659439,0.5923066525652301,0.11966455553779946
thanh3+𧍆,thanh3,0.12190541625022888,0.5173889422189437,0.0773716699213598
thanh3+洅,thanh3,0.09982790052890778,0.7398858604578183,0.054188613504511145
thanh3+𡐮,thanh3,0.10280181467533112,0.7718735472006214,0.08316532906398415
thanh3+𦨭,thanh3,0.10775353014469147,0.739649627263671,0.08937268958548501
thanh3+𦨂,thanh3,0.08941803872585297,0.5935521526671508,0.11727139118764103
thanh3+󱛋,thanh3,0.13546569645404816,0.5801256501809787,0.08574439059856627
thanh3+󰂛,thanh3,0.09772783517837524,0.7606381772860981,0.08352936862355918
thanh3+󰮯,thanh3,0.0886540412902832,0.7398690481042872,0.0805382880535236
thanh3+娫,thanh3,0.1039210855960846,0.6278591931797454,0.12775040921384287
thanh3+󱎶,thanh3,0.08107569813728333,0.7301157661486023,0.10248743710307277
thanh3+󱱀,thanh3,0.15241014957427979,0.5249658184800983,0.09282024578354298
thanh3+󱘡,thanh3,0.11118798702955246,0.6744218357851615,0.09227266661039091
thanh3+󱠠,thanh3,0.10059374570846558,0.6988143265525136,0.11114790373355549
thanh3+󱫸,thanh3,0.08576309680938721,0.6488212471148685,0.09646281966679039
thanh3+𬟻,thanh3,0.12582536041736603,0.6203006975056163,0.06638507041861064
thanh3+𥊜,thanh3,0.07601690292358398,0.7340618547029826,0.10625549397426581
thanh3+𦲼,thanh3,0.07954403012990952,0.7142368698854998,0.07329683845148184
thanh3+󱰚,thanh3,0.08021862059831619,0.752575429679216,0.1383213027813777
thanh3+󱧘,thanh3,0.1148034930229187,0.7200876128495844,0.07068579416102778
thanh3+㙘,thanh3,0.08620723336935043,0.6952920030996003,0.07284874151037356
thanh3+󱫷,thanh3,0.10618282109498978,0.7757734482098203,0.06906488786622726
thanh3+󰢜,thanh3,0.08928641676902771,0.6593475813669113,0.0740155620321978
thanh3+𪡽,thanh3,0.10160630941390991,0.7490415792660658,0.07668873491064121
thanh3+󱺈,thanh3,0.07326383888721466,0.7610182254086125,0.06722200122050669
thanh3+𫑺,thanh3,0.13758485019207,0.5098822753061399,0.08588154000556902
thanh3+𫊬,thanh3,0.09582328051328659,0.6622322361138593,0.07810615690692391
thanh3+𪡦,thanh3,0.09092363715171814,0.7211761261193341,0.09175288197141375
thanh3+𨊌,thanh3,0.09956063330173492,0.6669275092236763,0.12278623530903299
thanh3+𧒅,thanh3,0.11593950539827347,0.7036011822440555,0.0718331134068448
thanh3+󱞎,thanh3,0.13187085092067719,0.5601569735804295,0.06771538298476439
thanh3+𪝅,thanh3,0.059877537190914154,0.7801336966958498,0.07411328661019143
thanh3+󱞐,thanh3,0.11391472071409225,0.7111977941649571,0.0885380057860653
thanh3+𠼇,thanh3,0.1335691213607788,0.6464843219911006,0.07882453234745206
thanh3+𫴯,thanh3,0.13239604234695435,0.7530336301497547,0.1065817780213308
thanh3+𡖡,thanh3,0.06884422153234482,0.807228425085278,0.09077073721962992
thanh3+𥙒,thanh3,0.13095250725746155,0.6965569005233679,0.1088660534327413
thanh3+𠻇,thanh3,0.08841519057750702,0.7559072141644221,0.07936331008588143
thanh3+󱠡,thanh3,0.1356121301651001,0.56028836619234,0.09165270762137388
thanh3+󱩸,thanh3,0.11078090965747833,0.5636668632142765,0.08693144630848619
thanh3+𨨨,thanh3,0.08865322172641754,0.5646275013269806,0.07750582064858408
thanh3+𠿵,thanh3,0.13683149218559265,0.7386911057136619,0.08844129878339309
thanh3+𠮨,thanh3,0.08118700236082077,0.7805013257256341,0.05080314256779265
thanh3+𨅞,thanh3,0.09711941331624985,0.6995215414981096,0.09111985438634557
thanh3+󱛽,thanh3,0.09183131158351898,0.7204142590396644,0.08222654304208263
thanh3+𰈨,thanh3,0.09345691651105881,0.66195629691254,0.08989395645867822
thanh3+𬡶,thanh3,0.10732288658618927,0.7069460076094664,0.0952354499251989
thanh3+𤗹,thanh3,0.13508030772209167,0.513765450317466,0.08107089134688489
thanh3+󱦙,thanh3,0.0921262875199318,0.5284497573695012,0.1337722655536456
thanh3+𬠥,thanh3,0.1007581427693367,0.6319254634220737,0.08040639095940812
thanh3+呯,thanh3,0.13094669580459595,0.7464042034721051,0.05879092111525852
thanh3+󰶅,thanh3,0.13483953475952148,0.7416750128131351,0.08247670907327043
thanh3+󱞇,thanh3,0.113802470266819,0.6544950835668705,0.07692090017511186
thanh3+𧋅,thanh3,0.11834128201007843,0.7406551033199973,0.08230858194570777
thanh3+󱭧,thanh3,0.06812189519405365,0.7416192981508788,0.08042809551600079
thanh3+𬛀,thanh3,0.10967361927032471,0.5315888475844496,0.07135064566007986
thanh3+㗌,thanh3,0.09952940791845322,0.7550773009218379,0.05886915215349684
thanh3+󱝯,thanh3,0.07883815467357635,0.755203959458108,0.10762813685796434
thanh3+󱟮,thanh3,0.10918045043945312,0.625476804366454,5.463136033780774
thanh3+󱙷,thanh3,0.10812758654356003,0.6167058943547683,0.15224248787205846
thanh3+󱟝,thanh3,0.11292145401239395,0.5979763542170413,0.0689000922193848
thanh3+󱝞,thanh3,0.08842310309410095,0.632853449335057,0.12544174033335118
thanh3+󱛹,thanh3,0.12619739770889282,0.5347086398250223,0.07009691240506453
thanh3+󱬺,thanh3,0.09280110150575638,0.6940635807297457,0.10128796718337855
thanh3+󱛺,thanh3,0.09106724709272385,0.6888433503371909,0.11518862061241415
thanh3+啲,thanh3,0.07777075469493866,0.783288475222295,0.0666299759111083
thanh3+󱚚,thanh3,0.10408774763345718,0.6291053463777091,0.14561550184796587
thanh3+󰛈,thanh3,0.09929610788822174,0.7354394361841478,0.0860902851512385
thanh3+󱞃,thanh3,0.0899227112531662,0.6212181289032279,0.1028245397209321
thanh3+󱝺,thanh3,0.06929991394281387,0.6647746172674138,0.08214896129539755
thanh3+𥖑,thanh3,0.09753168374300003,0.675980281208672,0.13201194971492833
thanh3+𡳳,thanh3,0.10474031418561935,0.6851049015798368,0.36008362697583657
thanh3+󱋭,thanh3,0.09021997451782227,0.698389268999037,0.12654457341279665
thanh3+𠴇,thanh3,0.07872388511896133,0.7968256452978367,0.06836797112448934
thanh3+𡃆,thanh3,0.09748991578817368,0.7616059466805325,0.08302729825617376
thanh3+󰬛,thanh3,0.09207358211278915,0.7645897115393496,0.07950951902335683
thanh3+𫫷,thanh3,0.11228198558092117,0.5972914808736837,0.127751849380168
thanh3+󱀰,thanh3,0.10588632524013519,0.6633000195794967,0.10961963350972896
thanh3+哖,thanh3,0.09372028708457947,0.8070252966999139,0.06598291348484253
thanh3+󱩻,thanh3,0.17611569166183472,0.6477678953275359,0.08914493023238991
thanh3+𡅉,thanh3,0.10817541927099228,0.7132260684903037,0.08796401798818643
thanh3+󱺂,thanh3,0.11198637634515762,0.7329064120754359,0.0986915512560273
thanh3+󱛴,thanh3,0.07111585140228271,0.6482977964674876,0.08623855501826262
thanh3+󰤣,thanh3,0.11717012524604797,0.648356890332266,0.08861076148841084
thanh3+󱜶,thanh3,0.06445160508155823,0.7819997773552426,0.07667269928732234
thanh3+𬄹,thanh3,0.14087910950183868,0.6534252311581519,0.08092430194682863
thanh3+𬃴,thanh3,0.10384798794984818,0.6872535682264225,0.08423032329633051
thanh3+圚,thanh3,0.13380473852157593,0.6423398106325958,0.0876910098803485
thanh3+󱙵,thanh3,0.09823334217071533,0.7083458927363617,0.09440136108697118
thanh3+󱙴,thanh3,0.11340077221393585,0.7063543849696617,0.09326384458890742
thanh3+󱰗,thanh3,0.1482720822095871,0.4538509384320166,0.08654362990802261
thanh3+𠊙,thanh3,0.08210635185241699,0.7643661135624582,0.08801536062524772
thanh3+󱝾,thanh3,0.0743757039308548,0.751885426643781,0.0771472602021915
thanh3+󱝹,thanh3,0.10314097255468369,0.7577302710057283,0.09137159610997765
thanh3+𦝺,thanh3,0.09121057391166687,0.6616485324413489,0.09093052569237468
thanh3+挒,thanh3,0.09398619830608368,0.721646927906134,0.06582348226641405
thanh3+𤻓,thanh3,0.06623518466949463,0.664689097190313,0.08881899347678812
thanh3+󱝝,thanh3,0.1297047883272171,0.70103654773528,0.06965868274368349
thanh3+󱹽,thanh3,0.08556825667619705,0.7682205196568391,0.08388234781474996
thanh3+噃,thanh3,0.09455990791320801,0.7575194071496729,0.07555046413177834
thanh3+侱,thanh3,0.1157473623752594,0.6650843795917024,0.058338011087498275
thanh3+𪠉,thanh3,0.09650267660617828,0.7320086174191662,0.0709935679632548
thanh3+𠺺,thanh3,0.08115590363740921,0.7462123578886403,0.07313278997201635
thanh3+𠾬,thanh3,0.1046864464879036,0.715812310312846,0.09622312851563396
thanh3+𥵉,thanh3,0.0977422371506691,0.727112618483363,0.06582537639483634
thanh3+㖵,thanh3,0.08279858529567719,0.7994854283968611,0.07168628472397924
thanh3+𡕩,thanh3,0.12337015569210052,0.7699629067701457,0.09246662923217501
thanh3+󱞲,thanh3,0.08391569554805756,0.7035206408551692,0.1319512596775291
thanh3+堒,thanh3,0.07443492114543915,0.7012507772694941,0.06439382368313616
thanh3+󱠱,thanh3,0.06859556585550308,0.7396920548994704,0.09663804475620537
thanh3+𬕳,thanh3,0.11172080785036087,0.7130692157462402,0.08339132361955463
thanh3+𪡈,thanh3,0.11241406202316284,0.7045095288702494,0.06408958549724529
thanh3+𪢤,thanh3,0.09654214978218079,0.699906047385044,0.10060272820186748
thanh3+𰈏,thanh3,0.1058417409658432,0.7343843417073949,0.108499053523586
thanh3+𩛸,thanh3,0.07596267014741898,0.7945385402425444,0.09404707964728802
thanh3+㤝,thanh3,0.08613632619380951,0.7622242923242504,0.08894689423518154
thanh3+𠀿,thanh3,0.10178830474615097,0.7162835770636055,0.07238200634862473
thanh3+婻,thanh3,0.09728766232728958,0.572433588253665,0.0926307035993763
thanh3+󱙉,thanh3,0.09308820962905884,0.5839255708665362,0.0908827055699198
thanh3+󱰤,thanh3,0.13562333583831787,0.5686659435843263,0.11712189474158417
thanh3+󱝫,thanh3,0.17146819829940796,0.5972386231575592,0.08458859789699456
thanh3+𤄮,thanh3,0.09925150871276855,0.6928205820122038,0.09159491217991637
thanh3+𡎔,thanh3,0.07728707790374756,0.7025060842334193,0.07859221019421668
thanh3+鏙,thanh3,0.10324767231941223,0.7478299513635044,0.10446597419225383
thanh3+󰇵,thanh3,0.11723395437002182,0.5724367462890275,0.0870794801872085
thanh3+𧞣,thanh3,0.11715351790189743,0.6786040675484425,0.12983969239723428
thanh3+󰬲,thanh3,0.12472980469465256,0.5547815135936466,0.0943972278369802
thanh3+𪁄,thanh3,0.11667551100254059,0.6263119457203561,0.09344003075624407
thanh3+𧜗,thanh3,0.10455887764692307,0.651794028233466,0.07701978232959199
thanh3+𫽠,thanh3,0.09529133886098862,0.7278819814624942,0.08381860548691067
thanh3+𦟖,thanh3,0.09074261784553528,0.7345836630479762,0.11416331265334628
thanh3+󰮝,thanh3,0.08970028162002563,0.7277199940261158,0.09470399455495644
thanh3+𫉩,thanh3,0.09432630240917206,0.6986851788032077,0.10278289585726223
thanh3+𠌊,thanh3,0.10917194187641144,0.710612843937681,0.07715179441013949
thanh3+𢵻,thanh3,0.08609388768672943,0.737084795727264,0.06869890988392001
thanh3+𪤲,thanh3,0.11300671100616455,0.724402124836332,0.07802242031349894
thanh3+󱚇,thanh3,0.10691507905721664,0.6559635719361969,0.08227043263916421
thanh3+𨁟,thanh3,0.12122038006782532,0.5903213579218834,0.0873471123761806
thanh3+󰥉,thanh3,0.13061539828777313,0.690113208227178,0.0887548266112073
thanh3+𠇕,thanh3,0.1127810850739479,0.7308683508923063,0.053015512871334346
thanh3+󱚫,thanh3,0.09790176898241043,0.591997045608625,0.07373222181133406
thanh3+𮤭,thanh3,0.12004581093788147,0.6948765103547305,0.07454454003435844
thanh3+𤎓,thanh3,0.1126067042350769,0.688077694539332,0.08925515516409588
thanh3+󱛻,thanh3,0.08630142360925674,0.6672557955229963,0.0761210251196673
thanh3+𡄫,thanh3,0.061764344573020935,0.7825837408394628,0.10370723982232773
thanh3+𦄆,thanh3,0.09449401497840881,0.7443797720375297,0.07589967605265154
thanh3+𫯲,thanh3,0.11421159654855728,0.6091699349916129,0.08414117514709085
thanh3+𧟝,thanh3,0.11419621855020523,0.5319979689199625,0.17660757672892533
thanh3+𠶂,thanh3,0.12108635157346725,0.6911042711800793,0.09135642370223862
thanh3+𪂱,thanh3,0.11691263318061829,0.7047220140867662,0.11744521073185753
thanh3+󱝂,thanh3,0.12755146622657776,0.5804204608940012,0.07639219933763121
thanh3+𫰄,thanh3,0.11409036815166473,0.7121478087474783,0.15382221875434143
thanh3+𡄳,thanh3,0.10023879259824753,0.6464945589907225,0.11575195712757058
thanh3+𢲾,thanh3,0.13871538639068604,0.5578431219521655,0.07808934429629007
thanh3+󱟢,thanh3,0.059828393161296844,0.7078969620141442,0.0841342392179491
thanh3+󰊫,thanh3,0.1031365618109703,0.7448274111223381,0.09927336732504631
thanh3+𭰺,thanh3,0.09460315108299255,0.7311535233435142,0.07099166885468822
thanh3+󱙌,thanh3,0.08910385519266129,0.7233962295734273,0.08763773146788943
thanh3+𬖩,thanh3,0.1140042245388031,0.7666459533014023,0.07730543994991651
thanh3+󱰶,thanh3,0.12028609216213226,0.6864939684354563,0.1185587171111372
thanh3+󱛥,thanh3,0.1003512591123581,0.7228891598407035,0.07602745155926195
thanh3+󱪱,thanh3,0.11960813403129578,0.6899052491911578,0.08739599299956212
thanh3+𫯝,thanh3,0.10945449024438858,0.7136844914294801,0.0703217093174377
thanh3+󱢅,thanh3,0.10868969559669495,0.6057739193622729,0.09029687491738479
thanh3+𩠱,thanh3,0.10993722081184387,0.6338739131710428,0.14268550158324048
thanh3+𬊭,thanh3,0.11793942749500275,0.6410979129016006,0.08728619899715341
thanh3+󱛅,thanh3,0.11232389509677887,0.5878711417226408,0.07796638777995603
thanh3+𠷯,thanh3,0.13089872896671295,0.6279195328466247,0.06895038329122634
thanh3+󱠢,thanh3,0.09079935401678085,0.6066128023158234,0.10393464355294711
thanh3+𫱞,thanh3,0.09165757894515991,0.7169400247353037,0.09001773330281714
thanh3+󱠰,thanh3,0.1318884938955307,0.6120275199072377,0.07786521726063111
thanh3+𠿴,thanh3,0.08431096374988556,0.6552429892630104,0.08784292370670731
thanh3+𰦫,thanh3,0.06901129335165024,0.7653790126173502,0.07740117198325702
thanh3+𨄮,thanh3,0.08688945323228836,0.7683800025950476,0.0991470385719251
thanh3+澿,thanh3,0.06501661986112595,0.7418492043734297,0.08235613697072103
thanh3+󱝨,thanh3,0.10360110551118851,0.6166697129148404,0.11333279093632383
thanh3+󱰺,thanh3,0.09118226170539856,0.5748523871402015,0.13105343191434884
thanh3+𠸙,thanh3,0.10086969286203384,0.6770686531763788,0.07714302708879138
thanh3+󱓦,thanh3,0.10761234164237976,0.7401779991211405,0.0927159045383706
thanh3+朠,thanh3,0.08441658318042755,0.7033277344145569,0.09388108270121913
thanh3+󱣗,thanh3,0.12255822122097015,0.6990455871382169,0.08236914967596284
thanh3+󱤚,thanh3,0.10690475255250931,0.6367964834266777,0.2079396065506657
thanh3+󱜖,thanh3,0.09089247137308121,0.7631629911656101,0.054060567043540286
thanh3+󱤉,thanh3,0.1409231573343277,0.5735153523684142,0.12808589944875168
thanh3+𭈙,thanh3,0.09792172908782959,0.7009373178905147,0.07533348514866123
thanh3+𥮈,thanh3,0.121927909553051,0.6845635537580598,0.07819189091395097
thanh3+𬊐,thanh3,0.12954409420490265,0.6655739282964142,0.07453357157477176
thanh3+𤊤,thanh3,0.10337231308221817,0.6494914574966395,0.08077654845513692
thanh3+𡀬,thanh3,0.11270679533481598,0.6718654075589923,0.1017026085204754
thanh3+𫬱,thanh3,0.09758874028921127,0.7393984100890512,0.10287582303119486
thanh3+󱱣,thanh3,0.08038318157196045,0.7672777415358047,0.11341504992974984
thanh3+󰭠,thanh3,0.12406037002801895,0.7259549676283547,0.08559251764714453
thanh3+󱗘,thanh3,0.10538125038146973,0.644956111809158,0.0928052587613994
thanh3+󰬨,thanh3,0.09787345677614212,0.7017773484931871,0.11931365567378267
thanh3+唥,thanh3,0.08913134783506393,0.7647131438317107,0.06440253050150234
thanh3+󱥓,thanh3,0.12032762169837952,0.6287702618661509,0.08482262444552907
thanh3+󱫟,thanh3,0.1236809715628624,0.5635853105601659,0.09769853227052744
thanh3+𡎜,thanh3,0.10385572910308838,0.608455849882326,0.07590421514814473
thanh3+󰝅,thanh3,0.14440588653087616,0.6687166470625736,20.60684935786
thanh3+󱟈,thanh3,0.1078205555677414,0.7103093699286572,0.0723900289264023
thanh3+󱢉,thanh3,0.11088863760232925,0.6029810111375634,0.06704664715084313
thanh3+󱮝,thanh3,0.07287683337926865,0.7523906018176987,0.09090261635086938
thanh3+󱟉,thanh3,0.08519266545772552,0.7143228310284131,0.0936404896342437
thanh3+𨁋,thanh3,0.0870460718870163,0.6839602144717344,0.10165581941331281
thanh3+𫏙,thanh3,0.09949939697980881,0.6768674713310211,0.08607999921965469
thanh3+𨂚,thanh3,0.07975820451974869,0.7510697716427553,0.07723800820008046
thanh3+𪡆,thanh3,0.11807574331760406,0.7402575541428311,0.06838565729488809
thanh3+𡫨,thanh3,0.10229941457509995,0.6836640915415653,0.14611485248049674
thanh3+󱡵,thanh3,0.12943625450134277,0.7031115563245139,0.070693135697583
thanh3+𫪄,thanh3,0.0875820443034172,0.7772334890015328,0.058860542134300996
thanh3+󱚑,thanh3,0.1288015991449356,0.668088296277408,0.1051322597548398
thanh3+󱞻,thanh3,0.1267475187778473,0.6865255154957194,0.09098070746331272
thanh3+󱥪,thanh3,0.08928146213293076,0.6780603047306942,0.0772266765613014
thanh3+𠲹,thanh3,0.11262177675962448,0.6949241336824383,0.07269225417338825
thanh3+𬏖,thanh3,0.1417246162891388,0.6493878077841282,0.07281109375125708
thanh3+󱥯,thanh3,0.0938570573925972,0.7580271663853713,0.08331152820595035
thanh3+󱹺,thanh3,0.09822404384613037,0.7299720413861562,0.0721064511077799
thanh3+𬈈,thanh3,0.09461984783411026,0.6668510712294251,0.07161882990871232
thanh3+𠺮,thanh3,0.096883125603199,0.716404541630562,0.0684084564888386
thanh3+󰜡,thanh3,0.12685935199260712,0.655108136440114,0.0638737079714029
thanh3+𬙛,thanh3,0.14944371581077576,0.701979154426874,0.06902216688933321
thanh3+𡄧,thanh3,0.08601565659046173,0.5623114592824036,0.09450180134355025
thanh3+𪢒,thanh3,0.07598923146724701,0.6150979101603035,0.08490020630497246
thanh3+󱥦,thanh3,0.10074571520090103,0.7173550038977109,0.09957243886833857
thanh3+㖀,thanh3,0.08159373700618744,0.7989808520251067,0.0674616239738614
thanh3+𡍢,thanh3,0.09492985904216766,0.5415275591695119,0.09398060071346742
thanh3+𥵖,thanh3,0.13858254253864288,0.691827121230687,0.09778860226771502
thanh3+𥶱,thanh3,0.10161983966827393,0.5997529249093327,0.1196437526846929
thanh3+󱤍,thanh3,0.1308833658695221,0.6678603456070911,0.15108958300574118
thanh3+𪸝,thanh3,0.10017204284667969,0.6944358714662981,0.07022406215693876
thanh3+󱚳,thanh3,0.11750039458274841,0.7189911882422467,0.08553119010520205
thanh3+𠞡,thanh3,0.13316313922405243,0.5904819909723148,0.09045210550917009
thanh3+󱧝,thanh3,0.09013310074806213,0.71367272228333,0.08463350768118898
thanh3+𫮲,thanh3,0.09711360931396484,0.688761671361666,0.09357627549985142
thanh3+󱡄,thanh3,0.11214334517717361,0.6201713330788124,0.10886953524896693
thanh3+𠳭,thanh3,0.085731640458107,0.7779167960434862,0.07648069064556266
thanh3+󱟕,thanh3,0.09419363737106323,0.5602664697399148,0.08929999457616923
thanh3+𠷇,thanh3,0.07525284588336945,0.7388244941455343,0.10627286138171066
thanh3+󰄼,thanh3,0.10868493467569351,0.616981666141188,0.0790668576774061
thanh3+㺜,thanh3,0.17425042390823364,0.5250586907507503,0.09666657738012197
thanh3+󱡉,thanh3,0.11800875514745712,0.7661610577317487,0.06136230826405328
thanh3+󱞳,thanh3,0.08820569515228271,0.709724752800175,0.06682673947380928
thanh3+𡮥,thanh3,0.16202831268310547,0.4536523843670507,0.07176781694788231
thanh3+󱮾,thanh3,0.10535434633493423,0.6258381545239129,0.13636518593003194
thanh3+󰋓,thanh3,0.11652141064405441,0.6708402684086254,0.06898555090145904
thanh3+󱚴,thanh3,0.13208435475826263,0.5265208470460291,0.14434209754181324
thanh3+󱝀,thanh3,0.08856020122766495,0.6056729684096335,0.16153171642195116
thanh3+𬀦,thanh3,0.06689117848873138,0.7447239491480293,0.05847561376687963
thanh3+𫞡,thanh3,0.13324333727359772,0.5520057379945372,0.07757150641707179
thanh3+𡚄,thanh3,0.0873076319694519,0.6450992182146118,0.0997317430310694
thanh3+󱣶,thanh3,0.11015234142541885,0.6980806422699957,0.08318572846815524
thanh3+𡃖,thanh3,0.09183187037706375,0.6994987640651517,0.0928172630438064
thanh3+𢠤,thanh3,0.10683166980743408,0.736172292029827,0.07985641854954467
thanh3+󱟨,thanh3,0.13070033490657806,0.5965564260237076,0.10537727165847537
thanh3+𨪪,thanh3,0.08563335984945297,0.7430097195534513,0.09181274280478435
thanh3+𡃳,thanh3,0.10132156312465668,0.7505860579899984,0.09629811950734701
thanh3+󱦾,thanh3,0.10022968053817749,0.5740972431886583,0.1225629182053156
thanh3+󰌗,thanh3,0.12023470550775528,0.706038350224696,0.07421525128305256
thanh3+𩂀,thanh3,0.09811165928840637,0.7329960456710276,0.09394917702632934
thanh3+𡞗,thanh3,0.07007100433111191,0.7859890557268582,0.0694297979241186
thanh3+󱦗,thanh3,0.13569676876068115,0.6674612062228565,0.14719161221132557
thanh3+󱨈,thanh3,0.11226754635572433,0.6161222864547488,0.10706028373986175
thanh3+𬉌,thanh3,0.07892365008592606,0.7154799350875438,0.07699273870914074
thanh3+𩚧,thanh3,0.09115156531333923,0.748682851035872,0.07074963355982151
thanh3+󱝢,thanh3,0.08739471435546875,0.7079440090157372,0.11892237262599793
thanh3+𢆠,thanh3,0.12901534140110016,0.5823675589255167,0.077267327179687
thanh3+𫼿,thanh3,0.08617711812257767,0.7518743165045924,0.08521698880995539
thanh3+𠜈,thanh3,0.093572698533535,0.7202995868019749,0.09371617833047997
thanh3+𪢷,thanh3,0.07128177583217621,0.8217312911922532,0.059354158860948865
thanh3+󱢰,thanh3,0.10295960307121277,0.7635162556867603,0.08639339062356505
thanh3+󱛢,thanh3,0.09201987087726593,0.7480256196134984,0.06874595664089284
thanh3+󱡗,thanh3,0.08035481721162796,0.7279279703311355,0.08177372407565418
thanh3+𡀫,thanh3,0.08870190382003784,0.742647087490976,0.08637438628407068
thanh3+𫫜,thanh3,0.08475302904844284,0.7453888207749478,0.07061754776943399
thanh3+󰘵,thanh3,0.12850716710090637,0.6496161683280666,0.11173984509112818
thanh3+𬮷,thanh3,0.10324661433696747,0.6345719936820168,0.11052334817589249
thanh3+𡀇,thanh3,0.09469642490148544,0.612777047765638,0.06727202519931438
thanh3+𠶎,thanh3,0.07467789947986603,0.7057533001437779,0.07390036460056217
thanh3+󰠎,thanh3,0.10947927832603455,0.7037334466262044,0.061045013414053606
thanh3+󱮧,thanh3,0.11219994723796844,0.6335770391972773,0.08461737248222388
thanh3+𪷘,thanh3,0.10950647294521332,0.5844114570231679,0.0916072797606673
thanh3+𫴇,thanh3,0.10434363037347794,0.6915704619601055,0.08368550699776434
thanh3+󱤈,thanh3,0.1215570867061615,0.6734593212125991,0.08364413784053777
thanh3+𡇻,thanh3,0.12786008417606354,0.731324268387825,0.08117350848195495
thanh3+𬑶,thanh3,0.07430561631917953,0.6859842493934893,0.10583302639441428
thanh3+𫴬,thanh3,0.1415579617023468,0.7148380915465163,0.06319497270431013
thanh3+㗶,thanh3,0.09148231893777847,0.6066402434602836,0.09719571921812709
thanh3+𪻟,thanh3,0.09158241003751755,0.6920482306767987,0.09271797415416111
thanh3+𡁛,thanh3,0.07494144886732101,0.721049242446766,0.0862950851816973
thanh3+𪤻,thanh3,0.08773593604564667,0.7841616997688269,0.07670957692458175
thanh3+󱣆,thanh3,0.10182520002126694,0.6870137866611398,0.07997504029369566
thanh3+𠾾,thanh3,0.09265750646591187,0.7572623767138827,0.11146407913266831
thanh3+󱟛,thanh3,0.07356732338666916,0.7835082428173137,0.06934444380229149
thanh3+󱝙,thanh3,0.06503479927778244,0.7815679362243116,0.09220874937575961
thanh3+󱯧,thanh3,0.11090871691703796,0.7377413829832673,0.08491288271855217
thanh3+𥋲,thanh3,0.08995704352855682,0.6674669699600456,0.12983563363840694
thanh3+󰝎,thanh3,0.08690690249204636,0.6650346841257964,0.06482093027213556
thanh3+𠱻,thanh3,0.10113561153411865,0.7317492135306685,0.06671998709337762
thanh3+𬂻,thanh3,0.12280866503715515,0.549595913805644,0.09143874043461057
thanh3+𡉖,thanh3,0.082646444439888,0.72785947372221,0.048194514898155384
thanh3+󱤾,thanh3,0.1078115701675415,0.6764746586037288,0.09056389670377162
thanh3+󱞖,thanh3,0.09635860472917557,0.7383318366112445,0.07296181446597795
thanh3+𫼰,thanh3,0.07187607139348984,0.7658235317050974,0.07757524937806652
thanh3+溒,thanh3,0.0625937357544899,0.7674703433925437,0.08831760007213141
thanh3+󱀄,thanh3,0.12662498652935028,0.607954831701721,0.07570752158205686
thanh3+󱙲,thanh3,0.07830370217561722,0.6785016882086885,0.0967700880503574
thanh3+󱠳,thanh3,0.11573094129562378,0.6644629160787646,0.06753171260065298
thanh3+󱬑,thanh3,0.0822213813662529,0.7336303083963779,0.09149813718601896
thanh3+󱛍,thanh3,0.1038217544555664,0.7053591857088728,0.08480536931306927
thanh3+𭋙,thanh3,0.13658055663108826,0.5891362047219872,0.0866952130754751
thanh3+㖕,thanh3,0.07836822420358658,0.748054110118329,0.07059004351726565
thanh3+𫉎,thanh3,0.07279985398054123,0.7341057590488727,0.09387155267819482
thanh3+󰺼,thanh3,0.10169576108455658,0.7004748317251512,0.09861721481188535
thanh3+𠸯,thanh3,0.10662698745727539,0.7738825007359166,0.15950908389663015
thanh3+𪺛,thanh3,0.11777474731206894,0.6632866920105659,0.06955473665400305
thanh3+󱩫,thanh3,0.12729506194591522,0.5838698635750877,0.07351830926334518
thanh3+󱨿,thanh3,0.11744345724582672,0.6575590379037984,0.09766102836941881
thanh3+󱥻,thanh3,0.06889758259057999,0.808190496510693,0.06925778073428618
thanh3+󱦋,thanh3,0.08571135252714157,0.6707529748053792,0.097573846812199
thanh3+󱹓,thanh3,0.12563639879226685,0.6320795182570744,0.10496597695212347
thanh3+㷝,thanh3,0.1592692732810974,0.6680654938514297,0.07957800148917091
thanh3+󱬎,thanh3,0.12311200797557831,0.7071075273667372,0.08368727345862946
thanh3+𡏯,thanh3,0.09259632229804993,0.5816122093335678,0.09951891877859538
thanh3+𠸬,thanh3,0.0768398568034172,0.7621859703168327,0.11850346520137729
thanh3+𪟤,thanh3,0.09691162407398224,0.5931313110890417,0.07966870979032008
thanh3+𡃝,thanh3,0.14454732835292816,0.7358217975021533,0.07744529556627495
thanh3+𠽇,thanh3,0.08620879054069519,0.7813267664343556,0.07935080658020222
thanh3+󱎾,thanh3,0.13414879143238068,0.7207586064860446,0.07449764148435746
thanh3+𰋝,thanh3,0.12036044895648956,0.6770513233011209,0.05722894014109544
thanh3+𠱜,thanh3,0.0873870775103569,0.6107011383956491,0.06427564098049117
thanh3+󱯛,thanh3,0.1366865336894989,0.6904856190622456,0.06536492368973922
thanh3+𡝦,thanh3,0.13049133121967316,0.7693774453001494,0.0753691464695879
thanh3+𫆶,thanh3,0.09679248929023743,0.708661796970459,1.0976107090040557
thanh3+󱤗,thanh3,0.09955105185508728,0.6181741955740339,0.09428569670287751
thanh3+𬞑,thanh3,0.11476366966962814,0.6818990571306103,0.07527833731088414
thanh3+𬈗,thanh3,0.11392376571893692,0.6422506055813864,0.09477916116754426
thanh3+󱞣,thanh3,0.12788057327270508,0.6036673402547076,0.08729425474802965
thanh3+𫪎,thanh3,0.12138675153255463,0.7149536547601788,0.06795558746455121
thanh3+𩇆,thanh3,0.11838020384311676,0.6396392291172189,0.13030518988644466
thanh3+𠽂,thanh3,0.10102719068527222,0.7045148517196766,0.07237341886134986
thanh3+𫪁,thanh3,0.08490805327892303,0.7160951503175228,0.06655148103602797
thanh3+󱝆,thanh3,0.06647396087646484,0.8112363379676338,0.06710000202035493
thanh3+𫱗,thanh3,0.08525010943412781,0.5997122011900304,0.07506609792503892
thanh3+蝔,thanh3,0.11213257908821106,0.765339403167057,0.08703457725381346
thanh3+𦩳,thanh3,0.12539774179458618,0.3499289063602012,0.09654922362826553
thanh3+𡅯,thanh3,0.10201703757047653,0.6932104115613015,0.11216527783544102
thanh3+𫠼,thanh3,0.09729010611772537,0.7478746552447592,0.08338185243122319
thanh3+󱦅,thanh3,0.14709648489952087,0.5292806193651524,0.07535792852286866
thanh3+𪡱,thanh3,0.09129820764064789,0.706107186682568,0.06526320061516154
thanh3+𧒊,thanh3,0.13171589374542236,0.601564181557618,0.07523404061679077
thanh3+󱭷,thanh3,0.12481951713562012,0.6847934702339965,0.22275940856465828
thanh3+󱪢,thanh3,0.07387801259756088,0.7694938868753893,0.11150849901044434
thanh3+𫥸,thanh3,0.0831928700208664,0.7043398719351984,0.07117903835707408
thanh3+𫲰,thanh3,0.12009851634502411,0.5753497838170033,0.1322129410577618
thanh3+𪤠,thanh3,0.15926411747932434,0.5293106964615428,0.06993019437948228
thanh3+𫲼,thanh3,0.09981769323348999,0.6983293941343359,0.07023143123626392
thanh3+𡀦,thanh3,0.07748148590326309,0.6908723018436049,0.07628118754377616
thanh3+𡀲,thanh3,0.09235324710607529,0.6922914173481411,0.07826620102757821
thanh3+󱦮,thanh3,0.1085079163312912,0.6474802652323184,0.09098626428467187
thanh3+𪺇,thanh3,0.11130408197641373,0.6993087893019331,0.10334563159707093
thanh3+𡉁,thanh3,0.09251751750707626,0.7478265574356693,0.07321284802328447
thanh3+󱛕,thanh3,0.0771426260471344,0.7717717045032751,0.07289196162455785
thanh3+𤯱,thanh3,0.08439937233924866,0.7402062999473665,0.07372259571955461
thanh3+𡄡,thanh3,0.07466820627450943,0.7684125656007416,0.09460388440520899
thanh3+󰣡,thanh3,0.0868028849363327,0.679489872824079,0.08335631355112379
thanh3+󱞅,thanh3,0.12050013244152069,0.6740331512751435,0.08123161278806916
thanh3+󱨫,thanh3,0.1500532478094101,0.6963210468195787,0.12482479692332242
thanh3+󰼀,thanh3,0.07686910778284073,0.7983605339673061,0.09415657578289567
thanh3+𠻱,thanh3,0.12522046267986298,0.6454036459749201,0.08678424385388235
thanh3+󱟪,thanh3,0.11176659166812897,0.6499252604930548,0.0806240395732473
thanh3+𤋽,thanh3,0.12066929787397385,0.7103168356237685,0.0886674431424407
thanh3+𪢍,thanh3,0.1161905899643898,0.6065424184262255,0.07146651223201471
thanh3+𬄃,thanh3,0.0764191523194313,0.7759962090819552,0.08147643583151735
thanh3+𫧾,thanh3,0.11783506721258163,0.6820897576974323,0.07895318931057725
thanh3+𫫛,thanh3,0.11016107350587845,0.707378979375653,0.07043446546745609
thanh3+𧞿,thanh3,0.09071901440620422,0.6983049413643648,0.1461019393930012
thanh3+𪖺,thanh3,0.10419593006372452,0.6162406620460655,0.1750864271510909
thanh3+𩵾,thanh3,0.08570925891399384,0.751025091088562,0.08227449493420651
thanh3+𨔌,thanh3,0.13117146492004395,0.5857770495434995,0.10785029516174871
thanh3+埨,thanh3,0.12584178149700165,0.590410556926203,0.07480575802641025
thanh3+𡎡,thanh3,0.09466858208179474,0.7365502881699366,0.07383211269707557
thanh3+𡃎,thanh3,0.07738592475652695,0.71721525201643,0.08572602131690654
thanh3+𧎠,thanh3,0.18253085017204285,0.6972135548529135,0.07940453698878185
thanh3+𢷰,thanh3,0.09873567521572113,0.6731476143405843,0.0822348668995162
thanh3+󱋙,thanh3,0.12198929488658905,0.6054195216912422,0.08847977766113424
thanh3+𠏠,thanh3,0.09182493388652802,0.7552830172945326,0.08194111651885652
thanh3+𫄋,thanh3,0.10193430632352829,0.6737886528481357,0.07015797064554441
thanh3+𪸄,thanh3,0.11818981915712357,0.7203174833156251,0.07768466721317946
thanh3+󱹡,thanh3,0.1070624515414238,0.6822345894966161,0.08688743806417543
thanh3+𬞰,thanh3,0.09996582567691803,0.6542447837942789,0.11764384115251997
thanh3+󱪉,thanh3,0.15006884932518005,0.6068913383010232,0.13861605852096284
thanh3+鎫,thanh3,0.08849258720874786,0.7443067086395143,0.09333292458608404
thanh3+󰡊,thanh3,0.07304805517196655,0.7752829685483832,0.07639632549387866
thanh3+󰛼,thanh3,0.08833415806293488,0.7283292500632059,0.06566926561848464
thanh3+󰴾,thanh3,0.08412089943885803,0.7266908511666579,0.07244891295634548
thanh3+󱚒,thanh3,0.11163141578435898,0.6102578565356731,0.10032640014572385
thanh3+𡏠,thanh3,0.10197840631008148,0.516543181729555,0.10106692588122225
thanh3+󱡰,thanh3,0.12384501844644547,0.7562931511376353,0.08925281671959791
thanh3+湨,thanh3,0.10944243520498276,0.6743807969451643,0.07527361861422521
thanh3+󱰯,thanh3,0.12896835803985596,0.6794368463707826,0.10637762266624995
thanh3+鮗,thanh3,0.09242179244756699,0.7345413561210221,0.099631485777677
thanh3+𡮛,thanh3,0.1141299307346344,0.6905090488631843,0.08131612891260613
thanh3+𡓯,thanh3,0.1146164983510971,0.6290988707299917,0.09168434021285592
thanh3+㖗,thanh3,0.10916783660650253,0.7857840045861301,0.06865321074163729
thanh3+󱞈,thanh3,0.06861154735088348,0.7380576411128795,0.11021680207025185
thanh3+𫪌,thanh3,0.09950089454650879,0.683499841435791,0.06957935728708743
thanh3+𠼸,thanh3,0.11811847984790802,0.6214278957491952,0.0888827556181439
thanh3+󱙰,thanh3,0.12830591201782227,0.5693471014442097,0.10767451938302912
thanh3+󰁐,thanh3,0.11940701305866241,0.6540297898665857,0.1083590597690436
thanh3+𭈖,thanh3,0.10380040109157562,0.7485721298859458,0.062062749235345736
thanh3+㨲,thanh3,0.12562933564186096,0.5813690745660892,0.07510458587754842
thanh3+𠶍,thanh3,0.10678091645240784,0.7560647645712992,0.06836095309868231
thanh3+㖏,thanh3,0.11283010244369507,0.7378641515383446,0.07095672583029501
thanh3+󰈠,thanh3,0.08238303661346436,0.6939406725316597,0.10136066864096639
thanh3+󱤑,thanh3,0.1026783287525177,0.682615491524806,0.07811382960321782
thanh3+𮫷,thanh3,0.09982505440711975,0.6385145126628576,0.09229244910979072
thanh3+𪢜,thanh3,0.08224903792142868,0.7668880322285476,0.08210811028155979
thanh3+𫽦,thanh3,0.10051470994949341,0.6889342980887154,0.0847002492773198
thanh3+󰭔,thanh3,0.1132851168513298,0.6919843908779605,0.05780673465243965
thanh3+𬂨,thanh3,0.10072097182273865,0.7074436387099333,0.07056278388138594
thanh3+󰂻,thanh3,0.09496234357357025,0.7560656369708886,0.08601054457964569
thanh3+𣌌,thanh3,0.11827052384614944,0.6590839745692283,0.08022217731954275
thanh3+󱢣,thanh3,0.11086022108793259,0.6788820464783585,0.08418517966302252
thanh3+󰧙,thanh3,0.07051227986812592,0.7879886329898985,0.0637688482168542
thanh3+󱳒,thanh3,0.08930682390928268,0.6951378610590672,0.08216563968613168
thanh3+󱛙,thanh3,0.11386340856552124,0.760782665784716,0.08156967630902036
thanh3+𡫐,thanh3,0.09850464761257172,0.7108939059420131,0.1280786100010413
thanh3+𪶩,thanh3,0.0768790990114212,0.7121495167119368,0.07327135320471416
thanh3+𠸽,thanh3,0.08434692025184631,0.7080021568789245,0.0990461790168497
thanh3+𡔒,thanh3,0.11755190789699554,0.6623954967235944,0.15135083999946233
thanh3+󰯺,thanh3,0.08733086287975311,0.7090497731435949,1.0566915125696121
thanh3+𬕻,thanh3,0.12749239802360535,0.47102043692528595,0.1257598706493429
thanh3+󱯈,thanh3,0.1267545223236084,0.6770111653463907,0.09830447722124237
thanh3+𨆟,thanh3,0.10472220927476883,0.6450996770286045,0.07317105381898896
thanh3+𪥘,thanh3,0.1177443191409111,0.5805282662661048,0.07976221903495677
thanh3+󱝘,thanh3,0.08968059718608856,0.7413682854095704,0.07396910413748621
thanh3+𡎤,thanh3,0.09408316016197205,0.6965219448784746,0.07687702773762399
thanh3+󱋣,thanh3,0.09811249375343323,0.660058459026636,0.0812648721224612
thanh3+󱳠,thanh3,0.1215461939573288,0.543595959933194,0.09315584842332204
thanh3+𪡫,thanh3,0.0832042396068573,0.687478889564487,0.07237515013027619
thanh3+𧍇,thanh3,0.10882391035556793,0.5725462277804161,0.10332783591915595
thanh3+󱛆,thanh3,0.09588703513145447,0.7078823754942374,0.09628872897512193
thanh3+𡓾,thanh3,0.11949168145656586,0.6097533226008949,0.09401862264984369
thanh3+󱉲,thanh3,0.08825702965259552,0.6736612911423882,0.10595393643073209
thanh3+𤉓,thanh3,0.14580774307250977,0.710264791218028,0.07307812099471715
thanh3+𪡎,thanh3,0.06783025711774826,0.7619608568241462,0.08117268989837413
thanh3+󱟏,thanh3,0.11982504278421402,0.6533785388837331,0.08954114772570539
thanh3+𠴘,thanh3,0.09983964264392853,0.6941436428757147,0.06247665494160957
thanh3+𣎞,thanh3,0.07139758765697479,0.7565440527658678,0.09415302140519248
thanh3+󱟬,thanh3,0.11288272589445114,0.72128539101014,0.06880547697701973
thanh3+𠿱,thanh3,0.08181613683700562,0.7554680468152064,0.09716899693195753
thanh3+𡅍,thanh3,0.09238661825656891,0.7010118352632092,0.0841517777127166
thanh3+𪰰,thanh3,0.11992114782333374,0.6831733034902081,0.06978382690470468
thanh3+𮜲,thanh3,0.10695294290781021,0.5697067875520955,0.1061508075664277
thanh3+󱯗,thanh3,0.11211323738098145,0.70101605959941,0.11452235550344837
thanh3+𠶒,thanh3,0.12933851778507233,0.6535671953427651,0.06170021917561961
thanh3+𤳧,thanh3,0.13254958391189575,0.6657218582263086,0.1330469582772944
thanh3+󱫗,thanh3,0.11181806027889252,0.703005115789228,0.11537653406193582
thanh3+𦼜,thanh3,0.09732866287231445,0.7520066741863061,0.07764434466063726
thanh3+󱜆,thanh3,0.07132919132709503,0.7047819735400722,0.12018547153930349
thanh3+󱫳,thanh3,0.10841592401266098,0.7482215795117823,0.07487252161681013
thanh3+𡁚,thanh3,0.07870572805404663,0.7025248034718485,0.07077125890561996
thanh3+𡗅,thanh3,0.09932835400104523,0.7286557060583416,0.10768162516067581
thanh3+𪢌,thanh3,0.12087567895650864,0.5536912346414723,0.07293101150847321
thanh3+𢢈,thanh3,0.10791388154029846,0.7236430908976276,0.12142814264407624
thanh3+𢲠,thanh3,0.0847093015909195,0.7314024840993315,0.06755608402315215
thanh3+󱟰,thanh3,0.10343823581933975,0.6710610783202028,0.12007764173674075
thanh3+𡅩,thanh3,0.11396045982837677,0.7133291510828648,0.13811360047399676
thanh3+𪣠,thanh3,0.09986069053411484,0.6696161177756382,0.07681014571116017
thanh3+𡌡,thanh3,0.13121923804283142,0.5960975811131385,0.07194750990220959
thanh3+𡁽,thanh3,0.09512094408273697,0.6968934148330562,0.09384829458757517
thanh3+𧿯,thanh3,0.08668532222509384,0.7604354194171461,0.06656880955367882
thanh3+𨇉,thanh3,0.08492608368396759,0.7118046073708849,0.11569619216220224
thanh3+󱟡,thanh3,0.11469155550003052,0.632949236966041,0.0893497867550586
thanh3+𬖵,thanh3,0.08867771923542023,0.6883046896362933,0.1206748816431036
thanh3+𠸫,thanh3,0.08997954428195953,0.7125328549993872,0.08913286061809401
thanh3+𠾲,thanh3,0.09084378927946091,0.7628560316609018,0.08255087996197354
thanh3+睈,thanh3,0.09088464826345444,0.74148771317098,0.0879195026397272
thanh3+󱙤,thanh3,0.0875253826379776,0.7154734494566302,0.08808463562905737
thanh3+𪥑,thanh3,0.08085224032402039,0.7198528612321434,0.07631042798565946
thanh3+𬓓,thanh3,0.13682426512241364,0.4546215526654783,0.1079043743621924
thanh3+󱰍,thanh3,0.12877598404884338,0.5123873325221664,0.11448760131126386
thanh3+󱞢,thanh3,0.11772981286048889,0.6427678973453316,0.0971513869634485
thanh3+󰬥,thanh3,0.08608923107385635,0.7518142871750413,0.0842307364748966
thanh3+𢭿,thanh3,0.0995132103562355,0.6576510243987037,0.06826407896274617
thanh3+𪩥,thanh3,0.10179287195205688,0.6993558550055121,0.08066474340747089
thanh3+󱜫,thanh3,0.12069928646087646,0.6618847896928359,0.0675690355914984
thanh3+𫵞,thanh3,0.10040071606636047,0.7755531184139787,0.0831210864674987
thanh3+𩝻,thanh3,0.10185623914003372,0.6514606118425614,0.07986642945168325
thanh3+㗴,thanh3,0.11117792129516602,0.7364173286537735,0.08641573129755069
thanh3+𠿁,thanh3,0.09426847100257874,0.6612978430916044,0.07507489987391404
thanh3+󱝪,thanh3,0.08323051035404205,0.6456986175703588,0.09338028820840046
thanh3+󰭙,thanh3,0.13233648240566254,0.6160393440477779,0.089941621588425
thanh3+𣙯,thanh3,0.09237290918827057,0.7809652723780197,0.07398450706513938
thanh3+𫬪,thanh3,0.12218449264764786,0.4955173577256629,0.08794850562573593
thanh3+󰌺,thanh3,0.09839891642332077,0.7598487986651263,0.09613313264210088
thanh3+𡜒,thanh3,0.08081986010074615,0.6725495521748418,0.07804560043618489
thanh3+𡓟,thanh3,0.11472892761230469,0.6590995676741166,0.08809788160717981
thanh3+󱬐,thanh3,0.10931648313999176,0.6847632907336241,0.1136654796615728
thanh3+󱼒,thanh3,0.1539716273546219,0.6140995256407958,0.17315707438286687
thanh3+濧,thanh3,0.10974238812923431,0.7296269947086169,0.07672501842799431
thanh3+󱟁,thanh3,0.07378324866294861,0.6912877063502908,0.0786691333472423
thanh3+󰘓,thanh3,0.12194111943244934,0.7049171730723854,0.18160790428638038
thanh3+𭉷,thanh3,0.08644090592861176,0.7592148712951844,1.3702014140974788
thanh3+𪡍,thanh3,0.17963959276676178,0.6481507817282298,0.0692284762266692
thanh3+𠬖,thanh3,0.0772884339094162,0.6836595108397889,0.0883664271271578
thanh3+󱫑,thanh3,0.0662342756986618,0.7589255177779849,0.07879249580447023
thanh3+𩽈,thanh3,0.1090429425239563,0.6753538651900526,0.11900856421379284
thanh3+󱟱,thanh3,0.06915078312158585,0.7792083653269828,0.0553996294356253
thanh3+𥯉,thanh3,0.08790997415781021,0.6874628636890562,0.10179557997764477
thanh3+䐥,thanh3,0.14727184176445007,0.6515072866157796,0.11491431872397267
thanh3+󱲗,thanh3,0.11347705870866776,0.6049906181968806,0.10395125308608748
thanh3+檤,thanh3,0.09957564622163773,0.6478607595478536,0.10113716689327212
thanh3+󱓍,thanh3,0.1468818038702011,0.6018039214994537,0.10849626839595718
thanh3+𣓾,thanh3,0.08881345391273499,0.711380279466403,0.10452528000157457
thanh3+󱘠,thanh3,0.11630040407180786,0.46506899228838566,0.11092044925584597
thanh3+𢰦,thanh3,0.1096348911523819,0.5993309492054296,0.08323913979758503
thanh3+󰮡,thanh3,0.13818173110485077,0.5544956231564796,0.08080389863277548
thanh3+𡃓,thanh3,0.11084700375795364,0.7221167546711188,0.08486658724299066
thanh3+𡫶,thanh3,0.11428751051425934,0.6173382947160184,0.08204803585065645
thanh3+󱦪,thanh3,0.12657366693019867,0.3925690182697787,0.1372144023864509
thanh3+𣘊,thanh3,0.09337880462408066,0.7229480469564559,0.07588103019602382
thanh3+𰓖,thanh3,0.09372486919164658,0.715530960733013,0.07063644216092413
thanh3+囄,thanh3,0.09061795473098755,0.7546662423720604,0.11793873803581635
thanh3+󱙭,thanh3,0.06889372318983078,0.6502656125097867,0.1681248211454478
thanh3+󱞄,thanh3,0.1015334278345108,0.6459628818870183,0.0902151776776156
thanh3+𡪦,thanh3,0.11528556048870087,0.722590216389814,0.08440256165086363
thanh3+𩶽,thanh3,0.07977372407913208,0.7507422609846865,0.09134631735114988
thanh3+𡃙,thanh3,0.10326989740133286,0.789590814766185,0.08093381344592578
thanh3+𢙬,thanh3,0.11541132628917694,0.6808276392137329,0.06655911360216282
thanh3+抋,thanh3,0.10491571575403214,0.7628118855466745,0.06797330734457128
thanh3+󱗳,thanh3,0.08611766993999481,0.7378926605801179,0.09319919909737173
thanh3+𫢖,thanh3,0.10784538835287094,0.6834679639328501,0.0772663296822855
thanh3+莰,thanh3,0.08856944739818573,0.7252167514865955,0.0714364826758709
thanh3+󱨕,thanh3,0.0972391813993454,0.7336716915710506,0.0791104181257808
thanh3+󱰭,thanh3,0.08112850785255432,0.7322307055493918,0.07920957048752054
thanh3+𪡿,thanh3,0.09005352109670639,0.7589749444752344,0.08527287290745518
thanh3+󱫪,thanh3,0.10290427505970001,0.6783279453021429,0.1275023360784843
thanh3+𠴖,thanh3,0.11580854654312134,0.7101759597353874,0.06160177588576173
thanh3+𡡇,thanh3,0.1019614115357399,0.654436544761781,0.09402143668907675
thanh3+󱙥,thanh3,0.1039930135011673,0.7044778363776996,0.08106071429325416
thanh3+𠹰,thanh3,0.08275624364614487,0.7049919843843712,0.08115766391122346
thanh3+𤬪,thanh3,0.10777098685503006,0.6771397947672977,0.07261607237384583
thanh3+𠽙,thanh3,0.11921311914920807,0.6687431973981265,0.07946438195848791
thanh3+𬗏,thanh3,0.08361639827489853,0.7183259189927922,0.09382699592042835
thanh3+󱝻,thanh3,0.09200437366962433,0.7204664115262206,0.07287945110658436
thanh3+𨮉,thanh3,0.12800660729408264,0.6855639362957353,0.08307799515728005
thanh3+𦟑,thanh3,0.11801425367593765,0.5264642808114278,0.07843755677746024
thanh3+󱌰,thanh3,0.0993497371673584,0.8103058574700598,0.0749237117716932
thanh3+󰮦,thanh3,0.0945979654788971,0.6399485030546269,0.2095297616589971
thanh3+󱡴,thanh3,0.12372635304927826,0.7125274421987243,0.08797163294901215
thanh3+󱡑,thanh3,0.10959739983081818,0.7494622130782547,0.08985823084483686
thanh3+󱞕,thanh3,0.10744085907936096,0.6715937207897076,0.0776982763989007
thanh3+󱞗,thanh3,0.13264459371566772,0.5342075968278818,0.05878760721918377
thanh3+󱚕,thanh3,0.09010037779808044,0.7268090581550269,0.07613477709020214
thanh3+𡑭,thanh3,0.14079739153385162,0.714433050713675,0.08683220933590978
thanh3+𧋸,thanh3,0.08775032311677933,0.7687696735214282,0.065425032714515
thanh3+𩹹,thanh3,0.07814208418130875,0.7434397005264158,0.08721703774264596
thanh3+󱨱,thanh3,0.08430615812540054,0.6576059717606757,0.08660445704062437
thanh3+𠺼,thanh3,0.10577542334794998,0.765348278729068,0.06906229963022063
thanh3+󱥑,thanh3,0.0930505245923996,0.7048134408082634,0.09439963028221432
thanh3+哠,thanh3,0.12340442091226578,0.7612841226822257,0.06135383380144855
thanh3+𡌩,thanh3,0.08784794807434082,0.7399149490890243,0.08464467352249228
thanh3+󰙅,thanh3,0.11497322469949722,0.4359319136471278,0.09424255306828515
thanh3+󱸠,thanh3,0.10289505869150162,0.6367537304497419,0.10449373611840451
thanh3+󱟲,thanh3,0.10406607389450073,0.5887316474710887,0.08403447329643497
thanh3+𫛈,thanh3,0.1384703814983368,0.6333271785130159,0.15640632613420172
thanh3+󱼖,thanh3,0.12387533485889435,0.639164016882042,0.10660846146695596
thanh3+󱚍,thanh3,0.15475112199783325,0.6641322527215636,0.09262005196187917
thanh3+𫉮,thanh3,0.11026179790496826,0.704788317206161,0.09034629220664549
thanh3+𫏝,thanh3,0.10300014168024063,0.7096415614803636,0.07905743718288515
thanh3+姈,thanh3,0.07168413698673248,0.7026739333851313,0.06686586436592386
thanh3+𤶹,thanh3,0.08275310695171356,0.6949484313390568,0.079664585361386
thanh3+𠸩,thanh3,0.09841018915176392,0.7267707381386227,0.07286479154832493
thanh3+󱏛,thanh3,0.08486004918813705,0.7543616914300152,0.06476552415094501
thanh3+󱬧,thanh3,0.10911939293146133,0.7127986215496338,0.06849209987637601
thanh3+𬦄,thanh3,0.08586150407791138,0.753395432554638,0.113573547728462
thanh3+𫯐,thanh3,0.0726860910654068,0.7743466546627255,0.07307787869017361
thanh3+󱬔,thanh3,0.09513416886329651,0.6238600869178759,0.08746981065704322
thanh3+󱞿,thanh3,0.10765917599201202,0.5938138327696705,0.09976197535355054
thanh3+𢯝,thanh3,0.10853776335716248,0.6977049660018401,0.06825165279141472
thanh3+𬆅,thanh3,0.11218331009149551,0.7445826154533012,0.09285443153805628
thanh3+󱨜,thanh3,0.12354552745819092,0.6985934709815024,0.14547602300394874
thanh4+󰊎,thanh4,0.09071697294712067,0.7324895940530015,0.07261121716304801
thanh4+𬕻,thanh4,0.14105190336704254,0.46147679995204977,0.08719329608004789
thanh4+󱟁,thanh4,0.09179571270942688,0.5758946745532705,0.08305916105542059
thanh4+󱫂,thanh4,0.1574641466140747,0.5075802992902896,0.07953817564726212
thanh4+󱫟,thanh4,0.1462661176919937,0.5745533532439412,0.10147381317475086
thanh4+𢵻,thanh4,0.10923735052347183,0.674266384546843,0.08408725968302198
thanh4+𠊙,thanh4,0.14996741712093353,0.5110544609217869,0.06881547469329102
thanh4+𠿀,thanh4,0.09830226004123688,0.6388934227760145,0.08519410559575531
thanh4+𡄡,thanh4,0.10823985934257507,0.7204539361522104,0.07644801917570161
thanh4+𡅩,thanh4,0.113779217004776,0.6802165279019255,0.09240241309347874
thanh4+𪣠,thanh4,0.10318055748939514,0.7130970838228954,0.0752349403948539
thanh4+𫠼,thanh4,0.1268797218799591,0.6841258662513608,0.08364419412968958
thanh4+㙘,thanh4,0.1026696190237999,0.6006907932186533,0.07733993954462327
thanh4+𨄮,thanh4,0.09664426743984222,0.7329022283889952,0.0849546668315845
thanh4+󱝙,thanh4,0.08528178930282593,0.7610807589585362,0.08179780661223611
thanh4+𡀬,thanh4,0.1728457659482956,0.5889446872631117,0.074903608443367
thanh4+㙩,thanh4,0.1129622757434845,0.6520971972514307,0.08281279193213682
thanh4+𪥾,thanh4,0.11999350041151047,0.7003283543799741,0.07317134822001976
thanh4+𤋽,thanh4,0.12314993143081665,0.5737511282169054,0.07902097518255127
thanh4+󰬙,thanh4,0.09587574005126953,0.7426416231312665,0.06611504466377811
thanh4+𪢖,thanh4,0.14191725850105286,0.63838664270934,0.086414251365322
thanh4+𫬠,thanh4,0.10630302131175995,0.6618607606320014,0.10193007765258484
thanh4+󱤚,thanh4,0.1569572240114212,0.4837825065912784,0.08814589699682442
thanh4+𨇉,thanh4,0.10522305965423584,0.5753839233318084,0.07892030475059493
thanh4+󱝝,thanh4,0.11903645098209381,0.5973794538551679,0.06713559198908135
thanh4+󱞕,thanh4,0.10896937549114227,0.6623545937989983,0.07282836434879057
thanh4+𧋅,thanh4,0.13280342519283295,0.6837705769901661,0.08024600890786442
thanh4+𪤻,thanh4,0.11618019640445709,0.6275649503735737,0.0748883693708025
thanh4+𤊤,thanh4,0.14685051143169403,0.56441901514653,0.07946444370778664
thanh4+󱋙,thanh4,0.09919967502355576,0.679731352126226,0.0880552987772214
thanh4+󱞲,thanh4,0.10637743026018143,0.4903669378383189,0.13196952981869017
thanh4+𠞡,thanh4,0.14676420390605927,0.662159665739967,0.07724173938498084
thanh4+𡫶,thanh4,0.09600299596786499,0.6744320452798189,0.08253564214608172
thanh4+󱋣,thanh4,0.12403824925422668,0.6446600489413457,0.08114952865685794
thanh4+󱟛,thanh4,0.09636446833610535,0.751624509225256,0.06531069133925071
thanh4+𦲹,thanh4,0.13457560539245605,0.7054309880025609,0.09196145443129766
thanh4+壉,thanh4,0.1256406009197235,0.5536584060704057,0.07830545753313957
thanh4+󱯑,thanh4,0.15234419703483582,0.7049310855104375,0.0737764223340277
thanh4+󱅒,thanh4,0.10884855687618256,0.6862324609113823,0.12783822370170778
thanh4+󱣂,thanh4,0.13310430943965912,0.6159198070876742,0.07432520116968638
thanh4+𢢈,thanh4,0.12611429393291473,0.6133257548399088,0.10426391156501597
thanh4+𡍢,thanh4,0.11014272272586823,0.6036843338571576,0.07545094178728982
thanh4+󱊚,thanh4,0.12321029603481293,0.6634879246725727,0.06377583761478757
thanh4+󱚂,thanh4,0.1526058316230774,0.5427441891418501,0.0731075415933916
thanh4+𬃴,thanh4,0.15822774171829224,0.6057279253988658,0.06838309465678201
thanh4+󱝀,thanh4,0.1191089078783989,0.6123236167354895,0.06961467288147476
thanh4+𥾸,thanh4,0.12072987109422684,0.6630364104179937,0.08505444709600707
thanh4+󰥉,thanh4,0.12583866715431213,0.628273136258005,0.08094113669335977
thanh4+𫮲,thanh4,0.13463403284549713,0.5462883949545126,0.07658009080033958
thanh4+𡁎,thanh4,0.13158777356147766,0.6366861516240244,0.0823877443146122
thanh4+𩠸,thanh4,0.12044763565063477,0.537459061426115,0.0896028918863398
thanh4+𡮣,thanh4,0.10658639669418335,0.6918482277981921,0.07303500722323064
thanh4+󰢷,thanh4,0.1421290785074234,0.6581596915121665,0.08368839560222867
thanh4+󱢥,thanh4,0.1293887048959732,0.5417663595520761,0.0892816258539361
thanh4+檤,thanh4,0.1191691905260086,0.6350878690385265,0.08664932350679681
thanh4+𥴘,thanh4,0.08091695606708527,0.5541248348431415,0.07787939730923897
thanh4+󱛦,thanh4,0.13219237327575684,0.6171445560328601,0.08465312366456672
thanh4+𤉕,thanh4,0.1295386552810669,0.5485815275929451,0.12614933852227708
thanh4+𢹾,thanh4,0.14394408464431763,0.6444756872124044,0.09800321280536495
thanh4+󱛥,thanh4,0.15108676254749298,0.5796899117561956,0.08455649137615061
thanh4+𠷇,thanh4,0.10606497526168823,0.6706398335833414,0.08121836053511172
thanh4+󱚫,thanh4,0.10604207217693329,0.7377195172061989,0.06927084990352199
thanh4+󱰚,thanh4,0.08190925419330597,0.6928671443543876,0.08225339494586108
thanh4+𫭅,thanh4,0.14026352763175964,0.6134020488618882,0.07422028904656928
thanh4+𨃌,thanh4,0.10991840809583664,0.6133813063546081,0.07549127955197843
thanh4+󱞿,thanh4,0.12416377663612366,0.6861298584204033,0.07623854857187473
thanh4+𢴎,thanh4,0.1048763245344162,0.6922686341735657,0.08073525429057066
thanh4+󰌗,thanh4,0.11514691263437271,0.6765361789469946,0.08947246258623391
thanh4+𪡈,thanh4,0.1400722712278366,0.5962051685597639,0.06173324881981063
thanh4+󱛽,thanh4,0.1119966059923172,0.5985237220085518,0.06657288253128506
thanh4+󱝭,thanh4,0.1318221092224121,0.7146770884113599,0.06465377250242497
thanh4+𠲜,thanh4,0.10740732401609421,0.6457664524371577,0.07163471583321565
thanh4+𨊌,thanh4,0.12862372398376465,0.5273923229702506,0.10473854279272211
thanh4+󰼀,thanh4,0.0939551591873169,0.7175573870799297,0.1062830273968099
thanh4+𡚎,thanh4,0.12712429463863373,0.5731085303426009,0.07776170849925089
thanh4+󰙯,thanh4,0.12166142463684082,0.6985639403569794,0.06473162544919323
thanh4+󱣶,thanh4,0.12879423797130585,0.5699218724916053,0.08382296156309847
thanh4+󱛳,thanh4,0.14805081486701965,0.5702207248411799,0.08746734803966094
thanh4+󱱀,thanh4,0.11361488699913025,0.7184032129565647,0.07888946807468133
thanh4+󱳪,thanh4,0.12128026783466339,0.7210735348125457,0.07534677056917632
thanh4+𭈙,thanh4,0.12043017894029617,0.730589699998411,0.06421449727940032
thanh4+𠼸,thanh4,0.13160425424575806,0.6598602238445995,0.09196819087432655
thanh4+𫵞,thanh4,0.1253185272216797,0.505854964020715,0.07965142318826378
thanh4+𪉴,thanh4,0.11009083688259125,0.4929675073566048,0.08720948903490844
thanh4+𬪽,thanh4,0.11211314797401428,0.7376906608669292,0.07594530157310643
thanh4+󱹿,thanh4,0.10648644715547562,0.6950549495726576,0.08343298973067369
thanh4+𠼳,thanh4,0.11459849774837494,0.7039594406685209,0.10207057515666766
thanh4+𫪌,thanh4,0.12818804383277893,0.6597865478480879,0.06016480817021997
thanh4+󰙅,thanh4,0.101604163646698,0.5888881137143663,0.08908289031902339
thanh4+󱍺,thanh4,0.11709930002689362,0.6560426287738306,0.07067005344722098
thanh4+𪝅,thanh4,0.09338060021400452,0.6779724667541009,0.0718121558206727
thanh4+𧍆,thanh4,0.15674830973148346,0.4862262316882123,0.07420903947689701
thanh4+𢠿,thanh4,0.11495790630578995,0.6813019816645677,0.07259808346457021
thanh4+𨁟,thanh4,0.09006331115961075,0.6600387904992436,0.07069594520009646
thanh4+󱙰,thanh4,0.1392076462507248,0.4510333554782906,0.07512257714922717
thanh4+𪴉,thanh4,0.1226721927523613,0.6709423018608255,0.10210430264886809
thanh4+𢪥,thanh4,0.14327415823936462,0.611225518222367,0.08261338827717968
thanh4+㗶,thanh4,0.09175509959459305,0.6533838038740791,0.11667742700215271
thanh4+𤏦,thanh4,0.10933045297861099,0.6869176735955621,0.08263405482541568
thanh4+𠲡,thanh4,0.10812924802303314,0.6733539345435825,0.07367553537131574
thanh4+󱚚,thanh4,0.11449892818927765,0.5530789106092402,0.10703564502689772
thanh4+󱠳,thanh4,0.12091154605150223,0.5479582129071836,0.08521731058375918
thanh4+㧪,thanh4,0.14559675753116608,0.6083938342904818,0.08725270502969427
thanh4+𡀦,thanh4,0.12178261578083038,0.6436318561147851,0.08169148862680091
thanh4+󰂘,thanh4,0.11922270059585571,0.7615479779747537,0.06221239766304628
thanh4+𡎜,thanh4,0.09698562324047089,0.6707905230902088,0.08302043550114901
thanh4+澿,thanh4,0.09637158364057541,0.6385287541378445,0.07308205443406975
thanh4+𡉁,thanh4,0.11027759313583374,0.7293867399553619,0.07113016896955023
thanh4+󱜶,thanh4,0.10300445556640625,0.6753849637642628,0.0677694492463925
thanh4+𦿄,thanh4,0.0990183874964714,0.5447612910846155,0.08628302636224394
thanh4+󱫷,thanh4,0.13029295206069946,0.5502001340638948,0.07864319772562446
thanh4+𡌡,thanh4,0.12386292219161987,0.6342886847990686,0.07856047261505275
thanh4+󰬟,thanh4,0.1539808064699173,0.4923555569254722,0.07508652840331707
thanh4+󱝂,thanh4,0.13590432703495026,0.5206638099991868,0.07075156517480104
thanh4+𡝦,thanh4,0.1202479749917984,0.6012007632022638,0.07459241115520641
thanh4+󱛑,thanh4,0.14687129855155945,0.6325032743455667,0.076643631417264
thanh4+󱰍,thanh4,0.15640440583229065,0.4998194903726363,0.09024374474887352
thanh4+𩯂,thanh4,0.11797549575567245,0.6360815289589065,0.11419617645901013
thanh4+𫵊,thanh4,0.10073541104793549,0.647750558053456,0.08977622804770007
thanh4+󱛍,thanh4,0.088352732360363,0.724725448122245,0.0821418075025514
thanh4+󱦙,thanh4,0.11106289178133011,0.5931524579737387,0.09981250479351662
thanh4+𡗅,thanh4,0.11002883315086365,0.6704291761662577,0.1556421275015792
thanh4+𪡎,thanh4,0.0854058563709259,0.6969494431505401,0.06431297126250934
thanh4+𠶂,thanh4,0.12721464037895203,0.6293404680558262,0.0871461585635654
thanh4+𫐹,thanh4,0.11976906657218933,0.666065867333823,0.08366473683031823
thanh4+󱚕,thanh4,0.09119157493114471,0.7004269694565148,0.07089350761672851
thanh4+𫽦,thanh4,0.1350303590297699,0.5845776997686106,0.08240695474997341
thanh4+𫴇,thanh4,0.11764971911907196,0.5754807390002008,0.0793738264948548
thanh4+𪡫,thanh4,0.098544642329216,0.6704114251061531,0.08430269606679529
thanh4+󱲙,thanh4,0.09756245464086533,0.5920241802536793,0.07671023896152902
thanh4+󰤴,thanh4,0.11213013529777527,0.7785885757828332,0.06462151699735713
thanh4+󱞐,thanh4,0.16125914454460144,0.6039107215241049,0.09117424704330811
thanh4+𫯐,thanh4,0.10173370689153671,0.5760894610257331,0.06935247260875614
thanh4+󱞽,thanh4,0.12447725236415863,0.5651314905526211,0.09132742541708516
thanh4+𣛦,thanh4,0.10859211534261703,0.6133990945993826,0.0900836889270226
thanh4+𡪦,thanh4,0.10938487201929092,0.6574817015227412,0.0792151270773796
thanh4+𧞿,thanh4,0.11682756245136261,0.5150680442396253,0.10266107819595516
thanh4+㖵,thanh4,0.11812159419059753,0.75262410398351,0.05636960303216715
thanh4+󱟟,thanh4,0.1151580661535263,0.5917570793863883,0.08733658066252104
thanh4+𪤠,thanh4,0.15361914038658142,0.5829708889167782,0.06884338816015569
thanh4+𠽙,thanh4,0.14638370275497437,0.6479008815874115,0.06218859292029747
thanh4+𡑲,thanh4,0.1143295019865036,0.5536329301715004,0.08171987039072287
thanh4+𡂄,thanh4,0.09933214634656906,0.6689237501064118,0.0783475039934786
thanh4+󱦅,thanh4,0.118514284491539,0.5073005045116128,0.09266943162608449
thanh4+󰮝,thanh4,0.09708082675933838,0.6740570159060164,0.0767541574085523
thanh4+𪱴,thanh4,0.10805235058069229,0.655483980143017,0.07318268465611351
thanh4+󰣡,thanh4,0.12180717289447784,0.6816724489032971,0.0710125187022449
thanh4+𭰺,thanh4,0.12168802320957184,0.6503906216343057,0.07114715975457452
thanh4+洅,thanh4,0.12218095362186432,0.6890458167086587,0.07940360471391467
thanh4+󱜝,thanh4,0.11947781592607498,0.7388584546856151,0.06750591088217851
thanh4+𠳭,thanh4,0.09285195171833038,0.7456608335962144,0.06603532567004095
thanh4+󰏏,thanh4,0.12640352547168732,0.6005158757697037,0.08311756284032344
thanh4+𦝺,thanh4,0.10490996390581131,0.6854332190693202,0.07587064768583646
thanh4+𫉮,thanh4,0.12257722020149231,0.6295863197034502,0.07987082976888404
thanh4+󱳠,thanh4,0.12374544888734818,0.6153780542995698,0.08176551792400417
thanh4+󰜡,thanh4,0.12315884977579117,0.6589131873987789,0.06417621074018312
thanh4+㖏,thanh4,0.12025533616542816,0.6860278734645379,0.06233074328855209
thanh4+朠,thanh4,0.13494279980659485,0.4891319505648009,1.0061035691453415
thanh4+𠅐,thanh4,0.09392280131578445,0.6920458695581491,0.0636386126906364
thanh4+𡎡,thanh4,0.10543444007635117,0.6744620147096552,0.07742276799208266
thanh4+󱩩,thanh4,0.10469573736190796,0.6804239296479296,0.07523483194862379
thanh4+𫰄,thanh4,0.11686601489782333,0.6819631882149956,0.11087030237808827
thanh4+𪤲,thanh4,0.15001794695854187,0.6705240145885294,0.06936173569353855
thanh4+𡅯,thanh4,0.1066664606332779,0.686909241042955,0.08620127384119496
thanh4+󱥓,thanh4,0.12236111611127853,0.6194334990810564,0.09543945855139695
thanh4+󱞒,thanh4,0.08156858384609222,0.6433533945679707,0.07397929431964644
thanh4+𤞦,thanh4,0.09064005315303802,0.7185463291873619,0.07436196484750991
thanh4+𠻆,thanh4,0.1634056270122528,0.6339318868945238,0.0904262977485137
thanh4+󱞔,thanh4,0.0745701789855957,0.6895781376083424,0.0811143753457894
thanh4+󱜈,thanh4,0.13363415002822876,0.631055120814734,0.11100178263615686
thanh4+󰬥,thanh4,0.12320214509963989,0.7064203130806641,0.08759554403483154
thanh4+呯,thanh4,0.1436125487089157,0.7494430291271421,0.06042861373998413
thanh4+𡃖,thanh4,0.09615450352430344,0.6967461777349852,0.09261111796596237
thanh4+󱢜,thanh4,0.16063466668128967,0.597570989981793,0.0723868996135798
thanh4+󱖧,thanh4,0.14765344560146332,0.4888489672561543,0.1131729239897948
thanh4+󱮟,thanh4,0.10742811113595963,0.647138313897485,0.07757587132944577
thanh4+󱩸,thanh4,0.13437162339687347,0.6315967929227235,0.06364973770819936
thanh4+󱝐,thanh4,0.08948978036642075,0.6690001464268529,0.09358355587499922
thanh4+𢭿,thanh4,0.11241154372692108,0.618223640953424,0.07083295340605483
thanh4+𬊭,thanh4,0.1070362776517868,0.6703951292026314,0.07657641294153765
thanh4+𨨨,thanh4,0.11123577505350113,0.6780024752449624,0.0831777189266696
thanh4+𫧾,thanh4,0.10794511437416077,0.6541662961842476,0.07782184992376179
thanh4+󱫸,thanh4,0.13741958141326904,0.6237658634948493,0.08735469200612395
thanh4+𣘊,thanh4,0.09908243268728256,0.7088004437405439,0.08776467834164224
thanh4+𡅫,thanh4,0.11557140946388245,0.5355215194020764,0.08246405381864962
thanh4+󱦯,thanh4,0.13967286050319672,0.4130396379052618,0.08409401211944971
thanh4+𪭟,thanh4,0.1300838589668274,0.7427720561540755,0.06000041034855458
thanh4+󱞾,thanh4,0.0910034030675888,0.7394226743775544,0.08111353078002047
thanh4+𡁞,thanh4,0.14553052186965942,0.4472133828136047,0.07631710055096255
thanh4+𫪎,thanh4,0.10082199424505234,0.668991173373066,0.06407912432114064
thanh4+󱮾,thanh4,0.14182080328464508,0.5851469095843059,0.10945046583059041
thanh4+𰊣,thanh4,0.12277118861675262,0.6426157878893052,0.07981354972064957
thanh4+𠸩,thanh4,0.09536691009998322,0.7120538061399035,0.05938573380317086
thanh4+󰮡,thanh4,0.15430429577827454,0.5856003419171891,0.08744572852712351
thanh4+𪢤,thanh4,0.11817514151334763,0.504201632662767,0.08176043915300447
thanh4+𨄿,thanh4,0.10258200019598007,0.7043427958842015,0.10059438809991113
thanh4+󱛕,thanh4,0.0759018212556839,0.6711946065926808,0.0704864103790333
thanh4+𠀿,thanh4,0.12685039639472961,0.6255841652612961,0.0677388159916536
thanh4+󱜺,thanh4,0.12572214007377625,0.6025341743888614,0.0641391963819607
thanh4+𫥿,thanh4,0.0982474684715271,0.7055329164029885,0.07968944580127627
thanh4+𩝭,thanh4,0.10113140940666199,0.6437200184711821,0.07913766202770459
thanh4+󱧀,thanh4,0.12164492160081863,0.585915392820165,0.07825794035695986
thanh4+𪬪,thanh4,0.1326696276664734,0.6399194385374505,0.0969789202588723
thanh4+𠼋,thanh4,0.15796291828155518,0.5641800752469643,0.07006413389695755
thanh4+󱞴,thanh4,0.08313751965761185,0.6749210688990502,0.09206407037424014
thanh4+󱯈,thanh4,0.14266295731067657,0.6773826083367754,0.08738628156444879
thanh4+𧜗,thanh4,0.12461759895086288,0.6217640847492385,0.1924735163655037
thanh4+󱞅,thanh4,0.12465648353099823,0.6156147314975758,0.08154577821857022
thanh4+𪿀,thanh4,0.1605735719203949,0.48463869046618097,0.07441608181908604
thanh4+󱨱,thanh4,0.11859210580587387,0.6586542213035417,0.09519046221023969
thanh4+𡂉,thanh4,0.1334851086139679,0.6146606931994698,0.10738782980776869
thanh4+𡀫,thanh4,0.11505827307701111,0.688374221272114,0.0836141844009111
thanh4+󱝳,thanh4,0.11770479381084442,0.6835789524857617,0.07752392005007132
thanh4+𣓾,thanh4,0.13238036632537842,0.6235122314443617,0.0715233451867087
thanh4+𠽇,thanh4,0.1096232533454895,0.6895406683816931,0.06740052203347087
thanh4+󱎾,thanh4,0.12490871548652649,0.6507683354399932,0.07797065424421361
thanh4+󰬪,thanh4,0.1446714699268341,0.5768109388175632,0.08136734847617588
thanh4+󱺂,thanh4,0.12917384505271912,0.5487086493687549,0.1064722565750623
thanh4+𫪦,thanh4,0.0924086719751358,0.7036546439407079,0.05862348161967667
thanh4+𡡇,thanh4,0.1138385534286499,0.6278032351490747,0.07867104593627279
thanh4+𪮽,thanh4,0.14552457630634308,0.5147509824882878,0.08483398568339735
thanh4+󱠠,thanh4,0.13550856709480286,0.613507645360964,0.09539685568160083
thanh4+㼫,thanh4,0.10667948424816132,0.6336573070064038,0.07528382672863965
thanh4+𠾲,thanh4,0.15524333715438843,0.5572095085407998,0.08229065527278295
thanh4+𫯲,thanh4,0.1354004293680191,0.5385255439471393,0.07139618933983738
thanh4+󱞟,thanh4,0.13586030900478363,0.49405543987397604,0.07901752246421347
thanh4+󱟹,thanh4,0.14833484590053558,0.49587577774837144,0.1278230596458641
thanh4+𦟋,thanh4,0.16986683011054993,0.6034871075150577,0.07726615907048484
thanh4+󱰤,thanh4,0.11978790163993835,0.572205994150806,0.10022493583277063
thanh4+𫫜,thanh4,0.0991610437631607,0.6202143848436791,0.07926705088348217
thanh4+𡀲,thanh4,0.11103702336549759,0.6678177232856399,0.07905343195912654
thanh4+󱢣,thanh4,0.1103457361459732,0.6496157575077144,0.08803027497743122
thanh4+𪻟,thanh4,0.13142210245132446,0.6613978280604736,0.07986552620032812
thanh4+󱚍,thanh4,0.13303029537200928,0.6651021382492053,0.07865539321618291
thanh4+𫏙,thanh4,0.10549714416265488,0.5198649778116897,0.09994637400143765
thanh4+󱟢,thanh4,0.08248301595449448,0.5677833162712482,0.08271465197503199
thanh4+󰣿,thanh4,0.13617146015167236,0.6605179406292789,0.07091785019084836
thanh4+󱣆,thanh4,0.131173238158226,0.6343353854555396,0.08424227649658249
thanh4+󰭏,thanh4,0.12466177344322205,0.6686584489333751,0.0869704466148103
thanh4+𬙛,thanh4,0.15838299691677094,0.6240805102327512,0.06548504849789745
thanh4+𰓖,thanh4,0.10990069061517715,0.46127491522133407,0.06308778041574326
thanh4+𠚐,thanh4,0.14002634584903717,0.6529893099560198,0.07599491093746415
thanh4+𦞎,thanh4,0.13256235420703888,0.5600080069291421,0.0935827537872208
thanh4+󰬛,thanh4,0.0943569466471672,0.7570054490598839,0.06055708909107586
thanh4+󱭘,thanh4,0.12258187681436539,0.5958434718941784,0.08806444696526879
thanh4+𠿸,thanh4,0.08543883264064789,0.7209859678930031,0.06961355053952388
thanh4+󱫑,thanh4,0.09239620715379715,0.6903890444316699,0.21744152437609265
thanh4+󰈠,thanh4,0.09093759208917618,0.7041969314228657,0.10948560313556183
thanh4+󱘡,thanh4,0.11146175116300583,0.5963732152783029,0.10143321486331297
thanh4+󱞎,thanh4,0.11469663679599762,0.5854518820115004,0.0636426928848069
thanh4+󱞼,thanh4,0.09900172054767609,0.7191221217996472,0.08526569319749379
thanh4+󱞇,thanh4,0.11771314591169357,0.6121119386352447,0.08999825810426139
thanh4+𬦄,thanh4,0.13888812065124512,0.283424561824017,0.09477873074826552
thanh4+𩝻,thanh4,0.13875120878219604,0.6368157441006922,0.06459908882244321
thanh4+𢲾,thanh4,0.16104084253311157,0.6259498062456414,0.08509006837676997
thanh4+𩀳,thanh4,0.12319958209991455,0.5978922035943655,0.08579904373639352
thanh4+𫣝,thanh4,0.1245940625667572,0.6260103563930448,0.09122453528662783
thanh4+󱬐,thanh4,0.11479203402996063,0.6362361092464943,0.08316125731728803
thanh4+󱠱,thanh4,0.10423511266708374,0.578714269221965,0.09130889281375805
thanh4+󰍱,thanh4,0.16486693918704987,0.6654691689870915,0.08901481755735459
thanh4+󱛙,thanh4,0.09824228286743164,0.7463038617220238,0.06558231257315905
thanh4+𪣱,thanh4,0.14679867029190063,0.6234481416966275,0.06465151603660008
thanh4+𠼇,thanh4,0.1316414475440979,0.5922030204252408,0.08150196988305818
thanh4+𣱿,thanh4,0.11936794221401215,0.755815912226662,0.045194069611133564
thanh4+抋,thanh4,0.11107143014669418,0.7469504260449635,0.07310264152299019
thanh4+𬑶,thanh4,0.08705881237983704,0.647558088737603,0.11218683687696651
thanh4+𤎓,thanh4,0.11394388973712921,0.5342499986734572,0.07708566875729161
thanh4+𡓟,thanh4,0.11225360631942749,0.6696740473777164,0.07991984374552197
thanh4+󱝆,thanh4,0.0873800590634346,0.6978279117779415,0.07036493776661183
thanh4+󱞃,thanh4,0.11268073320388794,0.6828631728816833,0.08984641390973042
thanh4+󰮁,thanh4,0.11363569647073746,0.6476713517158451,0.10882771867436937
thanh4+󱮝,thanh4,0.0995422899723053,0.6934754740321762,0.08324344360385917
thanh4+󰢣,thanh4,0.07816993445158005,0.6697896902962166,0.07640445887472037
thanh4+󱩳,thanh4,0.12850181758403778,0.4108739289414521,0.07315166041169047
thanh4+𪁄,thanh4,0.14115169644355774,0.6371358122474983,19.694247246746357
thanh4+󱪢,thanh4,0.1045999526977539,0.6261591451474354,0.08628661395615883
thanh4+𡃳,thanh4,0.13000482320785522,0.6800945826498405,0.09896172818395732
thanh4+𪸝,thanh4,0.12626180052757263,0.645044949894898,0.06484245546050843
thanh4+󱤉,thanh4,0.10970821976661682,0.6342992266430939,0.07650176308091462
thanh4+𪸄,thanh4,0.16102205216884613,0.6601117843859897,0.0818321560796625
thanh4+󱤗,thanh4,0.10721135139465332,0.6044477169700408,0.11260010918531117
thanh4+𥖑,thanh4,0.12677036225795746,0.4780529879078819,0.09602067912764788
thanh4+𫉩,thanh4,0.09109720587730408,0.7079544717045914,0.08543452293709042
thanh4+𭊳,thanh4,0.20100247859954834,0.40020832370843934,0.0766804695767539
thanh4+𠷥,thanh4,0.08144264668226242,0.6291138025321528,0.07341817099102946
thanh4+󱝘,thanh4,0.09211861342191696,0.7120166992034734,0.15642264008646597
thanh4+𪡽,thanh4,0.1310603767633438,0.6853118701606385,0.07574920697196572
thanh4+𬛒,thanh4,0.14013317227363586,0.7041479237235162,0.07053976409488454
thanh4+󱛻,thanh4,0.11055412888526917,0.5214544996589204,0.07139806397226318
thanh4+𬊐,thanh4,0.10815016180276871,0.7264143172055817,0.0724595132514731
thanh4+㗴,thanh4,0.11989058554172516,0.6885081117936329,0.08054420588732775
thanh4+󱜷,thanh4,0.1212042048573494,0.7161410734238757,0.07859268543289825
thanh4+󱟜,thanh4,0.10153765231370926,0.6113964949039397,0.07177788244411465
thanh4+󰴾,thanh4,0.10566114634275436,0.678955085646498,0.06541205654059272
thanh4+𦀌,thanh4,0.1094001829624176,0.7027018212089293,0.07156431498839298
thanh4+𡫐,thanh4,0.11666446924209595,0.6492770690463907,0.07547351890925849
thanh4+𫏝,thanh4,0.14403316378593445,0.5396485274610446,0.08294369673967268
thanh4+𫫊,thanh4,0.07747193425893784,0.7441035973402432,0.07093925361864091
thanh4+󱸠,thanh4,0.1384609490633011,0.5951922389307215,0.0894233797572037
thanh4+𪡍,thanh4,0.1554470956325531,0.6867102663569997,0.07477341981276323
thanh4+𬅷,thanh4,0.09759938716888428,0.7498805332305477,0.08527939654028599
thanh4+𨡨,thanh4,0.1426684558391571,0.5724499714832738,0.08368345378587964
thanh4+󱳭,thanh4,0.09223856776952744,0.5150763145802875,0.08478233745489971
thanh4+󱟫,thanh4,0.10864783078432083,0.7059312284483128,0.0678233501846969
thanh4+𩸮,thanh4,0.11525162309408188,0.6156908264177691,0.08282412793660372
thanh4+󱯠,thanh4,0.12167483568191528,0.7013687587042806,0.07856265575399697
thanh4+𫫷,thanh4,0.14739397168159485,0.4948524446357689,0.11024154708935403
thanh4+𠺚,thanh4,0.11063668876886368,0.5886413322133377,0.0859633274858405
thanh4+𦄆,thanh4,0.1045798510313034,0.623791525871726,0.08188870103955287
thanh4+󱳦,thanh4,0.11467017233371735,0.7589460762507595,0.07320047709702303
thanh4+󱦗,thanh4,0.1552955061197281,0.572257706496292,0.13202110708994302
thanh4+󱝫,thanh4,0.20267099142074585,0.6618943776725957,0.06673068613969735
thanh4+𤶹,thanh4,0.11230245232582092,0.6728545704924929,0.08569091692729586
thanh4+󱤍,thanh4,0.11228924989700317,0.6380345703422227,0.09211869968542262
thanh4+𤐠,thanh4,0.12755641341209412,0.6395560438038516,0.09292051358139534
thanh4+󱚴,thanh4,0.13327082991600037,0.5844448408984763,0.09064414162788127
thanh4+󱌔,thanh4,0.12668529152870178,0.6517354904363952,0.07303712681166906
thanh4+󱨈,thanh4,0.12739615142345428,0.662635657944929,0.07984716259082207
thanh4+󱧝,thanh4,0.12156173586845398,0.5741217211857182,0.07290318723404166
thanh4+󱛲,thanh4,0.1273384690284729,0.5932766626388315,0.0888746097948253
thanh4+𡳳,thanh4,0.1597561091184616,0.526753752153846,0.08629411434067837
thanh4+󱞢,thanh4,0.13268984854221344,0.607523665313733,0.07599094045270283
thanh4+󱷿,thanh4,0.09261438250541687,0.6862320125001322,0.08638041896175208
thanh4+󱡇,thanh4,0.1228802502155304,0.603308034052992,0.10333515961285034
thanh4+󱺃,thanh4,0.10845091938972473,0.729999985247097,0.0742364754359417
thanh4+𬈈,thanh4,0.1114155650138855,0.4700942025575142,0.07616120941978041
thanh4+󱪎,thanh4,0.12885776162147522,0.6059402462498277,0.10565367437733593
thanh4+󱰶,thanh4,0.13188046216964722,0.5260640643985196,0.09378284533080748
thanh4+𪢌,thanh4,0.11759671568870544,0.7036168222053014,0.0722520316155214
thanh4+𧒅,thanh4,0.10893890261650085,0.685723247797972,0.07717413079438924
thanh4+𪡗,thanh4,0.08137071877717972,0.7046934405341835,0.0749259189001074
thanh4+󱦔,thanh4,0.14703963696956635,0.3672905565915459,0.08129276520372937
thanh4+𬧡,thanh4,0.09903595596551895,0.6756587189986941,0.08168047039027353
thanh4+𫄉,thanh4,0.11713770031929016,0.589098692481876,0.0777236647570168
thanh4+󱚇,thanh4,0.1174188107252121,0.6032956481886077,0.09523843644110802
thanh4+󱩗,thanh4,0.1423415094614029,0.6692530538110865,0.07838836228458414
thanh4+𫡸,thanh4,0.08584985882043839,0.6289323475029072,0.09463046630920864
thanh4+𨪪,thanh4,0.12151672691106796,0.5658161875868679,0.0914072744825734
thanh4+󰠎,thanh4,0.11393027752637863,0.7429533214160705,0.06983282600944701
thanh4+𡦫,thanh4,0.14179275929927826,0.5301424562440032,0.08974635052722275
thanh4+𪢍,thanh4,0.12443315982818604,0.6086214895875595,0.07647123028254475
thanh4+𡄧,thanh4,0.09516172111034393,0.6637628488133862,0.07966334661311449
thanh4+󱤑,thanh4,0.10351671278476715,0.6341165864319414,0.09148139175838499
thanh4+𦝇,thanh4,0.20375867187976837,0.49670649969041025,0.07538197767091304
thanh4+𠹍,thanh4,0.18850554525852203,0.5623202824479226,0.07193975417257854
thanh4+𠹰,thanh4,0.09477990865707397,0.693943941349365,0.06694236098136626
thanh4+𫇿,thanh4,0.14152218401432037,0.5747952770940733,0.06985310364083262
thanh4+𡄾,thanh4,0.11204417794942856,0.5905185933137171,0.5092689784651326
thanh4+𦩳,thanh4,0.11170241236686707,0.5485598409263146,0.08074442344214934
thanh4+𩇆,thanh4,0.10935555398464203,0.622451975274559,0.08783092112672848
thanh4+𣙯,thanh4,0.11952537298202515,0.6292108744926196,0.08114938671036227
thanh4+莰,thanh4,0.09524186700582504,0.7086246041123797,0.06952285641131532
thanh4+篵,thanh4,0.08662556111812592,0.7074380959406016,0.16066212160608484
thanh4+𬂨,thanh4,0.10337497293949127,0.7514164103445969,0.068091018976862
thanh4+󱯏,thanh4,0.1259252429008484,0.6681996759353576,0.08388893852514179
thanh4+󱞳,thanh4,0.12285685539245605,0.6740145521391758,0.06349295664049441
thanh4+󱪚,thanh4,0.11186856031417847,0.698822054268792,0.09782620118284192
thanh4+𨂚,thanh4,0.10985375195741653,0.6100337716038118,0.0808147529842718
thanh4+󱙥,thanh4,0.13091833889484406,0.5596526567550139,0.0610916981856312
thanh4+𥊜,thanh4,0.09706328809261322,0.6178492344257072,0.07528618086688028
thanh4+𡄳,thanh4,0.09382345527410507,0.7063639808221046,0.10018853996871317
thanh4+󱛪,thanh4,0.10818403959274292,0.6160724865717824,0.08249900755709266
thanh4+󱛹,thanh4,0.11124258488416672,0.6216101769663114,0.07457748369198929
thanh4+啲,thanh4,0.12319725751876831,0.5257590231812462,0.06589729769325929
thanh4+󰍖,thanh4,0.12490792572498322,0.546739666126363,0.07648288488450862
thanh4+𦵠,thanh4,0.08958246558904648,0.7350771092388311,0.0694466618574867
thanh4+󱨫,thanh4,0.15624959766864777,0.6152162656273777,0.1167207986186755
thanh4+𦟟,thanh4,0.15244895219802856,0.6443202284959348,0.09599615950377904
thanh4+󰁐,thanh4,0.11856228858232498,0.6738391731294852,0.08100783921708056
thanh4+鏙,thanh4,0.14796115458011627,0.5628171015810601,0.08564074698651573
thanh4+󱜲,thanh4,0.1018398255109787,0.7622257650794977,0.06142017584216902
thanh4+󱨜,thanh4,0.12793125212192535,0.6301929058464376,0.09163633383977576
thanh4+󱯺,thanh4,0.13215215504169464,0.6645349922191209,0.1003330375022733
thanh4+𡫫,thanh4,0.12870965898036957,0.5584585691824746,0.0847998043931129
thanh4+𧍇,thanh4,0.11207394301891327,0.5794025003061695,0.06938592125679735
thanh4+𡋦,thanh4,0.10138528048992157,0.6793902041886158,0.05865988295016076
thanh4+娫,thanh4,0.14862875640392303,0.5712363476576583,0.08295613417736188
thanh4+𫿟,thanh4,0.12424897402524948,0.5825216842265064,0.09487120010564314
thanh4+𣕞,thanh4,0.11175993084907532,0.6713963790319728,0.08230587301093724
thanh4+󱠢,thanh4,0.11466117203235626,0.49688586290464076,0.11265298539288282
thanh4+𫮒,thanh4,0.10800980031490326,0.6753201416187588,0.07673259097237778
thanh4+󱞁,thanh4,0.1189669519662857,0.6831627867845121,0.07364456682589961
thanh4+󱠰,thanh4,0.14636796712875366,0.43986172881698116,0.0710658914639184
thanh4+挒,thanh4,0.14061753451824188,0.5650206041816163,0.0683331478495759
thanh4+󱺈,thanh4,0.07958488911390305,0.745664523000425,0.07052952200080188
thanh4+󱰭,thanh4,0.11805565655231476,0.6790174567941131,0.08628878890958103
thanh4+󱛆,thanh4,0.1447315812110901,0.5825447436482465,0.07417348858796102
thanh4+𦽎,thanh4,0.12051940709352493,0.6507419675263787,0.08356799940045025
thanh4+󰭠,thanh4,0.13910320401191711,0.6399176661638146,0.07407194685513709
thanh4+藞,thanh4,0.09972122311592102,0.6706141761404851,0.0791266993734659
thanh4+󱋠,thanh4,0.11386607587337494,0.6602881225877494,0.08295677983969109
thanh4+𥌧,thanh4,0.11494730412960052,0.5228701959833244,0.07370126955307708
thanh4+𡚄,thanh4,0.10550595074892044,0.6300253926410216,0.08720242915331579
thanh4+𭉆,thanh4,0.12642617523670197,0.6529161082069364,0.0685099759530167
thanh4+𠮙,thanh4,0.10309281200170517,0.6996314492045647,0.0543135612879496
thanh4+𠸙,thanh4,0.0988548994064331,0.635379595302643,0.07339958378256421
thanh4+𠷯,thanh4,0.11328655481338501,0.6815307817742644,0.07345730028884044
thanh4+𧌂,thanh4,0.08869752287864685,0.7145819161326394,0.06885791732009094
thanh4+𠶊,thanh4,0.0721159279346466,0.7632538286016566,0.06572403757888502
thanh4+𪞀,thanh4,0.10340985655784607,0.6405692638409967,0.10749545435530732
thanh4+𭋙,thanh4,0.11645971983671188,0.5025149689716073,0.0759646091091642
thanh4+𢅄,thanh4,0.10324770957231522,0.5364761643355096,0.09090962521688171
thanh4+󰊫,thanh4,0.12460707128047943,0.5715052734398274,0.0829185999743378
thanh4+󱢰,thanh4,0.12242220342159271,0.7047106956722833,0.08514441297260734
thanh4+𣛤,thanh4,0.12534432113170624,0.6576991208254791,0.08804024286015066
thanh4+𩹹,thanh4,0.10165385901927948,0.6283530481116525,0.10171959598566493
thanh4+𦘱,thanh4,0.13685289025306702,0.6938101235001142,0.07655253741159936
thanh4+󱦐,thanh4,0.11706149578094482,0.6503931541555628,0.09147566752397562
thanh4+󱞄,thanh4,0.10652445256710052,0.597453069353219,0.08037278968137956
thanh4+𫪀,thanh4,0.12653301656246185,0.639130040620941,0.07202340800078383
thanh4+󱲗,thanh4,0.1586844027042389,0.4322506573254971,0.07673609723403453
thanh4+偖,thanh4,0.1283688098192215,0.6062951089099984,0.06626296018496419
thanh4+󱧔,thanh4,0.13302257657051086,0.541163812087697,0.06531744445833408
thanh4+𫱗,thanh4,0.0770200788974762,0.7190454075228838,0.07012028344130435
thanh4+𪤽,thanh4,0.11403949558734894,0.6661303520578687,0.07717122919325015
thanh4+󱧖,thanh4,0.1427605152130127,0.6049888493063976,0.06151187325300631
thanh4+𨆷,thanh4,0.14849995076656342,0.588101063209313,0.08068179432812089
thanh4+󰙘,thanh4,0.12007737904787064,0.6112393722571086,0.09445894198868716
thanh4+󱥄,thanh4,0.14224673807621002,0.5152954908672625,0.07737610710633835
thanh4+𪢡,thanh4,0.1466076523065567,0.5295191885476022,0.08626111874628828
thanh4+𡄰,thanh4,0.1297462284564972,0.6113565732250207,0.08823889257157343
thanh4+󱬧,thanh4,0.1482839584350586,0.5946394523251854,0.06950633707558408
thanh4+󱝧,thanh4,0.08523990958929062,0.662639938098554,0.06969126715908947
thanh4+󱼓,thanh4,0.14299538731575012,0.6035017885389392,0.074583288350569
thanh4+󱥯,thanh4,0.13744372129440308,0.47504670535069166,0.0823186563222244
thanh4+𡫨,thanh4,0.08938175439834595,0.6899087758976312,0.10755374523872785
thanh4+󱩻,thanh4,0.1552732288837433,0.5700071454428021,0.08241476542953441
thanh4+󱙉,thanh4,0.07692078500986099,0.7148274661310886,0.08296450011508534
thanh4+󱮑,thanh4,0.1324613243341446,0.5778517449291317,0.11580931772050805
thanh4+󰆐,thanh4,0.10836362838745117,0.6521720711810446,0.07775909489721194
thanh4+湳,thanh4,0.11466578394174576,0.638570516432359,0.06459581602466784
thanh4+󱭪,thanh4,0.1157693937420845,0.5078302579806115,0.09092902716172098
thanh4+󱞠,thanh4,0.12785345315933228,0.5761644459226337,0.11553818003438987
thanh4+󱦾,thanh4,0.13130299746990204,0.46067073259284524,0.0943477440408396
thanh4+𢶹,thanh4,0.12769715487957,0.6780075092572797,0.08055820261843259
thanh4+𡏥,thanh4,0.12209723144769669,0.5206052278906391,0.0717520399312479
thanh4+󱲝,thanh4,0.11529712378978729,0.6028449474346648,0.0754646094942561
thanh4+𩂀,thanh4,0.1058342307806015,0.7301847573996718,0.06842440409072358
thanh4+󱬎,thanh4,0.12951624393463135,0.5000690664776767,0.09089100435510229
thanh4+𡚝,thanh4,0.10939766466617584,0.6957124252902026,0.08386028297573922
thanh4+𡮺,thanh4,0.12719538807868958,0.6873352847284867,0.08660457172496251
thanh4+𪻋,thanh4,0.11830464005470276,0.6878314933664584,0.10069601331668669
thanh4+󱚭,thanh4,0.13206429779529572,0.4566134997680049,0.08996825028998333
thanh4+󱋭,thanh4,0.1029285341501236,0.6681186899200522,0.09569395570787133
thanh4+𩂄,thanh4,0.12543389201164246,0.6567024284773259,0.08378121969031511
thanh4+󱟦,thanh4,0.10878477990627289,0.6483304761112249,0.09040363716508237
thanh4+󱟰,thanh4,0.12869217991828918,0.6075229825456815,0.09980517000741597
thanh4+𧎠,thanh4,0.14440904557704926,0.6658972273106288,0.07949105024863015
thanh4+󱧨,thanh4,0.10892850160598755,0.5364793117563635,0.08407516407302136
thanh4+𫟌,thanh4,0.10906429588794708,0.7080150385173064,0.05668951665641386
thanh4+𧿯,thanh4,0.12107362598180771,0.6871621200819216,0.06525368753300399
thanh4+󱯗,thanh4,0.11049732565879822,0.6484074476474155,0.07239486209175405
thanh4+𦟖,thanh4,0.10222875326871872,0.658998604707946,0.08351734979633947
thanh4+󱰪,thanh4,0.13548274338245392,0.6290681017252759,0.07501015264761889
thanh4+𠱜,thanh4,0.09366632252931595,0.6780808599757048,0.062422424122900964
thanh4+𠲃,thanh4,0.10979782789945602,0.7428417289731083,0.06139320274263845
thanh4+󱞀,thanh4,0.10308096557855606,0.6488503695491301,0.08357103036539255
thanh4+𧒊,thanh4,0.12342764437198639,0.5834532883813648,0.07005522427564653
thanh4+𠬖,thanh4,0.08640360832214355,0.6260489104536798,0.07754378657977927
thanh4+𦷬,thanh4,0.09698107838630676,0.640852081501525,0.08105872940076726
thanh4+󱛺,thanh4,0.10269831866025925,0.6191559092442761,0.09795297296392348
thanh4+𠾾,thanh4,0.09337405115365982,0.6798888102633849,0.06911790633516245
thanh4+𨁋,thanh4,0.10951268672943115,0.6338463635522326,0.07022151771011458
thanh4+婻,thanh4,0.08254222571849823,0.6658828217906645,0.07782745287688796
thanh4+󱙌,thanh4,0.10734114795923233,0.5657119514863761,0.07777356744458429
thanh4+󰫽,thanh4,0.09860879182815552,0.7092173881040855,0.09022918037062543
thanh4+󱞑,thanh4,0.14605550467967987,0.6886310578586892,0.06367200509189634
thanh4+󰺼,thanh4,0.09645771980285645,0.5543651600597179,0.08354369308441378
thanh4+󱩫,thanh4,0.11597731709480286,0.6404997686011333,0.07817240806393097
thanh4+𤁯,thanh4,0.09507936239242554,0.6472251951476656,0.07886389197625222
thanh4+𨔌,thanh4,0.12551651895046234,0.7016973641565161,0.08322807400236287
thanh4+󱤥,thanh4,0.12178058922290802,0.5524935255003294,0.06023512728554156
thanh4+󱟈,thanh4,0.11589685827493668,0.5236269564187133,0.0926138127846024
thanh4+󱞜,thanh4,0.11624307185411453,0.6436215923223597,0.11297897604721936
thanh4+𫅲,thanh4,0.13979829847812653,0.5792703443427315,0.08649800810384718
thanh4+𢰦,thanh4,0.13873301446437836,0.558582001184084,0.07601858563062666
thanh4+󰄼,thanh4,0.12533211708068848,0.6335338225504034,0.07624540700188752
thanh4+𢆠,thanh4,0.1399013102054596,0.5798494947837017,0.08118727477902583
thanh4+囄,thanh4,0.10358653962612152,0.5435591667861986,0.09164570200267907
thanh4+󱳬,thanh4,0.11465974152088165,0.6689072225466784,0.08574533658833565
thanh4+㗌,thanh4,0.11764471232891083,0.7196166255450178,0.07502163891966394
thanh4+𡖡,thanh4,0.09731081873178482,0.7945918304865219,0.0662554726913183
thanh4+𡮥,thanh4,0.15717893838882446,0.5277764451719174,0.08316025290475615
thanh4+𫱞,thanh4,0.1317867785692215,0.6248828015431743,0.0846114123709657
thanh4+󱚛,thanh4,0.15275254845619202,0.6037816827733236,0.09462072937027406
thanh4+𪧺,thanh4,0.16225045919418335,0.4869977456048635,0.06918232205482383
thanh4+󱎶,thanh4,0.1165369302034378,0.6905910127352042,0.1071307287276776
thanh4+𬔽,thanh4,0.11691401153802872,0.6144422241463555,0.06687933507530501
thanh4+󱢏,thanh4,0.15231110155582428,0.364442520475366,0.08061837766723338
thanh4+𡞗,thanh4,0.10901115834712982,0.5353572894543748,0.07608367489400376
thanh4+𨮉,thanh4,0.12720027565956116,0.6050708825457453,0.086646012863052
thanh4+𨪷,thanh4,0.12243891507387161,0.5207820724119069,0.09854766265150301
thanh4+𭈖,thanh4,0.14227625727653503,0.4883420783984919,0.07036459205956522
thanh4+𫆮,thanh4,0.09834853559732437,0.6172823588915357,0.0803997318489035
thanh4+󰬽,thanh4,0.11187218129634857,0.6988953436189506,0.07026999089791003
thanh4+𠇕,thanh4,0.1265667974948883,0.7233130037835088,0.06668232725417085
thanh4+𫲰,thanh4,0.10922916978597641,0.6031562328280926,0.09198937032711352
thanh4+󱬔,thanh4,0.11739256978034973,0.6241317372449198,0.08568995099818755
thanh4+𪠉,thanh4,0.10787104070186615,0.7232562994164791,0.07386360312853442
thanh4+󱰯,thanh4,0.12384793162345886,0.677298333471533,0.07129429325682304
thanh4+𠵴,thanh4,0.14238107204437256,0.6523798761169911,0.1718138417600181
thanh4+𥱰,thanh4,0.12220991402864456,0.6653641092230248,0.09431659815973499
thanh4+𡅑,thanh4,0.08446197211742401,0.7042933806145225,0.08784345653622737
thanh4+𠸬,thanh4,0.12248443812131882,0.6221482677976905,0.08386880000513597
thanh4+󱬺,thanh4,0.10895311832427979,0.7243337403270045,0.07190029776528918
thanh4+𪾭,thanh4,0.12081536650657654,0.7061940274540718,0.08479924168752186
thanh4+𥵖,thanh4,0.15160170197486877,0.49684483116070166,0.09487432980563791
thanh4+𠸽,thanh4,0.1097908616065979,0.5362521902617732,0.09688988588478886
thanh4+𪥘,thanh4,0.11770844459533691,0.5842911009826347,0.08620569319421895
thanh4+鎫,thanh4,0.09667318314313889,0.6779493133944872,0.08310943663082931
thanh4+󱙭,thanh4,0.12105011940002441,0.5231675609367281,0.08997134619188679
thanh4+𭡏,thanh4,0.12625551223754883,0.6628596365407241,0.08131643008732088
thanh4+𬛀,thanh4,0.08823797851800919,0.6452012613653639,0.0805206800824023
thanh4+󱝞,thanh4,0.09996052086353302,0.5560216270943089,0.10199389998847506
thanh4+󰸪,thanh4,0.13977909088134766,0.4941631417465859,0.08637952949297745
thanh4+󰇵,thanh4,0.10340152680873871,0.5962770077358936,0.07726522289905878
thanh4+󰬸,thanh4,0.10136623680591583,0.690019911440347,0.07571054717302367
thanh4+㺜,thanh4,0.13641585409641266,0.6626708256873736,0.08177659089882645
thanh4+󱹽,thanh4,0.11069119721651077,0.6682193552303031,0.06162254611447545
thanh4+𠶒,thanh4,0.19042819738388062,0.5848982522324179,0.05875309772716858
thanh4+𫉎,thanh4,0.10622021555900574,0.6595488562795127,0.07660536205630929
thanh4+󱝺,thanh4,0.09318538010120392,0.7224271447666026,0.06889733231264185
thanh4+󰢔,thanh4,0.12991148233413696,0.6537328377775139,0.06936197222236519
thanh4+𨅞,thanh4,0.15583668649196625,0.6369639668291673,0.08479718181585379
thanh4+㷝,thanh4,0.18751060962677002,0.6202656634769601,0.0808252373105725
thanh4+𢀦,thanh4,0.11485103517770767,0.7446463287488081,0.07770310515894142
thanh4+𬏻,thanh4,0.12199336290359497,0.5705321564549952,0.07905544450219816
thanh4+𦨂,thanh4,0.11064009368419647,0.5270082074877044,0.10888427476914113
thanh4+󰮦,thanh4,0.12476105242967606,0.5878310573441481,0.10489310278269487
thanh4+󱋇,thanh4,0.1008216142654419,0.6599543746102652,0.08127127467945529
thanh4+󱹪,thanh4,0.11531057208776474,0.6439289963706355,0.0923308993283427
thanh4+㖀,thanh4,0.10174637287855148,0.7449459751169984,0.07931946234507152
thanh4+𣋇,thanh4,0.1375034600496292,0.6378575978421634,0.07287470181765072
thanh4+𫼿,thanh4,0.12644414603710175,0.655298637985331,0.0778551830579387
thanh4+󱝯,thanh4,0.08841893821954727,0.6909572585419994,0.0749482182662926
thanh4+󱡉,thanh4,0.16378915309906006,0.6669008963417948,0.06460251873624391
thanh4+𪷘,thanh4,0.1182437464594841,0.640615271323961,0.08324537359740447
thanh4+㖪,thanh4,0.07894793897867203,0.7054103086122724,0.07490783195974018
thanh4+𠽏,thanh4,0.1110650822520256,0.6557963905130777,0.06626356221007766
thanh4+𠹖,thanh4,0.10698715597391129,0.6690881921897596,0.08537056904793046
thanh4+󱛖,thanh4,0.10078166425228119,0.6434570638848777,0.07355514593552091
thanh4+𫯝,thanh4,0.10796733945608139,0.6890617183701584,0.06835324220946516
thanh4+𬏇,thanh4,0.15258154273033142,0.5292576392534567,0.07571703916839095
thanh4+𡄫,thanh4,0.10274049639701843,0.5650403917150153,0.07959665387468438
thanh4+𢠤,thanh4,0.12883299589157104,0.6731210009812585,0.07866411996662476
thanh4+𣞄,thanh4,0.14553259313106537,0.5975883346541817,0.08866969519005302
thanh4+󱰺,thanh4,0.1280331313610077,0.5800277291176681,0.10068240240521481
thanh4+󰁂,thanh4,0.19322559237480164,0.5357042877185412,0.07003399845571522
thanh4+𫴯,thanh4,0.16014021635055542,0.6967494865030137,0.07621843721122222
thanh4+𪩥,thanh4,0.1407749205827713,0.6773746305757892,0.0686662790983114
thanh4+𭢌,thanh4,0.12542860209941864,0.6240653581938005,0.09163852027870177
thanh4+󱞡,thanh4,0.13578522205352783,0.5587846403157155,0.10295291322518046
thanh4+𠶎,thanh4,0.0972520112991333,0.6465057752061268,0.07424622627792084
thanh4+𠴖,thanh4,0.1154080256819725,0.7421772721092281,0.0805505668885056
thanh4+𡁽,thanh4,0.12045742571353912,0.6259824265679637,0.07821834784913241
thanh4+䈊,thanh4,0.08480978012084961,0.6938210198477138,0.08876982002802525
thanh4+󱡵,thanh4,0.12593229115009308,0.6019922060709586,0.06888081277452664
thanh4+湨,thanh4,0.1272890418767929,0.6641732572029988,0.07001015759925833
thanh4+𡮨,thanh4,0.18152590095996857,0.4630628692520456,0.08467223031348649
thanh4+󱡄,thanh4,0.13008928298950195,0.5584742567782452,0.10301090960557331
thanh4+𬕌,thanh4,0.11652706563472748,0.6649387798042415,0.0657929101541691
thanh4+𠲹,thanh4,0.1304718554019928,0.6512865866752144,0.07092267585705622
thanh4+󱜉,thanh4,0.09475275129079819,0.6821225709530049,0.08330831872517688
thanh4+𡃆,thanh4,0.11755168437957764,0.6682587836919832,0.06795760036974345
thanh4+𤹕,thanh4,0.14342428743839264,0.6372713933369409,0.07344588333612807
thanh4+㘗,thanh4,0.1427099108695984,0.548448483169789,0.07879347734455226
thanh4+󱫪,thanh4,0.11262528598308563,0.5762453879139599,0.10866565833289286
thanh4+㗭,thanh4,0.10448537766933441,0.660028783363706,0.0720352036362246
thanh4+𤻓,thanh4,0.09690339863300323,0.6613866290013495,0.10397618508922839
thanh4+𠸯,thanh4,0.13812606036663055,0.6630457735766245,0.07534279952931273
thanh4+󱟲,thanh4,0.10494175553321838,0.6485343808307198,0.07995815198453106
thanh4+𬓛,thanh4,0.11721733957529068,0.6080759906242114,0.08582754244770696
thanh4+𠜈,thanh4,0.13233914971351624,0.5789798562007508,0.0975531225294884
thanh4+灆,thanh4,0.15668222308158875,0.47196371450144453,0.07503444475947733
thanh4+󰮯,thanh4,0.10669860988855362,0.5889854075371332,0.06948481430900875
thanh4+𫑺,thanh4,0.1555071771144867,0.4028915568085208,0.10029898550212374
thanh4+𥯉,thanh4,0.0956130176782608,0.5723000883925354,0.08517156420425785
thanh4+𠺺,thanh4,0.09914141148328781,0.6927798624428398,0.062114015223827125
thanh4+󱝪,thanh4,0.09492837637662888,0.6626919147414868,0.08302417032089779
thanh4+哖,thanh4,0.11407144367694855,0.7106726912913415,0.08074289175791988
thanh4+㖕,thanh4,0.08566805720329285,0.7542934464741221,0.06950412000344347
thanh4+𣒠,thanh4,0.12282725423574448,0.666706367757335,0.08215773154300778
thanh4+󱞦,thanh4,0.11185409128665924,0.6686157472445944,0.0786925232499905
thanh4+𫊬,thanh4,0.1272539645433426,0.5536735321472203,0.0729892693172535
thanh4+󱹙,thanh4,0.08992337435483932,0.700798493704263,0.07185354141639076
thanh4+󱤈,thanh4,0.10326415300369263,0.6556340225145223,0.08542140279113963
thanh4+𥱫,thanh4,0.08154977113008499,0.706065533306687,0.09066910325669371
thanh4+𠺼,thanh4,0.09757883101701736,0.6810520805569068,0.07425767364896262
thanh4+󱩈,thanh4,0.142496719956398,0.635068488876987,0.09604626093049333
thanh4+𪟤,thanh4,0.11873670667409897,0.6389115540744053,0.08053574381619148
thanh4+𪢊,thanh4,0.0871424749493599,0.7440205796197653,0.08356990806424945
thanh4+圚,thanh4,0.12145236134529114,0.5811198456008945,0.07363953036489045
thanh4+󱧘,thanh4,0.13602052628993988,0.6349421751563968,0.07476976472395587
thanh4+󰋓,thanh4,0.12157770246267319,0.6526211804020313,0.06983882327865332
thanh4+󱹻,thanh4,0.11413537710905075,0.5026140171834693,0.08756056845892617
thanh4+𬀦,thanh4,0.0835564061999321,0.7363834957494104,0.06599949259519929
thanh4+𬆅,thanh4,0.11610241234302521,0.6359906861348775,0.09141265548376203
thanh4+𩶽,thanh4,0.1037600040435791,0.6540815678630825,0.08337696370822116
thanh4+𠿴,thanh4,0.11988086998462677,0.6236355715630261,0.08213741328602726
thanh4+󰛕,thanh4,0.13640247285366058,0.40910048664132764,0.09571730329786736
thanh4+𰇵,thanh4,0.12610739469528198,0.7615056804011379,0.06832439983102624
thanh4+𫢖,thanh4,0.13672778010368347,0.5310908762524136,0.06473009434465112
thanh4+𪢒,thanh4,0.07846380770206451,0.735789030846061,0.07175753699140068
thanh4+󱲰,thanh4,0.13189005851745605,0.6205443413946515,0.10213121549683817
thanh4+𪥑,thanh4,0.08093361556529999,0.7351006813722514,0.081584921039885
thanh4+󱟂,thanh4,0.10999248176813126,0.7441384591049459,0.07563957267767794
thanh4+󱀄,thanh4,0.1333538144826889,0.5165031415868349,0.10352782979747145
thanh4+󱟎,thanh4,0.11437661945819855,0.5631891007234274,0.09033482976336256
thanh4+𬄹,thanh4,0.14516960084438324,0.5723588821770208,0.09517496543761965
thanh4+𨄸,thanh4,0.10535220801830292,0.5780691661041244,0.07133442435077925
thanh4+󱩙,thanh4,0.12345673143863678,0.5698272159128958,0.08078532415586259
thanh4+󱞊,thanh4,0.09454694390296936,0.6398903169034666,0.09588618641411051
thanh4+󰶅,thanh4,0.12716087698936462,0.6543570266148154,0.08187879593468911
thanh4+𤉓,thanh4,0.1184680387377739,0.6977611834936897,0.0774789974142054
thanh4+姈,thanh4,0.1164403185248375,0.6398299979640424,0.06842120126767838
thanh4+󱝻,thanh4,0.11580321937799454,0.6300657719174089,0.06479058273693306
thanh4+嘪,thanh4,0.1315731257200241,0.6787775073582982,0.06403002052426486
thanh4+𥶂,thanh4,0.0878489688038826,0.6312862095644146,0.0821844557499053
thanh4+󰌺,thanh4,0.09384080767631531,0.6657353719331643,0.07132798257882571
thanh4+𢲠,thanh4,0.13278259336948395,0.5134086336539548,0.0779961553741969
thanh4+蝔,thanh4,0.10897748917341232,0.7385677955782104,0.080241446707289
thanh4+󱟡,thanh4,0.11890537291765213,0.5302499333832907,0.08795350863982314
thanh4+𠾬,thanh4,0.1348370909690857,0.6189770861013916,0.07575608955663334
thanh4+󰃧,thanh4,0.0881175547838211,0.6337384562430262,0.08951394675261352
thanh4+𩽈,thanh4,0.11861246824264526,0.6354281631928637,0.1068437763539164
thanh4+堒,thanh4,0.08699650317430496,0.7061133388369586,0.06884770434308561
thanh4+𫫴,thanh4,0.10033559054136276,0.6441000560093743,0.0718239094036089
thanh4+𤗹,thanh4,0.1235552430152893,0.5483079160320197,0.09406118786568174
thanh4+󱝷,thanh4,0.11523260176181793,0.5022825872940138,0.08758637445474689
thanh4+𩚧,thanh4,0.10051921010017395,0.6917001673116594,0.0720226368700342
thanh4+󱤲,thanh4,0.11751379072666168,0.689291001589176,0.09259869891345267
thanh4+𣔧,thanh4,0.1348394900560379,0.5680802662208282,0.0715164728665826
thanh4+󰺥,thanh4,0.1392420530319214,0.4142451021476669,0.09464315120383067
thanh4+𠴌,thanh4,0.12167951464653015,0.6902796905414803,0.06299214932141269
thanh4+𥭑,thanh4,0.15545699000358582,0.688465986225465,0.07654158987427427
thanh4+󱙴,thanh4,0.11248132586479187,0.6871026764983966,0.08764665347068984
thanh4+󰯺,thanh4,0.0979667603969574,0.6422311850467691,0.07766314708692507
thanh4+󱤠,thanh4,0.11033768206834793,0.6874225147480597,0.06665479882787491
thanh4+󱫳,thanh4,0.10540991276502609,0.7068882326256304,0.07139394144965233
thanh4+𫥸,thanh4,0.08759694546461105,0.7309320545171376,0.06654346770904056
thanh4+󱟬,thanh4,0.12130196392536163,0.7170063924332317,0.109107133975982
thanh4+󱛴,thanh4,0.07998701930046082,0.5949528421026914,0.08252205661228224
thanh4+𡐮,thanh4,0.09331730753183365,0.6452401743440619,0.07411454664307403
thanh4+󰭔,thanh4,0.11450495570898056,0.6803778986752609,0.06240447665117734
thanh4+󱦋,thanh4,0.10456044971942902,0.649134514152362,0.07341130836993304
thanh4+𪶩,thanh4,0.10406776517629623,0.6393484234505066,0.068745134131293
thanh4+胋,thanh4,0.13933689892292023,0.6818166182540204,0.0675541037441985
thanh4+󰘵,thanh4,0.1484658420085907,0.5325976891142926,0.08393206380935313
thanh4+󰛼,thanh4,0.10158602893352509,0.6101055548150904,0.07424383949970914
thanh4+󱟏,thanh4,0.12603940069675446,0.6178258920888314,0.10711408931026734
thanh4+𠷦,thanh4,0.11702369153499603,0.6270788922663086,0.07458074926454977
thanh4+𠻉,thanh4,0.09730565547943115,0.640485658596611,0.06434090787605797
thanh4+󰧺,thanh4,0.20745128393173218,0.532911475778051,0.08292910909792219
thanh4+𡅉,thanh4,0.10567440092563629,0.7064150093649999,0.07358416946481448
thanh4+󱬊,thanh4,0.11132891476154327,0.42160998908682634,0.09359526993885302
thanh4+󱟕,thanh4,0.10151109844446182,0.5639012379071656,0.08222719666383498
thanh4+濧,thanh4,0.13894915580749512,0.6423751123255371,0.07110474295335524
thanh4+󱘓,thanh4,0.20060843229293823,0.5312408011461838,0.07512066970269811
thanh4+𬂻,thanh4,0.12170913815498352,0.5516137960128382,0.07823776453424076
thanh4+󱮺,thanh4,0.13908830285072327,0.564880071207556,0.09347250562400117
thanh4+󱼖,thanh4,0.12014159560203552,0.6562973029549227,0.08878542783159632
thanh4+󰝅,thanh4,0.12190105766057968,0.6773556546224628,0.07137332364233707
thanh4+𬏖,thanh4,0.13357976078987122,0.6689540139037085,0.0837494404348736
thanh4+𠺮,thanh4,0.09832969307899475,0.7428523451943908,0.07548027928829264
thanh4+㨫,thanh4,0.12762434780597687,0.6842473401433021,0.08414985015453165
thanh4+󰨑,thanh4,0.09462247788906097,0.5860821625413456,0.1041303648400707
thanh4+噃,thanh4,0.10855257511138916,0.669099085889986,0.07316722811454303
thanh4+󱜫,thanh4,0.1270294189453125,0.7029666472304656,0.06102424040220402
thanh4+󰮃,thanh4,0.11089778691530228,0.647584787319454,0.08956859748317937
thanh4+𬟻,thanh4,0.10559836030006409,0.7117255500167992,0.06545529255143956
thanh4+󱌡,thanh4,0.13727597892284393,0.572601115900617,0.08604106646362741
thanh4+󱡑,thanh4,0.13053715229034424,0.6818178246126999,0.07730910333216338
thanh4+𬡶,thanh4,0.13505636155605316,0.5961554727353529,0.1040718942167318
thanh4+𫬪,thanh4,0.13492707908153534,0.6210097925215958,0.09450363310127463
thanh4+𩠱,thanh4,0.13152530789375305,0.6118986056534602,0.09846149552712495
thanh4+𡃎,thanh4,0.10138469189405441,0.6559343328194454,0.07939721459823885
thanh4+󰛺,thanh4,0.09414513409137726,0.7268185033545665,0.057976510068109686
thanh4+𬠥,thanh4,0.10138300806283951,0.604343728664835,0.08392301798919566
thanh4+𠌊,thanh4,0.12437746673822403,0.668251905256785,0.08582833056662453
thanh4+󱝗,thanh4,0.10356173664331436,0.6891089801802301,0.07679890627814341
thanh4+𦛲,thanh4,0.12796898186206818,0.5642324138456966,0.082577976404635
thanh4+𠶍,thanh4,0.10619194060564041,0.5822702176623528,0.06759128887490382
thanh4+𫽠,thanh4,0.12846046686172485,0.5760877347839435,0.08328341488058981
thanh4+𤳧,thanh4,0.11030779778957367,0.5944241146057088,0.07392046738153703
thanh4+㤝,thanh4,0.10529311746358871,0.7042290349216533,0.062376934872700705
thanh4+󱝟,thanh4,0.15742529928684235,0.5496695150076116,0.08147253065323433
thanh4+鮗,thanh4,0.10059736669063568,0.6628202698012746,1.1953395079619527
thanh4+𡉎,thanh4,0.09795926511287689,0.6575360732714555,0.053146762653940555
thanh4+󱢉,thanh4,0.1516297608613968,0.5231966686798298,0.08737647988347347
thanh4+󱹜,thanh4,0.15156792104244232,0.6794152778340061,0.0791987629559152
thanh4+捠,thanh4,0.12480577826499939,0.7413869487934797,0.06060749622446122
thanh4+𪝪,thanh4,0.16508515179157257,0.5731668169386226,0.10516877557730768
thanh4+䀭,thanh4,0.11482199281454086,0.4646455551018477,0.08364723089059377
thanh4+󱡰,thanh4,0.14061149954795837,0.6607810872189764,0.08190381573801585
thanh4+󰂄,thanh4,0.1379125416278839,0.6867950850405483,0.06642227989911607
thanh4+󱩛,thanh4,0.12486354261636734,0.5480707223112227,0.0910397303621674
thanh4+󱝸,thanh4,0.14013612270355225,0.7056586304413438,0.08368980256557168
thanh4+󱗳,thanh4,0.1109774261713028,0.6429657692765197,0.07484754287691682
thanh4+𡔒,thanh4,0.128893181681633,0.60247458406953,0.0929545707697199
thanh4+𠹌,thanh4,0.08881762623786926,0.6688858347865848,0.09587860368405039
thanh4+󱝾,thanh4,0.08748538047075272,0.6673109138133495,0.08966476599160834
thanh4+𫬱,thanh4,0.09475007653236389,0.6725825416237008,0.0835910214439461
thanh4+𠻅,thanh4,0.13282839953899384,0.6623805867511293,0.06795254140731076
thanh4+𪂱,thanh4,0.1581571400165558,0.5078425348043549,0.08252313466860499
thanh4+𫆶,thanh4,0.12320651113986969,0.5496980672013716,0.07968221621918996
thanh4+𥙒,thanh4,0.1519196778535843,0.6553225623170164,0.08504210662174903
thanh4+󱋰,thanh4,0.13639679551124573,0.6260793624915664,0.0737553196030499
thanh4+󱟮,thanh4,0.1186036467552185,0.4753257208875343,0.12000372600170671
thanh4+𧞣,thanh4,0.14107659459114075,0.5520118884694798,0.09416223861460749
thanh4+𦟏,thanh4,0.10281509906053543,0.7175614442370248,0.08393510531686123
thanh4+󱨨,thanh4,0.120183564722538,0.6401353212717054,0.1034500909280364
thanh4+󰄜,thanh4,0.19028055667877197,0.3074838186493034,0.090202027390338
thanh4+唥,thanh4,0.10148055851459503,0.7327093590541135,0.06103568811594611
thanh4+𬄪,thanh4,0.10022494941949844,0.5350035681409233,0.0750393815706354
thanh4+𠻱,thanh4,0.12009429931640625,0.7120199540437554,0.07025822394926262
thanh4+󱦪,thanh4,0.13153919577598572,0.4097933945079978,0.08872115496959639
thanh4+󱫠,thanh4,0.100546695291996,0.6232439593697958,0.07833125319077526
thanh4+𥮈,thanh4,0.1364625096321106,0.5414284914340403,0.07410481286976144
thanh4+󱨕,thanh4,0.11812155693769455,0.6510226514394075,0.09342923754728401
thanh4+𨆟,thanh4,0.11489280313253403,0.6468899403507171,0.08630121857789023
thanh4+󱥻,thanh4,0.10328121483325958,0.7459202969398955,0.08023309792330123
thanh4+𤄷,thanh4,0.12310825288295746,0.5819218878812793,0.08660690890662759
thanh4+𥋲,thanh4,0.15090897679328918,0.4765071292770003,0.08662269535094484
thanh4+𬉌,thanh4,0.09953993558883667,0.6123230011454379,0.0824421369258624
thanh4+𡓾,thanh4,0.1207289919257164,0.5734819020512846,0.09048662771170306
thanh4+󱝹,thanh4,0.13027086853981018,0.6045396824715102,0.08334886561759976
thanh4+𪰰,thanh4,0.1401393711566925,0.6575676343038358,0.07002699094175012
thanh4+𩯁,thanh4,0.1380913406610489,0.6354993858297242,0.12972530616991154
thanh4+𤯱,thanh4,0.1125272661447525,0.6800936036215189,0.07979900575458444
thanh4+󱚒,thanh4,0.09839966148138046,0.6788202774147056,0.09022725665239983
thanh4+󱀰,thanh4,0.1423122137784958,0.4879870146864257,0.07543373355242222
thanh4+𫴬,thanh4,0.1544369012117386,0.6776474706807173,0.0721579765100349
thanh4+󱛣,thanh4,0.09260092675685883,0.6916396624894477,0.07634451531886054
thanh4+󱞖,thanh4,0.11390308290719986,0.6038932420700109,0.07537162724516516
thanh4+󱠡,thanh4,0.1266758143901825,0.639772573114669,0.09774635125813502
thanh4+󱓍,thanh4,0.15137287974357605,0.5302993202070657,0.09232325049224666
thanh4+󱟉,thanh4,0.11312056332826614,0.6571202121285035,116.22653214120452
thanh4+𡁼,thanh4,0.11984853446483612,0.6335889126547941,0.07047522798581117
thanh4+𡉖,thanh4,0.12069699168205261,0.7281894122307286,0.05255764569040774
thanh4+󰭂,thanh4,0.13908198475837708,0.6425264763438923,0.07083470633313263
thanh4+𡁝,thanh4,0.1266951858997345,0.6810010116612205,0.13844985827192566
thanh4+𣌌,thanh4,0.12428107112646103,0.5053921591949537,0.08734819808570482
thanh4+󱙤,thanh4,0.09383702278137207,0.7161002026681149,0.06495746857413633
thanh4+󱞈,thanh4,0.09316137433052063,0.6931025316375308,0.09567839669284643
thanh4+㖗,thanh4,0.12802864611148834,0.6516145788252748,0.07118357023836365
thanh4+啩,thanh4,0.12164286524057388,0.6706539019278916,0.07453760031402124
thanh4+𡎔,thanh4,0.09333498775959015,0.7234409785935515,0.36585873585640033
thanh4+𬈗,thanh4,0.12444034218788147,0.6198468673613002,0.09110596107143933
thanh4+󱚰,thanh4,0.08008507639169693,0.7280773770160499,0.0851160297402954
thanh4+󱞙,thanh4,0.12655459344387054,0.6115264370729847,0.07059807896921429
thanh4+𦼜,thanh4,0.12423695623874664,0.667324155961134,0.07179252235677593
thanh4+󱭷,thanh4,0.14744073152542114,0.6183115055809882,0.11683756293135279
thanh4+󰘇,thanh4,0.15345162153244019,0.5189120482553634,0.09610204946344551
thanh4+󰊈,thanh4,0.12442069500684738,0.6579839143279841,0.06766436693850543
thanh4+󱞗,thanh4,0.09589763730764389,0.7428590039107179,0.06974940109470511
thanh4+𡮛,thanh4,0.12036411464214325,0.5996774404915747,0.07025200708585083
thanh4+󰅬,thanh4,0.13615930080413818,0.7151988063729318,0.08188932295415682
thanh4+𫮡,thanh4,0.11136824637651443,0.6417555801500373,0.07249014307215766
thanh4+󱲥,thanh4,0.11082947999238968,0.6128096670703055,0.07482574530818492
thanh4+𠶅,thanh4,0.13560467958450317,0.6541358297812664,0.06675220807833386
thanh4+𠴹,thanh4,0.10879567265510559,0.7205300865256619,0.06392823627778788
thanh4+󱯧,thanh4,0.15134598314762115,0.7035629693126129,0.08731872171272444
thanh4+󱯄,thanh4,0.11244403570890427,0.6219524232212246,0.08985843099815977
thanh4+𪮩,thanh4,0.11169232428073883,0.6641916917862637,0.08214153095357975
thanh4+󰤣,thanh4,0.1358814835548401,0.530997616118305,0.07760848196570495
thanh4+𢪭,thanh4,0.10296846181154251,0.6813644015873612,0.07080910932060076
thanh4+𢶽,thanh4,0.13199327886104584,0.6283591762794775,0.08745781979674787
thanh4+󱦮,thanh4,0.11924854665994644,0.6654198391656491,0.08765150881813388
thanh4+𫛈,thanh4,0.14217032492160797,0.5950519781655829,0.12090164333355147
thanh4+𬞰,thanh4,0.10399819910526276,0.6016936381174303,0.10921639378325047
thanh4+𠮨,thanh4,0.08821547776460648,0.7452175083881943,0.04671070756028786
thanh4+󱡴,thanh4,0.14311476051807404,0.6664035408466252,0.08725278743661848
thanh4+𪤸,thanh4,0.1363038420677185,0.6622433621544248,0.06904105801195916
thanh4+󱜆,thanh4,0.11133715510368347,0.5617690496363772,0.08284416220874548
thanh4+𪡴,thanh4,0.0735524445772171,0.6812475936764807,0.07500194620001688
thanh4+󱨿,thanh4,0.1337995082139969,0.5714479432705147,0.08936977845942823
thanh4+𤬪,thanh4,0.11365512013435364,0.720840712340811,0.06819518322793476
thanh4+󱝢,thanh4,0.12092182040214539,0.5464920414551087,0.0876828349848695
thanh4+󱰮,thanh4,0.10082042217254639,0.6177682580264975,0.09829786380279283
thanh4+󱠧,thanh4,0.11779432743787766,0.709674893168691,0.08151361277699441
thanh4+𡑪,thanh4,0.09270843863487244,0.6746736456362858,0.06801999510527497
thanh4+󱱣,thanh4,0.09722467511892319,0.5854493474212021,0.08657750133329332
thanh4+𥐨,thanh4,0.15992935001850128,0.47800338895742694,0.06349557010760731
thanh4+󰌋,thanh4,0.1229492574930191,0.6151009092262271,0.103003952754831
thanh4+󱜌,thanh4,0.10876192152500153,0.6970119448121876,0.04965695382028057
thanh4+󱥪,thanh4,0.11919448524713516,0.5580809812228171,0.085542029873448
thanh4+𠴇,thanh4,0.09982001781463623,0.7270363916798844,0.07024564717035847
thanh4+󱛋,thanh4,0.11724892258644104,0.6964136433091501,0.0814606229324819
thanh4+𧜐,thanh4,0.14327430725097656,0.5811747568071581,0.15129736015867848
thanh4+󱙵,thanh4,0.10778192430734634,0.6668014072550418,0.09779541342131871
thanh4+𣻢,thanh4,0.10733959078788757,0.6769318962272234,0.07968587389023836
thanh4+㨲,thanh4,0.14474208652973175,0.5367787775338112,0.07613773451908462
thanh4+𠿱,thanh4,0.11900514364242554,0.6033225932703394,0.08531420325757189
thanh4+󱓇,thanh4,0.12925668060779572,0.620762861510478,0.08439784170480091
thanh4+𤄮,thanh4,0.1187562346458435,0.6576283208420359,0.09625503391023625
thanh4+𬕷,thanh4,0.129086434841156,0.6585464723995096,0.11330337552466667
thanh4+󰘓,thanh4,0.10609743744134903,0.6925357902326704,0.08035937295411798
thanh4+𡕩,thanh4,0.12424682080745697,0.715001618537301,0.09895244947838729
thanh4+󱯛,thanh4,0.13845865428447723,0.6699430756737573,0.07425340171288852
thanh4+𡑭,thanh4,0.1087745726108551,0.744467407328049,0.6601127782224636
thanh4+𪶵,thanh4,0.12230860441923141,0.61223092730293,0.07542635332801778
thanh4+󱝨,thanh4,0.12776832282543182,0.5837763562919296,0.10156374055021221
thanh4+𤲼,thanh4,0.08773905783891678,0.6541607669183912,0.0928604439306112
thanh4+𫅰,thanh4,0.12128199636936188,0.5729850674254454,0.07365629597335917
thanh4+㗩,thanh4,0.13266117870807648,0.5948679280129258,0.07531043888577041
thanh4+󱟱,thanh4,0.08930417150259018,0.8030752801431389,0.04717475020536899
thanh4+󱢅,thanh4,0.11545956134796143,0.6563859497067708,0.07812741572694935
thanh4+󱙲,thanh4,0.1309351921081543,0.4911754585904229,0.07407403961190696
thanh4+󱤾,thanh4,0.1482744663953781,0.6297586504532807,0.0747963068581156
thanh4+󱡗,thanh4,0.16665734350681305,0.43823425070154864,0.07191607866734434
thanh4+𫢧,thanh4,0.13399960100650787,0.6637806137953607,0.07723183230918607
thanh4+𫕹,thanh4,0.09813021868467331,0.6528855855974074,0.07579437273923843
thanh4+𡅍,thanh4,0.12590964138507843,0.6773700779554745,0.09126448941651699
thanh4+埨,thanh4,0.12646321952342987,0.6761406522839092,0.07822589263729801
thanh4+󱟠,thanh4,0.1587476283311844,0.6400209024478997,0.07735844138764364
thanh4+󱦡,thanh4,0.11172880977392197,0.5929497403826981,0.08206091604695741
thanh4+䓬,thanh4,0.10166288912296295,0.7122904105819137,0.06836559295387284
thanh4+󱥥,thanh4,0.15665869414806366,0.672678468886787,0.08619193956895642
thanh4+󱟝,thanh4,0.13419406116008759,0.6961814438916005,0.06821560058998354
thanh4+𩸴,thanh4,0.10681140422821045,0.6375898982485126,1.6373513688183599
thanh4+󱳴,thanh4,0.11497768014669418,0.6548204693751443,0.08978332294396528
thanh4+󱮮,thanh4,0.13622687757015228,0.6700406030042318,0.08839615125367194
thanh4+󱛢,thanh4,0.13331034779548645,0.5491537954119222,0.07468859710147133
thanh4+𡎤,thanh4,0.12954269349575043,0.5982610335925527,0.07074409666025648
thanh4+󰧙,thanh4,0.09683554619550705,0.7261042474461372,0.06444341902299187
thanh4+𥴙,thanh4,0.11777819693088531,0.5182210152026235,0.07975555510636606
thanh4+𫫛,thanh4,0.1323087215423584,0.5553496972234278,0.07358204520178446
thanh4+𠸫,thanh4,0.09563379734754562,0.7062043820177936,0.07710743571486531
thanh4+󱜴,thanh4,0.11032643169164658,0.7444520547728903,0.08373138609595648
thanh4+𪡦,thanh4,0.09089098870754242,0.6832099439426652,0.07195162146647699
thanh4+𪺇,thanh4,0.12171559035778046,0.6250406496971456,0.11149092938099463
thanh4+𬗏,thanh4,0.11022336781024933,0.6355343563037505,0.07453320295567889
thanh4+󱙷,thanh4,0.12354439496994019,0.7003218177572164,0.10222848802922913
thanh4+󱭧,thanh4,0.09751427173614502,0.7099231037067304,0.07785816424594814
thanh4+𪺛,thanh4,0.14132551848888397,0.6813950352336575,0.07403632403747107
thanh4+𡏯,thanh4,0.08741021901369095,0.6034420677206229,0.061687277941562646
thanh4+󱞮,thanh4,0.16079135239124298,0.709537284847143,0.08275157273055304
thanh4+󱟪,thanh4,0.12519967555999756,0.6474740126906322,0.07481527917133796
thanh4+𪦎,thanh4,0.10089030861854553,0.6556417724371535,0.07551041458144224
thanh4+侱,thanh4,0.12142466753721237,0.6485354065993687,0.0660218324315623
thanh4+󱚳,thanh4,0.12109414488077164,0.7068765816458024,0.0732376869776681
thanh4+𬖩,thanh4,0.148126021027565,0.5147450108622171,0.07627283308684972
thanh4+𩵾,thanh4,0.10394880175590515,0.7313814237835937,0.06357916100638171
thanh4+𪢘,thanh4,0.10747089982032776,0.6792376008937258,0.08808131541702248
thanh4+𡌩,thanh4,0.12573574483394623,0.5285483397019716,0.06941111627057496
thanh4+鯑,thanh4,0.13211610913276672,0.6398712340401427,0.08148123175989737
thanh4+𬄃,thanh4,0.10528687387704849,0.7240988330885766,0.07922994380084986
thanh4+𫼰,thanh4,0.10791882127523422,0.6880423940649935,0.07251945287008538
thanh4+𪢠,thanh4,0.11488202959299088,0.5973170999480644,0.07884254061783158
thanh4+婫,thanh4,0.11212355643510818,0.661836369125023,0.06642843169813968
thanh4+󱏛,thanh4,0.13596875965595245,0.6787485643114728,0.0672460245868504
thanh4+𡃝,thanh4,0.12187185138463974,0.6538181445419989,0.08396590964715213
thanh4+䐥,thanh4,0.13202261924743652,0.5585228975959016,0.08282412503931541
thanh4+𡏠,thanh4,0.11909018456935883,0.5197285870015292,0.07635744923606003
thanh4+󰢜,thanh4,0.14216409623622894,0.4910763041023714,0.08134729616252102
thanh4+󱛵,thanh4,0.09366216510534286,0.6678227624238261,0.07340460446014518
thanh4+𣎞,thanh4,0.11524288356304169,0.610827790418846,0.08709467756959517
thanh4+󰝎,thanh4,0.11879527568817139,0.6737987834381822,0.07288363533479043
thanh4+󱥭,thanh4,0.13258905708789825,0.6416789715539121,0.10027014570850011
thanh4+󱝖,thanh4,0.1669047623872757,0.6905219822477857,0.0787533797107177
thanh4+󱳒,thanh4,0.09642636775970459,0.6231253132776624,0.08779640376228232
thanh4+𪢷,thanh4,0.07705935090780258,0.7789705014272502,0.0716108544334035
thanh4+𢴊,thanh4,0.1290518343448639,0.5859268705347931,0.09546480780105342
thanh4+𡫡,thanh4,0.13300785422325134,0.6131533603071261,0.08250648935235869
thanh4+𮫷,thanh4,0.13148388266563416,0.7058506758104797,0.08077491924845993
thanh4+𡂷,thanh4,0.0891909971833229,0.73567843481337,0.07747970734937329
thanh4+𠻇,thanh4,0.10639996081590652,0.6794437328185896,0.07425754785067407
thanh4+𫧟,thanh4,0.15479369461536407,0.6400838356017234,0.06562958487572718
thanh4+𠽂,thanh4,0.13804671168327332,0.6170682139686222,0.07375841516106575
thanh4+󱘰,thanh4,0.10273496061563492,0.7055545006221051,0.09803809948326447
thanh4+𡃙,thanh4,0.08563725650310516,0.7122048980643485,0.07645420932889536
thanh4+󱥦,thanh4,0.12957891821861267,0.6078222053444893,0.08140671969860404
thanh4+𬞑,thanh4,0.12396783381700516,0.621830542416719,0.08255287780480668
thanh4+󱪱,thanh4,0.12547962367534637,0.5970016072262728,0.09415310435597717
thanh4+𠴭,thanh4,0.11366287618875504,0.639304054771384,0.06394043631800371
thanh4+𫄋,thanh4,0.11711388826370239,0.6156929974406335,0.10406160680105132
thanh4+𫪁,thanh4,0.11260412633419037,0.6774993750729946,0.071632336616036
thanh4+󱞝,thanh4,0.09730031341314316,0.7413391259393344,0.07828613177051613
thanh4+󰭙,thanh4,0.1695915162563324,0.5921907714905427,0.07842136781948801
thanh4+󱌰,thanh4,0.1492806077003479,0.6718333916083487,0.053232038899069994
thanh4+󱠼,thanh4,0.14030951261520386,0.6721090129710088,0.06362931726660989
thanh4+󰂛,thanh4,0.10962451994419098,0.6085311823350936,0.0692398078909201
thanh4+󱘠,thanh4,0.10889816284179688,0.5749469143091639,0.09574625165451633
thanh4+󱝒,thanh4,0.08538196980953217,0.6830828038935759,0.06645012962695401
thanh4+󱰐,thanh4,0.15874046087265015,0.6063067073367691,0.09063906153395342
thanh4+𬖵,thanh4,0.09987428039312363,0.6134150380338222,0.11007059384110318
thanh4+𰈨,thanh4,0.09530678391456604,0.6553979994258322,0.07723583924552106
thanh4+󱦩,thanh4,0.16990363597869873,0.3890801770165281,0.0844822152805491
thanh4+𰦫,thanh4,0.07517936080694199,0.719093051843045,0.06947174042716041
thanh4+𬮷,thanh4,0.12860457599163055,0.4183445573555762,0.09960323981194708
thanh4+𢙬,thanh4,0.14751417934894562,0.6499034601730148,0.06521747309162895
thanh4+𪀆,thanh4,0.10815276205539703,0.6353360467948798,0.09247151703668133
thanh4+𪡿,thanh4,0.10609506070613861,0.6687772535157279,0.07497796628173946
thanh4+󰐨,thanh4,0.10556714236736298,0.7031298487739442,0.08411584783001176
thanh4+𬓓,thanh4,0.12657324969768524,0.5893931477904775,0.09279969977830438
thanh4+󱞆,thanh4,0.11569877713918686,0.6402353195341941,0.08821036365392286
thanh4+󱩬,thanh4,0.1351713389158249,0.6667250396806367,0.08173219336001396
thanh4+𤣡,thanh4,0.14048978686332703,0.6593713707974653,0.09919547022356275
thanh4+𪢜,thanh4,0.10302020609378815,0.6446086078579194,0.07237449203755286
thanh4+󱘧,thanh4,0.1360241174697876,0.5312831130371404,0.07343546887893833
thanh4+𭈒,thanh4,0.1661067008972168,0.5784174724684007,0.09102347249703606
thanh4+𧟝,thanh4,0.13815762102603912,0.48289874848119185,0.1091152440197357
thanh4+𥌈,thanh4,0.14187680184841156,0.5788598927617479,0.09921240623069442
thanh4+𥶱,thanh4,0.10442230850458145,0.6992931164293084,0.08879166250276947
thanh4+󱬑,thanh4,0.08976475149393082,0.6271897909927027,0.07657593249642881
thanh4+𦨭,thanh4,0.10947305709123611,0.5773542229659654,0.08463230767046637
thanh4+󱠑,thanh4,0.10970161855220795,0.6763961489762602,0.08108453179427964
thanh4+𰋝,thanh4,0.14796610176563263,0.6366880536698292,0.06016704115119633
thanh4+𭉷,thanh4,0.10827329754829407,0.6964600515527499,0.06643965737467483
thanh4+󱹓,thanh4,0.1282101422548294,0.5633912181881509,0.08648899668648545
thanh4+𢷰,thanh4,0.13430969417095184,0.6106622198539396,0.08379755552617578
thanh4+𮤭,thanh4,0.16000688076019287,0.6146898378484276,0.07521737525669002
thanh4+󱹺,thanh4,0.10448870062828064,0.5512946127564127,0.07903114930580363
thanh4+󱮧,thanh4,0.11875569820404053,0.6452161213594932,0.0926773470561549
thanh4+𠴘,thanh4,0.08721577376127243,0.7046085686096143,0.062119808811263
thanh4+𧋸,thanh4,0.10992994904518127,0.7144444997453816,0.07667467754923026
thanh4+𫢶,thanh4,0.10565535724163055,0.6606200386415658,0.07753849081434626
thanh4+𣖗,thanh4,0.13790836930274963,0.49214532395420557,0.0810389786117564
thanh4+𪡆,thanh4,0.12388047575950623,0.5890227592583477,0.07330362933298683
thanh4+𡜒,thanh4,0.0650794580578804,0.6872185122048475,0.17850815614070017
thanh4+󱹡,thanh4,0.12350539863109589,0.5385227175567514,0.07422245301032777
thanh4+󱜾,thanh4,0.1050967276096344,0.6766058513412229,0.07710912669169806
thanh4+𬕳,thanh4,0.12830688059329987,0.6617054477001878,0.07671448316614665
thanh4+󱜖,thanh4,0.11358864605426788,0.6366300273975326,0.06952087926535956
thanh4+𮜲,thanh4,0.11676984280347824,0.687747491268781,0.09792583941531453
thanh4+󱛅,thanh4,0.09427127242088318,0.687123998734876,0.07943101255416017
thanh4+𠏠,thanh4,0.12450789660215378,0.6912903401734638,0.07259025767817033
thanh4+溒,thanh4,0.08511313796043396,0.7102738857418393,0.07254172416335511
thanh4+𠿵,thanh4,0.12560707330703735,0.5416308716838294,0.08141233289971782
thanh4+󱉲,thanh4,0.12531830370426178,0.6012205368395953,0.11222955047727907
thanh4+𠾺,thanh4,0.11566156148910522,0.6460638689555183,0.07806227328523774
thanh4+󰞘,thanh4,0.15481972694396973,0.6622438314554489,0.05168299881350421
thanh4+𡓯,thanh4,0.10230649262666702,0.581289286822874,0.096754345035605
thanh4+𢯝,thanh4,0.1536443680524826,0.6643754759424749,0.08090210628784077
thanh4+󰢽,thanh4,0.10574304312467575,0.7330487754864015,0.07075125738210182
thanh4+󰅲,thanh4,0.15382248163223267,0.5876211318962625,0.0741637401644258
thanh4+㘢,thanh4,0.177962526679039,0.5558931208828642,0.06829903010155886
thanh4+󱟨,thanh4,0.12575365602970123,0.579607991714612,0.0698224562254277
thanh4+𨂗,thanh4,0.09700705111026764,0.6742962152085011,0.08160196749642634
thanh4+󰬨,thanh4,0.10365433990955353,0.6422296415936322,0.0727537343633894
thanh4+𫲼,thanh4,0.13224926590919495,0.6852054833727237,0.09053839144873972
thanh4+󱨇,thanh4,0.14128346741199493,0.5540315403344456,0.06870812458502658
thanh4+𩼁,thanh4,0.11837633699178696,0.6413090867469387,0.08149081940454027
thanh4+󰛈,thanh4,0.11208991706371307,0.6920703118595889,0.07895307862080447
thanh4+󰡊,thanh4,0.0862206295132637,0.6967714148899942,0.07803755938222255
thanh4+𩛸,thanh4,0.10534681379795074,0.7190412054810492,0.07501376525541964
thanh4+𡇻,thanh4,0.12173983454704285,0.6399673668102128,0.07345242105072566
thanh4+𫞡,thanh4,0.1262928992509842,0.6109399834825507,0.06906490040885284
thanh4+𠶈,thanh4,0.12568385899066925,0.5779545626504017,0.0627324729847293
thanh4+堹,thanh4,0.12751905620098114,0.6088851246092969,0.0707307571124771
thanh4+𠲏,thanh4,0.10125234723091125,0.6806851997932714,0.06294665273839888
thanh4+󰞬,thanh4,0.11592794954776764,0.40005976784238706,0.09470843625873916
thanh4+蓸,thanh4,0.08331528306007385,0.7199254707850031,0.08772778397306576
thanh4+𦲼,thanh4,0.09429585188627243,0.6265274384405165,0.08437965187424408
thanh4+󱤒,thanh4,0.1400638371706009,0.5017237559865795,0.0828924647370531
thanh4+󱚑,thanh4,0.1368584781885147,0.6403499258117861,0.07437627075817016
thanh4+䰺,thanh4,0.1506768763065338,0.4483413526298987,0.08149012818513567
thanh4+󱞻,thanh4,0.1239117756485939,0.6863215669004475,0.08758562911605274
thanh4+𠸄,thanh4,0.08951685577630997,0.6379031684635715,0.06870934498787451
thanh4+󱓦,thanh4,0.14593815803527832,0.5782879544514903,0.08820107397854719
thanh4+󱫴,thanh4,0.13079775869846344,0.5701405188672115,0.09973966079082404
thanh4+𥵉,thanh4,0.14017930626869202,0.5963682454383489,0.07814894280945485
thanh4+𠱻,thanh4,0.12172265350818634,0.7104038557910046,0.07863125860350857
thanh4+󰢉,thanh4,0.10718778520822525,0.6571291327221338,0.07489915307424687
thanh4+𪣮,thanh4,0.13351579010486603,0.5921157942185037,0.06846064267906808
thanh4+󱥑,thanh4,0.12101346254348755,0.6748899344196506,0.08348229554703472
thanh4+𡁚,thanh4,0.08139277994632721,0.6506754208836913,0.07676624764252547
thanh4+󱰗,thanh4,0.1280393898487091,0.6232012955600086,0.09232825121218084
thanh4+󱛱,thanh4,0.1275741010904312,0.6263460839134161,0.07675429405657246
thanh4+𢹊,thanh4,0.13050058484077454,0.651112995174024,0.08578066813141223
thanh4+𡃜,thanh4,0.1107024997472763,0.6301828399300355,0.07531731474719447
thanh4+󱝑,thanh4,0.1292698085308075,0.564758865562706,0.06641686967547254
thanh4+𡀇,thanh4,0.11176126450300217,0.5385539813584411,0.07489562033759901
thanh4+󱰖,thanh4,0.13102304935455322,0.5913980134093983,0.08501865342045271
thanh4+𡁛,thanh4,0.08312037587165833,0.6759869965613416,0.08284490831366668
thanh4+󱣗,thanh4,0.1322321891784668,0.6551661577150195,0.07839528097822644
thanh4+󰬲,thanh4,0.12165465950965881,0.6977819002357353,0.08342291475417783
thanh4+𤼞,thanh4,0.1457042098045349,0.5879011820492652,0.09297506869685056
thanh4+𪱎,thanh4,0.1268606185913086,0.6568668283753548,0.08624454693589195
thanh4+󱋃,thanh4,0.10606841742992401,0.624669432124105,0.07067508926027888
thanh4+睈,thanh4,0.09764349460601807,0.7097604826730756,0.07441476215894742
thanh4+𤁔,thanh4,0.12951955199241638,0.5648407367185867,0.09150665930885572
thanh4+󱬻,thanh4,0.11583705246448517,0.6317341006523296,0.09089908030078749
thanh4+󱪼,thanh4,0.12565383315086365,0.5162307585945358,0.1011529537773475
thanh4+󱪉,thanh4,0.13851454854011536,0.6108014036767226,0.0955368562021242
thanh4+哠,thanh4,0.15005800127983093,0.671822452884261,0.07658469174087328
thanh4+󱫗,thanh4,0.1346011459827423,0.6110930088716486,0.08359551875540443
thanh4+𫪄,thanh4,0.09797532856464386,0.7525513921696926,0.06583557862009422
thanh4+𡃓,thanh4,0.11658082902431488,0.6429947532152238,0.08586315422259684
thanh4+󱞣,thanh4,0.13973256945610046,0.5851232100134457,0.07120332449458115
thanh4+𪖺,thanh4,0.10780888795852661,0.645362695731597,0.08838083847105245
thanh4+𦟑,thanh4,0.1286180466413498,0.6888495924510347,0.07836317663490679
thanh4+𫔬,thanh4,0.12047435343265533,0.6380501777880814,0.06222687481452658
thanh4+𪡱,thanh4,0.08244641870260239,0.6294886465353166,0.08106401417399993
thanh4+󰂻,thanh4,0.1244485154747963,0.5844249216034872,0.08917005436001234
thanh4+󱗘,thanh4,0.11642154306173325,0.670827678065176,0.0753583687759918
thanh4+𠿁,thanh4,0.07976679503917694,0.6994445529802026,0.07068271363700797
thanh4+󱼒,thanh4,0.15419016778469086,0.6812779809908637,0.08993061803600517
thanh4+𰈏,thanh4,0.12453591078519821,0.6620384771645261,0.0740414796619141
thanh5+𧌂,thanh5,0.0865425243973732,0.6874695851963768,0.19784162947896586
thanh5+𡁽,thanh5,0.11499734967947006,0.6402324573534984,0.2683319589569872
thanh5+󰡊,thanh5,0.07488168030977249,0.6981599731680815,0.14425947928999813
thanh5+偖,thanh5,0.10010132938623428,0.6631101159809201,0.2311524395252785
thanh5+󱥭,thanh5,0.12688253819942474,0.5594946066376922,0.36418271213372
thanh5+𬂨,thanh5,0.11046064645051956,0.5302958750683625,0.267004259944869
thanh5+󱝒,thanh5,0.06757917255163193,0.6927767174401239,0.1552216688148722
thanh5+󰠎,thanh5,0.10751931369304657,0.6704627416975968,0.2678663941779698
thanh5+𩹹,thanh5,0.10115386545658112,0.603397088223033,0.32282496818254647
thanh5+𢶽,thanh5,0.11282914876937866,0.582476431444839,0.33778028343660454
thanh5+󰘇,thanh5,0.11482035368680954,0.24339744439230784,0.28114402095067176
thanh5+󱞟,thanh5,0.14041122794151306,0.517351788266793,0.4342355057947844
thanh5+𨮉,thanh5,0.1398569941520691,0.46390174892753255,0.2918611562457995
thanh5+󰘓,thanh5,0.12436819076538086,0.6507141980895109,0.22310459219680712
thanh5+𠷥,thanh5,0.137868732213974,0.5218314226981035,0.29580334449825013
thanh5+𪢊,thanh5,0.09677529335021973,0.6873177213549447,0.25531178526478654
thanh5+󱌰,thanh5,0.10198827087879181,0.6382888685067717,0.09044109306269525
thanh5+𭰺,thanh5,0.14667513966560364,0.6224581803889213,0.31870029572898306
thanh5+󱨇,thanh5,0.13762474060058594,0.6331143136686569,0.22575546409477495
thanh5+󱚍,thanh5,0.08386558294296265,0.6995609718281637,0.16559523149182562
thanh5+󰢣,thanh5,0.11766402423381805,0.5580874321561831,0.368543210468342
thanh5+𧞿,thanh5,0.132522314786911,0.3647825019195105,0.33129144189900733
thanh5+󰸪,thanh5,0.08558577299118042,0.6110536539254292,0.26997419441371734
thanh5+󱞻,thanh5,0.12171420454978943,0.5813334580769361,0.17558962876748554
thanh5+󱚒,thanh5,0.10519962012767792,0.6271428652902576,0.24173322732355343
thanh5+𡫫,thanh5,0.13204099237918854,0.5308250510461474,0.7956947642973234
thanh5+󱬊,thanh5,0.09764452278614044,0.5270012133025447,0.2592665080517131
thanh5+󱦅,thanh5,0.11944139003753662,0.42684432798859845,0.2219062998584521
thanh5+󱰯,thanh5,0.1312882900238037,0.6703100770681082,0.19531103107075368
thanh5+󱩸,thanh5,0.1373526155948639,0.49090566869145974,0.25855082078295843
thanh5+󱩩,thanh5,0.12587207555770874,0.5766564009063615,0.3528842696635422
thanh5+堒,thanh5,0.09160911291837692,0.6967903899985644,0.1683122004426618
thanh5+󱞐,thanh5,0.11758981645107269,0.6179995934192947,0.31149429486085395
thanh5+󱰪,thanh5,0.09920583665370941,0.572127835720793,0.3027691593343274
thanh5+𤊤,thanh5,0.1144513189792633,0.5915053646631978,0.3817313996245418
thanh5+󱞽,thanh5,0.13460150361061096,0.5407351146305521,0.5200086509801114
thanh5+鏙,thanh5,0.10681115835905075,0.5848926405022218,0.2525553142479215
thanh5+湳,thanh5,0.11872763931751251,0.506050078184538,0.29558896283349706
thanh5+󱢣,thanh5,0.09866051375865936,0.6264762512467387,0.24200294829484167
thanh5+𦷬,thanh5,0.09253382682800293,0.6040623643568627,0.2972188128878168
thanh5+𫭅,thanh5,0.10602562129497528,0.6162403225083425,0.2446790512400215
thanh5+𡪦,thanh5,0.13233909010887146,0.579061473667779,2.0197835600958904
thanh5+󱢅,thanh5,0.11143016815185547,0.6073405498639924,0.3390483070335583
thanh5+󱋃,thanh5,0.09553676843643188,0.6872029896942212,0.21538361995805264
thanh5+娫,thanh5,0.1224980503320694,0.4944574778819534,0.2923103158969469
thanh5+𫆶,thanh5,0.08259580284357071,0.6701839907766886,0.19709426977497502
thanh5+𠴹,thanh5,0.13560643792152405,0.6526795190599144,0.2450997385263457
thanh5+𤐠,thanh5,0.13951051235198975,0.5883341372129471,0.40483613404859975
thanh5+𡅯,thanh5,0.10301761329174042,0.670805367332367,0.2901554049550253
thanh5+󱛥,thanh5,0.11781488358974457,0.5692378662986626,0.3180381730846091
thanh5+󱥦,thanh5,0.11834119260311127,0.5872554525864231,0.46218005074885266
thanh5+𦟟,thanh5,0.10437056422233582,0.5082223460817854,0.2760229222474465
thanh5+𤹕,thanh5,0.10701155662536621,0.6075932643532852,0.2598616114869963
thanh5+埨,thanh5,0.1076878160238266,0.5154081251728508,0.18661622003949882
thanh5+㗭,thanh5,0.10790418833494186,0.6278642867285127,0.24157120024620063
thanh5+󰈠,thanh5,0.09700879454612732,0.6587535337420941,0.18148351333329837
thanh5+󱝑,thanh5,0.14203636348247528,0.6296277875783036,0.21519035352038193
thanh5+󱺃,thanh5,0.09680252522230148,0.6655993900388758,0.26150971341118906
thanh5+𥵖,thanh5,0.11411929875612259,0.5991683374082263,0.36304407295171237
thanh5+𪥘,thanh5,0.09511222690343857,0.7308551503901362,0.24347730612903107
thanh5+󱅒,thanh5,0.16301405429840088,0.4301973747777267,0.5674996082243841
thanh5+󱚭,thanh5,0.0940369963645935,0.6234324158818189,0.3088775989587565
thanh5+𡏯,thanh5,0.07072336226701736,0.7114617543887545,0.19727766168422986
thanh5+𫥿,thanh5,0.11926398426294327,0.5917614252618054,0.2658449987007748
thanh5+󱛙,thanh5,0.09271124750375748,0.7209331950621007,0.18324431605063393
thanh5+𦟖,thanh5,0.10296162217855453,0.630610069989129,0.2709929285429374
thanh5+𫇿,thanh5,0.10466381907463074,0.6432699053006979,0.20224203857258374
thanh5+𨔌,thanh5,0.11097392439842224,0.6087109481549606,0.35333087737766067
thanh5+󱹡,thanh5,0.13402369618415833,0.5341140767598896,0.3753336588456835
thanh5+𧒅,thanh5,0.11589958518743515,0.5901434692294211,0.37489541335589927
thanh5+󱫑,thanh5,0.101063571870327,0.6258456589307602,0.39203514457065314
thanh5+𫆮,thanh5,0.09163941442966461,0.5908060423893722,0.3147199278955069
thanh5+𦝺,thanh5,0.07967720180749893,0.6498985986106933,0.23078724598880374
thanh5+󱤲,thanh5,0.11604979634284973,0.5637104628405709,0.4114314020689069
thanh5+󱝻,thanh5,0.1488424837589264,0.44458934788833876,0.28950896393051956
thanh5+哖,thanh5,0.15486669540405273,0.6592073427126832,1.2031125867344086
thanh5+󰫽,thanh5,0.11824079602956772,0.6287278694430904,0.37783011032292063
thanh5+𠴌,thanh5,0.1079215332865715,0.7085579150418353,0.23368723498243274
thanh5+𪬪,thanh5,0.1614970862865448,0.5305301506758442,0.5918954314052228
thanh5+𠲹,thanh5,0.16694536805152893,0.5148580755593652,0.27113566973425424
thanh5+𢪭,thanh5,0.09039784222841263,0.6514775907710666,0.17393694978206473
thanh5+󱯗,thanh5,0.10345767438411713,0.6233106090949683,0.2302456146105468
thanh5+󱏛,thanh5,0.1422470062971115,0.6258002470513826,0.15962932668836313
thanh5+𠮙,thanh5,0.11440079659223557,0.6627229697159533,0.21392902024334445
thanh5+󰃧,thanh5,0.09312845766544342,0.6281158935411553,0.24435573446016454
thanh5+𠹖,thanh5,0.09857180714607239,0.675868441883635,0.1754909134577781
thanh5+𡃆,thanh5,0.09532565623521805,0.667350769154599,0.21796564435843546
thanh5+𠶂,thanh5,0.10926873981952667,0.6678533793540485,0.2593159602290697
thanh5+󱣶,thanh5,0.1456756889820099,0.5626164831703283,0.3789945983721976
thanh5+󱹺,thanh5,0.11245198547840118,0.48724310062364407,0.16754207615037972
thanh5+󰂘,thanh5,0.12519019842147827,0.6445313071318405,0.24855593549465813
thanh5+󱥻,thanh5,0.06329362839460373,0.7542358451842811,0.11758499744803724
thanh5+𬞰,thanh5,0.10838811099529266,0.5561673561232892,0.3674641313610212
thanh5+󱚇,thanh5,0.1079121008515358,0.5439524391666923,0.43061059819959374
thanh5+󰂛,thanh5,0.10509634017944336,0.6566206954732592,0.15787022906240214
thanh5+𫔬,thanh5,0.11593341827392578,0.6342993729202714,0.2896263836746385
thanh5+𡁞,thanh5,0.09526965022087097,0.7084822801758928,0.16930122345306695
thanh5+󱫠,thanh5,0.11594638228416443,0.5197694777920755,1.3694327251298855
thanh5+𬦄,thanh5,0.1187392845749855,0.6142280449500097,0.3465509538706413
thanh5+𡀦,thanh5,0.08816123008728027,0.6870229313125836,0.222243367994324
thanh5+𬅷,thanh5,0.09392373263835907,0.726915085736561,0.17022196866426645
thanh5+𪁄,thanh5,0.11381372809410095,0.5127501393065871,0.2746216707148556
thanh5+󱘰,thanh5,0.13339604437351227,0.6314449844122284,0.17421533751856658
thanh5+𪿀,thanh5,0.10331166535615921,0.5384990456427147,0.49268749297548475
thanh5+㺜,thanh5,0.0996585488319397,0.6288404006557121,0.2892720543390916
thanh5+㙘,thanh5,0.09451238811016083,0.6757113726622831,0.21296747372677163
thanh5+𡗅,thanh5,0.1888090819120407,0.5723131242390708,0.5013766243700437
thanh5+𡎜,thanh5,0.0847250446677208,0.6208652195949648,0.176218381648346
thanh5+婻,thanh5,0.0802697241306305,0.6719971352663987,0.22504424062220452
thanh5+𧜗,thanh5,0.10978348553180695,0.5906095737892432,0.35873738789027815
thanh5+𠶒,thanh5,0.1139051616191864,0.6880792958009622,0.2257302865496763
thanh5+󱬎,thanh5,0.10150974243879318,0.6059208905335057,0.3279609816859405
thanh5+𭡏,thanh5,0.10931253433227539,0.6778825749534744,0.19795834102525753
thanh5+󱡰,thanh5,0.11171434819698334,0.5983396318658516,0.37307663787113055
thanh5+󱟨,thanh5,0.1196896880865097,0.5119515805843665,0.22494436997112108
thanh5+𨄮,thanh5,0.1267404407262802,0.5006653194943558,0.3406200664157548
thanh5+𠼸,thanh5,0.1079937294125557,0.6187605318009053,0.3025481222842714
thanh5+𫧟,thanh5,0.09186592698097229,0.6221581116319816,0.16316826318790048
thanh5+𡮣,thanh5,0.11264997720718384,0.6615899501097772,0.27337380394001687
thanh5+𡌡,thanh5,0.11002670228481293,0.639675318037253,0.22013467229817282
thanh5+󱩻,thanh5,0.11830870807170868,0.5906491699497892,0.2289710569383915
thanh5+󱛪,thanh5,0.11819783598184586,0.5981118018744606,0.3059904696323166
thanh5+󱯏,thanh5,0.10055878013372421,0.6543638763962769,0.30967146594459594
thanh5+󰬟,thanh5,0.11052262783050537,0.43476045371535765,0.18247328677524352
thanh5+𤻓,thanh5,0.09249281138181686,0.6371746210403033,0.2223889721605475
thanh5+󰭏,thanh5,0.10467175394296646,0.6416773874987728,0.26209593873571685
thanh5+󱝂,thanh5,0.09613914787769318,0.7244215037903178,0.14723896131382674
thanh5+𣋇,thanh5,0.09918883442878723,0.601525723931634,0.2586113306740367
thanh5+𡀬,thanh5,0.13317443430423737,0.5630584772771922,1.8228620639568769
thanh5+󱞕,thanh5,0.10451894998550415,0.662122470052857,0.20568537996869776
thanh5+𣛤,thanh5,0.10637248307466507,0.3948490469367934,0.24209529922453865
thanh5+𫯲,thanh5,0.1060539186000824,0.6174549389826319,0.2811085881434061
thanh5+𡄧,thanh5,0.13202199339866638,0.5803297188725934,0.3329714930142063
thanh5+󱪎,thanh5,0.13772419095039368,0.5393875005693137,0.29064326172346316
thanh5+󱥯,thanh5,0.10182467103004456,0.6351053509061821,0.3123341513354607
thanh5+󱭪,thanh5,0.12188087403774261,0.5558921779487307,0.2946095056809299
thanh5+濧,thanh5,0.15762950479984283,0.4788758605129136,2.194625510477277
thanh5+㤝,thanh5,0.08961045742034912,0.6622455915467936,0.20401165317358627
thanh5+𪡴,thanh5,0.11773385852575302,0.6102715601035481,0.23502540423773852
thanh5+𪝅,thanh5,0.08922646939754486,0.6591581131460534,0.24900697783970638
thanh5+󱮧,thanh5,0.12304990738630295,0.5967396283475506,0.2104419518824245
thanh5+捠,thanh5,0.08245529234409332,0.7144454029914009,0.1576179371973537
thanh5+𡅑,thanh5,0.1425168514251709,0.5382462049381079,1.1474673678359941
thanh5+𫉩,thanh5,0.0845772847533226,0.6604934668253211,0.2508257844370608
thanh5+𡄳,thanh5,0.11774393916130066,0.6186080215098774,0.2779974303958055
thanh5+𢹾,thanh5,0.13857851922512054,0.590302595204219,0.352916722349762
thanh5+󱜴,thanh5,0.13760487735271454,0.4355669176554371,0.24990400031740986
thanh5+󱟠,thanh5,0.1595323532819748,0.41175472781131695,0.544179800737239
thanh5+𡎔,thanh5,0.09120000898838043,0.6950487971235539,0.21944931000722578
thanh5+󰛼,thanh5,0.11236046254634857,0.5413440450355429,0.2639262141359311
thanh5+䈊,thanh5,0.09401657432317734,0.6408698562243605,0.30587687460903884
thanh5+󱞢,thanh5,0.11251679807901382,0.4676807185216961,0.9852711736598021
thanh5+澿,thanh5,0.1276259571313858,0.5880398145042953,0.32920053762578755
thanh5+󱋰,thanh5,0.10879817605018616,0.6222379025760212,0.30979446561784435
thanh5+𠸙,thanh5,0.09551558643579483,0.6452301787485285,0.12095276261376865
thanh5+𭋙,thanh5,0.1161353662610054,0.668158501237467,0.3249103063160012
thanh5+𡮺,thanh5,0.15140916407108307,0.5194904163724021,0.39005204141338945
thanh5+𠸫,thanh5,0.08485902100801468,0.7117226898610303,0.11967002264937754
thanh5+𦼜,thanh5,0.10700669884681702,0.6619425796781513,0.21794088355830774
thanh5+󱮑,thanh5,0.14330154657363892,0.4962733866543756,0.4579476340136368
thanh5+󱲗,thanh5,0.13162562251091003,0.5495439430360205,0.44582037317964773
thanh5+𰇵,thanh5,0.09929955750703812,0.6983108034876281,0.22217225022590906
thanh5+𡄡,thanh5,0.10214825719594955,0.6166311965107186,0.27674442205648275
thanh5+𪢍,thanh5,0.08286511898040771,0.6619280599757082,0.1968414020186847
thanh5+󱦪,thanh5,0.12067799270153046,0.5440951382180005,0.25855165219699
thanh5+𢪥,thanh5,0.09825129061937332,0.6191206608151735,0.3598205666140546
thanh5+𫮲,thanh5,0.10565869510173798,0.6247328122473446,0.26629239307072944
thanh5+𬀦,thanh5,0.08648956567049026,0.7315420691730954,0.13663680709731865
thanh5+𣓾,thanh5,0.1308324933052063,0.5575733715888646,0.33268853575173746
thanh5+󰙘,thanh5,0.10221085697412491,0.6947027075300778,0.19605905436086704
thanh5+󱰗,thanh5,0.11824288219213486,0.558995990019793,0.3304366722341958
thanh5+𠴭,thanh5,0.12099383026361465,0.6153923520852572,0.3635167779496593
thanh5+𧍇,thanh5,0.11785463243722916,0.593566556089386,0.24809031201004528
thanh5+󱨫,thanh5,0.1365135759115219,0.6605036907972748,0.24370123138806435
thanh5+𠹰,thanh5,0.13537545502185822,0.5694492452255965,0.5627413674285197
thanh5+󰯺,thanh5,0.14516665041446686,0.4216125416585319,0.3535954374195538
thanh5+󱯠,thanh5,0.11778125166893005,0.5626838829716494,0.4329719136471326
thanh5+呯,thanh5,0.1509690135717392,0.7153674287959715,0.8734801326758607
thanh5+󱞾,thanh5,0.09785231202840805,0.6776206400370552,0.19403142910533555
thanh5+󱝐,thanh5,0.08962960541248322,0.7405179712001424,0.1713973563818225
thanh5+󱼖,thanh5,0.11549516022205353,0.5852279927502939,0.4291152575179349
thanh5+󱍺,thanh5,0.08471711724996567,0.6155541963171088,0.11573450291847792
thanh5+󱠰,thanh5,0.09383054822683334,0.549272304193311,0.19720545410203796
thanh5+𠴖,thanh5,0.10314258933067322,0.7002957262135392,0.21045795748196686
thanh5+󱘓,thanh5,0.1584325134754181,0.542061132952658,0.49789193078124594
thanh5+󱟢,thanh5,0.11308704316616058,0.4945695085547047,0.2852569589611907
thanh5+󱠑,thanh5,0.11409488320350647,0.4721284791234437,0.30067158705299896
thanh5+󰨑,thanh5,0.15881574153900146,0.5753254307978545,0.35368978384386485
thanh5+󱹪,thanh5,0.15168017148971558,0.4524608953486693,0.36061034628838984
thanh5+𢵻,thanh5,0.11033806204795837,0.578970997985864,0.16659641072964437
thanh5+𪣱,thanh5,0.12599022686481476,0.6670585422544105,0.1786821369249204
thanh5+𬛀,thanh5,0.10708144307136536,0.5503511884008209,0.1792427524503003
thanh5+󰊫,thanh5,0.11649276316165924,0.5308629229271099,0.34211228602382954
thanh5+󱳴,thanh5,0.1307949274778366,0.526045308180114,0.2789984996819929
thanh5+𠷯,thanh5,0.09387634694576263,0.6464666210476429,0.19381779367922516
thanh5+󱯈,thanh5,0.10905531793832779,0.5486291582339887,0.3066731943591658
thanh5+󱫸,thanh5,0.14114931225776672,0.5465786320471718,0.4497089857548209
thanh5+𪱴,thanh5,0.10760946571826935,0.6024182224602331,0.15335542453503268
thanh5+󰙯,thanh5,0.11586449295282364,0.6678164483012715,0.30059558783902185
thanh5+𬏻,thanh5,0.1098618432879448,0.6321301736788261,0.3010324755141492
thanh5+𠲜,thanh5,0.09624043107032776,0.6711921743004529,0.16028698344719997
thanh5+󱨈,thanh5,0.10174629092216492,0.5856065181495903,0.1883750816056493
thanh5+𪺇,thanh5,0.11468848586082458,0.5457176750804686,0.2863450056958872
thanh5+󱖧,thanh5,0.16096819937229156,0.3919512978749613,0.5951109422548867
thanh5+󱨱,thanh5,0.11854425817728043,0.6908389986276159,0.22708298346700775
thanh5+𣙯,thanh5,0.09715015441179276,0.6001813101322098,0.25649213672160803
thanh5+󱞳,thanh5,0.0892624706029892,0.708323725629251,0.1217987265437005
thanh5+󱢥,thanh5,0.10362537950277328,0.5793748891131361,0.18523201940979375
thanh5+𪖺,thanh5,0.16193260252475739,0.4117591521642433,0.595249284191886
thanh5+𡑪,thanh5,0.10198526829481125,0.6782097995189114,0.20282930701606972
thanh5+󱛕,thanh5,0.10939078032970428,0.38307047713840164,0.31936934782255433
thanh5+𫼿,thanh5,0.1086835041642189,0.600500694434957,0.2096915959287927
thanh5+󰙅,thanh5,0.10916145145893097,0.6527134786758383,0.23946103745714864
thanh5+𥱫,thanh5,0.10658825188875198,0.6550266870580804,0.2725058484251868
thanh5+𩝻,thanh5,0.11605760455131531,0.5926720025401603,0.3486963626201655
thanh5+󱺂,thanh5,0.13904394209384918,0.5708602993884979,0.5511790608720714
thanh5+𡁚,thanh5,0.10839128494262695,0.6399843537521942,0.20907569576221044
thanh5+󱰖,thanh5,0.15919578075408936,0.5556830665790382,0.5028162934017711
thanh5+𬕌,thanh5,0.08922579139471054,0.6321701929600859,0.1944938804650068
thanh5+𫏙,thanh5,0.1252516508102417,0.45977768704857747,0.2940108286359133
thanh5+󱜷,thanh5,0.0883394181728363,0.7264980019341581,0.19136185925067942
thanh5+󱝨,thanh5,0.11228442192077637,0.5927369290079308,0.2788313168317949
thanh5+󰞘,thanh5,0.13249088823795319,0.6873389212024221,0.1640336605656594
thanh5+󱰶,thanh5,0.13078637421131134,0.45963444459388036,0.4165384858220826
thanh5+󰄜,thanh5,0.13328495621681213,0.5182401936181322,0.20769806135064392
thanh5+𣘊,thanh5,0.11054664850234985,0.5898816048783699,0.2566901369735129
thanh5+𪤸,thanh5,0.12709678709506989,0.6351137125207961,0.36218647437288354
thanh5+󱝭,thanh5,0.08007808029651642,0.7231789135227442,0.15706786194429992
thanh5+𠼇,thanh5,0.10211777687072754,0.687022652267225,0.18809682299045016
thanh5+󱝯,thanh5,0.10965107381343842,0.6183305351985644,0.251359086658718
thanh5+𫪌,thanh5,0.12750017642974854,0.5860126949792629,0.34305559681171044
thanh5+󱚂,thanh5,0.1900990754365921,0.544710124184733,53.562670301397965
thanh5+𠲡,thanh5,0.1123240515589714,0.514567024404228,56.59390415241811
thanh5+󱓦,thanh5,0.09147051721811295,0.6288284125392558,0.2069913241214325
thanh5+󱹽,thanh5,0.11523481458425522,0.6900462351626067,0.22012861638854353
thanh5+𪩥,thanh5,0.13948680460453033,0.607001232637416,0.2993246825349806
thanh5+󱙵,thanh5,0.1370776742696762,0.4134305462013536,0.36324918414252155
thanh5+󱊚,thanh5,0.0610901415348053,0.778506367338483,0.14809736100337284
thanh5+𤎓,thanh5,0.12944504618644714,0.6148822084542191,0.33301206656353877
thanh5+𢙬,thanh5,0.09666560590267181,0.7316659400317151,0.14082016709929465
thanh5+󰅬,thanh5,0.08124461770057678,0.6970786922641499,0.2346762650115605
thanh5+藞,thanh5,0.13720044493675232,0.5159742212862882,0.24613421298660243
thanh5+𠾾,thanh5,0.1433786153793335,0.5915474995698446,0.29543891791612453
thanh5+󱛅,thanh5,0.1468535214662552,0.6442743603737866,0.29101021627274165
thanh5+󰆐,thanh5,0.11310815811157227,0.6435512714076265,0.19228742660902431
thanh5+󱙌,thanh5,0.09938572347164154,0.6983908330139903,0.21239818422760107
thanh5+󱝺,thanh5,0.12095420062541962,0.5631899012557436,0.35178168121325465
thanh5+󱞄,thanh5,0.11907467246055603,0.5894510966343849,0.31036046774830117
thanh5+󱟕,thanh5,0.12053472548723221,0.5429146451705913,0.41636309997712445
thanh5+󱝀,thanh5,0.107236348092556,0.7238003623050467,0.2004557295997539
thanh5+󱰮,thanh5,0.13806627690792084,0.5421749815716841,0.3633450719784071
thanh5+胋,thanh5,0.09549405425786972,0.5794136298447464,0.13248413414625446
thanh5+󱠡,thanh5,0.1584310084581375,0.48837308903766685,0.46024553046215777
thanh5+󰶅,thanh5,0.10276836156845093,0.6578778933679724,0.2613570517970513
thanh5+󱥄,thanh5,0.10381995141506195,0.554952184460992,0.3020094907070276
thanh5+𫞡,thanh5,0.12473136931657791,0.617015010633706,0.4393912864548664
thanh5+󱪢,thanh5,0.1011715680360794,0.5207495328339673,0.25552123257900966
thanh5+𮫷,thanh5,0.15272152423858643,0.4623084017341889,0.4785626138200309
thanh5+󱫪,thanh5,0.14434511959552765,0.5311526175372421,0.3343196170627268
thanh5+󱲝,thanh5,0.14973291754722595,0.5350879855342203,0.2626301461424572
thanh5+𫠼,thanh5,0.08906026184558868,0.709460316930424,0.23133777491926524
thanh5+󱭷,thanh5,0.14998190104961395,0.37461687443463276,0.4554932112922802
thanh5+𫢶,thanh5,0.08587003499269485,0.6707549125788691,0.6241917696008102
thanh5+𡇻,thanh5,0.09640634059906006,0.7199461143660395,0.1421478947865737
thanh5+󱹜,thanh5,0.1055363193154335,0.7163882148274328,0.20808266230168096
thanh5+𫯐,thanh5,0.10357175022363663,0.6899715804472701,0.21251375925596228
thanh5+𬂻,thanh5,0.1281496286392212,0.5791407046227444,0.35490499876217857
thanh5+𠶍,thanh5,0.11362563073635101,0.5100210375796707,0.2209549713188307
thanh5+𨂗,thanh5,0.10647333413362503,0.549616745615009,0.37375621684153487
thanh5+󱞑,thanh5,0.10826803743839264,0.6716487572462264,0.16573722354282552
thanh5+𩯂,thanh5,0.09883435070514679,0.5707701465983012,0.4018041905715452
thanh5+𥐨,thanh5,0.12333738058805466,0.4498169562651044,0.257719504370401
thanh5+𠀿,thanh5,0.14401306211948395,0.6369752212365423,0.30754522014789204
thanh5+𪉴,thanh5,0.12761196494102478,0.4625130504111175,0.6058845206857584
thanh5+𣕞,thanh5,0.10874313116073608,0.5271696476964888,0.24658359145188471
thanh5+𫬱,thanh5,0.1439901888370514,0.5773103491353896,0.354541726894303
thanh5+𪤻,thanh5,0.13474132120609283,0.6120814552583776,0.38550324675922415
thanh5+𬈈,thanh5,0.09328184276819229,0.6646856898594768,0.22805328202404365
thanh5+󱦔,thanh5,0.1603078991174698,0.5018466523504916,0.4193755380066431
thanh5+󱳭,thanh5,0.13334110379219055,0.5239996512082675,0.4759601099890148
thanh5+𡫨,thanh5,0.10651563107967377,0.5748461451029266,0.3531213609504256
thanh5+𫡸,thanh5,0.14319270849227905,0.610583404332258,0.29407441427304737
thanh5+󱸠,thanh5,0.10120533406734467,0.5914646097821559,0.28514751117381215
thanh5+𡃝,thanh5,0.15401770174503326,0.4794149818560586,0.28962184418536735
thanh5+󱧔,thanh5,0.14167749881744385,0.598063798668089,0.24347304679768808
thanh5+󱹓,thanh5,0.1504283845424652,0.4377874065296932,0.30099579854429553
thanh5+𬆅,thanh5,0.09935818612575531,0.622160917885232,0.31778612886631086
thanh5+󱠼,thanh5,0.07590281963348389,0.7680509816273946,0.13306397924230637
thanh5+𠼳,thanh5,0.1118834912776947,0.6412786089951015,0.28604749540791924
thanh5+𣻢,thanh5,0.18536874651908875,0.49123423816502754,0.36335631365243826
thanh5+󱞣,thanh5,0.14372499287128448,0.36248639719483694,0.2866023703086413
thanh5+𨄸,thanh5,0.10271139442920685,0.5911023838001154,0.2409205089128177
thanh5+𪶩,thanh5,0.16251900792121887,0.5827262444372592,0.33526640283329323
thanh5+𫄋,thanh5,0.08956503868103027,0.6380761627993781,0.2886438309084126
thanh5+𠞡,thanh5,0.1232963353395462,0.564795638387953,0.26062785384641846
thanh5+𩸮,thanh5,0.12475578486919403,0.5743429811735142,0.30400558531027183
thanh5+𭈒,thanh5,0.1092667430639267,0.5912966671556538,0.23878039911174564
thanh5+𫧾,thanh5,0.11262353509664536,0.5334301248522264,0.16602685924160898
thanh5+𫴬,thanh5,0.0925396978855133,0.7125735803481874,0.17752389409516875
thanh5+󱛽,thanh5,0.09402027726173401,0.6090312236442598,0.1935347143087077
thanh5+𫼰,thanh5,0.08338543772697449,0.6277828606539269,0.1306695750045984
thanh5+𡀇,thanh5,0.09304860979318619,0.6346566941989867,0.21845099473246435
thanh5+𨁟,thanh5,0.09773733466863632,0.5265463599177291,0.2080243686554167
thanh5+𪤽,thanh5,0.11470489948987961,0.6259114506151581,0.35906028189814604
thanh5+𣌌,thanh5,0.15961776673793793,0.5395846331758105,0.4147276268940776
thanh5+㼫,thanh5,0.12718723714351654,0.5352237793664119,0.4351342225638078
thanh5+󱤠,thanh5,0.12370523810386658,0.6110117341221667,0.29944615233431193
thanh5+󱳪,thanh5,0.1373479664325714,0.5713525276243784,0.2213142035015523
thanh5+𩵾,thanh5,0.11995592713356018,0.621379861263603,0.5319805037426345
thanh5+𣎞,thanh5,0.11771814525127411,0.6192122696376111,0.40539038396322785
thanh5+𠻅,thanh5,0.07963741570711136,0.7116614435258478,0.18774234877546195
thanh5+󰮃,thanh5,0.12798716127872467,0.6348394773340583,0.3278358371215221
thanh5+󱞙,thanh5,0.11317623406648636,0.6257830268611877,7.568080289467417
thanh5+󱭧,thanh5,0.11494824290275574,0.598219399739342,0.3363167280651118
thanh5+󱲙,thanh5,0.11158324033021927,0.5379422270758961,0.2633430260602181
thanh5+𫄉,thanh5,0.12934830784797668,0.4824149391463454,0.2583480036697608
thanh5+󱚕,thanh5,0.07090805470943451,0.7068024062052861,0.19874429392383286
thanh5+𡁎,thanh5,0.14477789402008057,0.616086821913271,0.4515979018718191
thanh5+󰣿,thanh5,0.1470484882593155,0.6340261238886643,0.3027169895747966
thanh5+󱦡,thanh5,0.10311789810657501,0.62782897621378,0.27582894415663195
thanh5+󱜾,thanh5,0.1221914291381836,0.628706623911308,0.21072564669158766
thanh5+󱛖,thanh5,0.10954441130161285,0.6590244008053796,0.24444947045773371
thanh5+𦨂,thanh5,0.12364542484283447,0.5508072681498722,0.31400364605644016
thanh5+𠽙,thanh5,0.12294197082519531,0.5764230544400957,0.1956408804202949
thanh5+󱤚,thanh5,0.12478844821453094,0.6129821043844257,0.25626591641854185
thanh5+𡓟,thanh5,0.11229908466339111,0.6303687055876355,0.19544400777042173
thanh5+𥌈,thanh5,0.11884958297014236,0.4608769345977766,0.4564735112403803
thanh5+𬔽,thanh5,0.10630364716053009,0.6036785380755375,0.2434551758234018
thanh5+󰼀,thanh5,0.10425890237092972,0.6704764422053997,0.29725811201957114
thanh5+𪠉,thanh5,0.09640232473611832,0.6359586554161161,0.20123745014877156
thanh5+󱛻,thanh5,0.12180685997009277,0.497611158629579,0.19409479599463653
thanh5+𡁛,thanh5,0.11293208599090576,0.6329278341078305,0.3420358453035101
thanh5+󱬻,thanh5,0.16795003414154053,0.48880434534310213,0.34878914972583724
thanh5+󰐨,thanh5,0.13696083426475525,0.5515036760480989,0.2740920803358562
thanh5+𨃌,thanh5,0.10656579583883286,0.5419151613935449,0.23426948869589706
thanh5+𫯝,thanh5,0.12356429547071457,0.6485425137479051,0.15177380920061867
thanh5+𤄮,thanh5,0.14870388805866241,0.496247827853651,0.2630354584249686
thanh5+𢠤,thanh5,0.10642077773809433,0.6050321197614894,0.16893707708775518
thanh5+󱲥,thanh5,0.10553042590618134,0.673077430485274,0.22820831146189843
thanh5+嘪,thanh5,0.10226059705018997,0.6817431649287423,0.2091098898796293
thanh5+󱟁,thanh5,0.11712997406721115,0.4584605111719168,0.4043528156908122
thanh5+𤋽,thanh5,0.08205723762512207,0.6606417326305563,0.22928762654598966
thanh5+󱞿,thanh5,0.11309569329023361,0.6252676554617558,0.3297989945123869
thanh5+𫱗,thanh5,0.08026319742202759,0.653003267846764,0.390255414651478
thanh5+󰂄,thanh5,0.08706183731555939,0.6348757243789169,0.1680283052573829
thanh5+𡍢,thanh5,0.10129208862781525,0.6351046062936194,0.2892388589465595
thanh5+󱬔,thanh5,0.10602163523435593,0.589214813067962,0.24254455953605805
thanh5+𡋦,thanh5,0.08981930464506149,0.7011471423037602,0.1319986796041672
thanh5+󱹻,thanh5,0.13713693618774414,0.6098915247297063,0.2968206829333398
thanh5+𥾸,thanh5,0.1128615066409111,0.5319867838992152,0.31329921208828454
thanh5+󱡵,thanh5,0.11263538897037506,0.5798877869199439,0.26578319958893487
thanh5+𭉆,thanh5,0.11327020078897476,0.5730312537051638,0.1592631841434126
thanh5+𠿵,thanh5,0.10950145125389099,0.610886795074813,0.355249657074431
thanh5+𬙛,thanh5,0.11769668012857437,0.6184441386087273,0.15212620652184508
thanh5+𡳳,thanh5,0.14246121048927307,0.505800008109069,0.4453237882205308
thanh5+𠽂,thanh5,0.06846144050359726,0.7185325132369478,0.1732837303356688
thanh5+𪣠,thanh5,0.1186319962143898,0.5186811303670381,0.29868443745359263
thanh5+𫟌,thanh5,0.11720869690179825,0.5420616204685708,0.0960023012093959
thanh5+𪶵,thanh5,0.09527406096458435,0.638010460962601,0.23780898166398112
thanh5+󱩗,thanh5,0.09024323523044586,0.7470263786123497,0.141408267605968
thanh5+󱞦,thanh5,0.10166957974433899,0.5497225777666027,0.22241796668645608
thanh5+󱗳,thanh5,0.154501274228096,0.5375531535676566,0.34889009515666186
thanh5+𠹌,thanh5,0.1294334977865219,0.5657296513702985,0.4997659643447195
thanh5+𦄆,thanh5,0.11148514598608017,0.603800200489954,0.25362591560859277
thanh5+𥭑,thanh5,0.12120925635099411,0.6685962065994272,0.23489110554713033
thanh5+𫴯,thanh5,0.1270659863948822,0.594475827759001,0.38888974642803853
thanh5+𫬠,thanh5,0.09688729047775269,0.6653989447148969,0.21286254175378783
thanh5+𢰦,thanh5,0.10822352021932602,0.6514711372477532,0.24757335575244402
thanh5+󱤾,thanh5,0.11561835557222366,0.6599030765024515,0.23956388715966556
thanh5+𫥸,thanh5,0.08768782019615173,0.6621425860539191,0.23031884245101075
thanh5+噃,thanh5,0.10393942147493362,0.6101435735124531,0.18326880309986202
thanh5+󱙰,thanh5,0.10596105456352234,0.6282644788289987,0.25388323658113304
thanh5+𡏥,thanh5,0.11073215305805206,0.6334216341111839,0.1795913693202258
thanh5+󱝷,thanh5,0.13927049934864044,0.5000199061252553,0.4129853423123366
thanh5+󰌗,thanh5,0.07070787996053696,0.7168032830901037,0.16267794066873256
thanh5+𧒊,thanh5,0.1132512241601944,0.5966048956897017,0.2651610398174434
thanh5+𪡆,thanh5,0.09495888650417328,0.6865805226112858,0.21205703295169778
thanh5+𡉁,thanh5,0.11073081195354462,0.6276693223119533,0.23043534366776655
thanh5+󱮟,thanh5,0.13017278909683228,0.6041701749667701,0.3215912866634943
thanh5+𠱻,thanh5,0.11311989277601242,0.6535592950747481,1.0154617478897985
thanh5+𬛒,thanh5,0.12242075800895691,0.4547189342302402,0.2510363418285083
thanh5+󱛢,thanh5,0.0904434472322464,0.6746630991277192,0.16173335307799883
thanh5+𤼞,thanh5,0.13172729313373566,0.3500938035902257,0.31821367514079774
thanh5+󱧝,thanh5,0.1431768834590912,0.4890917701894854,0.32695103780040746
thanh5+𡚄,thanh5,0.08246184885501862,0.6540251432897096,0.23513101076299867
thanh5+󰜡,thanh5,0.10138178616762161,0.6070545115025912,0.2885100967438281
thanh5+𠇕,thanh5,0.10685279220342636,0.655991974165126,0.1507379542652715
thanh5+𩠸,thanh5,0.14124618470668793,0.45716485158772097,0.32862499873871426
thanh5+𫫴,thanh5,0.0849730595946312,0.6709062810423082,0.21066429884607443
thanh5+𪺛,thanh5,0.12516550719738007,0.7015838950836086,0.1731834087326469
thanh5+󰧙,thanh5,0.1030784547328949,0.6921640071430345,0.26282517606844774
thanh5+𬑶,thanh5,0.12276705354452133,0.5905628082973152,0.3242137477494974
thanh5+󱩳,thanh5,0.11707991361618042,0.6736116408230299,0.21067684525539734
thanh5+󱝗,thanh5,0.14524394273757935,0.5402546333453487,0.46184996170943027
thanh5+𡚝,thanh5,0.0910031795501709,0.5838361565837797,0.2554133845258882
thanh5+哠,thanh5,0.1704464554786682,0.6044778450911694,0.38237980221566675
thanh5+󰢉,thanh5,0.10984775424003601,0.613204753121516,0.24463716629001706
thanh5+𫫛,thanh5,0.11154762655496597,0.6656099374654083,0.21919295937029595
thanh5+󱞝,thanh5,0.08343018591403961,0.7138269365384067,0.1728700087672724
thanh5+󱡉,thanh5,0.09109294414520264,0.680953591329952,0.14159371828115894
thanh5+󱣂,thanh5,0.0818721204996109,0.6337550166568398,0.22328072293014078
thanh5+󱀄,thanh5,0.12906630337238312,0.561073749987956,0.2940908484347697
thanh5+𭈖,thanh5,0.10415637493133545,0.6314301102151784,0.27771802661443756
thanh5+󱟝,thanh5,0.07895790785551071,0.6964073782162176,0.22709570662834658
thanh5+󰥉,thanh5,0.15957973897457123,0.42948827946483153,0.49433136792306565
thanh5+𡃎,thanh5,0.0690748542547226,0.6978076679194837,0.20040538837379787
thanh5+󱚰,thanh5,0.10013601928949356,0.6206321438766749,0.3104500469429161
thanh5+朠,thanh5,0.07510693371295929,0.7282819234315824,0.14957967526438926
thanh5+󱟫,thanh5,0.1255679577589035,0.5788376517448682,0.18769224504549217
thanh5+𪸝,thanh5,0.09640838950872421,0.7242754873631851,0.1415362989095553
thanh5+󰧺,thanh5,0.10601670295000076,0.6643100970120541,0.2173841151588248
thanh5+󱠳,thanh5,0.13023652136325836,0.515256602996411,0.7217211410220652
thanh5+𠸯,thanh5,0.10748226195573807,0.6923119480208685,0.20621808122303045
thanh5+󱟈,thanh5,0.12165103107690811,0.4470981588233559,0.25681388065451755
thanh5+䓬,thanh5,0.10601520538330078,0.6152881867733279,0.238220136178974
thanh5+󱠱,thanh5,0.10943002998828888,0.5751847321240914,0.301393402789257
thanh5+𥌧,thanh5,0.09075693041086197,0.6702675955101103,0.20668446005214947
thanh5+𪟤,thanh5,0.11587417125701904,0.5344689978904862,0.2799747332397134
thanh5+󰬥,thanh5,0.1274181455373764,0.6000774099947203,0.35499187863094384
thanh5+𪢌,thanh5,0.13005909323692322,0.5046947480124102,0.3362552411828595
thanh5+𠺺,thanh5,0.10359427332878113,0.6499263735536974,0.15680025448589593
thanh5+𡦫,thanh5,0.10721457749605179,0.6062912416282348,0.2960420715538769
thanh5+𫫊,thanh5,0.09345380961894989,0.7119115562763282,0.21303514693349165
thanh5+𥊜,thanh5,0.09816652536392212,0.6198799258240947,0.307983227205072
thanh5+𠿀,thanh5,0.11979600787162781,0.5765253292182934,0.1918405640949055
thanh5+𫊬,thanh5,0.08468831330537796,0.6727209120020123,0.21980559059350477
thanh5+󱟉,thanh5,0.07685991376638412,0.680861655369459,0.2078309275994585
thanh5+𪸄,thanh5,0.1201474517583847,0.5022437330143165,0.3511098494616194
thanh5+󱞆,thanh5,0.12069720029830933,0.5709645217235984,0.4166227338965249
thanh5+𪻟,thanh5,0.11376257240772247,0.5341209444254833,0.24498926037941335
thanh5+󰬙,thanh5,0.07154949754476547,0.7025479754800644,0.15694877743906818
thanh5+𫲼,thanh5,0.10318031162023544,0.6492809152494196,0.2626999777217334
thanh5+𫛈,thanh5,0.15614375472068787,0.5135177603659334,0.5884173863524033
thanh5+󰮁,thanh5,0.12195422500371933,0.5914487456893681,0.3413628167726405
thanh5+󰘵,thanh5,0.10082957148551941,0.551409516034845,0.5073693137443701
thanh5+𢴊,thanh5,0.1225743442773819,0.4594580678591963,0.3213365188804191
thanh5+󱌡,thanh5,0.15212661027908325,0.525200020251182,1.1403505509057044
thanh5+󱦋,thanh5,0.11257816106081009,0.5801923601887202,0.29727091302335223
thanh5+𫪀,thanh5,0.07623252272605896,0.7130182731125434,0.17543537208600204
thanh5+󱰤,thanh5,0.19479067623615265,0.3115721754600196,0.9601713026441937
thanh5+󱟹,thanh5,0.12838295102119446,0.5240796050466134,0.493422349877719
thanh5+鎫,thanh5,0.08264555782079697,0.6415488054702905,0.3006088700415192
thanh5+𨅞,thanh5,0.13644343614578247,0.5897023194577676,0.3851953499810399
thanh5+󱞮,thanh5,0.11378029733896255,0.5661607746677682,0.3765611378198653
thanh5+󱯺,thanh5,0.12214106321334839,0.5780662067112159,0.3556612711065598
thanh5+󱬑,thanh5,0.08376093208789825,0.6653917434495056,0.2161426420754459
thanh5+蝔,thanh5,0.10132019221782684,0.6649929022300197,0.22284747331942537
thanh5+󱎾,thanh5,0.10817255824804306,0.5174734563824805,0.3208592695149368
thanh5+𫢧,thanh5,0.10957401245832443,0.6263541471759347,0.2444839907718573
thanh5+󰌺,thanh5,0.07332871109247208,0.7177172137159608,0.21437657578103572
thanh5+篵,thanh5,0.10868649184703827,0.6284082081626889,0.307317940119227
thanh5+󰤣,thanh5,0.10544592887163162,0.5542183837563885,0.270559323144371
thanh5+󱠧,thanh5,0.11782844364643097,0.45795816989266286,0.25240123615698773
thanh5+㘗,thanh5,0.10127698630094528,0.6291894776597211,0.2302340330965229
thanh5+𠲏,thanh5,0.11149056255817413,0.6308116969347817,0.18289663798076128
thanh5+󱡗,thanh5,0.09966358542442322,0.5910186829818409,0.4468933049907348
thanh5+𠮨,thanh5,0.08683101832866669,0.6747272045689513,0.12866797560224774
thanh5+󱞊,thanh5,0.12462204694747925,0.5552172624789206,0.303457944112078
thanh5+𨆷,thanh5,0.15704205632209778,0.4760245414806666,0.3174684083428463
thanh5+󱩛,thanh5,0.08816555887460709,0.6842608780916726,0.1664906092937818
thanh5+𠼋,thanh5,0.134479820728302,0.4430287054519631,0.20090120353665616
thanh5+𬖵,thanh5,0.12579216063022614,0.5823434406612742,0.3567271840887261
thanh5+󰍖,thanh5,0.09880837798118591,0.6021157008337964,0.24232594926614293
thanh5+𠴘,thanh5,0.09027549624443054,0.6658650137454615,0.12957514747634008
thanh5+󱦩,thanh5,0.14255169034004211,0.5380983031865211,0.32542790744334643
thanh5+𡔒,thanh5,0.15511959791183472,0.537597462770601,0.3207584569273099
thanh5+󱰚,thanh5,0.11745931953191757,0.5712893202553175,0.29117428204654416
thanh5+𡃖,thanh5,0.09083539247512817,0.680957332422128,0.23000571434024453
thanh5+󱡑,thanh5,0.12274588644504547,0.6399120688092916,0.5059851118956756
thanh5+󱚳,thanh5,0.10389149188995361,0.6490253855318912,0.3142374643421821
thanh5+𡕩,thanh5,0.1138145923614502,0.6741241886363857,0.2640004594744933
thanh5+𧎠,thanh5,0.12122975289821625,0.5816612180153348,0.275016056699537
thanh5+𫲰,thanh5,0.12992899119853973,0.44303921276885083,0.5008584800166581
thanh5+󰅲,thanh5,0.13797083497047424,0.5847162080974031,0.28543923499263923
thanh5+󱪼,thanh5,0.11478613317012787,0.5756472067033319,0.31688173834026107
thanh5+𢲾,thanh5,0.10979714244604111,0.6301872509136678,0.27820221112187254
thanh5+𢆠,thanh5,0.08299905061721802,0.7052207899102698,0.16108096787822793
thanh5+啲,thanh5,0.10678631067276001,0.684247823305621,0.21083945880870714
thanh5+𫅲,thanh5,0.15095724165439606,0.4244475248581601,0.3383212898333879
thanh5+姈,thanh5,0.09095869958400726,0.6945034946980951,0.20097005722267255
thanh5+𪢘,thanh5,0.08982429653406143,0.6556796432053273,0.20421375135244402
thanh5+𥱰,thanh5,0.0770854726433754,0.7298879012247966,0.17958215880286377
thanh5+󱢏,thanh5,0.17586326599121094,0.43713039083757094,0.5520704381958029
thanh5+󱘠,thanh5,0.11170124262571335,0.4636135478552631,0.2945537370879122
thanh5+𠿸,thanh5,0.11453539878129959,0.5700758228930529,0.1714771694259006
thanh5+󱦯,thanh5,0.08909448981285095,0.628443029356325,0.24102171959370114
thanh5+湨,thanh5,0.11651124060153961,0.6113879925937818,0.15831054823771878
thanh5+󰋓,thanh5,0.1421215832233429,0.5564596491642446,0.41690477798940084
thanh5+𠸩,thanh5,0.12045740336179733,0.5767194453530795,0.2344244079588138
thanh5+󱝫,thanh5,0.138056680560112,0.45865348083042284,0.21549776129067313
thanh5+󱬺,thanh5,0.09548908472061157,0.6685358999015756,0.17153078393086596
thanh5+𫿟,thanh5,0.1491105556488037,0.46181654471861483,0.575615794070068
thanh5+𪢜,thanh5,0.09057259559631348,0.5785170770344318,0.19656725813480644
thanh5+𣛦,thanh5,0.1072075366973877,0.5365443678527118,0.3882379190905178
thanh5+䰺,thanh5,0.11012621223926544,0.6290617051115922,0.27484327919973567
thanh5+󱜌,thanh5,0.10887645184993744,0.7028658502429953,0.11852763550838263
thanh5+󱝪,thanh5,0.16490474343299866,0.3004907711351595,0.35554985329573974
thanh5+󱳒,thanh5,0.11622898280620575,0.5424916871182038,0.2789878548747137
thanh5+󰮦,thanh5,0.13111072778701782,0.5177164221754759,0.40828951899003024
thanh5+𠶎,thanh5,0.09111000597476959,0.7120772783747519,0.20977377119700114
thanh5+侱,thanh5,0.08889347314834595,0.7265684340557256,0.13063048478394035
thanh5+𡏠,thanh5,0.1269453912973404,0.5610741829003826,0.4479492329378824
thanh5+󱨜,thanh5,0.15176993608474731,0.5255492146742133,0.4887381333006621
thanh5+󱝧,thanh5,0.11346826702356339,0.683285789732833,0.2256722258798857
thanh5+󱞁,thanh5,0.1369776725769043,0.5539248293850447,0.436848213420222
thanh5+󱦾,thanh5,0.1565343141555786,0.520612611075351,0.4352230689476327
thanh5+𡃳,thanh5,0.11265036463737488,0.5906612120215348,0.3036020765036095
thanh5+𪴉,thanh5,0.13096527755260468,0.5814417082202373,0.4061181922263186
thanh5+𠽏,thanh5,0.12874019145965576,0.622915382915631,0.32265242290923873
thanh5+𦟏,thanh5,0.1257423460483551,0.6687974980422619,0.21686292344699634
thanh5+󰬛,thanh5,0.08861183375120163,0.7280005221337548,0.18178981786197645
thanh5+𢶹,thanh5,0.06586850434541702,0.7246093138436367,0.15858736736467932
thanh5+𫉎,thanh5,0.11090309917926788,0.6456594049900043,0.3082731997442834
thanh5+𨪪,thanh5,0.12135538458824158,0.5567565440855042,0.31512160293352864
thanh5+𠏠,thanh5,0.07710132747888565,0.7089588546629619,0.2309433000338188
thanh5+𫱞,thanh5,0.0962962731719017,0.7326220531432698,0.18614748655150923
thanh5+󱯛,thanh5,0.12022548913955688,0.5348778803484079,0.3433497766020864
thanh5+𪥑,thanh5,0.1438310295343399,0.44103646142284336,0.4878795605785305
thanh5+𠲃,thanh5,0.07559002935886383,0.7341931296092451,0.11623776946165604
thanh5+󰛺,thanh5,0.10249410569667816,0.6375785008824235,0.23266435706162147
thanh5+󱟟,thanh5,0.1083144024014473,0.5954802983630718,0.3224232359402958
thanh5+󱚛,thanh5,0.16318801045417786,0.4263093184401391,0.5545980799845159
thanh5+𪡍,thanh5,0.11085507273674011,0.684780228055385,0.2531597732593265
thanh5+𠅐,thanh5,0.0786239355802536,0.7024758744419092,0.1956438585221513
thanh5+莰,thanh5,0.116283118724823,0.601994252180386,0.2927001997477154
thanh5+󱙤,thanh5,0.11390095204114914,0.6540338289103431,0.2647664693759664
thanh5+𠻇,thanh5,0.11514881998300552,0.4448868930813608,0.19050844555895108
thanh5+󱫷,thanh5,0.10271283984184265,0.6574285655642317,0.11560675143043632
thanh5+𡡇,thanh5,0.08447481691837311,0.7239138263440192,0.2641528005570534
thanh5+󰍱,thanh5,0.0784161165356636,0.5570047133248307,0.2999480284284697
thanh5+󱝟,thanh5,0.11369245499372482,0.5864342000852378,0.3073808629268378
thanh5+𡮨,thanh5,0.12215036153793335,0.5974123308394359,0.40842902505591866
thanh5+𡂷,thanh5,0.08232977241277695,0.6955323407521399,0.23617901738719838
thanh5+𡮛,thanh5,0.1285807490348816,0.6321532049179317,0.29765059702043817
thanh5+󱟰,thanh5,0.11613859236240387,0.6317283309779608,0.27550285869530194
thanh5+󰝅,thanh5,0.18420138955116272,0.6097986342184679,0.22490357876208789
thanh5+󱋣,thanh5,0.09570926427841187,0.6116614347326913,0.28253802683438295
thanh5+󱩬,thanh5,0.13544540107250214,0.43711313494905446,0.36409529923161665
thanh5+𫫷,thanh5,0.12028029561042786,0.5649441866770969,0.29669611572078897
thanh5+𦞎,thanh5,0.11336123198270798,0.6078291068769757,0.3158913912793342
thanh5+𨇉,thanh5,0.18820784986019135,0.36933723103133015,0.3058988037873814
thanh5+𦘱,thanh5,0.10637016594409943,0.7078659282878803,0.1061305026477065
thanh5+𡫶,thanh5,0.09125889837741852,0.6227350898896892,0.2942544708203703
thanh5+󱟲,thanh5,0.11386599391698837,0.5065524554556147,0.3489436951768006
thanh5+󱞜,thanh5,0.09215155243873596,0.6516628003274523,0.22687210499736754
thanh5+𰊣,thanh5,0.15585961937904358,0.5796964682606084,0.42149062533201925
thanh5+𰓖,thanh5,0.07839580625295639,0.6800548102560179,0.11228254516382248
thanh5+𡅉,thanh5,0.10934944450855255,0.6218428625575121,0.2848613982636234
thanh5+󱜲,thanh5,0.12274853140115738,0.6143656908473375,0.1686507702869432
thanh5+󰁐,thanh5,0.11955080926418304,0.582953039736899,0.3247283802817063
thanh5+󰺼,thanh5,0.12194395810365677,0.5246237702720232,0.29913227658068675
thanh5+𠿁,thanh5,0.09889577329158783,0.6658158313277934,0.3915310632142844
thanh5+󱩈,thanh5,0.1304856538772583,0.5646149793812738,0.4288995886235705
thanh5+󱦗,thanh5,0.15338966250419617,0.5229304819966968,0.5313296379996612
thanh5+󰬸,thanh5,0.08824509382247925,0.6311613113346678,0.15867678916080385
thanh5+㗩,thanh5,0.16400957107543945,0.5439682270624281,0.3067772363743708
thanh5+󱟮,thanh5,0.11753223836421967,0.45816550657452104,0.37426870989785543
thanh5+𠸽,thanh5,0.10758812725543976,0.5665175828082131,0.32886858975942235
thanh5+𩇆,thanh5,0.12006128579378128,0.4730306462052733,0.30211253619865897
thanh5+𮤭,thanh5,0.12382864952087402,0.6633261167727603,0.18827563917344192
thanh5+󱛳,thanh5,0.12765100598335266,0.5859730859495009,0.3526506411270061
thanh5+𡉎,thanh5,0.0903899222612381,0.7546912386542811,0.11168183369589618
thanh5+󱝢,thanh5,0.13657715916633606,0.611595612353928,0.31339400882126145
thanh5+𥯉,thanh5,0.11362134665250778,0.6354809216790077,0.2319805250374699
thanh5+󱞎,thanh5,0.14484253525733948,0.588099166528319,0.22246622722636303
thanh5+𬈗,thanh5,0.13587632775306702,0.6149186226517304,0.3005251332574261
thanh5+󱝸,thanh5,0.11976777017116547,0.6905858349093426,0.24295366376397146
thanh5+󰢽,thanh5,0.09169940650463104,0.7223461511844799,0.24732033636206874
thanh5+𪢖,thanh5,0.1114315614104271,0.6429464456462344,0.33136577131012146
thanh5+𠸄,thanh5,0.06635158509016037,0.7743780396947588,0.12323250400117725
thanh5+灆,thanh5,0.15616106986999512,0.4230922821559183,0.2852129703243833
thanh5+唥,thanh5,0.10718521475791931,0.6707204878517573,0.18208286873862567
thanh5+󰇵,thanh5,0.09628845751285553,0.6556411580216142,0.17837426578162296
thanh5+𣔧,thanh5,0.09072647988796234,0.5801979240792619,0.2967295180641888
thanh5+𩽈,thanh5,0.14696429669857025,0.4626359242270073,0.5188009683803152
thanh5+㖀,thanh5,0.14731095731258392,0.6713327819463258,0.16345998407838477
thanh5+󱟪,thanh5,0.1046878919005394,0.6057321094697778,0.35893252822888827
thanh5+󱜈,thanh5,0.10114306211471558,0.6020494782621628,0.28497590788759203
thanh5+󱚴,thanh5,0.14078931510448456,0.5142837506362868,0.6322934629726533
thanh5+󱣆,thanh5,0.12436437606811523,0.5875817397325925,0.31297852495026673
thanh5+𪡎,thanh5,0.09127915650606155,0.6440613947468513,0.2565156830502145
thanh5+𨂚,thanh5,0.13034778833389282,0.6118506083074966,0.24237424044013914
thanh5+󱺈,thanh5,0.09032651036977768,0.5889104066736651,0.2606269359770575
thanh5+𥴘,thanh5,0.1210377961397171,0.6002925596633162,0.2093147401066506
thanh5+𥶱,thanh5,0.11411595344543457,0.5938626580847142,0.3130113916457025
thanh5+󱰍,thanh5,0.10303414613008499,0.6297785061474876,0.28923277094934213
thanh5+󱼓,thanh5,0.10289282351732254,0.67394516303547,0.22017006707623077
thanh5+𪢠,thanh5,0.07377995550632477,0.6683947185701431,0.21125624632297815
thanh5+𤣡,thanh5,0.11980205774307251,0.5765871161742745,0.3459708822382206
thanh5+󰄼,thanh5,0.11944081634283066,0.5770950998476619,3.2701561068414464
thanh5+󱟦,thanh5,0.12066525220870972,0.5642332573340668,0.31438948261561533
thanh5+󰝎,thanh5,0.11147990822792053,0.587963642328557,0.23280275447587948
thanh5+󱘡,thanh5,0.1115514487028122,0.5844117589948414,0.3198007222231567
thanh5+𤞦,thanh5,0.08621186763048172,0.6944757460048938,0.24137649700882338
thanh5+󱝆,thanh5,0.10424312949180603,0.6823344708285396,0.19025022343824105
thanh5+󱝝,thanh5,0.07002606987953186,0.7190763601098529,0.15963505354451601
thanh5+󱛑,thanh5,0.12329603731632233,0.6321252513334159,0.37398512152348445
thanh5+𦟑,thanh5,0.10537628829479218,0.5507517627835565,0.3751601939474769
thanh5+㧪,thanh5,0.13303110003471375,0.44449962926177944,0.4452839835282367
thanh5+𭊳,thanh5,0.1311795562505722,0.5993678154446512,0.385073702303619
thanh5+󰏏,thanh5,0.10541146993637085,0.640495300090197,0.2650879970480929
thanh5+󱡇,thanh5,0.08573068678379059,0.6072944021670728,0.2803010883250631
thanh5+󱪚,thanh5,0.10468417406082153,0.6166205662459654,0.23573199114466922
thanh5+󱨕,thanh5,0.12374132126569748,0.6239789297288818,0.2939261545593455
thanh5+𫵊,thanh5,0.09239030629396439,0.6016816949756709,0.2774286186195393
thanh5+󱩫,thanh5,0.1270582526922226,0.6962752342864169,0.20629189333531436
thanh5+󱮮,thanh5,0.15269659459590912,0.5512632555141127,0.4428514592044892
thanh5+𮜲,thanh5,0.11193276196718216,0.6810194672838812,0.28206580837813594
thanh5+𪤲,thanh5,0.08458374440670013,0.6420151525830738,0.12254584705309823
thanh5+󱋠,thanh5,0.09093298763036728,0.6467716335638529,0.31749820886578306
thanh5+󱝙,thanh5,0.06800433993339539,0.7424795358339388,0.106068830899758
thanh5+𩶽,thanh5,0.13799670338630676,0.46198306191111455,0.5431661365398496
thanh5+𠾺,thanh5,0.11240227520465851,0.6973177887363565,0.18388814181890623
thanh5+𠶊,thanh5,0.09657473117113113,0.6781223268787521,0.21057198203866637
thanh5+󱙭,thanh5,0.141830712556839,0.6403470712879594,0.32518315892464716
thanh5+𠶅,thanh5,0.09906459599733353,0.7407055275695781,0.15062844204378764
thanh5+𪡗,thanh5,0.0892224907875061,0.682969480963408,0.18538085085957268
thanh5+𫪁,thanh5,0.055504973977804184,0.7758532252594514,0.11641652156545901
thanh5+𪡈,thanh5,0.12278082221746445,0.6334033194176186,0.26190460818417094
thanh5+𠜈,thanh5,0.08362816274166107,0.7621362874066402,0.13200384869369816
thanh5+𡄫,thanh5,0.12147378921508789,0.5963882917015505,0.29012662830408714
thanh5+󱜆,thanh5,0.14201761782169342,0.6337121280050821,0.3074617521905865
thanh5+睈,thanh5,0.10232783108949661,0.6635065218938508,0.20077086243016865
thanh5+󱤈,thanh5,0.11440631002187729,0.5963751556044607,0.5257813787763334
thanh5+𪢡,thanh5,0.13269270956516266,0.542386073930636,0.5391607821624286
thanh5+𥶂,thanh5,0.15267345309257507,0.4910490585502359,0.3256386886598528
thanh5+𢹊,thanh5,0.14554689824581146,0.4404412186529376,0.4954979298375008
thanh5+𭢌,thanh5,0.12291896343231201,0.567380248207724,0.4544648131170221
thanh5+󰭙,thanh5,0.11218534409999847,0.618114666070947,0.28510068620296664
thanh5+𤗹,thanh5,0.1570013165473938,0.42841056638617214,0.2993573686651479
thanh5+圚,thanh5,0.12240871787071228,0.5396798610692587,0.4349000427455987
thanh5+󱥑,thanh5,0.08688036352396011,0.6151301687262036,0.3045785292222373
thanh5+𡁝,thanh5,0.12357335537672043,0.4884067247664382,0.22148458510959826
thanh5+𠷦,thanh5,0.09697166830301285,0.6794190851305816,0.24060789831091559
thanh5+𪡦,thanh5,0.10601593554019928,0.6454427453128914,0.2781669017112075
thanh5+𬞑,thanh5,0.12007568776607513,0.5849309499217742,0.30560091696728003
thanh5+𤄷,thanh5,0.13518086075782776,0.5679187490249833,0.3140055233123027
thanh5+󱉲,thanh5,0.11643568426370621,0.5679930039733636,0.46380788519016414
thanh5+󱚑,thanh5,0.1738113909959793,0.6531835498046554,0.3056479612205594
thanh5+𰋝,thanh5,0.13083143532276154,0.5933889886419249,0.1428123063497417
thanh5+𧿯,thanh5,0.1271575689315796,0.6332637912586307,0.22556080414852
thanh5+𠳭,thanh5,0.11999452114105225,0.5759447676133127,0.2633145079727031
thanh5+󱙷,thanh5,0.08398781716823578,0.6562058687547271,0.23898964031796877
thanh5+󱳠,thanh5,0.1269693374633789,0.6190010460072091,0.23052730835059157
thanh5+󱝘,thanh5,0.09702585637569427,0.6593833137674877,0.2577853955518847
thanh5+壉,thanh5,0.10681157559156418,0.5222013841200183,0.2295071701673187
thanh5+𣱿,thanh5,0.12148019671440125,0.7129374286046873,1.197041837880603
thanh5+󱞀,thanh5,0.1413479596376419,0.6058879595656462,0.2853796565309634
thanh5+𡉖,thanh5,0.1295613795518875,0.5805704726848206,0.17715139187960635
thanh5+󱝳,thanh5,0.1336367130279541,0.6378500244346679,0.32995005314466436
thanh5+󰮯,thanh5,0.09814749658107758,0.6002941629195669,0.24170103676250157
thanh5+鯑,thanh5,0.13125517964363098,0.5076959739259512,0.375806079903434
thanh5+󱧘,thanh5,0.14403480291366577,0.6312595518897791,0.21726539585066984
thanh5+󱬐,thanh5,0.0969134122133255,0.6418951755161915,0.24801885987637776
thanh5+㗴,thanh5,0.11991320550441742,0.6149614407459485,0.2052614339651135
thanh5+𥖑,thanh5,0.13095203042030334,0.4952425031833385,0.5259126401438696
thanh5+𪮽,thanh5,0.11791543662548065,0.6578291790753483,0.27150801609942604
thanh5+𬕷,thanh5,0.16241104900836945,0.5932841901310926,0.41546801402270467
thanh5+󰭠,thanh5,0.1215256005525589,0.6104189628053645,0.7808450359532951
thanh5+𫑺,thanh5,0.1024722307920456,0.6091473827330666,0.23439280088851533
thanh5+󱟏,thanh5,0.15844805538654327,0.5578539940898388,0.20638407846983609
thanh5+𨪷,thanh5,0.08987879008054733,0.6484230975391362,0.23335595643909715
thanh5+󱡄,thanh5,0.13103410601615906,0.5105789766577358,0.40316374372088526
thanh5+㗶,thanh5,0.12460130453109741,0.5441140565491256,0.20641118907936817
thanh5+𫐹,thanh5,0.1529841274023056,0.6082522194228914,0.46163381417618155
thanh5+󱌔,thanh5,0.10756955295801163,0.6098716633459508,0.23451933360092045
thanh5+𩂄,thanh5,0.13530653715133667,0.6373758647786367,0.2860124159051865
thanh5+𤉕,thanh5,0.1027238667011261,0.622454934374007,0.2543836447371089
thanh5+󱟜,thanh5,0.11178765445947647,0.43571173197375757,0.3129017525819721
thanh5+󱛵,thanh5,0.10703743249177933,0.58041750883041,0.279278024659013
thanh5+󰺥,thanh5,0.13480819761753082,0.581653012782965,0.3865400381526111
thanh5+𢠿,thanh5,0.08964897692203522,0.6464965283318908,0.2953879463238155
thanh5+󱯧,thanh5,0.1245974749326706,0.6348845025076655,0.3655721288664721
thanh5+𤲼,thanh5,0.1256154477596283,0.5194970763040728,0.3707977631528907
thanh5+󱫗,thanh5,0.1162942424416542,0.5947121314068093,0.2485580618752445
thanh5+󱯄,thanh5,0.14448902010917664,0.5072802914562788,0.4201361999386191
thanh5+𠊙,thanh5,0.1059894859790802,0.6505174013249231,0.21553391471487993
thanh5+󰴾,thanh5,0.06852993369102478,0.7256875236031596,0.1383265136342293
thanh5+𨊌,thanh5,0.1170145720243454,0.49456598596313767,0.31711778738036106
thanh5+󱨨,thanh5,0.1748945266008377,0.5608853625482911,0.3972739665872233
thanh5+𡌩,thanh5,0.10768653452396393,0.6692241105201596,0.2521120477352082
thanh5+𤁔,thanh5,0.15159255266189575,0.5869216434306308,0.2522076741939681
thanh5+𨆟,thanh5,0.14520776271820068,0.5187874335985794,0.7404041347986937
thanh5+󱣗,thanh5,0.12834331393241882,0.2882256414733012,0.3619464890928914
thanh5+𢲠,thanh5,0.0903192088007927,0.6490565314849917,0.24684176449315806
thanh5+𦝇,thanh5,0.14263872802257538,0.6259208971439415,0.32868333716357373
thanh5+𣒠,thanh5,0.11106233298778534,0.6416521469521245,0.2230937260514868
thanh5+󱫴,thanh5,0.1433531790971756,0.5963663543629255,0.28376406087484235
thanh5+󱨿,thanh5,0.09525615721940994,0.6985964720263774,0.2780775069697935
thanh5+𬏇,thanh5,0.07976052165031433,0.7185326955523365,0.16988924371002836
thanh5+󱯑,thanh5,0.12538912892341614,0.4996729872551982,0.3441995962764719
thanh5+𩀳,thanh5,0.11083126813173294,0.6350137969370584,0.2897412104574553
thanh5+󱹿,thanh5,0.11733844131231308,0.5572701607182062,0.23722385209047428
thanh5+󱟎,thanh5,0.11120869219303131,0.4692540917941828,0.3955981161696401
thanh5+𢅄,thanh5,0.10639071464538574,0.5594764566432434,0.407850040227973
thanh5+𣖗,thanh5,0.09942680597305298,0.5663283056510817,0.27457650738880796
thanh5+㖵,thanh5,0.11594179272651672,0.7011447242577529,0.14850771561308043
thanh5+󱚚,thanh5,0.16421042382717133,0.5183953458184537,0.49262053081777085
thanh5+󱧨,thanh5,0.11011241376399994,0.5487091193975143,0.33434783550811503
thanh5+󱛣,thanh5,0.10556687414646149,0.6390762687092845,0.20171413712106653
thanh5+𫵞,thanh5,0.13406500220298767,0.584136611288015,0.424404350472462
thanh5+𫫜,thanh5,0.09309035539627075,0.6902992867088605,0.22062163907655583
thanh5+挒,thanh5,0.11522027105093002,0.5615307206860977,0.2433960707383859
thanh5+󰛈,thanh5,0.1275905966758728,0.6686265311786582,0.3002382052057935
thanh5+󱞖,thanh5,0.12931188941001892,0.6531569582811833,0.24587731739236932
thanh5+𩂀,thanh5,0.1432923525571823,0.6438593660916102,0.24491560183934302
thanh5+󱙴,thanh5,0.125460684299469,0.6262183502956294,0.28313527610908723
thanh5+𢷰,thanh5,0.11536715924739838,0.5090226390146251,0.40039334572575314
thanh5+𠿱,thanh5,0.1166599690914154,0.5801943816827565,0.5585942955359754
thanh5+󱞠,thanh5,0.13935837149620056,0.3962150909564565,0.4965842065120201
thanh5+󱞒,thanh5,0.12509895861148834,0.5242576710835608,0.1745689652404757
thanh5+󱜝,thanh5,0.16372768580913544,0.5844840207504293,0.1545832491322974
thanh5+𩸴,thanh5,0.07691249996423721,0.6283049499889485,0.25227013098997675
thanh5+𡂉,thanh5,0.13213053345680237,0.6343296668044536,0.27295849875233447
thanh5+洅,thanh5,0.13466095924377441,0.5558431361838315,0.24043909483629058
thanh5+󱛺,thanh5,0.11195582896471024,0.5223587281090613,0.43008728246853495
thanh5+㗌,thanh5,0.0862860381603241,0.7283033331598899,0.12072743051689973
thanh5+𠺮,thanh5,0.120502769947052,0.7103414520697111,0.1528616522697388
thanh5+󰮡,thanh5,0.09837714582681656,0.638167796162206,0.20840108694709616
thanh5+𢢈,thanh5,0.10805670917034149,0.6209976528287519,0.24826479746597596
thanh5+𤯱,thanh5,0.12480991333723068,0.4821447105899177,0.2575434965262107
thanh5+𠻱,thanh5,0.08837933838367462,0.6869186487616243,0.209944022561682
thanh5+𡮥,thanh5,0.11943662166595459,0.42444948182887665,0.24747656178298302
thanh5+𦀌,thanh5,0.09752700477838516,0.5447953576857223,0.21756756636012545
thanh5+𤶹,thanh5,0.08348933607339859,0.6491181292164224,0.3241792272049358
thanh5+󱛆,thanh5,0.11390113830566406,0.6861626205413366,0.2417641258202828
thanh5+󱋭,thanh5,0.13709840178489685,0.6045893300657266,0.31909036971842747
thanh5+󱞅,thanh5,0.08899326622486115,0.6251079761576593,0.1662690506329589
thanh5+𬕻,thanh5,0.12654130160808563,0.5425104888310174,0.4730215266752878
thanh5+𬓓,thanh5,0.13251370191574097,0.2496713044123708,0.3258306149613535
thanh5+𡃙,thanh5,0.09650909900665283,0.6492764265223492,0.2714109395219992
thanh5+𡓾,thanh5,0.15276148915290833,0.5218572007252755,0.26045405287588236
thanh5+𠸬,thanh5,0.09716679155826569,0.6784736026025454,0.16707531881190166
thanh5+𠻆,thanh5,0.09850957244634628,0.674028322910499,0.21009473435626472
thanh5+󱤉,thanh5,0.10693473368883133,0.6354776496405409,0.3633396801545013
thanh5+𬗏,thanh5,0.10726936906576157,0.5886156628828306,0.2636211194179649
thanh5+𡅍,thanh5,0.1369141787290573,0.6029520054031865,0.36621583074655417
thanh5+󱧀,thanh5,0.11010515689849854,0.6095234608727382,0.2581934984534327
thanh5+󰮝,thanh5,0.0937412828207016,0.5139851404929525,0.2691077606497981
thanh5+𥮈,thanh5,0.11603546142578125,0.5079237726199839,0.2148791464820837
thanh5+󱫳,thanh5,0.12447082996368408,0.6684426431121855,0.20245534554763997
thanh5+𰦫,thanh5,0.09197432547807693,0.6796023084155249,0.18417500107681598
thanh5+𧋅,thanh5,0.12274911254644394,0.5481014360119867,0.2498144280144544
thanh5+󱬧,thanh5,0.09860873222351074,0.5944983928213164,0.17286589886639145
thanh5+𡅩,thanh5,0.1391262412071228,0.5638484956064506,0.2772198402679416
thanh5+󰂻,thanh5,0.06627131998538971,0.7494681570550665,0.12933903231278351
thanh5+𤬪,thanh5,0.09579072892665863,0.6378860314095227,0.19991440507651484
thanh5+𡜒,thanh5,0.06291374564170837,0.6902867897180643,0.18473746167331564
thanh5+󱞡,thanh5,0.10443092882633209,0.5499401925655876,0.4441626855302904
thanh5+𫏝,thanh5,0.12344402819871902,0.4809330647071825,0.2501687273370787
thanh5+啩,thanh5,0.09041298180818558,0.5918251540155255,0.17238873129197238
thanh5+𢴎,thanh5,0.11785838007926941,0.5330930558601538,0.34800296744761433
thanh5+󱎶,thanh5,0.1540469229221344,0.48433365185210553,0.4080100940516893
thanh5+𦛲,thanh5,0.12721195816993713,0.5567994520267521,0.2798711145402251
thanh5+󱜉,thanh5,0.10315551608800888,0.6318088696452501,0.33966691956851397
thanh5+󱝾,thanh5,0.1290770322084427,0.5513030298567397,0.3339845716015251
thanh5+󱗘,thanh5,0.12585508823394775,0.5786576894412013,0.2743067358003084
thanh5+󱜫,thanh5,0.138880655169487,0.5963106390080367,0.2194304655056738
thanh5+󱡴,thanh5,0.13626044988632202,0.5046812361631673,0.28229614377833395
thanh5+󱛋,thanh5,0.11932673305273056,0.6014996112144836,0.29129662511382676
thanh5+𠿴,thanh5,0.12508168816566467,0.6479872145454411,0.2549002701884139
thanh5+𫅰,thanh5,0.1158810704946518,0.5173995197642042,0.40690962337604647
thanh5+𤳧,thanh5,0.13475672900676727,0.5815785784680918,0.2021461637365439
thanh5+󱛹,thanh5,0.12057851999998093,0.6365746902773123,0.24812473633455837
thanh5+󰊎,thanh5,0.07673194259405136,0.6788343442374984,0.24440352506563326
thanh5+󱱣,thanh5,0.1381956785917282,0.571802734193581,0.4595615444903583
thanh5+󱞼,thanh5,0.10636228322982788,0.6369586177982157,0.21118098279698838
thanh5+󱟬,thanh5,0.09277325123548508,0.6682110150192062,0.11432192808782161
thanh5+𬖩,thanh5,0.1264970749616623,0.6129208238941681,0.2986343270439542
thanh5+𠬖,thanh5,0.10477058589458466,0.605147690190857,0.2820497141194875
thanh5+𬧡,thanh5,0.12530530989170074,0.6658553501756981,0.22577481336462857
thanh5+𪥾,thanh5,0.09719076752662659,0.7020193296341852,0.22982998728705528
thanh5+󱤥,thanh5,0.09403730928897858,0.61775056340551,0.22821935486539321
thanh5+𠚐,thanh5,0.07988759875297546,0.6859145083436982,0.16297476987050155
thanh5+𨡨,thanh5,0.11851521581411362,0.600132464203723,0.295839912167524
thanh5+𬪽,thanh5,0.09307844936847687,0.7179069024088283,0.14170639769226753
thanh5+󱝞,thanh5,0.08659957349300385,0.6525620548301296,0.18153713610935882
thanh5+󱼒,thanh5,0.11037576198577881,0.6394928521409093,0.24895138006989945
thanh5+𦵠,thanh5,0.09536292403936386,0.6661309483253968,0.24306984312990307
thanh5+檤,thanh5,0.12546832859516144,0.6438206068761742,0.27968507811714205
thanh5+󱳬,thanh5,0.12464596331119537,0.6710685805443594,0.25190771833761366
thanh5+㖗,thanh5,0.09552475064992905,0.6988458287345269,0.16598782899842038
thanh5+𬓛,thanh5,0.08696818351745605,0.6496741367317933,0.18288625038730552
thanh5+󱙥,thanh5,0.1134270429611206,0.627844095635947,0.24570604915036065
thanh5+𪦎,thanh5,0.14047706127166748,0.3742109350647521,0.3205818116851306
thanh5+㙩,thanh5,0.1328938901424408,0.5944970339756958,0.27389056709735576
thanh5+󱰺,thanh5,0.1120665892958641,0.5229951963383368,0.5270610124804636
thanh5+𡄾,thanh5,0.12810687720775604,0.5150780338960699,0.3285971356594119
thanh5+󱲰,thanh5,0.1669849306344986,0.41033022196706853,0.3667412469911397
thanh5+󱋙,thanh5,0.10149870067834854,0.5894514473793984,0.20434635275564225
thanh5+󱋇,thanh5,0.08944746851921082,0.690866743840203,0.19355481211167128
thanh5+󱦙,thanh5,0.12536746263504028,0.5315309333248522,0.4086991527484929
thanh5+𪭟,thanh5,0.11667998880147934,0.5444597094853494,0.12690164332200302
thanh5+𠌊,thanh5,0.11120592057704926,0.6632707597755714,0.19288827206076078
thanh5+𪡿,thanh5,0.11396846920251846,0.656077849458645,0.26806890972965797
thanh5+𧞣,thanh5,0.1305316984653473,0.3081310048958786,0.28754286237892485
thanh5+𧜐,thanh5,0.10347194224596024,0.6569965140831365,0.24040967641935407
thanh5+󱓍,thanh5,0.1089845597743988,0.6558255293998791,0.2766611237948993
thanh5+𠾲,thanh5,0.1345091611146927,0.5615831409533447,0.3363189105362902
thanh5+𬉌,thanh5,0.1049780547618866,0.663077231788134,0.2385980678845553
thanh5+𠵴,thanh5,0.1272130310535431,0.589409583254041,0.3015112031426874
thanh5+󱞲,thanh5,0.1205553263425827,0.5483939927012513,0.260055333075202
thanh5+󰤴,thanh5,0.08600561320781708,0.7548009813864168,0.10888607548053743
thanh5+𡖡,thanh5,0.111790731549263,0.6577567152488395,0.23322085094322795
thanh5+𫪄,thanh5,0.10075096786022186,0.6411491663858551,0.15386579280556648
thanh5+𫴇,thanh5,0.12191566824913025,0.595840394489612,0.259242282060542
thanh5+󱟡,thanh5,0.16289132833480835,0.5603895576972331,0.4039872266621711
thanh5+󱀰,thanh5,0.12910392880439758,0.4690600081111481,13.215570605222837
thanh5+󰌋,thanh5,0.08210346102714539,0.7185591227364432,0.17443578943665575
thanh5+𪝪,thanh5,0.09764827787876129,0.6202927505740308,0.30376315937147386
thanh5+𢯝,thanh5,0.1117449402809143,0.7210431075860332,0.17018599247438307
thanh5+𪱎,thanh5,0.15453524887561798,0.3412679174003887,0.7511896831955455
thanh5+󰬪,thanh5,0.11135805398225784,0.5863295506664228,0.3655555057244118
thanh5+𡑲,thanh5,0.1170991063117981,0.6172230896168877,0.1964145245066166
thanh5+𬃴,thanh5,0.09532400965690613,0.6129951724205522,0.2900021532696504
thanh5+𪢷,thanh5,0.09437047690153122,0.6980105777232133,0.19036486231574581
thanh5+𠶈,thanh5,0.12432396411895752,0.65353252004235,0.13415151729396255
thanh5+𪀆,thanh5,0.11661574244499207,0.5459049996220652,0.33787015569723655
thanh5+𦲹,thanh5,0.07543635368347168,0.6924349396483275,0.21594626858847654
thanh5+󱜶,thanh5,0.09518083930015564,0.6996631005752917,0.20482230152043332
thanh5+𡫡,thanh5,0.11555635929107666,0.5842496809998945,0.28622570451809765
thanh5+󰁂,thanh5,0.18423929810523987,0.44554185017987946,0.24566341768502753
thanh5+󰬽,thanh5,0.1427353471517563,0.40947565121018137,0.28819316046022
thanh5+𡂄,thanh5,0.11768945306539536,0.6157698373725261,0.27729271703598296
thanh5+䐥,thanh5,0.13629013299942017,0.5315380495097684,0.4060762921705583
thanh5+𫮡,thanh5,0.14062915742397308,0.5695135305143936,0.23174663603506718
thanh5+𡚎,thanh5,0.11301220953464508,0.5941232576633316,0.3662154674723661
thanh5+󰊈,thanh5,0.09674032032489777,0.6997960530831682,0.2124157913844673
thanh5+󱪱,thanh5,0.10921183228492737,0.6157245061266396,0.2912581140440221
thanh5+󰢜,thanh5,0.12391220033168793,0.5345614242665653,0.4177365815735388
thanh5+𡃜,thanh5,0.10378620028495789,0.6740335777387705,0.2375665517939111
thanh5+󱓇,thanh5,0.16481351852416992,0.46291314348832663,0.5257024518726625
thanh5+󱫟,thanh5,0.1327323317527771,0.47997308886457546,0.48046777252314943
thanh5+󱮾,thanh5,0.16714058816432953,0.4305315102747587,0.3694476371440742
thanh5+󱠠,thanh5,0.11074516177177429,0.5759716155311284,0.3235941358921621
thanh5+𫽦,thanh5,0.13480797410011292,0.5378756515942342,0.29337139631978104
thanh5+㨲,thanh5,0.09748274087905884,0.6246496673439467,0.291977083924482
thanh5+𬊭,thanh5,0.10007727146148682,0.653039766270005,0.26289712286364897
thanh5+󱩙,thanh5,0.11801809817552567,0.5659655198791085,0.3631443649860044
thanh5+󱟛,thanh5,0.10930786281824112,0.5455814150247414,0.3729197956381474
thanh5+󰬨,thanh5,0.08796414732933044,0.6809063053811343,0.21488261423787058
thanh5+󰛕,thanh5,0.15008962154388428,0.49186420252506285,0.42663697833534714
thanh5+𪢒,thanh5,0.10399188846349716,0.6576580999838244,0.25653220513095687
thanh5+󰬲,thanh5,0.07721032202243805,0.5920909494147889,0.20850114941440534
thanh5+𬄪,thanh5,0.12504850327968597,0.5604010537206552,0.23455886798488826
thanh5+㘢,thanh5,0.09107118844985962,0.7358979908583255,0.18112734499951413
thanh5+𥵉,thanh5,0.12190254777669907,0.6065894872919451,1.1142626533574929
thanh5+𡃓,thanh5,0.13740763068199158,0.48897375272567617,0.24216510594965004
thanh5+𡑭,thanh5,0.11867270618677139,0.651372109412606,0.37202033648344607
thanh5+𬡶,thanh5,0.12271737307310104,0.5908817090437677,0.4072550157167014
thanh5+鮗,thanh5,0.10263098776340485,0.6127945410313207,0.3444743751972669
thanh5+󱞔,thanh5,0.1337883174419403,0.5821645172976337,0.4612007727871669
thanh5+蓸,thanh5,0.11228586733341217,0.5961399825846666,0.17953824285471542
thanh5+󱜖,thanh5,0.17759783565998077,0.6240442989294911,0.26447209604238137
thanh5+𪤠,thanh5,0.1376323252916336,0.5607374867730145,0.2674604947186497
thanh5+𡀲,thanh5,0.09345415979623795,0.6747990349130231,0.2354957613714647
thanh5+𪻋,thanh5,0.08765608817338943,0.6697084851060604,0.2535245785581758
thanh5+󰣡,thanh5,0.0919162780046463,0.6848021650595026,0.18034896350820095
thanh5+𪷘,thanh5,0.1533406376838684,0.40669796170910477,0.43505122305519106
thanh5+𪣮,thanh5,0.11065734922885895,0.6069834379496332,0.25593035741911857
thanh5+󱛦,thanh5,0.10726162046194077,0.628215438466158,0.2766297104705922
thanh5+󱱀,thanh5,0.17368832230567932,0.5217538681024921,0.6781256890365049
thanh5+𬄃,thanh5,0.11846378445625305,0.5143050786855766,0.29962519741918897
thanh5+𫮒,thanh5,0.12674173712730408,0.6289957954643791,0.3900135405119463
thanh5+𦨭,thanh5,0.10387083888053894,0.7228677394153668,0.21031247034236814
thanh5+𥙒,thanh5,0.1518080234527588,0.4389919085217376,0.33216482702961675
thanh5+𩠱,thanh5,0.17458981275558472,0.43701122240507095,0.4811032983720675
thanh5+㖏,thanh5,0.10806626081466675,0.6142859059534129,0.1430185541818536
thanh5+󱘧,thanh5,0.13197821378707886,0.5207602089216101,0.39517552160533337
thanh5+𨨨,thanh5,0.09230047464370728,0.6282634953054254,0.36783471863427825
thanh5+󱤑,thanh5,0.09621462970972061,0.640220298252308,0.22768619277275567
thanh5+𠾬,thanh5,0.15002450346946716,0.39215183770282974,0.27699135930134383
thanh5+𫪦,thanh5,0.08911377936601639,0.5802553318975306,0.2687662076805564
thanh5+𤁯,thanh5,0.153826043009758,0.5379832591836964,0.4195428326976949
thanh5+𦲼,thanh5,0.07134730368852615,0.6878782607120976,0.18165728076089868
thanh5+󰢷,thanh5,0.12293276190757751,0.6515301719033637,0.2771610275444271
thanh5+㖕,thanh5,0.09295514225959778,0.7844963689917225,0.1339906673699239
thanh5+𪞀,thanh5,0.08303367346525192,0.6984459626876722,0.2238901990130103
thanh5+𢀦,thanh5,0.09318884462118149,0.6858600087311709,0.3219477053207429
thanh5+󱞇,thanh5,0.10863329470157623,0.6288878323560299,0.27905654111438555
thanh5+𬠥,thanh5,0.1047171801328659,0.568336548751234,0.3143896899802649
thanh5+𪡽,thanh5,0.1068408191204071,0.5801775114441344,0.26198117092951717
thanh5+𢭿,thanh5,0.10765231400728226,0.62013848981258,0.226537310567179
thanh5+𠽇,thanh5,0.118551105260849,0.6175579282511285,0.35496442482770424
thanh5+婫,thanh5,0.09597336500883102,0.6697743191710794,0.2156296022658002
thanh5+𣞄,thanh5,0.09510274231433868,0.6555169010735666,0.2518984808813675
thanh5+𠻉,thanh5,0.1178913488984108,0.6633810892148109,0.23982727241957705
thanh5+󱛱,thanh5,0.13055607676506042,0.6278498308469579,0.2899425306388226
thanh5+𩚧,thanh5,0.12882712483406067,0.6254628571230681,0.31143516524500936
thanh5+𥴙,thanh5,0.1186048835515976,0.6227741614040908,0.2970624103858493
thanh5+𰈏,thanh5,0.11535204201936722,0.6675433178722311,0.27774620450791
thanh5+󱮺,thanh5,0.137971431016922,0.48353269153029693,0.3280618358139144
thanh5+𡄰,thanh5,0.1065186858177185,0.6265630646744926,0.3462181190980715
thanh5+󰭂,thanh5,0.14165858924388885,0.4611069686930052,0.16845410076334943
thanh5+𫕹,thanh5,0.15676388144493103,0.6022046210823321,13.457311601303362
thanh5+󱥥,thanh5,0.12381713837385178,0.5533725881545588,0.48911649733449963
thanh5+𪂱,thanh5,0.09389229118824005,0.6391086633099781,0.3661166510071195
thanh5+󱤍,thanh5,0.12894083559513092,0.5622198605323421,0.4008457810222043
thanh5+󱭘,thanh5,0.15199178457260132,0.5102001374460938,0.36802422222696096
thanh5+󰭔,thanh5,0.10432270914316177,0.5527615703286388,0.2696957369429012
thanh5+󱰭,thanh5,0.09193319082260132,0.660387877380092,0.23269919142114423
thanh5+𤉓,thanh5,0.08858617395162582,0.7332860468071958,0.1712817430637703
thanh5+𨄿,thanh5,0.15958760678768158,0.4934777846462784,0.6130311952892882
thanh5+𪡫,thanh5,0.09969663619995117,0.677048008003827,0.1979595018673563
thanh5+󱧖,thanh5,0.14223487675189972,0.5168736022975357,2.2866500263408804
thanh5+󱙉,thanh5,0.11882489919662476,0.6117832596879935,0.26708687724817093
thanh5+㷝,thanh5,0.1217116266489029,0.5940766920920477,0.3471356595709214
thanh5+抋,thanh5,0.0891733467578888,0.7300252514911031,0.1521630650806278
thanh5+𫉮,thanh5,0.1232670247554779,0.6630142393541699,0.2966186183587281
thanh5+󱤗,thanh5,0.10513249784708023,0.5676525876955557,0.3338398511726046
thanh5+𪧺,thanh5,0.11456616967916489,0.6040283882855098,0.21221270586593502
thanh5+𡎤,thanh5,0.12599243223667145,0.5576461489379576,0.21539670148341952
thanh5+󱥪,thanh5,0.10845617949962616,0.4080756345717159,0.2076869030632231
thanh5+󱦐,thanh5,0.11548727750778198,0.5408960091793134,0.3248027123000801
thanh5+󱟱,thanh5,0.13755857944488525,0.6793867382926957,0.17652800503889873
thanh5+𪰰,thanh5,0.1223946139216423,0.5270759816571956,0.19409151287308157
thanh5+堹,thanh5,0.0895531177520752,0.7004695150753766,0.20481017487158626
thanh5+𤏦,thanh5,0.11220376938581467,0.48376787824615386,0.29537144348540617
thanh5+𪾭,thanh5,0.09693519026041031,0.6028474455810721,0.21677173091359922
thanh5+󱞗,thanh5,0.07191735506057739,0.7227516097285248,0.117100593080033
thanh5+𫢖,thanh5,0.12723217904567719,0.4760262667300538,0.24316244408071763
thanh5+󱞴,thanh5,0.10078389942646027,0.5956891175586835,0.3504816786336295
thanh5+󱛲,thanh5,0.11474096775054932,0.5960443373249651,0.37619322857708076
thanh5+𦿄,thanh5,0.11111658811569214,0.5546460693718794,0.32910621685979685
thanh5+𪢤,thanh5,0.15090124309062958,0.3961454374462852,0.38787668942277365
thanh5+𧋸,thanh5,0.0913589745759964,0.5559833060352111,0.17630204196367558
thanh5+𠹍,thanh5,0.10898622125387192,0.6973565500019392,0.16570669657418938
thanh5+𠺚,thanh5,0.08366528898477554,0.6922859013711194,0.22578136489492728
thanh5+𩯁,thanh5,0.17286145687103271,0.48674618594237673,0.3751432560173981
thanh5+𬄹,thanh5,0.11700620502233505,0.615191764201218,0.32676135489267016
thanh5+溒,thanh5,0.10913772135972977,0.6561230699078817,0.27044006789913483
thanh5+𩝭,thanh5,0.13039660453796387,0.4938048922122886,0.48617282834403924
thanh5+𫪎,thanh5,0.10647667944431305,0.6139514172900141,0.26639209944073033
thanh5+󱛍,thanh5,0.09754994511604309,0.6691968400881287,0.1736252050914704
thanh5+󱝹,thanh5,0.10856517404317856,0.6581034008232844,0.26232603694504714
thanh5+㖪,thanh5,0.11796670407056808,0.7146586634004897,0.16396435939628737
thanh5+𭈙,thanh5,0.11130931973457336,0.6774961628231285,0.21060485996269843
thanh5+𠷇,thanh5,0.09440687298774719,0.6259689018282963,0.2581113567980151
thanh5+䀭,thanh5,0.0856337696313858,0.5963074377914163,0.1499408794225523
thanh5+𭉷,thanh5,0.11307627707719803,0.5087869750880807,0.23095012413062252
thanh5+𠺼,thanh5,0.10804377496242523,0.6055306384386973,0.2266545055472178
thanh5+󱚫,thanh5,0.09445154666900635,0.5121411829037403,0.1659181647964795
thanh5+𫬪,thanh5,0.14391076564788818,0.5738480549653483,0.6089295982522734
thanh5+𥋲,thanh5,0.11908784508705139,0.6124035929487972,0.3169854119262965
thanh5+󰢔,thanh5,0.0986587405204773,0.6243625225409978,0.2508426409826832
thanh5+󱝖,thanh5,0.15058505535125732,0.6372524926736133,0.30937200495942024
thanh5+𧟝,thanh5,0.18343473970890045,0.34641178680698365,0.35795280656709066
thanh5+󱦮,thanh5,0.1389012485742569,0.5979042414418526,0.24271963770171653
thanh5+󱮝,thanh5,0.11542245745658875,0.5762739057707188,0.34844334636658275
thanh5+𠴇,thanh5,0.1135295107960701,0.7624288554354858,0.1328687122846329
thanh5+󱞈,thanh5,0.113712377846241,0.6113980805089577,0.28269262095439934
thanh5+󱥓,thanh5,0.08409200608730316,0.679869341920416,0.24275881345773054
thanh5+󱤒,thanh5,0.09516055881977081,0.6305991381563345,0.29996376828819754
thanh5+𬊐,thanh5,0.08120059967041016,0.7218595290080951,0.211494784821145
thanh5+𪡱,thanh5,0.10110094398260117,0.6851776343357426,0.1731985565964216
thanh5+𡓯,thanh5,0.10473312437534332,0.6436897703051475,0.23063773747886787
thanh5+𡀫,thanh5,0.10113140195608139,0.6737295251319061,0.28708055259640336
thanh5+󱟂,thanh5,0.08019981533288956,0.6966755135252788,0.20195774400305444
thanh5+𦽎,thanh5,0.12969359755516052,0.4469841770218095,0.40628840531649885
thanh5+𫣝,thanh5,0.1162375807762146,0.5102449850835826,0.666577085122486
thanh5+𡞗,thanh5,0.08006437867879868,0.6888624102252201,0.1846429353139468
thanh5+𩛸,thanh5,0.10279104113578796,0.5956663517160428,0.24125333732453227
thanh5+𬟻,thanh5,0.06746625155210495,0.7238545767706834,0.10278229546777869
thanh5+𡝦,thanh5,0.10217931866645813,0.6604375369059403,0.1761248685058282
thanh5+𰈨,thanh5,0.08440026640892029,0.6914281710429787,0.18836895963989994
thanh5+𡁼,thanh5,0.11146741360425949,0.6320606085609367,0.2637751105443478
thanh5+󱢜,thanh5,0.11392255127429962,0.5418456792805758,0.23011689533272672
thanh5+󱹙,thanh5,0.13057152926921844,0.39534165546707917,0.38601574876025935
thanh5+囄,thanh5,0.160887211561203,0.46743771023312175,0.6412559841371105
thanh5+󱢰,thanh5,0.13192902505397797,0.5556098664054735,0.3699430019368087
thanh5+𦟋,thanh5,0.1721528172492981,0.3346530563356365,0.33726542428633977
thanh5+𡅫,thanh5,0.13762885332107544,0.4608167513520217,0.1540076397906314
thanh5+𡎡,thanh5,0.08428722620010376,0.6980165289179034,0.1806690250155243
thanh5+󱫂,thanh5,0.10746987909078598,0.5476638563043769,0.2954713541060275
thanh5+𠱜,thanh5,0.08854936063289642,0.7161662151153334,0.2050763749709783
thanh5+𨁋,thanh5,0.13171912729740143,0.6035616570429025,0.30576638480710233
thanh5+󱛴,thanh5,0.14029043912887573,0.4483948806341371,0.3968653464056173
thanh5+󱞃,thanh5,0.1065891906619072,0.4795730079923515,0.21182076233566838
thanh5+󱷿,thanh5,0.11296992748975754,0.6264573215392687,0.17529051643715157
thanh5+𫰄,thanh5,0.1141228973865509,0.6215518587408564,0.34664101582579376
thanh5+󱳦,thanh5,0.10572962462902069,0.7121680678469362,0.18070042896212324
thanh5+󱪉,thanh5,0.1322539746761322,0.44238216825123794,0.39542018729435074
thanh5+𬕳,thanh5,0.1120150163769722,0.6727062732050698,0.24884064485136767
thanh5+𡐮,thanh5,0.07358665764331818,0.6989453740705668,0.18731618548209783
thanh5+󱙲,thanh5,0.10056950151920319,0.6342413350968654,0.2984854106615722
thanh5+𪮩,thanh5,0.08223434537649155,0.6046264064076545,0.2934303302594318
thanh5+󱰐,thanh5,0.17630213499069214,0.4430285683765476,0.694289710933342
thanh5+𡫐,thanh5,0.1084364727139473,0.5603733020867505,0.3205154796198905
thanh5+󰞬,thanh5,0.1345050185918808,0.5418758585723314,0.402735524224288
thanh5+𬏖,thanh5,0.10198263078927994,0.5912540128952534,0.19286576435129402
thanh5+𦩳,thanh5,0.09295425564050674,0.5852032302246513,0.242658721130399
thanh5+󱜺,thanh5,0.08527619391679764,0.6539581459439492,0.1826974835921219
thanh5+㨫,thanh5,0.1458977311849594,0.5070022347095939,0.3528197294758022
thanh5+𬮷,thanh5,0.12248864024877548,0.5061174046393425,0.27224573640325866
thanh5+𧍆,thanh5,0.11649693548679352,0.6452108780282586,0.24988588359296704
thanh5+𫽠,thanh5,0.11732438951730728,0.6591773682438562,0.13627949360339978
thanh5+󱢉,thanh5,0.09098946303129196,0.6251948744196967,0.20148951711988217
thanh5+󱠢,thanh5,0.11872594803571701,0.4654233706043621,0.5091370222263585
thanh5+𩼁,thanh5,0.12691634893417358,0.5568772212741115,0.389433097833372
thanh6+󱦗,thanh6,0.1254352182149887,0.6202004201750827,0.5840921134833462
thanh6+𫪀,thanh6,0.07232560217380524,0.799515496830344,0.35782129875505686
thanh6+󱞜,thanh6,0.10786990821361542,0.657607869296288,0.14329962752576023
thanh6+𡫫,thanh6,0.08716923743486404,0.7310504479227155,0.3081409883857748
thanh6+埨,thanh6,0.07244925945997238,0.7464730198494002,0.14507965581202598
thanh6+𦝺,thanh6,0.13424627482891083,0.6355819644234819,0.22042271952682646
thanh6+𪝅,thanh6,0.08896009624004364,0.7146012616479275,0.17880081778136744
thanh6+󱥄,thanh6,0.11217738687992096,0.7707811152668795,0.3002715645123332
thanh6+𪴉,thanh6,0.11692801117897034,0.710691631002706,0.3508797222973256
thanh6+󱚕,thanh6,0.07684405148029327,0.7718343900356138,0.1528370375047087
thanh6+𠲃,thanh6,0.10619093477725983,0.6825808114513027,0.13212691985256075
thanh6+󱝢,thanh6,0.12524379789829254,0.6903704497593098,0.33009500093110455
thanh6+󱩗,thanh6,0.07912759482860565,0.8061460267585454,0.24530220476421594
thanh6+𦵠,thanh6,0.09774122387170792,0.6149391024946709,0.31423917206181234
thanh6+睈,thanh6,0.08205770701169968,0.782845786745551,0.15501098653252562
thanh6+𬞑,thanh6,0.08777206391096115,0.7077187917265666,0.19671138057127893
thanh6+𫪁,thanh6,0.09516853094100952,0.7399493431244435,0.18702392590397435
thanh6+󱝑,thanh6,0.07588840276002884,0.8127943848730461,0.13733914083634627
thanh6+𡉖,thanh6,0.06498520821332932,0.7902702009396982,0.20587580042999729
thanh6+󰴾,thanh6,0.109420545399189,0.6937569029542197,0.2746093157718139
thanh6+󱝙,thanh6,0.06959386169910431,0.7768050708285025,0.1939780820372672
thanh6+𠲜,thanh6,0.11281993985176086,0.7434716711092917,549.8542856383448
thanh6+󱩸,thanh6,0.10429365932941437,0.6519735147465324,0.25456321469833704
thanh6+𠽂,thanh6,0.09820792078971863,0.7383296686663865,0.30258123862085423
thanh6+姈,thanh6,0.08319292962551117,0.7370925838226162,0.18363893557640343
thanh6+𢶹,thanh6,0.07174815237522125,0.796189706480584,0.2672892170778705
thanh6+𥾸,thanh6,0.08997049182653427,0.7074176158838955,0.13994522789249783
thanh6+𠼇,thanh6,0.08597666770219803,0.7279944926960296,0.1580464061872909
thanh6+𪢘,thanh6,0.0950937271118164,0.6621979588736003,0.35576453849055406
thanh6+𧋸,thanh6,0.09316671639680862,0.702087871407635,0.23833422495945497
thanh6+󱞣,thanh6,0.11975377053022385,0.6075664590668499,1.703379168559177
thanh6+󱟁,thanh6,0.06040934473276138,0.8049634623572506,0.22788214087261235
thanh6+𫯐,thanh6,0.07965117692947388,0.7369510838144334,0.1363847457477866
thanh6+㺜,thanh6,0.12440253794193268,0.5671911213169071,0.25795055438212494
thanh6+󱓍,thanh6,0.11842502653598785,0.7136806285767473,0.20757461401650076
thanh6+𧒊,thanh6,0.07735472917556763,0.8072113579378695,0.20520201029238871
thanh6+󰠎,thanh6,0.11120890825986862,0.8150731078891666,0.21828189986061497
thanh6+󱋃,thanh6,0.08196042478084564,0.7066037135331908,0.39750435184678734
thanh6+󱲙,thanh6,0.09567788988351822,0.7030286452683991,0.1405448666338821
thanh6+󱠠,thanh6,0.0751863569021225,0.6935943226176958,0.4046054452344068
thanh6+𧍆,thanh6,0.13028943538665771,0.7031132263231531,0.2749387569012704
thanh6+󱋠,thanh6,0.0950256958603859,0.7607094351145887,0.18910487395490014
thanh6+𡎤,thanh6,0.0786944329738617,0.694675443316769,0.2181208197245866
thanh6+𪱴,thanh6,0.07596871256828308,0.7887501383074558,0.10641768691064239
thanh6+󰣿,thanh6,0.11181536316871643,0.6979831755686218,0.3490855896329778
thanh6+󱞿,thanh6,0.1045074388384819,0.6095556993876537,0.3540407012530051
thanh6+𠴖,thanh6,0.10859335958957672,0.7569542623001255,0.2070268829119661
thanh6+𪁄,thanh6,0.08064566552639008,0.6947260212890001,0.1890123455204887
thanh6+󱬊,thanh6,0.11010648310184479,0.635386381788574,0.4225711617575203
thanh6+󱞈,thanh6,0.07894643396139145,0.6756493377415095,0.20545901283613832
thanh6+𠲡,thanh6,0.05635245144367218,0.8197452523023314,0.14650980454432003
thanh6+𡁎,thanh6,0.1629628688097,0.5797582061602569,0.6397240273917874
thanh6+󱟜,thanh6,0.07284069061279297,0.6840366253067123,0.15767161701180965
thanh6+𢰦,thanh6,0.08110123872756958,0.7641270760723015,0.263732542661395
thanh6+𪸄,thanh6,0.09800365567207336,0.6998128935466584,0.354913275482917
thanh6+𧜐,thanh6,0.1452055424451828,0.5792487718242396,0.690549096544268
thanh6+󱤥,thanh6,0.08098359405994415,0.7595740304244942,0.1849980853699781
thanh6+𠅐,thanh6,0.0656728595495224,0.8197846718003748,0.16837729601970822
thanh6+󱙤,thanh6,0.09864267706871033,0.7171902442153965,0.2565633322665344
thanh6+㖏,thanh6,0.08582313358783722,0.807329356180922,0.2035116509081569
thanh6+𠶍,thanh6,0.07871045172214508,0.777718701610517,0.20604583965737552
thanh6+󱢏,thanh6,0.11508253216743469,0.6506071018684065,0.36346733622570865
thanh6+󰮦,thanh6,0.10689696669578552,0.6852520147041388,0.5326383594455778
thanh6+󱛣,thanh6,0.08607231825590134,0.7659731098079956,0.40482190178989286
thanh6+󱥯,thanh6,0.05787177383899689,0.8184804669808649,0.21742941391948697
thanh6+󱝞,thanh6,0.11321089416742325,0.6909272569977092,0.5980861371287768
thanh6+𠴌,thanh6,0.05141381919384003,0.8498002885657532,0.14295009086445315
thanh6+𬂨,thanh6,0.12363135069608688,0.6670750077787504,0.23445841080907728
thanh6+󱙥,thanh6,0.10087589919567108,0.6906052550437158,0.2598455450150792
thanh6+󰤣,thanh6,0.08629633486270905,0.7559907890304032,0.17602377567513994
thanh6+𪬪,thanh6,0.13651703298091888,0.6316169434635193,0.3890318524758349
thanh6+󰯺,thanh6,0.0947122648358345,0.7044046710688247,0.40074153293026255
thanh6+𣎞,thanh6,0.08677242696285248,0.7454030694074574,0.23925914551632996
thanh6+𠸽,thanh6,0.08077675849199295,0.7505609909617755,0.4979750412466381
thanh6+󰁐,thanh6,0.1009376272559166,0.6609771845584306,0.2843564205173535
thanh6+𤲼,thanh6,0.09121392667293549,0.7226680925181477,0.2886941555306254
thanh6+𡃖,thanh6,0.12754324078559875,0.7439296638380002,0.26293426653880053
thanh6+𡅫,thanh6,0.06362602114677429,0.7593761428639131,0.14804413461905
thanh6+𢆠,thanh6,0.09505094587802887,0.7569346550196269,0.25137449971700104
thanh6+󱞲,thanh6,0.08987780660390854,0.602054554479163,0.2891357819121867
thanh6+󱜆,thanh6,0.07070931792259216,0.7003083605101237,0.3231110729880281
thanh6+󱬑,thanh6,0.08563369512557983,0.7530491420066212,0.24755969983620918
thanh6+󱱣,thanh6,0.08403292298316956,0.7294774652595482,0.47370794422641493
thanh6+󱤾,thanh6,0.08870483934879303,0.5934275665031392,0.2000372496898483
thanh6+󱫠,thanh6,0.12990251183509827,0.6858795989846638,0.26366356994264056
thanh6+𡃆,thanh6,0.12729577720165253,0.7346450525328918,0.24744203852915378
thanh6+󱞟,thanh6,0.09857774525880814,0.5335966925127252,0.3457723714769905
thanh6+𦩳,thanh6,0.0689799040555954,0.7263803232902457,0.1433150820080082
thanh6+󱝳,thanh6,0.0879465639591217,0.6977512753356175,0.362712610808378
thanh6+𪰰,thanh6,0.0994364395737648,0.7583298607326758,0.16013609528667336
thanh6+挒,thanh6,0.06354865431785583,0.8092613732457132,0.09406652936089473
thanh6+𠵴,thanh6,0.09563126415014267,0.6765472599475163,0.17030044607014896
thanh6+󰸪,thanh6,0.09197617322206497,0.6893494098339938,0.29203361577968856
thanh6+𪖺,thanh6,0.13879820704460144,0.5319886948015065,0.7036433009919395
thanh6+󱙴,thanh6,0.1103193461894989,0.6375179483785074,0.3435995539058175
thanh6+󱛖,thanh6,0.07518301159143448,0.7576932189145499,0.17263952050462025
thanh6+󱝆,thanh6,0.07464516162872314,0.7867771687797377,0.1775079922658042
thanh6+𥮈,thanh6,0.08389802277088165,0.7142811539113968,0.16442670390878164
thanh6+󱊚,thanh6,0.0659247562289238,0.7327240047330704,0.25183167031737735
thanh6+𬆅,thanh6,0.10504093766212463,0.6504672356961684,0.35208893528444385
thanh6+𭡏,thanh6,0.13211823999881744,0.5376061977022082,0.27371740791829674
thanh6+󱫷,thanh6,0.08171664923429489,0.7466236202402982,0.18704577003145187
thanh6+抋,thanh6,0.07538806647062302,0.7874409587494109,0.18066248876222957
thanh6+󱬧,thanh6,0.09305115789175034,0.760369634944169,0.152903875092765
thanh6+𰈏,thanh6,0.08452539891004562,0.7909524396287211,0.28711505685677585
thanh6+󱺈,thanh6,0.06547287851572037,0.8117571494280976,0.2270137344913199
thanh6+󱭪,thanh6,0.08013056963682175,0.7411830926760639,0.1990935740569976
thanh6+󱨇,thanh6,0.11373388022184372,0.7361686328585805,0.23054976724480014
thanh6+𪡽,thanh6,0.11956281960010529,0.6384529319450817,0.28144249707398816
thanh6+𡏯,thanh6,0.07714641094207764,0.7320962027640949,0.15350389356193261
thanh6+󱬎,thanh6,0.18821288645267487,0.5189830468939075,0.6477590600938896
thanh6+󱜺,thanh6,0.12665998935699463,0.6119382235366724,0.23557929046222956
thanh6+󱛲,thanh6,0.12857499718666077,0.6849254114733336,0.3872835396946914
thanh6+𢶽,thanh6,0.12119827419519424,0.6669101831745539,0.33793867348193823
thanh6+󱭧,thanh6,0.10020150244235992,0.6881592478206425,0.2740891856499721
thanh6+𡅯,thanh6,0.10315006971359253,0.6768814364816688,0.31668050695561695
thanh6+󱝭,thanh6,0.12296406924724579,0.7471260517679359,0.29907772125581816
thanh6+𡁛,thanh6,0.07738135755062103,0.7558369331629751,0.3489892987892074
thanh6+𮜲,thanh6,0.09078941494226456,0.7019678897478814,0.15774896776094727
thanh6+𠷯,thanh6,0.10578716546297073,0.5280092153117358,0.13373689181688275
thanh6+𬕌,thanh6,0.1251920908689499,0.747788498223299,0.15983151322234332
thanh6+𪮽,thanh6,0.10563042014837265,0.6141276864244425,0.2301012119124991
thanh6+𪦎,thanh6,0.08901923894882202,0.5967566133376345,0.256808371269767
thanh6+𫬠,thanh6,0.11737792938947678,0.7405837142052782,0.5590540242227128
thanh6+𨊌,thanh6,0.1573275327682495,0.5815004487411124,0.33976251941035684
thanh6+啩,thanh6,0.0892128199338913,0.7852971788507893,0.19079143282858094
thanh6+𫴬,thanh6,0.129675954580307,0.6400720839953282,0.2475633502145285
thanh6+𭋙,thanh6,0.10537600517272949,0.6696581688306675,0.25883452243139216
thanh6+󱜲,thanh6,0.06627115607261658,0.8138851084383394,0.2528139564926475
thanh6+󱝀,thanh6,0.09375904500484467,0.8127083809200101,0.12714709145459427
thanh6+󱟟,thanh6,0.09435936063528061,0.7035385798084894,0.30923016556790567
thanh6+莰,thanh6,0.08458131551742554,0.704200434446936,0.20380650448643042
thanh6+𫵊,thanh6,0.07729989290237427,0.7214691075111582,0.4453939504528533
thanh6+𪸝,thanh6,0.08030737191438675,0.7877719093723548,0.11308964193994354
thanh6+󱰯,thanh6,0.1220182254910469,0.5806237474882673,0.20765568936618975
thanh6+鏙,thanh6,0.09062397480010986,0.7400649149245212,0.3511769511932324
thanh6+𣋇,thanh6,0.09978211671113968,0.6994292799516413,0.29544142657786615
thanh6+󱎾,thanh6,0.09539996087551117,0.7441562587080053,0.38594307353536755
thanh6+𫣝,thanh6,0.09224974364042282,0.6923823744247414,0.30977858584107937
thanh6+󱘡,thanh6,0.06593194603919983,0.7656147492623023,0.3090627059237711
thanh6+󱖧,thanh6,0.11873262375593185,0.45757174085698127,0.31939863506851157
thanh6+𪻟,thanh6,0.09877917170524597,0.6533229570712167,0.2879654608397851
thanh6+㙩,thanh6,0.08750129491090775,0.6980066590531699,0.3209071022224561
thanh6+𡮛,thanh6,0.12675027549266815,0.7079075724935018,0.35008844843381715
thanh6+𬕳,thanh6,0.12242602556943893,0.7139914073321284,0.24486842898150618
thanh6+󱟰,thanh6,0.1039542406797409,0.6630202716090499,0.3704908119306369
thanh6+𭉷,thanh6,0.06962980329990387,0.8270653208121839,0.1743599394134081
thanh6+󱫸,thanh6,0.11822716146707535,0.5575125130505718,0.4705911024218204
thanh6+𢀦,thanh6,0.11348385363817215,0.7706250234628946,0.19569026927151947
thanh6+󰢷,thanh6,0.08391992747783661,0.7903586634445009,0.30611999932953676
thanh6+󱞻,thanh6,0.10865892469882965,0.6735886660404322,0.17213342728623546
thanh6+𬂻,thanh6,0.11022534966468811,0.6060201149748172,0.32463516792095176
thanh6+𤗹,thanh6,0.08622442930936813,0.7215662137264636,0.21861474355709087
thanh6+𫴯,thanh6,0.12401951104402542,0.6713321313515029,0.4003359687276808
thanh6+󱷿,thanh6,0.08025065809488297,0.7866122893989567,0.13430192694558754
thanh6+󱛅,thanh6,0.1062636449933052,0.6669376550639875,0.19796027476503228
thanh6+󰡊,thanh6,0.06331140547990799,0.7947024724593621,0.14748131643595733
thanh6+󱞝,thanh6,0.09762860834598541,0.6891479018899342,0.20166433355221858
thanh6+𡎡,thanh6,0.06768225133419037,0.8025225212945589,0.2117885327156859
thanh6+𡃜,thanh6,0.1095520481467247,0.6828140288350577,0.4128929314905989
thanh6+𢹾,thanh6,0.10607501864433289,0.7221366222693983,0.4041344840704247
thanh6+𪝪,thanh6,0.1551675647497177,0.47138359932045854,0.554323397602117
thanh6+𠻇,thanh6,0.08853411674499512,0.7143780009754913,0.1949875211656392
thanh6+󱛕,thanh6,0.08073827624320984,0.6897048810228026,0.37249177746078893
thanh6+𭊳,thanh6,0.09223945438861847,0.714024974309601,0.17678353364113608
thanh6+𫊬,thanh6,0.07400131970643997,0.7078746272938411,0.20341545596468233
thanh6+𧜗,thanh6,0.09567523747682571,0.6710556092323705,0.3764507154073427
thanh6+󱜈,thanh6,0.06304750591516495,0.7053035219565146,0.33858700196485764
thanh6+𡄡,thanh6,0.08674057573080063,0.7701599788602199,0.3047769477560993
thanh6+󱭘,thanh6,0.08531256765127182,0.7475318216136586,0.3632826657206854
thanh6+󱝒,thanh6,0.06320420652627945,0.7977631324962784,0.1519484372922077
thanh6+檤,thanh6,0.08634979277849197,0.7773871977715134,0.2834537068751562
thanh6+𡔒,thanh6,0.10315953940153122,0.6868247081944863,0.33366858640658553
thanh6+𥖑,thanh6,0.10167573392391205,0.5771226358976833,0.2272466681263284
thanh6+󰈠,thanh6,0.08354335278272629,0.6971748574696994,0.2533757057253951
thanh6+𡁚,thanh6,0.06584006547927856,0.7911558772584992,0.3427148554079456
thanh6+󱥭,thanh6,0.0827055424451828,0.6369018766514852,0.12868142286010933
thanh6+𧒅,thanh6,0.09794652462005615,0.7325429694996074,0.3286374838745679
thanh6+𩝻,thanh6,0.07084892690181732,0.7744715780990977,0.36173280002574315
thanh6+𦿄,thanh6,0.08004522323608398,0.6810386214267564,0.2903685049229033
thanh6+󰊈,thanh6,0.08749127388000488,0.7707671719612715,0.23288033544550601
thanh6+𡂷,thanh6,0.07277365028858185,0.7267508810938714,0.23406170999259854
thanh6+𦞎,thanh6,0.0963953509926796,0.7430334295554953,0.245219325626453
thanh6+󱨕,thanh6,0.10144734382629395,0.7226151122847098,0.20293549049500811
thanh6+󱘓,thanh6,0.07880056649446487,0.7332098692331465,0.12328260115877093
thanh6+𪢌,thanh6,0.10742898285388947,0.6843880001902577,0.28341359973524344
thanh6+󱫴,thanh6,0.11327020823955536,0.6469295001138026,0.2580966606808351
thanh6+𪡦,thanh6,0.09731850028038025,0.6122618280460449,0.2515835262718755
thanh6+󱫟,thanh6,0.11387750506401062,0.5980709188621828,0.4207734800990179
thanh6+𡃳,thanh6,0.11969435960054398,0.7085181512657931,0.3983289054417339
thanh6+𪥘,thanh6,0.10229290276765823,0.7221205997121826,0.2504557029350836
thanh6+󱉲,thanh6,0.09463194757699966,0.5774475248156451,0.44406734756122973
thanh6+𥙒,thanh6,0.09375439584255219,0.658311619376508,0.24678336783378343
thanh6+󱠳,thanh6,0.07967951148748398,0.6200144536797764,0.23186565866740846
thanh6+󰢽,thanh6,0.08126743882894516,0.6525039540818655,0.21416562853067622
thanh6+𩽈,thanh6,0.1297820508480072,0.6208497293570608,0.5152015544488833
thanh6+𮤭,thanh6,0.12633658945560455,0.6958146157925559,0.25774028704535135
thanh6+󰧺,thanh6,0.1670399308204651,0.6816559205719624,0.3382868515589486
thanh6+󱯧,thanh6,0.11845915764570236,0.6735107337248397,0.22642914895388014
thanh6+󱡑,thanh6,0.07477910071611404,0.8062408676070134,0.15199804026815456
thanh6+󱮧,thanh6,0.08366967737674713,0.7534805859714471,0.5346987348896634
thanh6+𠜈,thanh6,0.0938536524772644,0.7018174909939807,0.1260495492433051
thanh6+灆,thanh6,0.09550393372774124,0.6760021700567611,0.48411302073139906
thanh6+㖪,thanh6,0.05869143083691597,0.7500981791287957,0.20692058519359344
thanh6+𬮷,thanh6,0.1561497151851654,0.6218485004805835,0.3913115932983766
thanh6+󱜾,thanh6,0.06820245087146759,0.7836279132813179,0.14461740208587867
thanh6+𥱰,thanh6,0.08120354264974594,0.7851429566601572,0.22094760849893916
thanh6+𡫶,thanh6,0.08637669682502747,0.7148373834387408,0.2982083337036272
thanh6+𣱿,thanh6,0.1406647115945816,0.7775952761475236,0.09674113191953025
thanh6+󱝖,thanh6,0.11701752245426178,0.6943955776814672,0.08879607041920697
thanh6+󱚰,thanh6,0.08077876269817352,0.7601493059849767,0.24597284857128465
thanh6+𤳧,thanh6,0.08636130392551422,0.7028957797085947,0.34731653063024986
thanh6+󱮟,thanh6,0.09855164587497711,0.7478927657150563,0.17073520128875838
thanh6+𥌧,thanh6,0.0757036879658699,0.7696519511962013,0.24671313503509285
thanh6+𠴭,thanh6,0.06968918442726135,0.8146671802289143,0.16972640729043978
thanh6+󰮃,thanh6,0.0661168023943901,0.7548914748728541,0.1870810196891554
thanh6+󱝨,thanh6,0.10406254231929779,0.7089703306373171,0.3405340835351824
thanh6+𡮺,thanh6,0.15607772767543793,0.3926653761796902,0.41106686071610654
thanh6+𡉎,thanh6,0.09489516168832779,0.749028320899783,0.20373817945574513
thanh6+𥯉,thanh6,0.08808889985084534,0.7234119254265284,0.2611834070413334
thanh6+󱚴,thanh6,0.08931701630353928,0.7015150638020217,0.2674986304361023
thanh6+󱥻,thanh6,0.0548466332256794,0.8148044596347921,0.12693523988767294
thanh6+󱰪,thanh6,0.07724448293447495,0.6630402540299004,0.25074494542279263
thanh6+󱮺,thanh6,0.13699251413345337,0.6368493775669901,0.6656103720554659
thanh6+𥊜,thanh6,0.07544659823179245,0.7697023923313773,0.23205556099662092
thanh6+𬖩,thanh6,0.09251188486814499,0.7331553897222544,0.28617823553962574
thanh6+󱮮,thanh6,0.09701903909444809,0.6744035423131987,0.5587913664849636
thanh6+𫽠,thanh6,0.07732310891151428,0.7012873516372254,0.1649912859289142
thanh6+𤏦,thanh6,0.10785793513059616,0.6952949925686793,0.43745198984724093
thanh6+󱳠,thanh6,0.09061677008867264,0.7443392055392726,0.2129963891605915
thanh6+𡕩,thanh6,0.1085599958896637,0.7680228203698313,0.25902619350396283
thanh6+𡑭,thanh6,0.07151216268539429,0.7888231758487966,0.19973035009137566
thanh6+𬖵,thanh6,0.10706411302089691,0.6164132266534057,0.33262807347210893
thanh6+𪢖,thanh6,0.09409036487340927,0.7591086625244939,0.2730712650243947
thanh6+𬄹,thanh6,0.06962283700704575,0.7454123318469954,0.1625062438714095
thanh6+󱜌,thanh6,0.11730605363845825,0.7380139677182267,0.1425286607755188
thanh6+󱺂,thanh6,0.17102578282356262,0.6279002553696929,0.6248243937481585
thanh6+鎫,thanh6,0.08252300322055817,0.7327195080160203,0.23991061589560755
thanh6+𫞡,thanh6,0.13912518322467804,0.7245134080505833,0.35133461676228833
thanh6+󱟏,thanh6,0.1154884621500969,0.5645076418796465,0.2256071350230547
thanh6+󱞾,thanh6,0.10100413858890533,0.6358859602995721,0.31776036770734234
thanh6+󱞖,thanh6,0.07694623619318008,0.7401178055635996,0.22762981631114595
thanh6+󱰶,thanh6,0.11372573673725128,0.6647337647623605,0.41913318469104416
thanh6+𠺺,thanh6,0.07403777539730072,0.7813915792545801,0.21088098399890584
thanh6+󱛑,thanh6,0.1410323679447174,0.4431342825928085,0.29508018451786094
thanh6+𫲰,thanh6,0.09682011604309082,0.6678613518497516,0.37304272752755563
thanh6+𢭿,thanh6,0.07807347923517227,0.7714312647775556,0.14740280505763
thanh6+󱩩,thanh6,0.07179029285907745,0.7914969548964931,0.20700361860759076
thanh6+𠺼,thanh6,0.07583024352788925,0.7952912098312344,0.2053578821931441
thanh6+𫛈,thanh6,0.1278163641691208,0.5641320289788518,0.3262965529151458
thanh6+𠳭,thanh6,0.09397118538618088,0.7974958994116763,0.32581051198298433
thanh6+𡁽,thanh6,0.08878056704998016,0.7329801395633272,0.21546131014971803
thanh6+𪉴,thanh6,0.08525966852903366,0.741037564146453,0.3381809165638045
thanh6+󱛻,thanh6,0.06111990287899971,0.7256345920565539,0.1699109369951383
thanh6+󱍺,thanh6,0.11168255656957626,0.6276148720882296,0.09331793889199551
thanh6+󱨨,thanh6,0.08517163246870041,0.6864828492665612,0.265028553911793
thanh6+󱳴,thanh6,0.10517178475856781,0.6421977437211502,0.40011608087611167
thanh6+𪥾,thanh6,0.08544447273015976,0.6930147058313842,0.17658827136787866
thanh6+󰮝,thanh6,0.09057124704122543,0.7868639135954615,0.2184272604245622
thanh6+㗶,thanh6,0.08789288997650146,0.6856367156038827,0.300119896920919
thanh6+堹,thanh6,0.08888150006532669,0.7091623163032821,0.5176236470516908
thanh6+𰈨,thanh6,0.0904286727309227,0.6174050053783146,0.35837192426702696
thanh6+󰢣,thanh6,0.0925237163901329,0.6834068309071525,0.3591410632796772
thanh6+䐥,thanh6,0.090852290391922,0.657156149330409,0.17417746779491375
thanh6+󱝷,thanh6,0.13355964422225952,0.6334545765292372,0.2647177972685108
thanh6+󰅲,thanh6,0.10571282356977463,0.6834617265689347,0.33147664149839623
thanh6+󱯠,thanh6,0.09119611233472824,0.7004065812814046,0.24965422606456378
thanh6+󱓦,thanh6,0.08691877871751785,0.7206243121547938,0.2098096330531831
thanh6+𩠱,thanh6,0.11905183643102646,0.6485531194473034,0.34732765061569465
thanh6+𠱜,thanh6,0.06427717953920364,0.7940636574359,0.19354573724300453
thanh6+𫫴,thanh6,0.07964080572128296,0.7508022141749087,0.29383547853761777
thanh6+󱣂,thanh6,0.07167540490627289,0.7066694300076042,0.14330951165032993
thanh6+󰞘,thanh6,0.11237630248069763,0.7239694623734413,0.2150534824751512
thanh6+󱯈,thanh6,0.09527338296175003,0.7219030644164592,0.33569071262021893
thanh6+󱟂,thanh6,0.08921908587217331,0.7595315991622594,0.1558610714270776
thanh6+𪞀,thanh6,0.0810185968875885,0.7461747153304468,0.33607993319871277
thanh6+𫼿,thanh6,0.06127070263028145,0.7394291266294853,0.12608518225572632
thanh6+𪤽,thanh6,0.09300632774829865,0.6939273712127403,0.23809807404605257
thanh6+𪡈,thanh6,0.08228013664484024,0.7524924495435011,0.11764690198510024
thanh6+𪢡,thanh6,0.08548267185688019,0.6928975780696142,0.21928733811045245
thanh6+󱹡,thanh6,0.09953948110342026,0.5184630065103418,0.2246287395386294
thanh6+𥵖,thanh6,0.10745061188936234,0.6779704652962908,0.4240949132796161
thanh6+𤄮,thanh6,0.07890935242176056,0.6786279297086992,0.326162125698878
thanh6+𪡫,thanh6,0.08607455343008041,0.7658759477747412,0.21886819535905744
thanh6+𠿀,thanh6,0.08464550971984863,0.7241392088576153,0.23470184936887495
thanh6+噃,thanh6,0.10612718760967255,0.6852389024269693,0.2617713748304187
thanh6+𡫡,thanh6,0.08799490332603455,0.726125948363726,0.24797995306925455
thanh6+𣌌,thanh6,0.11512237787246704,0.667388004038537,0.3430165569868398
thanh6+󱟝,thanh6,0.12829941511154175,0.6692989510004684,0.2509975011494086
thanh6+𦄆,thanh6,0.1108597069978714,0.6636958409215371,0.31360566633686554
thanh6+󱪼,thanh6,0.10845727473497391,0.6009409557561584,0.3499104740564672
thanh6+󱪉,thanh6,0.10462574660778046,0.7092425210976955,0.285574262461134
thanh6+㼫,thanh6,0.08205166459083557,0.7103562250980144,0.19997311005298948
thanh6+𣙯,thanh6,0.08578641712665558,0.6709842531264029,0.11869090320419316
thanh6+󱚚,thanh6,0.11662571877241135,0.57432221282933,0.5056137385585261
thanh6+𣓾,thanh6,0.06962919235229492,0.6898563492071638,0.246458693532399
thanh6+󱢜,thanh6,0.1144501119852066,0.730043402089238,0.2984371955560554
thanh6+󱞙,thanh6,0.07913177460432053,0.8142756071262639,0.16699586372273903
thanh6+𢷰,thanh6,0.09526563435792923,0.6946705449555806,0.22690510529757893
thanh6+𠱻,thanh6,0.08139703422784805,0.7193612858163217,0.19023160204182613
thanh6+󱞒,thanh6,0.11372974514961243,0.7181379231064755,0.3771111251203974
thanh6+𡳳,thanh6,0.09704885631799698,0.6953104183779076,0.39339925592560854
thanh6+󱰖,thanh6,0.08029156178236008,0.6806744465371828,0.24035766111832957
thanh6+󱤍,thanh6,0.08919369429349899,0.6779656218475375,0.35884431866379135
thanh6+󱹻,thanh6,0.1262701451778412,0.6109774330087261,0.29872659178615213
thanh6+𬛒,thanh6,0.06896381080150604,0.7939567693810317,0.2639449545946131
thanh6+𪢊,thanh6,0.06746377050876617,0.7988317464008047,0.24002463367491803
thanh6+󱝐,thanh6,0.07004602998495102,0.7831781840835006,0.17405475243390098
thanh6+𩝭,thanh6,0.10429646819829941,0.7164647032190324,0.2842172639559583
thanh6+𡎜,thanh6,0.07136478275060654,0.7269127506675161,0.23554951036922192
thanh6+󱧝,thanh6,0.10741029679775238,0.6457446954062318,0.303997481242643
thanh6+󱞔,thanh6,0.069890096783638,0.782980725176625,0.19597589749743616
thanh6+𠸯,thanh6,0.06525822728872299,0.8067578742110254,0.23375557938932626
thanh6+𢴊,thanh6,0.07121224701404572,0.6149510703349742,0.16825660034229714
thanh6+󱞠,thanh6,0.12215708196163177,0.7235184160504785,0.44847041373001617
thanh6+𬀦,thanh6,0.04870098829269409,0.836429907270193,0.11809476310518648
thanh6+󱪎,thanh6,0.1324712038040161,0.6726920998064457,45.458939786437675
thanh6+澿,thanh6,0.07540925592184067,0.7635738800610734,0.21775053250281604
thanh6+󱨿,thanh6,0.13265958428382874,0.5498125065462742,0.27451161829155635
thanh6+󱳭,thanh6,0.17124301195144653,0.37971740063405285,0.5853316385098529
thanh6+󰋓,thanh6,0.09874501079320908,0.6423858572676565,0.18632132081455668
thanh6+󱰤,thanh6,0.11236449331045151,0.6242099058322038,0.38129357587021184
thanh6+󱯑,thanh6,0.08007189631462097,0.7316320943056068,0.2281436516615125
thanh6+𪢤,thanh6,0.11482606828212738,0.6410084391235681,0.3353235412171249
thanh6+󱥥,thanh6,0.12427772581577301,0.7104193588183753,0.32317871298477735
thanh6+𥶱,thanh6,0.09810509532690048,0.6922379059826747,0.43597827005983764
thanh6+𡌩,thanh6,0.08449983596801758,0.7600888163832317,0.2706186248370463
thanh6+𠴇,thanh6,0.09664519131183624,0.7955975700161102,0.16614007969200123
thanh6+𰓖,thanh6,0.10851866006851196,0.6832459849554243,0.2111178408075539
thanh6+𪣱,thanh6,0.13529400527477264,0.5945416299577999,0.15889514904327454
thanh6+𪤲,thanh6,0.10089149326086044,0.8075259959431974,0.1639426683426721
thanh6+󱮑,thanh6,0.08662626147270203,0.6651382824390094,0.2833503566982944
thanh6+𥶂,thanh6,0.09682071208953857,0.7021301280806754,0.2742173828084096
thanh6+𦟏,thanh6,0.10059813410043716,0.710129187798057,0.26314910936865665
thanh6+󰃧,thanh6,0.0882682204246521,0.7394547228146586,0.2851950528874027
thanh6+󱛆,thanh6,0.0863841101527214,0.7300762797474837,0.13187566485727778
thanh6+𫉮,thanh6,0.06629616767168045,0.7260089297330429,0.2815575626756916
thanh6+󱛢,thanh6,0.08321895450353622,0.6829123520474158,0.16697578609455568
thanh6+𠾲,thanh6,0.11819499731063843,0.7006794324997048,1.1708137628478343
thanh6+󱲝,thanh6,0.1304331123828888,0.668268544123811,0.36728581328340354
thanh6+𦽎,thanh6,0.08885856717824936,0.6013108827419958,0.25155918902581
thanh6+𦲹,thanh6,0.09052293002605438,0.7163997107588685,0.17268471373633254
thanh6+󰙘,thanh6,0.07847802340984344,0.7551461193703859,0.2440495814981669
thanh6+𠽇,thanh6,0.06556602567434311,0.7931293148629144,0.2260609297169197
thanh6+󱹽,thanh6,0.05341757833957672,0.8546705907604043,0.11811010609515064
thanh6+𠺮,thanh6,0.10913172364234924,0.6119649642259767,0.1546504911746394
thanh6+𡮥,thanh6,0.10223348438739777,0.7821060977627737,0.2332311601383548
thanh6+󱯄,thanh6,0.12798245251178741,0.6035204496549684,0.5119708287653641
thanh6+󱌰,thanh6,0.08113621175289154,0.8077028332671558,0.14344849325289152
thanh6+󱚛,thanh6,0.09768201410770416,0.663535371739291,0.3890485779548792
thanh6+󱫑,thanh6,0.08295299857854843,0.7800231157065604,0.3039712045465956
thanh6+𥋲,thanh6,0.13069689273834229,0.6737546966263921,0.45239222813092517
thanh6+𦲼,thanh6,0.06661005318164825,0.7462327222161521,0.1535204767323288
thanh6+󰤴,thanh6,0.10443813353776932,0.7349619657519896,0.16357719358456782
thanh6+󱠧,thanh6,0.06881428509950638,0.7530833406508317,0.46127053213059077
thanh6+𫡸,thanh6,0.15125223994255066,0.628571582251785,0.4546255118253737
thanh6+󱞳,thanh6,0.08400893211364746,0.7964983454944738,0.1563766391173497
thanh6+󰂘,thanh6,0.08926128596067429,0.8051826033532519,0.1632814933743417
thanh6+𪡆,thanh6,0.07830936461687088,0.6986084512755004,0.1927099389548259
thanh6+󱟲,thanh6,0.0875500962138176,0.7708433340022667,0.20266897013969296
thanh6+󱋇,thanh6,0.10371549427509308,0.7145195250812308,0.21754788858587118
thanh6+󱠡,thanh6,0.10123235732316971,0.5901538058279027,0.2830932168159948
thanh6+𡀲,thanh6,0.08994432538747787,0.7282266335579936,0.20116959269046172
thanh6+󱀄,thanh6,0.15555332601070404,0.5774391273928685,0.4806568753709713
thanh6+𫧾,thanh6,0.0826466977596283,0.7138013174874138,0.20646527826072777
thanh6+󱣆,thanh6,0.08391427993774414,0.7393096132215013,0.25922685267143636
thanh6+𡁝,thanh6,0.132159024477005,0.654798514937498,0.7483670375697313
thanh6+󱤑,thanh6,0.08012505620718002,0.7195374127354411,0.31368543544356486
thanh6+𨡨,thanh6,0.09007352590560913,0.741098901425067,0.2602521649025866
thanh6+󱯏,thanh6,0.058236587792634964,0.7989035278569092,0.11730512190687865
thanh6+󱞆,thanh6,0.10214856266975403,0.7249825561818847,0.3469816248646829
thanh6+󰼀,thanh6,0.10179196298122406,0.6590731642178619,0.3548517861504985
thanh6+𨄮,thanh6,0.08603276312351227,0.7488666836798804,0.2113815208930374
thanh6+󰅬,thanh6,0.10675908625125885,0.7134679035547498,0.2421969655113941
thanh6+𡓾,thanh6,0.1188589558005333,0.6516154376287714,0.4861936117700507
thanh6+圚,thanh6,0.13318459689617157,0.6090281734961874,0.32832364879935283
thanh6+󱟠,thanh6,0.11727183312177658,0.6940824837556364,0.4017774040822246
thanh6+󰭔,thanh6,0.07124310731887817,0.6749344348107024,0.11735467416662643
thanh6+𡜒,thanh6,0.0590994656085968,0.7442637741011336,0.19444432193137998
thanh6+𬏇,thanh6,0.08674757927656174,0.7555811700106623,0.2198727007909065
thanh6+󰂄,thanh6,0.10286827385425568,0.7941511889643128,0.11583693230517239
thanh6+󱛽,thanh6,0.051781073212623596,0.7982120970667543,0.2247741359930372
thanh6+㗭,thanh6,0.10136056691408157,0.6870834844182382,0.2559610258569233
thanh6+󱳒,thanh6,0.0868874117732048,0.671231292900299,0.42884601672332495
thanh6+󱚇,thanh6,0.09174922108650208,0.7193158076026123,0.3127550361766847
thanh6+󱥪,thanh6,0.12285862118005753,0.5292094644567679,0.21503700819634242
thanh6+𫢧,thanh6,0.08049128204584122,0.7500150576068322,0.30352003666477817
thanh6+𦟑,thanh6,0.12146646529436111,0.60020531797653,0.32431969420135637
thanh6+㘢,thanh6,0.11154230684041977,0.6373342683601708,0.3036116180565492
thanh6+𨄿,thanh6,0.08567484468221664,0.7503502298790671,0.5392447188836101
thanh6+𪾭,thanh6,0.0834178701043129,0.7774762635849077,0.2075863002042404
thanh6+󱝾,thanh6,0.07081714272499084,0.737542234900414,0.2835531264545099
thanh6+󰁂,thanh6,0.17684504389762878,0.58805994635779,0.3569865787587572
thanh6+󱦔,thanh6,0.09285761415958405,0.6910480056476151,0.3174879504993343
thanh6+𩶽,thanh6,0.10542823374271393,0.6830474744267245,0.49929429644093054
thanh6+󰭙,thanh6,0.1383129358291626,0.5656182439006942,0.36182864521588454
thanh6+󱨱,thanh6,0.08388490974903107,0.6328456999041968,0.2674825752138584
thanh6+󱰺,thanh6,0.10952716320753098,0.5315324007919443,0.4199253323986256
thanh6+󰢉,thanh6,0.07249939441680908,0.7691495142840732,0.14202404030240365
thanh6+𡅍,thanh6,0.12923811376094818,0.5673006890671645,0.4072076978225166
thanh6+󰌋,thanh6,0.12625306844711304,0.7218369812639728,0.33642934559189125
thanh6+𡝦,thanh6,0.10917911678552628,0.7178564721046954,0.25004972872753223
thanh6+󱞗,thanh6,0.0731748715043068,0.7678993816668888,0.10406693739485155
thanh6+𡋦,thanh6,0.10033686459064484,0.7076768223762099,0.27167033314074535
thanh6+󱛹,thanh6,0.0686083734035492,0.8177051235902657,0.1333329285270364
thanh6+𰦫,thanh6,0.07957236468791962,0.6941146715357752,0.29965753646098775
thanh6+𠇕,thanh6,0.10425584018230438,0.7626741550433896,0.29581821092993177
thanh6+𬡶,thanh6,0.1086651012301445,0.7031819750077248,0.3327544031045917
thanh6+󱲥,thanh6,0.11941846460103989,0.7191810885096839,0.34299620621400795
thanh6+󱓇,thanh6,0.07340036332607269,0.68475094238678,0.3622965209186046
thanh6+𫉎,thanh6,0.07728321105241776,0.7278033432143133,0.25553732047317157
thanh6+𪺛,thanh6,0.10795101523399353,0.7269589099456343,0.2155339771275413
thanh6+󱦾,thanh6,0.14155559241771698,0.6162680060876544,0.5186315163131424
thanh6+󰶅,thanh6,0.11108210682868958,0.7320333368260551,0.25356369140304486
thanh6+󰬙,thanh6,0.06946700811386108,0.7079749466869736,0.13489162393561493
thanh6+𬏻,thanh6,0.08991415798664093,0.6999200841792015,0.2488279867077491
thanh6+𰋝,thanh6,0.08315088599920273,0.7725390702160253,0.15402382245969384
thanh6+󱪢,thanh6,0.10537649691104889,0.7197451900263424,0.395853945998663
thanh6+𫪦,thanh6,0.06044605374336243,0.8233162198979662,0.10961920262200191
thanh6+䰺,thanh6,0.13480457663536072,0.5694376021088495,0.3088717123369686
thanh6+哠,thanh6,0.08698481321334839,0.7843127043704032,0.19366796309506715
thanh6+𠿴,thanh6,0.10078992694616318,0.6447853526326323,0.2568850980275302
thanh6+𫢖,thanh6,0.1388765275478363,0.44632771117898407,0.18238455651128407
thanh6+󱛵,thanh6,0.0517718531191349,0.7818236055406133,0.16789562608579708
thanh6+𫑺,thanh6,0.09273946285247803,0.6799990101665946,0.180227152772045
thanh6+𠀿,thanh6,0.10227862000465393,0.6815131633537879,0.20806135094456737
thanh6+鯑,thanh6,0.07371364533901215,0.7510147194444527,0.19124086238254023
thanh6+湳,thanh6,0.07176433503627777,0.7446557540774581,0.21821965492143228
thanh6+𡄫,thanh6,0.05153579264879227,0.7750857048319729,0.2751803911450417
thanh6+𫅲,thanh6,0.10900190472602844,0.631979962352398,0.42219890228921136
thanh6+󰘵,thanh6,0.13567857444286346,0.6265926844928448,0.4709868474115006
thanh6+唥,thanh6,0.061441466212272644,0.8141597512671224,0.13124520425957753
thanh6+󰬽,thanh6,0.1476418823003769,0.5834816437560842,0.4304095278574391
thanh6+󰥉,thanh6,0.09698376804590225,0.6848633957255927,0.3815931322513104
thanh6+𣒠,thanh6,0.11314678192138672,0.5853867409967634,0.1881664087195933
thanh6+𬄪,thanh6,0.08209634572267532,0.7423911594158971,0.2966161362854483
thanh6+󱰚,thanh6,0.12498606741428375,0.6683369696349507,0.31347850158355817
thanh6+𠾾,thanh6,0.08669368922710419,0.737515461391558,0.38608076556215326
thanh6+󱞕,thanh6,0.09070436656475067,0.6889181660757687,0.16930375136783035
thanh6+󱫪,thanh6,0.12456969916820526,0.6693974014928424,0.40326217212444465
thanh6+濧,thanh6,0.13113343715667725,0.6383760793258071,0.3911506148686938
thanh6+󱝪,thanh6,0.07511168718338013,0.7156353216969444,0.30052999728713947
thanh6+󱟬,thanh6,0.11045059561729431,0.6399610079803005,0.2578648021810612
thanh6+㷝,thanh6,0.14135922491550446,0.5263731061826072,0.23647592043625917
thanh6+𬔽,thanh6,0.10511044412851334,0.6326521664409712,0.10945967198351396
thanh6+𨨨,thanh6,0.06689607352018356,0.8137272088451476,0.211897101258158
thanh6+𡚝,thanh6,0.10915344953536987,0.6892753418826614,0.24486767635440762
thanh6+󱜴,thanh6,0.11289021372795105,0.8086424029919762,0.1580496618520238
thanh6+󰍱,thanh6,0.09075994044542313,0.717494485449948,0.978324283926877
thanh6+󱲰,thanh6,0.14387431740760803,0.4578183034292888,1.0712655386628533
thanh6+󱝝,thanh6,0.08667545765638351,0.7100266737037042,0.1459674500193766
thanh6+𣞄,thanh6,0.09682568162679672,0.5146769228641173,0.17209752241800927
thanh6+𡄾,thanh6,0.07662363350391388,0.7797884311971123,0.4197875238780693
thanh6+𡫐,thanh6,0.12819978594779968,0.6827302760870247,0.5520280831665197
thanh6+𦨭,thanh6,0.08260651677846909,0.7949256478704686,0.2346830903341388
thanh6+𤉕,thanh6,0.09160663187503815,0.7285386430933906,0.1700002301326534
thanh6+󱼒,thanh6,0.08377132564783096,0.7326976893151341,0.21771901510120995
thanh6+𫪎,thanh6,0.0965428575873375,0.7738402552415308,0.16332877617907246
thanh6+𭈖,thanh6,0.059496864676475525,0.7714073614189436,0.19064164171827994
thanh6+𦼜,thanh6,0.055060356855392456,0.7643143679480224,0.28104915175800405
thanh6+𡀫,thanh6,0.0752163901925087,0.760405193971737,0.23393446388212694
thanh6+𡑲,thanh6,0.07858214527368546,0.7568814811652791,0.35870667860672906
thanh6+󰙯,thanh6,0.08778001368045807,0.7408027635557155,0.157981288482091
thanh6+𭰺,thanh6,0.1018599346280098,0.6963049174848812,0.2770520357982657
thanh6+𩹹,thanh6,0.1060635894536972,0.5444353043358885,0.4786876889061791
thanh6+󰊫,thanh6,0.09840971976518631,0.7574049146621132,0.2647885589337852
thanh6+󱅒,thanh6,0.12707005441188812,0.6725937397788155,0.67285171264017
thanh6+󱡉,thanh6,0.1000431627035141,0.7763181611464344,0.18405939957552794
thanh6+󰐨,thanh6,0.1265798956155777,0.650232261929528,0.25037763132127777
thanh6+𧋅,thanh6,0.14862892031669617,0.6245649494702249,0.22665462539763412
thanh6+󱛋,thanh6,0.11004165560007095,0.640293121379124,0.28455535147519634
thanh6+𡂄,thanh6,0.09364590048789978,0.7640608584634487,0.33376135608617236
thanh6+𠏠,thanh6,0.08236472308635712,0.7905953194147759,0.14690641015293748
thanh6+󱀰,thanh6,0.11246050149202347,0.5715359622859516,0.3139793586793635
thanh6+󱞀,thanh6,0.08541000634431839,0.747922105532447,0.2759186197801727
thanh6+𤐠,thanh6,0.08922092616558075,0.7251550498531697,0.20741403057341826
thanh6+󱩙,thanh6,0.0959642231464386,0.7156021396905157,0.42807329174042774
thanh6+󰣡,thanh6,0.09166962653398514,0.7291083616060824,0.2123049015589471
thanh6+𠼳,thanh6,0.11267361789941788,0.5769168657855055,0.2651657057911801
thanh6+󰘓,thanh6,0.10842230170965195,0.6813092691197382,0.532392915896453
thanh6+𪱎,thanh6,0.13296370208263397,0.6962990471814506,0.29080356905884847
thanh6+󰘇,thanh6,0.1408543735742569,0.6036662795570367,0.33831851262368756
thanh6+𠶎,thanh6,0.09496324509382248,0.7412197408005095,0.29481691145542993
thanh6+𪂱,thanh6,0.06603779643774033,0.7700146539996563,0.25756318063945544
thanh6+󱞢,thanh6,0.09091535210609436,0.6938967163948272,0.20289520998030594
thanh6+󰮡,thanh6,0.10019560158252716,0.6882252060384235,0.19835769853012356
thanh6+𡅩,thanh6,0.10455136746168137,0.7586055420945904,0.3504714101162158
thanh6+󱧨,thanh6,0.1177126094698906,0.6925180954494267,0.42847542656165755
thanh6+𨄸,thanh6,0.08127830177545547,0.7215437110513547,0.2824081782130514
thanh6+𫯲,thanh6,0.08418206125497818,0.7155284809812852,0.24897975066591593
thanh6+𡄰,thanh6,0.12107787281274796,0.6989173497658409,0.3764809101367778
thanh6+𪡎,thanh6,0.08051890134811401,0.7048082331721023,0.19500221695105738
thanh6+𪶩,thanh6,0.10502704977989197,0.6280381185527479,0.8106329515239373
thanh6+󱹓,thanh6,0.10803066939115524,0.6230638648007057,0.19464430524334722
thanh6+𪮩,thanh6,0.11714551597833633,0.6591116226120243,0.358533652708219
thanh6+𪡴,thanh6,0.12158644944429398,0.6508958989565663,6.725396058121857
thanh6+󱣶,thanh6,0.07469601929187775,0.7440361506755412,0.1845678720624444
thanh6+󱦪,thanh6,0.0921289473772049,0.669399823456226,0.46994220949145554
thanh6+𠊙,thanh6,0.07904180884361267,0.7511679103010054,0.29299752560312503
thanh6+𠹍,thanh6,0.0985381007194519,0.7394566717919457,0.18264414718188401
thanh6+󱫗,thanh6,0.10467754304409027,0.7089193792381748,0.32991283986368386
thanh6+𡮨,thanh6,0.18221008777618408,0.5108787806720516,0.6631271984113352
thanh6+󱟕,thanh6,0.13310521841049194,0.5510952231078176,0.5500966223051592
thanh6+󱼓,thanh6,0.10474313795566559,0.717668310027097,0.2893445628841954
thanh6+𡇻,thanh6,0.13558289408683777,0.6360181193063801,0.17506924544716
thanh6+𪺇,thanh6,0.12657317519187927,0.7235760664027332,0.3760890785991062
thanh6+𦨂,thanh6,0.11456168442964554,0.6514691861269227,0.5309071786330817
thanh6+󱥓,thanh6,0.14124448597431183,0.6330172838102969,0.3320819002572544
thanh6+𪢷,thanh6,0.09885387122631073,0.7602758957045055,0.2686492366817464
thanh6+𫠼,thanh6,0.10080253332853317,0.6595745316243218,0.22668281178201286
thanh6+𫏙,thanh6,0.07600713521242142,0.7413837530764211,0.28090516780195623
thanh6+𤻓,thanh6,0.10456829518079758,0.6899928822386028,0.33018966677536093
thanh6+𣛤,thanh6,0.0957728922367096,0.5111782662132929,0.17220816901158345
thanh6+󱫂,thanh6,0.07459433376789093,0.7184930073180098,0.23118883255663958
thanh6+𢅄,thanh6,0.0679515153169632,0.7653687952750223,0.12329105586587652
thanh6+󱝫,thanh6,0.15054237842559814,0.7386289943534431,0.22395630510763587
thanh6+󰬨,thanh6,0.0854794979095459,0.7337588826949145,0.4076020866004684
thanh6+󰛼,thanh6,0.08637488633394241,0.7317721128044029,0.18921314066961983
thanh6+󱤉,thanh6,0.14749644696712494,0.69129992614324,0.38437222652901576
thanh6+𠸩,thanh6,0.07364353537559509,0.7993655008759812,0.16431184487970119
thanh6+偖,thanh6,0.08218333125114441,0.7439245506393996,0.24278301553829354
thanh6+㗩,thanh6,0.13743160665035248,0.6325896500273496,0.21843961363195116
thanh6+𤣡,thanh6,0.14141523838043213,0.5028242930452729,0.5610866589012126
thanh6+𪣠,thanh6,0.0857744887471199,0.7212697157658795,0.1639996742666553
thanh6+篵,thanh6,0.07525809109210968,0.7445008472335417,0.26872781126308687
thanh6+𤬪,thanh6,0.0860687643289566,0.7691114327721745,0.12912064508358553
thanh6+𠲏,thanh6,0.07549784332513809,0.8040287541383051,0.16877101465055422
thanh6+󰭏,thanh6,0.08302769064903259,0.7949239784800668,0.1765870380155848
thanh6+󱠰,thanh6,0.11366856098175049,0.7051860739645028,0.1938112787732967
thanh6+󱏛,thanh6,0.08290598541498184,0.6716520854913095,0.22790986178921135
thanh6+𩂄,thanh6,0.08522577583789825,0.707205739338259,0.19921998023246523
thanh6+壉,thanh6,0.09943429380655289,0.6979069904176868,0.22548132525104483
thanh6+啲,thanh6,0.09099327772855759,0.742162555975007,0.19580533058102847
thanh6+󱰗,thanh6,0.08314741402864456,0.763969944585867,0.2530430719058417
thanh6+𬞰,thanh6,0.1390278935432434,0.5892660991064627,0.49193585544044033
thanh6+𡃙,thanh6,0.060143716633319855,0.8193948768845485,0.18522466884474753
thanh6+𠶒,thanh6,0.08478859812021255,0.7747733580123246,0.22978251350739307
thanh6+󱗘,thanh6,0.0891900509595871,0.7485528940565922,0.2668267740116203
thanh6+𨁟,thanh6,0.12153217941522598,0.7464706945710073,0.23437863417420843
thanh6+󱦡,thanh6,0.1263647824525833,0.6380784652603131,0.4015526080863648
thanh6+󰏏,thanh6,0.07567979395389557,0.6288114174323667,0.2091681600277311
thanh6+𠸫,thanh6,0.06993486732244492,0.7403283351785378,0.2011145557189791
thanh6+𫼰,thanh6,0.1033668965101242,0.708484719269746,24.595422644687858
thanh6+𫴇,thanh6,0.13248677551746368,0.43026490377174226,0.6459216363246851
thanh6+𫱗,thanh6,0.05193045735359192,0.8187231500790408,0.21425067449627402
thanh6+󱩬,thanh6,0.08904631435871124,0.7875318238432097,0.1645216907590977
thanh6+𥭑,thanh6,0.12167881429195404,0.678074233401126,0.14879325362666468
thanh6+󱜝,thanh6,0.06871911883354187,0.8324052468164004,0.16254692101898552
thanh6+𡅉,thanh6,0.10773217678070068,0.4396190119702711,0.6694812789567252
thanh6+󱟎,thanh6,0.10322695970535278,0.5254193654425482,0.28166350923898864
thanh6+󰞬,thanh6,0.1344456672668457,0.6183528129444577,0.33712375913234993
thanh6+󱝟,thanh6,0.11414483189582825,0.6349272824925188,0.42164016696459594
thanh6+󱟫,thanh6,0.10071846842765808,0.7107241909572498,0.26481875351463735
thanh6+𩯁,thanh6,0.12914736568927765,0.6411972397762051,0.48903160009951413
thanh6+𠹰,thanh6,0.10036467015743256,0.6915670570030507,0.5731213143204936
thanh6+𫐹,thanh6,0.09046794474124908,0.7206795114547645,0.3493053434413949
thanh6+𧎠,thanh6,0.1435088962316513,0.6964653946181816,0.2286695135471922
thanh6+𬈗,thanh6,0.09537501633167267,0.7559735797188424,0.25595280055843544
thanh6+𫮲,thanh6,0.0923188328742981,0.6561377962887105,0.16198132753042463
thanh6+󰇵,thanh6,0.10016888380050659,0.6444015904534466,0.12443827573354906
thanh6+𪀆,thanh6,0.060634151101112366,0.7751995587110695,0.1677736316238919
thanh6+𦟟,thanh6,0.08287489414215088,0.7564207575255624,0.1445793498519669
thanh6+侱,thanh6,0.09073486179113388,0.7511895340625732,0.11831140723307187
thanh6+𫏝,thanh6,0.09531451016664505,0.7328428264330737,0.1812151635759002
thanh6+󱧖,thanh6,0.09046147018671036,0.7437079171546241,0.3741277715758878
thanh6+󰢔,thanh6,0.07311251759529114,0.6896576593058963,0.16254797872867768
thanh6+𦝇,thanh6,0.10268771648406982,0.7050391391991142,0.21854765197822915
thanh6+𪤻,thanh6,0.07010076940059662,0.704680671648108,0.15042954324068472
thanh6+𠲹,thanh6,0.11339379847049713,0.6427386409931101,0.4274415783513111
thanh6+𫱞,thanh6,0.09037426114082336,0.6170507437800168,0.32541015738049595
thanh6+𢪭,thanh6,0.08039294183254242,0.7262702885885501,0.15261654014115061
thanh6+󱥑,thanh6,0.07873427867889404,0.654571904341299,0.20887027228442503
thanh6+𫅰,thanh6,0.08733277767896652,0.6823986586704703,0.2606574199044385
thanh6+󱝸,thanh6,0.06538695096969604,0.7908017432203808,0.16797630229227542
thanh6+𦛲,thanh6,0.08920583128929138,0.7583588574561719,0.20464269282031536
thanh6+󰄜,thanh6,0.11800141632556915,0.5460937992551962,0.2555868999574201
thanh6+㧪,thanh6,0.11782186478376389,0.6700898458889811,7.748580231222217
thanh6+𫽦,thanh6,0.07577477395534515,0.7439681220856996,0.15321616548586933
thanh6+󱯛,thanh6,0.1291937530040741,0.5462908707185299,0.30246750588460675
thanh6+󰺥,thanh6,0.15074899792671204,0.6659231931808269,0.6469832951565865
thanh6+㖀,thanh6,0.08437144756317139,0.8237324402723677,0.19040787697289308
thanh6+𤄷,thanh6,0.10825493931770325,0.6068740569185999,0.3765555981505446
thanh6+𡍢,thanh6,0.12417524307966232,0.574147470955123,0.3698008832702626
thanh6+𪩥,thanh6,0.09681451320648193,0.7291324549023083,0.3497802540148089
thanh6+󰛺,thanh6,0.07608262449502945,0.789321404207396,0.17640507597879038
thanh6+󱸠,thanh6,0.1295914500951767,0.6240197385514561,0.40622152040647946
thanh6+󱚳,thanh6,0.10915172845125198,0.6269079477656777,0.2725041904424447
thanh6+𡁞,thanh6,0.06801245361566544,0.7902468623654187,0.2808892354235104
thanh6+𪡍,thanh6,0.1194133460521698,0.7537897402449899,0.1857423813649147
thanh6+󱞎,thanh6,0.12552131712436676,0.553662967383667,0.2696853851644722
thanh6+𠮙,thanh6,0.0782105028629303,0.7632177599665657,0.3602935881695842
thanh6+𠻆,thanh6,0.07609229534864426,0.7678612116919695,0.21885513837183104
thanh6+󱙌,thanh6,0.09987695515155792,0.6818615409189414,0.21247637902198435
thanh6+󰬛,thanh6,0.05905567854642868,0.8240901740393992,0.1341033773090247
thanh6+㗴,thanh6,0.07045348733663559,0.8397023663902854,0.21551233045142096
thanh6+𫿟,thanh6,0.12585601210594177,0.4414715031732759,0.583982652443613
thanh6+㘗,thanh6,0.07230520993471146,0.7297143360809174,0.3662296161708611
thanh6+𪡗,thanh6,0.0870298445224762,0.7617855406275846,0.10993293321325404
thanh6+󱬔,thanh6,0.10415730625391006,0.6326688605141645,0.4097474082347561
thanh6+𫲼,thanh6,0.1508769989013672,0.6548766288929451,0.24174869676007157
thanh6+𠸙,thanh6,0.04880870133638382,0.8463173600755187,0.16943842358580144
thanh6+󱤲,thanh6,0.08410102874040604,0.7657894745005664,0.22622360808646183
thanh6+捠,thanh6,0.09100618958473206,0.8065999671278118,0.13802656331637883
thanh6+󱡵,thanh6,0.14609311521053314,0.6727624322009915,0.368473633979208
thanh6+𡄧,thanh6,0.08792984485626221,0.6874195669158826,0.3851611853320523
thanh6+󱝹,thanh6,0.09086985886096954,0.757675290179649,0.27968383488530285
thanh6+󱠢,thanh6,0.13371026515960693,0.5737807086877199,0.3228255413571454
thanh6+㖗,thanh6,0.07312514632940292,0.8110317665926806,0.14937355773257785
thanh6+󰬟,thanh6,0.08140407502651215,0.7068600320771022,0.1954771780346888
thanh6+󱝂,thanh6,0.0813816487789154,0.8137198064740478,0.20141808692360785
thanh6+󱟱,thanh6,0.12669919431209564,0.7932269292669152,0.1756636589786826
thanh6+𠴘,thanh6,0.06905580312013626,0.8290346936224033,0.11628645048671223
thanh6+𡓟,thanh6,0.09740091115236282,0.6955568334316323,0.4367401267489995
thanh6+󱧘,thanh6,0.07543859630823135,0.7638185938352141,0.14780901581251515
thanh6+󱋣,thanh6,0.1057400107383728,0.6675927164912066,0.38418872799081827
thanh6+𠽙,thanh6,0.08840791881084442,0.7570926418794746,0.2951089169904377
thanh6+𡌡,thanh6,0.08499735593795776,0.7333669003664789,0.15947385193591915
thanh6+󱹪,thanh6,0.10162866860628128,0.6800293680474799,0.3156431389476324
thanh6+󱳦,thanh6,0.1356586366891861,0.721330233390153,0.2184994889344918
thanh6+𡡇,thanh6,0.07784363627433777,0.6582886450697578,0.18907011703994336
thanh6+𤯱,thanh6,0.13314925134181976,0.6565545043437074,0.40858082864435036
thanh6+𭈒,thanh6,0.08746907860040665,0.6864274279912285,0.12647086598378843
thanh6+𠷥,thanh6,0.059587620198726654,0.8346983043963513,0.15030739895767606
thanh6+𡀦,thanh6,0.06032794341444969,0.7565650356952928,0.29598468206673406
thanh6+󱋭,thanh6,0.11866443604230881,0.710359270376675,0.2917123275120545
thanh6+󱡇,thanh6,0.12119755893945694,0.6742472853675235,0.41554041668894404
thanh6+󱰮,thanh6,0.06205085664987564,0.7368385747788345,0.3726846561683252
thanh6+婫,thanh6,0.0671759843826294,0.7684138438359422,0.2822999222312436
thanh6+𡦫,thanh6,0.0723709911108017,0.6594038130096462,0.17540919520717332
thanh6+󱦩,thanh6,0.08785184472799301,0.7175215600573654,0.17584028520144332
thanh6+󱰍,thanh6,0.11331088095903397,0.6450683598374364,0.17033267453383374
thanh6+𪻋,thanh6,0.11251827329397202,0.6419495954088941,0.3594239208344286
thanh6+󱢰,thanh6,0.0857895016670227,0.7207547600844176,0.2603903834346894
thanh6+𩸴,thanh6,0.08731698989868164,0.7309092573966045,0.3465755495753841
thanh6+󱚫,thanh6,0.06821388006210327,0.7840846036670177,0.15247591141439307
thanh6+𤹕,thanh6,0.09543399512767792,0.626450748172797,0.24936531840787277
thanh6+𠽏,thanh6,0.07705790549516678,0.7554683188185386,0.18146270428241792
thanh6+󰄼,thanh6,0.06166943162679672,0.7991796570338677,0.21823474845188215
thanh6+𡓯,thanh6,0.11710941046476364,0.6651643157333235,0.498274119371011
thanh6+𣘊,thanh6,0.08960623294115067,0.6622259755354247,0.26294765059305375
thanh6+󱝯,thanh6,0.09204155951738358,0.6708536842422724,0.19730346692339684
thanh6+󱥦,thanh6,0.10634009540081024,0.6937444324086283,0.2646290927746715
thanh6+𪡿,thanh6,0.11133963614702225,0.761488876287471,0.26379074294015664
thanh6+堒,thanh6,0.07349149882793427,0.7234104283404035,0.29529255832851636
thanh6+𩵾,thanh6,0.09102414548397064,0.6181916182859387,0.27327242860465306
thanh6+𫯝,thanh6,0.10787149518728256,0.7007742362630851,0.1429343672452477
thanh6+󱞊,thanh6,0.08699236810207367,0.7003919049536291,0.22734371239078657
thanh6+𩚧,thanh6,0.12011563777923584,0.5047054518525289,0.3824769637371463
thanh6+𨅞,thanh6,0.07926170527935028,0.7457981400293768,0.2914354907907211
thanh6+󱠼,thanh6,0.09236037731170654,0.7744023525894412,0.12210724510094478
thanh6+𬛀,thanh6,0.10378696024417877,0.7203780509220487,0.25262282757196086
thanh6+𬠥,thanh6,0.09682779014110565,0.6501996408763677,0.2720637319712874
thanh6+𡐮,thanh6,0.11200271546840668,0.6868366562897844,0.2548212320613204
thanh6+󰭠,thanh6,0.10864398628473282,0.6707766688019066,0.2020054685259023
thanh6+󱞡,thanh6,0.10016828030347824,0.700727751679167,0.36466890795105544
thanh6+𤞦,thanh6,0.06985429674386978,0.6662219454501201,0.26526510605733555
thanh6+囄,thanh6,0.09022386372089386,0.6123608593913671,0.45773485871720165
thanh6+𡚎,thanh6,0.11997387558221817,0.6814317231534196,0.4143720446920948
thanh6+󰝎,thanh6,0.09340973198413849,0.713446825691605,0.2632151025640811
thanh6+𠼸,thanh6,0.08384036272764206,0.8036792925145503,0.2264794274755135
thanh6+𥐨,thanh6,0.07891041040420532,0.6591144757928036,0.18414443790609392
thanh6+𬉌,thanh6,0.06082291156053543,0.7775806330321348,0.3887022004393033
thanh6+溒,thanh6,0.07159189134836197,0.6769165857668257,0.3780908096098477
thanh6+𤶹,thanh6,0.0963485911488533,0.7275000911140065,0.16842290752832534
thanh6+𧿯,thanh6,0.07995086163282394,0.6664160731540302,0.16929537078855492
thanh6+𠬖,thanh6,0.0848967432975769,0.7546714858168312,0.27970959763552383
thanh6+𠸬,thanh6,0.08990798145532608,0.7788216803614066,0.22945377163239997
thanh6+󱌔,thanh6,0.09340070188045502,0.7227590646062566,0.19010156101692197
thanh6+𨃌,thanh6,0.07431195676326752,0.6703759780167247,0.12942210502721127
thanh6+𠻅,thanh6,0.04933004081249237,0.8243675240970355,0.1836239873756543
thanh6+󱺃,thanh6,0.10983385145664215,0.71766799397044,0.3719693040264805
thanh6+洅,thanh6,0.07689829915761948,0.7513188918154847,0.15856738564186923
thanh6+𪠉,thanh6,0.0880642980337143,0.771821729033841,0.2945626458736946
thanh6+󱞇,thanh6,0.11553996801376343,0.6563594957072548,0.5570561480516404
thanh6+󱹜,thanh6,0.0934845432639122,0.7224711011229158,0.21811119562868322
thanh6+𡫨,thanh6,0.1357194036245346,0.6758899759441164,0.6118554990215647
thanh6+󱮝,thanh6,0.11119373142719269,0.5036557460918009,0.23177640519636614
thanh6+𠾺,thanh6,0.10946643352508545,0.6867740775153188,0.2200715248629519
thanh6+󱦯,thanh6,0.0906095951795578,0.710740374965136,0.15857087683326232
thanh6+󱝗,thanh6,0.11520982533693314,0.692675669699561,0.23641295297634354
thanh6+𬓓,thanh6,0.10983890295028687,0.7030614426561954,0.5611193409855558
thanh6+󱙷,thanh6,0.1001073345541954,0.6701099062109277,0.3603577721157352
thanh6+𪢠,thanh6,0.07210492342710495,0.6462323934702731,0.2740502252024844
thanh6+𠻉,thanh6,0.07413487136363983,0.7291376552860559,0.24652889991160218
thanh6+𤼞,thanh6,0.10046479105949402,0.6422683974422614,0.2512061774687128
thanh6+󱦋,thanh6,0.09759630262851715,0.6295194659180631,0.2990906871153714
thanh6+𦟖,thanh6,0.10614612698554993,0.6514891388340488,0.3633940123057841
thanh6+𥴘,thanh6,0.08040887117385864,0.6390172621045718,0.3718060150091042
thanh6+󱞴,thanh6,0.08389726281166077,0.7100189474799228,0.19610378030042233
thanh6+󱡰,thanh6,0.14146220684051514,0.602247444638164,0.30372306720776465
thanh6+𧞿,thanh6,0.104386106133461,0.6427855245502003,0.33065258810123493
thanh6+𫬱,thanh6,0.0798807293176651,0.7380300014940715,0.375137716673355
thanh6+㖵,thanh6,0.11933770030736923,0.7593086220929186,0.28420124645584827
thanh6+󰌺,thanh6,0.08470886945724487,0.6686298144095569,0.18766912139039815
thanh6+𤋽,thanh6,0.06327345967292786,0.7205828481810779,0.20776289091579567
thanh6+󰝅,thanh6,0.1525343954563141,0.6490879135700471,0.19272099276408358
thanh6+䓬,thanh6,0.11011607944965363,0.640366844888338,0.23130101144409845
thanh6+󱞦,thanh6,0.09241430461406708,0.6449306619983094,0.26754749561746033
thanh6+𰊣,thanh6,0.08970034867525101,0.6927153839461513,0.188433465763429
thanh6+󱟦,thanh6,0.12662789225578308,0.4723516220143658,0.24681211391628655
thanh6+𫕹,thanh6,0.08776460587978363,0.7049195108734597,0.32206890558344464
thanh6+鮗,thanh6,0.08635276556015015,0.7370174789349713,0.3217832633397877
thanh6+󰆐,thanh6,0.09922534972429276,0.7112127589729648,0.17708685137546987
thanh6+󱧔,thanh6,0.06980258226394653,0.8049358989605274,0.17638966001449533
thanh6+𫢶,thanh6,0.09094318747520447,0.7002708036051309,0.20163303103065053
thanh6+󱤗,thanh6,0.08447936177253723,0.6732515636601831,0.26772660407899435
thanh6+󱘠,thanh6,0.1053922176361084,0.6411891653709318,0.39369041126648857
thanh6+𡂉,thanh6,0.10393007844686508,0.6701996557426072,0.36963254952204544
thanh6+𢲾,thanh6,0.09408650547266006,0.5585586462845828,0.1577730873396561
thanh6+湨,thanh6,0.09783679246902466,0.6452177058896791,0.19122989487329936
thanh6+󱤚,thanh6,0.10179460048675537,0.6842700667721886,0.31886131042256766
thanh6+󱣗,thanh6,0.0955590084195137,0.7044843916379495,0.384606191538094
thanh6+󰬸,thanh6,0.08126996457576752,0.7570158779853324,0.13217205303263505
thanh6+󱞁,thanh6,0.0825916975736618,0.6736680726632588,0.1505676748550221
thanh6+󱚭,thanh6,0.08290991932153702,0.763307258071942,0.3284467571370107
thanh6+𥴙,thanh6,0.10134132206439972,0.6583533527691844,0.2292223502680084
thanh6+𫔬,thanh6,0.08076433837413788,0.7878166326554411,0.18025788917105265
thanh6+󱜖,thanh6,0.0831797868013382,0.7635293488521662,0.24872366420525183
thanh6+𫫷,thanh6,0.09665192663669586,0.7034363605625819,0.32624312324349963
thanh6+𦷬,thanh6,0.10663780570030212,0.6960747545901812,0.7034866104273823
thanh6+𫟌,thanh6,0.09585566073656082,0.6491454949690153,0.08673116272982835
thanh6+󱞼,thanh6,0.11286978423595428,0.5987350194593003,0.26849481223510047
thanh6+󰬪,thanh6,0.11576561629772186,0.6712483781205885,0.3568887102579669
thanh6+󱢉,thanh6,0.12126490473747253,0.6466071501771573,0.17935514521739582
thanh6+𪢒,thanh6,0.08121548593044281,0.7335187148694294,1.9799439144231747
thanh6+󱹺,thanh6,0.06858737021684647,0.7068872846252455,0.1495980505768394
thanh6+󰧙,thanh6,0.12010086327791214,0.8005379484264302,0.14781464538922687
thanh6+󱲗,thanh6,0.12949298322200775,0.5229563282749907,0.4061258814601025
thanh6+𠸄,thanh6,0.07909847050905228,0.7752539788662153,0.24972112303748387
thanh6+㨲,thanh6,0.06020867079496384,0.7996937181241128,0.11371352642693988
thanh6+󱯺,thanh6,0.08627507090568542,0.6719127481862478,0.29107988958338077
thanh6+󱞃,thanh6,0.07717828452587128,0.7743982036732711,0.18240403178619333
thanh6+𠹌,thanh6,0.08810102194547653,0.7608824910868794,0.27569000811502825
thanh6+𠶅,thanh6,0.08392149955034256,0.7367946878649058,0.12202091800089132
thanh6+󱞽,thanh6,0.09125137329101562,0.6319843855503675,0.3807516138945038
thanh6+󱨫,thanh6,0.14564122259616852,0.6724166372821688,0.2996999912083008
thanh6+嘪,thanh6,0.08819220960140228,0.7372014472569769,0.1935370169780339
thanh6+𨆷,thanh6,0.11889845877885818,0.5727101290974712,0.38934028631119405
thanh6+𨂚,thanh6,0.08151432126760483,0.5904230970539285,0.2429993645474323
thanh6+𡀇,thanh6,0.09348946809768677,0.7177520026994738,0.20796500584439273
thanh6+󱩛,thanh6,0.12574023008346558,0.7236802276778116,0.31794818244465234
thanh6+𫇿,thanh6,0.09412873536348343,0.6311760672735336,0.1659352357159001
thanh6+㤝,thanh6,0.08524925261735916,0.7115145642826958,0.3096921802390977
thanh6+󱹿,thanh6,0.07362646609544754,0.7684366190593888,0.15193458799870488
thanh6+󱚍,thanh6,0.0757249966263771,0.7618282271037683,0.2841976068494129
thanh6+𫪄,thanh6,0.08765707165002823,0.7172483059548924,0.20867771681745084
thanh6+󱟹,thanh6,0.14545086026191711,0.48909421030132166,0.40367988261925114
thanh6+𠺚,thanh6,0.07797697186470032,0.7008781068329331,0.25071895412959894
thanh6+𪿀,thanh6,0.06745850294828415,0.7703684684591859,0.3326842655668079
thanh6+𨪷,thanh6,0.12033363431692123,0.5432952352723213,0.2862403762617916
thanh6+󱬺,thanh6,0.0967348963022232,0.6890466897202895,0.27474597138349716
thanh6+𪭟,thanh6,0.08942461758852005,0.8128622885803279,0.12017680315461036
thanh6+𠿁,thanh6,0.08578716963529587,0.7220007587335627,0.3213870220916213
thanh6+𠷦,thanh6,0.07646406441926956,0.6911409513843463,0.22056552485821726
thanh6+󱟛,thanh6,0.07494866847991943,0.7770135537366067,0.1948647158964091
thanh6+󱛴,thanh6,0.08432930707931519,0.6667687246751902,0.26716877589402294
thanh6+󱩫,thanh6,0.0712365135550499,0.7678800980799885,0.153668781591778
thanh6+𫫊,thanh6,0.06793275475502014,0.8242671207089904,0.31063350776198684
thanh6+󱟢,thanh6,0.0754091888666153,0.7631396847403857,0.14290781745964012
thanh6+𥱫,thanh6,0.0931938961148262,0.725727847020183,0.20486881048943065
thanh6+𦘱,thanh6,0.09201724082231522,0.7990861271344843,0.0871093944289494
thanh6+󱙭,thanh6,0.09460151195526123,0.5736163505660007,0.2607906280669717
thanh6+󱚂,thanh6,0.1053604930639267,0.7013711536851682,0.24837927000573182
thanh6+𭈙,thanh6,0.0765899121761322,0.7920479571761224,0.12057349550631492
thanh6+𠴹,thanh6,0.1049029678106308,0.792191069617853,0.23060771889586854
thanh6+𩀳,thanh6,0.08264230936765671,0.7103296369027026,0.3823229026111717
thanh6+󱝧,thanh6,0.10674439370632172,0.6302324596769207,0.15034571340489708
thanh6+𪷘,thanh6,0.08484562486410141,0.6262617491355734,0.29551908181608993
thanh6+󰬲,thanh6,0.10970042645931244,0.7201458856275376,0.29900476280529614
thanh6+𤎓,thanh6,0.0889878049492836,0.7577236349835968,0.30512555337442676
thanh6+𬏖,thanh6,0.12983722984790802,0.6913380139662835,0.7261879062031112
thanh6+蓸,thanh6,0.07294332981109619,0.7894315116561481,0.18325929914794303
thanh6+𫄉,thanh6,0.09962734580039978,0.7406232072815152,0.29395044714545465
thanh6+𬅷,thanh6,0.1149349957704544,0.7653016162548547,0.26284559664461776
thanh6+𫉩,thanh6,0.09435855597257614,0.6719948942288199,0.2968951099497976
thanh6+𩼁,thanh6,0.12298949062824249,0.5572435180066139,0.261946681999897
thanh6+󰢜,thanh6,0.08697874844074249,0.7929207692959015,0.23249984515895009
thanh6+𠷇,thanh6,0.10572253912687302,0.6948876162093515,0.33093228028296695
thanh6+󱛙,thanh6,0.11048586666584015,0.7667183506849559,0.4053231528783941
thanh6+󰬥,thanh6,0.10227818787097931,0.6556206386690475,0.2692565905736633
thanh6+𬕷,thanh6,0.12798142433166504,0.6463444280930694,0.34740180008806093
thanh6+󱱀,thanh6,0.085569366812706,0.7605272758423713,0.2771755118066823
thanh6+𫆶,thanh6,0.09228192269802094,0.6138493976929771,0.1760779774511866
thanh6+𦀌,thanh6,0.08009675145149231,0.7474241209761664,0.33669857782855694
thanh6+󱘰,thanh6,0.09746657311916351,0.7211088319488707,0.15816624566431284
thanh6+𢯝,thanh6,0.13921716809272766,0.564698700156187,0.2141328031264321
thanh6+𪧺,thanh6,0.08476527035236359,0.7265049600149429,0.11379372458454902
thanh6+𪣮,thanh6,0.10458268970251083,0.6779628462867969,0.23586383850510417
thanh6+𢴎,thanh6,0.06713583320379257,0.741604174263362,0.1448939246140722
thanh6+𢠤,thanh6,0.09607932716608047,0.7967251447008561,0.20040889050686175
thanh6+𡏥,thanh6,0.07278953492641449,0.7618718752266679,0.11575010329575036
thanh6+󱚒,thanh6,0.07973222434520721,0.6732006453028505,0.234444204151964
thanh6+𬦄,thanh6,0.10117174685001373,0.7009893303303125,0.3046408220423315
thanh6+𫬪,thanh6,0.11449690163135529,0.5714001283108773,0.29950753765249627
thanh6+𠞡,thanh6,0.1180708184838295,0.7216325145267987,0.30764427219820195
thanh6+󱛪,thanh6,0.11984800547361374,0.6284891189181991,0.2478018031424882
thanh6+𫄋,thanh6,0.10655812919139862,0.7062165466104607,0.3579344889518079
thanh6+𢠿,thanh6,0.08920267224311829,0.7295567838863171,0.2245533416935462
thanh6+𡏠,thanh6,0.07938175648450851,0.6829902380534897,0.21134805399994874
thanh6+󱞄,thanh6,0.1271052211523056,0.4571761615614215,0.5213599241810727
thanh6+𩸮,thanh6,0.07970437407493591,0.7200844662157344,0.41266464523992696
thanh6+󱟮,thanh6,0.0847751572728157,0.6749036040827934,0.37276553256504813
thanh6+󱨈,thanh6,0.09087663143873215,0.7262866333235627,0.3216169917428702
thanh6+𠿸,thanh6,0.07225123047828674,0.738108675528766,0.24498300443500634
thanh6+󱦙,thanh6,0.0860578864812851,0.6212544596163013,0.5205677509222884
thanh6+𡃎,thanh6,0.07667014002799988,0.7287954268023603,0.19009380519361088
thanh6+𡚄,thanh6,0.09135396778583527,0.7245055143373634,0.24795622012518995
thanh6+𤁔,thanh6,0.10753026604652405,0.6417444093113468,0.3144641628205302
thanh6+𫥸,thanh6,0.1323290467262268,0.6959471366298408,0.2328539845710911
thanh6+󱠱,thanh6,0.07912842929363251,0.7498458940428039,0.42115816891782515
thanh6+𢹊,thanh6,0.12076830863952637,0.7117007389177543,0.38383597712264345
thanh6+𨂗,thanh6,0.10740505158901215,0.6834971476085907,0.2471414987880236
thanh6+󱡴,thanh6,0.09724397212266922,0.7324097649461354,0.5124459468705176
thanh6+𡑪,thanh6,0.06356407701969147,0.771412962421834,0.18122590818767081
thanh6+𫵞,thanh6,0.11933517456054688,0.7376981149946195,0.37708310222683433
thanh6+𡮣,thanh6,0.10371191799640656,0.596501364785468,0.1964205668379609
thanh6+󱘧,thanh6,0.07834754884243011,0.6691651162177379,0.3829186820678762
thanh6+𩠸,thanh6,0.09951459616422653,0.6739709509825088,0.3088004808168901
thanh6+𫪌,thanh6,0.07931666821241379,0.7142828148073675,0.3117641015068696
thanh6+𨁋,thanh6,0.10945893824100494,0.707025967781122,0.4483883841353449
thanh6+𬓛,thanh6,0.11531081795692444,0.7246448984490511,0.31293017153359765
thanh6+𦟋,thanh6,0.10762859135866165,0.7191787530804797,0.24203644263892735
thanh6+𬗏,thanh6,0.06133754923939705,0.7552191050104108,0.15749214102264633
thanh6+𧟝,thanh6,0.11617972701787949,0.5663544050953542,0.4591204157716258
thanh6+㙘,thanh6,0.07374851405620575,0.62399928390457,0.23257011389056073
thanh6+𫮒,thanh6,0.07691016793251038,0.7439027571460768,0.20670957436318985
thanh6+𩇆,thanh6,0.09912542998790741,0.5191685374626807,0.2933497341354993
thanh6+𠚐,thanh6,0.07437825202941895,0.7623829045242814,0.16819061971399082
thanh6+󱫳,thanh6,0.14073747396469116,0.674804136030032,0.27704367344016156
thanh6+𬊭,thanh6,0.13321790099143982,0.7325861498482761,0.4666927081812186
thanh6+𫧟,thanh6,0.08581333607435226,0.699758740863841,0.2608583645536274
thanh6+𧞣,thanh6,0.12137847393751144,0.5192414961030797,0.6223991043389318
thanh6+𭢌,thanh6,0.11141923069953918,0.41465789839445644,0.24144665917579122
thanh6+󱬐,thanh6,0.09688208997249603,0.6560874179643551,0.27911685629817157
thanh6+𡄳,thanh6,0.07815784960985184,0.6537330286939496,0.440941847277891
thanh6+󱙉,thanh6,0.11022020131349564,0.6563073810253187,0.23420054386399983
thanh6+󰂛,thanh6,0.056459710001945496,0.8261922683955787,0.22410621144381415
thanh6+󰮁,thanh6,0.06593666225671768,0.7593148314144788,0.4186851846250965
thanh6+𣖗,thanh6,0.11141654849052429,0.56758764775928,0.32510513863809104
thanh6+𤉓,thanh6,0.1153770312666893,0.6699563519563636,0.15335490629171258
thanh6+󱯗,thanh6,0.09459605813026428,0.7547079519153984,0.24576315988570854
thanh6+󱞐,thanh6,0.09090857952833176,0.632993331837001,0.16694595514316346
thanh6+󱰐,thanh6,0.10462766885757446,0.6892630174295478,0.2745013933637984
thanh6+𠹖,thanh6,0.09460702538490295,0.7673536778571363,0.19844163119610836
thanh6+󱳪,thanh6,0.11307606101036072,0.6828077139235545,0.18063771574809417
thanh6+𬑶,thanh6,0.0708785355091095,0.6860826189782684,0.26159169261364573
thanh6+婻,thanh6,0.07861211150884628,0.7642481806083316,0.1662238560158279
thanh6+𫥿,thanh6,0.08186430484056473,0.7191031574170538,0.1207654828170666
thanh6+𣻢,thanh6,0.0810643658041954,0.7446694858084154,0.2859376760206363
thanh6+󰭂,thanh6,0.13271871209144592,0.6185840886567143,0.20256532663605245
thanh6+𢲠,thanh6,0.12053658813238144,0.6505148027877468,10.305322660781341
thanh6+𠻱,thanh6,0.08272609859704971,0.7469167199599975,0.1706193993192773
thanh6+󱧀,thanh6,0.0727158784866333,0.7940323354356015,0.13928701593365592
thanh6+󱦐,thanh6,0.13588736951351166,0.639425645161052,0.4158976909724819
thanh6+󱳬,thanh6,0.08178873360157013,0.7843862334658114,0.2688389456469191
thanh6+󰛈,thanh6,0.09529027342796326,0.7548921942914895,0.2325830953776363
thanh6+𡀬,thanh6,0.10508230328559875,0.7216836173927532,0.32298833524971715
thanh6+󱩻,thanh6,0.12125644087791443,0.6462138805834611,0.25008923951207734
thanh6+󰜡,thanh6,0.10339374840259552,0.5523014694339381,0.13949857379416433
thanh6+呯,thanh6,0.10852199792861938,0.8205847691021699,0.1770620262562985
thanh6+𫫜,thanh6,0.06158764660358429,0.724741042439405,0.17589284193537216
thanh6+朠,thanh6,0.07869082689285278,0.6970032369367812,0.22556259212639043
thanh6+󱟈,thanh6,0.10668821632862091,0.5548624417012389,0.28767191994533037
thanh6+胋,thanh6,0.07057738304138184,0.7819000003367097,0.13870281347097557
thanh6+󱋰,thanh6,0.09863849729299545,0.7578813971132938,0.3225290520412101
thanh6+𪤸,thanh6,0.13374580442905426,0.5804876716597729,0.2525867246694213
thanh6+𪢜,thanh6,0.07394205033779144,0.7919164329872516,0.25861034974778113
thanh6+𤊤,thanh6,0.11607645452022552,0.5614846979078588,0.18971073511724065
thanh6+󱜉,thanh6,0.06963147222995758,0.7915527191747621,0.2768039927075084
thanh6+𬃴,thanh6,0.0841417908668518,0.7270635584971747,0.17842547954183915
thanh6+󰮯,thanh6,0.08051276206970215,0.652617989970352,0.28090772616275594
thanh6+𨆟,thanh6,0.09536144882440567,0.7515278520361753,0.3589165512263521
thanh6+𡁼,thanh6,0.06526484340429306,0.7710266885204137,0.2792791361374219
thanh6+󱤠,thanh6,0.09857231378555298,0.7160098158828453,0.21989863638988436
thanh6+𠾬,thanh6,0.11610247194766998,0.6710835494777062,0.21037612880428547
thanh6+󱠑,thanh6,0.10272970795631409,0.5782252517421499,0.584481554310014
thanh6+󱌡,thanh6,0.09823945164680481,0.6354529218122397,0.30182480474289264
thanh6+𨔌,thanh6,0.09559856355190277,0.6997085073392876,0.8789683246972322
thanh6+󱤒,thanh6,0.07531994581222534,0.7465553676662331,0.25227057497889904
thanh6+󱝻,thanh6,0.0947326123714447,0.690441668172778,0.30498483579774593
thanh6+𣛦,thanh6,0.09089110046625137,0.7088113575318631,0.3436324667492158
thanh6+𬈈,thanh6,0.08793378621339798,0.7352876654559122,0.23686834752190622
thanh6+󱛦,thanh6,0.07375368475914001,0.8101094513309233,0.227778510296453
thanh6+𩛸,thanh6,0.0678492859005928,0.7916930558893321,0.2600927731035603
thanh6+𡖡,thanh6,0.06938417255878448,0.8047743434514109,0.12732083486790158
thanh6+𥵉,thanh6,0.07091380655765533,0.7356754172598564,0.18799716764377813
thanh6+󰌗,thanh6,0.1195879578590393,0.6953465131174045,0.15696863149188825
thanh6+𭉆,thanh6,0.08073361963033676,0.7467638252300028,0.18540446947247347
thanh6+󱨜,thanh6,0.10555581748485565,0.6949852865597163,0.5860050417238855
thanh6+󱛱,thanh6,0.09291305392980576,0.7606899357551863,0.16058162037583631
thanh6+󱎶,thanh6,0.11755096167325974,0.6557772910505457,0.5234286948854558
thanh6+󱤈,thanh6,0.12956488132476807,0.7078709782957071,0.4126384140828348
thanh6+󰛕,thanh6,0.09522286057472229,0.7189748864986267,0.41352713871603464
thanh6+𬧡,thanh6,0.09622883796691895,0.6537633026297522,0.0915937656789913
thanh6+󱙰,thanh6,0.07654546201229095,0.6769218461528086,0.2556798257519569
thanh6+󰊎,thanh6,0.06453071534633636,0.80181625918124,0.20880961997009462
thanh6+𡃝,thanh6,0.10342543572187424,0.766578657400578,0.3657743070109396
thanh6+󱛺,thanh6,0.09905949234962463,0.6182434246124219,0.35254540626415376
thanh6+󰫽,thanh6,0.08237314224243164,0.7383344361779607,0.2226342145560134
thanh6+𩂀,thanh6,0.12533995509147644,0.7429958692216955,0.26564271272550305
thanh6+󱼖,thanh6,0.13077254593372345,0.5474423002087632,0.4649752808464491
thanh6+󱟡,thanh6,0.07913068681955338,0.7101621025505179,0.20181012587270417
thanh6+𠶊,thanh6,0.0742078572511673,0.7715943842757242,0.15459847489136147
thanh6+𬟻,thanh6,0.07033564895391464,0.7670226767763676,0.13951039017008665
thanh6+蝔,thanh6,0.08098667114973068,0.7766841940638372,0.3835665173444616
thanh6+𪢍,thanh6,0.06807302683591843,0.7164126565704498,0.19408026126250477
thanh6+𬄃,thanh6,0.07722552865743637,0.7642645543871679,0.2425447466965209
thanh6+󱞮,thanh6,0.17312239110469818,0.6325250847665448,1.1358141261534074
thanh6+𨪪,thanh6,0.10565793514251709,0.6530514830617015,0.3431403617496347
thanh6+󱢣,thanh6,0.07644252479076385,0.6452233929872155,0.23638549550195398
thanh6+󱚑,thanh6,0.12298794090747833,0.6504436006633489,0.28141086194247705
thanh6+󰺼,thanh6,0.0803755670785904,0.7492220839261637,0.255863878379965
thanh6+󱟪,thanh6,0.05922364443540573,0.8050531844503664,0.13383674469291917
thanh6+𢙬,thanh6,0.11042944341897964,0.7508732063496713,0.34256834514810236
thanh6+䈊,thanh6,0.08646634966135025,0.6723948492616518,0.2466549156097364
thanh6+𪤠,thanh6,0.08984829485416412,0.7215569666992797,0.3999820090112362
thanh6+𠶂,thanh6,0.09215967357158661,0.7466460151423843,0.20657348113978702
thanh6+󱛍,thanh6,0.08346385508775711,0.7912642771396479,0.1872172182638294
thanh6+𬕻,thanh6,0.10704950988292694,0.6664983763749851,0.33997940064862037
thanh6+󱛥,thanh6,0.07548856735229492,0.733197676459692,0.21323483024852793
thanh6+𬙛,thanh6,0.14841429889202118,0.6492962712813029,0.16999190192820715
thanh6+𫮡,thanh6,0.0693548247218132,0.7748997920488674,0.17096581522959145
thanh6+𢵻,thanh6,0.05560516193509102,0.8220248310160073,0.20448320180795207
thanh6+𪟤,thanh6,0.06409106403589249,0.7652130379270521,0.20219789807260904
thanh6+𩯂,thanh6,0.10762769728899002,0.674661566848858,0.32195060634145906
thanh6+𥌈,thanh6,0.10516110062599182,0.6979496515894039,0.21757410504182803
thanh6+󰂻,thanh6,0.09486545622348785,0.7705737868620969,0.17006936004826168
thanh6+󱹙,thanh6,0.09759723395109177,0.5480016553405722,0.22749613188425863
thanh6+󱜷,thanh6,0.08492749184370041,0.7630015821185919,0.2680790860335735
thanh6+󱮾,thanh6,0.15006797015666962,0.4542287357817701,0.32169140611833374
thanh6+𡉁,thanh6,0.09889286011457443,0.7358777043205138,0.3429870036535932
thanh6+𫫛,thanh6,0.07469882071018219,0.7555118797788715,0.23936373411941048
thanh6+󱜫,thanh6,0.06407414376735687,0.785355880922548,0.21777954255051749
thanh6+󱞑,thanh6,0.0940922200679779,0.6525934867425711,0.20286116007921903
thanh6+𤁯,thanh6,0.10863883793354034,0.6544781555797773,0.3208673927860873
thanh6+𮫷,thanh6,0.11087920516729355,0.6546925081429038,0.3982962058102268
thanh6+𠼋,thanh6,0.09240709245204926,0.775355900355762,0.15781596732790834
thanh6+𡗅,thanh6,0.12097668647766113,0.5699865185372551,0.27900855342311276
thanh6+󱩳,thanh6,0.1205524131655693,0.6910844776907351,0.5368695157077396
thanh6+󱝺,thanh6,0.09419725835323334,0.7464468494201935,0.16401295326930365
thanh6+󰍖,thanh6,0.08543301373720169,0.7435974212441864,0.28145008182854103
thanh6+󰙅,thanh6,0.12251052260398865,0.6255433002514104,0.3374048844945907
thanh6+𡅑,thanh6,0.10998690128326416,0.5875183907286942,0.33218257901647613
thanh6+𫭅,thanh6,0.11904937028884888,0.6375780037166805,0.31197593467331414
thanh6+𪥑,thanh6,0.09865904599428177,0.6696380728956294,0.37735625529134137
thanh6+󱟉,thanh6,0.08078783005475998,0.7543647345445545,0.2464954932161655
thanh6+𨇉,thanh6,0.10527297854423523,0.5226741127231892,0.27005674542086794
thanh6+㗌,thanh6,0.11775223910808563,0.721043982721508,3.3195195873163676
thanh6+󱡄,thanh6,0.06670501083135605,0.7863146619013655,0.21473585635643244
thanh6+𫆮,thanh6,0.11217056959867477,0.7207191274256612,0.37043222878218485
thanh6+󰨑,thanh6,0.08965016901493073,0.6464916171628492,0.46443001507429066
thanh6+𪶵,thanh6,0.09751138091087341,0.7308175863882829,0.3470832498392797
thanh6+𣕞,thanh6,0.0812544971704483,0.6921971573811586,0.19287254681094734
thanh6+𡪦,thanh6,0.11565938591957092,0.6371653418457491,0.47319083904099296
thanh6+㖕,thanh6,0.06805497407913208,0.8138915552410988,0.14117542816140546
thanh6+藞,thanh6,0.08391448855400085,0.6888001626076159,0.43005185669057017
thanh6+󱗳,thanh6,0.10437355935573578,0.756843009788023,0.2950186708351194
thanh6+𬪽,thanh6,0.109659843146801,0.7030870845074941,0.29648387479431887
thanh6+𠿵,thanh6,0.1023634821176529,0.6456373629380766,0.20955673537840502
thanh6+󱪚,thanh6,0.11582064628601074,0.7181328151034989,0.223655124567698
thanh6+󱦅,thanh6,0.07288467139005661,0.7630545916119916,0.22393827583292888
thanh6+𧌂,thanh6,0.06572024524211884,0.8175750828540331,0.20756798126108447
thanh6+󱦮,thanh6,0.12485437840223312,0.6557959272391964,0.27005632506529526
thanh6+󱙵,thanh6,0.09826038777828217,0.6204164361034346,0.5856687623774903
thanh6+𬊐,thanh6,0.08483697474002838,0.6889155474885882,0.2446088191105246
thanh6+󱙲,thanh6,0.10707498341798782,0.5844634052197499,0.42804749470302306
thanh6+󱞅,thanh6,0.1378401517868042,0.6429579879481937,0.29270797986700253
thanh6+哖,thanh6,0.09439776837825775,0.8266183190551671,0.18728024200020385
thanh6+䀭,thanh6,0.11666981875896454,0.644546327196967,0.19212521866496993
thanh6+𣔧,thanh6,0.10307423025369644,0.7196043191487367,0.3774695016097573
thanh6+𠌊,thanh6,0.07939557731151581,0.7287972055450024,0.2154726686022397
thanh6+𧍇,thanh6,0.07697781175374985,0.6780244197913076,0.1735340987292956
thanh6+󱟨,thanh6,0.10171376168727875,0.6762905284403196,0.36795131753343074
thanh6+𠶈,thanh6,0.08170665055513382,0.7560848429865757,0.11953638959043472
thanh6+󱋙,thanh6,0.09208261966705322,0.6941653387616147,0.2849155266777568
thanh6+𠮨,thanh6,0.06958375126123428,0.7829426327304407,0.15222087754292096
thanh6+󱢅,thanh6,0.09539136290550232,0.5981577053583914,0.29188399097188644
thanh6+𨮉,thanh6,0.09849530458450317,0.7772692851367234,0.25449533871279856
thanh6+娫,thanh6,0.09596738964319229,0.736346728725221,0.34121217765710554
thanh6+󱡗,thanh6,0.09760528802871704,0.7111440606581277,0.25746509544626156
thanh6+𫰄,thanh6,0.12093411386013031,0.6093894761689387,0.6795331591952952
thanh6+㨫,thanh6,0.0890212208032608,0.7959184362055933,0.36233556112487264
thanh6+󱜶,thanh6,0.07830892503261566,0.7698606744627549,0.3405470917869689
thanh6+󱛳,thanh6,0.06588198244571686,0.7692081457134924,0.19709005026268675
thanh6+𢢈,thanh6,0.0909813866019249,0.6961453481859304,0.27319767304072795
thanh6+󱭷,thanh6,0.11167944967746735,0.6757614262388622,0.44363676203399577
thanh6+𰇵,thanh6,0.10420650988817215,0.7309124546182606,0.2758396460455556
thanh6+𡞗,thanh6,0.09572415053844452,0.5833226053709629,0.29118319677621857
thanh6+󱬻,thanh6,0.10669820010662079,0.6976179353990025,0.29166778526431153
thanh6+𪡱,thanh6,0.07967585325241089,0.8017573504870932,0.17914337276566383
thanh6+𡃓,thanh6,0.07814988493919373,0.7463227288079839,0.23774338056487276
thanh6+󱰭,thanh6,0.10016867518424988,0.6715051442450949,0.4217846787337704
thanh6+󱩈,thanh6,0.09219912439584732,0.7073017831021422,0.19824778550153896
thanh6+󱢥,thanh6,0.1017952412366867,0.6621014678769953,0.4234861212606691
thanh6+󱪱,thanh6,0.13577643036842346,0.6725373863423395,0.5074192722851595
thanh6+𢪥,thanh6,0.07492203265428543,0.7692953032662543,0.12271053050659603
thanh6+󱝘,thanh6,0.07861988246440887,0.7457941584544703,0.22001594616955134
thanh6+𠿱,thanh6,0.0860220268368721,0.7820965905074672,0.38085037512728553
thanh6+𡎔,thanh6,0.1090581864118576,0.7395886395582577,0.23685288521425477
thanh7+圚,thanh7,0.1191781610250473,0.6003349561817042,0.2533178533885887
thanh7+𠞡,thanh7,0.10838711261749268,0.7324435619416106,0.23685915198038474
thanh7+󱞁,thanh7,0.07722178846597672,0.7028509274808664,0.20261688800739272
thanh7+𪝅,thanh7,0.07917187362909317,0.7917736104881896,0.13886420857875925
thanh7+𪢒,thanh7,0.06970532238483429,0.7595677898079496,0.25530841319609004
thanh7+𤣡,thanh7,0.11954137682914734,0.4994874021536749,0.3867548630614744
thanh7+󱬊,thanh7,0.11821535229682922,0.6541891609734359,0.40341154308535226
thanh7+󱛺,thanh7,0.08188843727111816,0.7160180213546758,0.2596617151805629
thanh7+𡅉,thanh7,0.09209738671779633,0.775097408350955,0.31908040982542635
thanh7+󱦾,thanh7,0.09690843522548676,0.7213452102031557,0.2087101220194901
thanh7+𠶎,thanh7,0.100621297955513,0.6753933924384163,0.17475855771955875
thanh7+𫧟,thanh7,0.0906703770160675,0.7725681921698804,0.2195766882109527
thanh7+𠿀,thanh7,0.06558327376842499,0.7995010546086665,0.16189885163557832
thanh7+𠷦,thanh7,0.078417107462883,0.6265707626782632,0.29179075725935205
thanh7+𡃜,thanh7,0.15134793519973755,0.7289249598113534,0.3525968967878957
thanh7+𣞄,thanh7,0.08471637964248657,0.7078182534131062,0.24486743385303475
thanh7+𫔬,thanh7,0.09004171192646027,0.6868233651121124,0.218415456331342
thanh7+𨆟,thanh7,0.13512423634529114,0.6718949507335684,0.3632924712041706
thanh7+󱟪,thanh7,0.07337330281734467,0.7725909790622518,0.18350602624867185
thanh7+𠻅,thanh7,0.05604315549135208,0.6906993648788894,0.17073045769326511
thanh7+󱟮,thanh7,0.09896138310432434,0.5342689794353009,0.4646714123395251
thanh7+󱩫,thanh7,0.0869288519024849,0.7680022128572963,0.19945184824288006
thanh7+󱠰,thanh7,0.09567997604608536,0.706569029019235,0.1624325692606112
thanh7+𪬪,thanh7,0.10182315856218338,0.710733541657003,0.14427388013734158
thanh7+𤁯,thanh7,0.08093228936195374,0.6400977712357385,0.18129587356901325
thanh7+󱪚,thanh7,0.1437479853630066,0.7310014932102752,0.23235391121860702
thanh7+󱣗,thanh7,0.08930382877588272,0.6482276966696907,0.2441170445670793
thanh7+𡏯,thanh7,0.07374712824821472,0.7726266880547593,0.18794727567504524
thanh7+𫢶,thanh7,0.08721409738063812,0.7495920528306359,0.2056966480374882
thanh7+𦲹,thanh7,0.09314113855361938,0.763312992518726,0.18593030708479988
thanh7+󰴾,thanh7,0.07573264092206955,0.7714369792099622,0.20398923842524155
thanh7+𫥸,thanh7,0.13258443772792816,0.7181583752371685,0.30138171906577843
thanh7+󱞖,thanh7,0.06490451097488403,0.7586405434988537,0.19976492066206777
thanh7+𣓾,thanh7,0.07483938336372375,0.5431676722558354,0.10540857969538275
thanh7+󱥭,thanh7,0.08455467969179153,0.6980794841085493,0.30505639478454916
thanh7+󱦮,thanh7,0.10651411861181259,0.7352348595547231,0.2570420211884585
thanh7+󰞘,thanh7,0.08964590728282928,0.7573304715255879,0.23862033661275495
thanh7+󱛳,thanh7,0.06725069135427475,0.7722646917908318,0.1853059768243155
thanh7+󱫑,thanh7,0.11393643170595169,0.6407763532530378,0.5679973292279207
thanh7+󱯺,thanh7,0.10013147443532944,0.7071374995041656,0.24045139996810394
thanh7+󱼒,thanh7,0.08928507566452026,0.7188444618546272,0.17319220265635674
thanh7+𫢧,thanh7,0.09694449603557587,0.6981924763206813,0.28052287519122504
thanh7+篵,thanh7,0.12107839435338974,0.5618341743154797,0.2604940646126013
thanh7+𦝇,thanh7,0.09634791314601898,0.6909560563560231,0.14422783941951842
thanh7+朠,thanh7,0.0676642507314682,0.7084273520475509,0.1150321427197269
thanh7+󱨇,thanh7,0.09390273690223694,0.6528098030972965,0.15611759202120135
thanh7+𠻱,thanh7,0.09861533343791962,0.7217113746933471,0.20854308183518988
thanh7+󱰐,thanh7,0.0848972499370575,0.721675543114323,0.22152766778562735
thanh7+󱫷,thanh7,0.07798208296298981,0.8003294947672863,0.23082958047812133
thanh7+㤝,thanh7,0.08357447385787964,0.6943223128320065,0.22895708598016618
thanh7+𬄃,thanh7,0.07220090180635452,0.8134728086702193,0.17537027493812887
thanh7+𢠤,thanh7,0.09445703029632568,0.7390866550711364,0.264976361240621
thanh7+𡑲,thanh7,0.09058059751987457,0.6220579474530563,0.33851141215134123
thanh7+󱥥,thanh7,0.13805852830410004,0.5962397303975219,0.2977191753253953
thanh7+㙘,thanh7,0.08597017824649811,0.7263054595925094,0.32626014777224377
thanh7+󱝳,thanh7,0.0893368050456047,0.7711487043650391,0.30187891303017667
thanh7+󰣡,thanh7,0.08048126101493835,0.8018079094988332,0.20173315092946417
thanh7+𣌌,thanh7,0.08706799894571304,0.706377043158956,0.3227424803737465
thanh7+󱝨,thanh7,0.10257750004529953,0.726650900729114,0.2599570059101458
thanh7+󰮡,thanh7,0.10749070346355438,0.6554931152377124,0.2491533580850556
thanh7+󱞙,thanh7,0.08043661713600159,0.8127810076488126,0.15443405695771004
thanh7+𠾺,thanh7,0.10959155857563019,0.6918195436295344,0.28284289543869195
thanh7+󱀰,thanh7,0.08521299064159393,0.7515245589416194,0.3290057286194745
thanh7+𡫐,thanh7,0.13847649097442627,0.487005709742779,0.4283816801189467
thanh7+𢅄,thanh7,0.08140648901462555,0.7445117942477355,0.15380312933564041
thanh7+溒,thanh7,0.0700487494468689,0.6842731704954654,0.38760040119111544
thanh7+󱝟,thanh7,0.12196694314479828,0.6759234158277224,0.3467116215622279
thanh7+𥋲,thanh7,0.12560510635375977,0.6424921922398241,0.36235951286512275
thanh7+湨,thanh7,0.11234086751937866,0.7092530761180588,0.18913870465115537
thanh7+󱫗,thanh7,0.07827897369861603,0.7262222784742446,0.27871167843162414
thanh7+𧒊,thanh7,0.0662473738193512,0.8177700748215445,0.20876507469984004
thanh7+𮤭,thanh7,0.11641661822795868,0.6749666215794502,0.4144929690956524
thanh7+󱝪,thanh7,0.07710762321949005,0.7173566747196992,0.2070748675193844
thanh7+󱞝,thanh7,0.08662682771682739,0.6829957365635656,0.23180674020704828
thanh7+󱼖,thanh7,0.09317146986722946,0.7233372799702096,0.1893324285333479
thanh7+𡃆,thanh7,0.1321774423122406,0.735960026711803,0.2673870288954549
thanh7+󰘵,thanh7,0.131632462143898,0.5495190210855229,0.262054213899563
thanh7+𠶂,thanh7,0.11806881427764893,0.6724783309003868,0.387491972646046
thanh7+󱓇,thanh7,0.08072609454393387,0.6885331667564762,0.23217512825388878
thanh7+𧍆,thanh7,0.1034504622220993,0.7223706083882405,0.20353528594010442
thanh7+󱤾,thanh7,0.09425622224807739,0.710210307941832,0.30802756705500145
thanh7+𫏝,thanh7,0.10683618485927582,0.722624151578683,0.24744916210678078
thanh7+𨨨,thanh7,0.08605387061834335,0.776579758980124,0.19299604862680794
thanh7+灆,thanh7,0.08114560693502426,0.6908985645073465,0.20906346169534837
thanh7+𦨂,thanh7,0.10770821571350098,0.6180686797854047,0.4530717734918516
thanh7+𠴇,thanh7,0.11750736832618713,0.7265415079542642,0.38695329660246935
thanh7+𩶽,thanh7,0.061477772891521454,0.757125511395858,0.2484287714107598
thanh7+𪱎,thanh7,0.133707195520401,0.6896570501784917,0.30248963483860125
thanh7+󰆐,thanh7,0.10892806947231293,0.7659122111964453,0.21274671698438033
thanh7+𥯉,thanh7,0.09045400470495224,0.7067722015366398,0.23014856271228165
thanh7+𫉮,thanh7,0.07952786237001419,0.7757475451057333,0.3013057906991556
thanh7+󱚂,thanh7,0.08102361112833023,0.768045201323362,0.5533569747216142
thanh7+𪤲,thanh7,0.1600736677646637,0.761282679861491,38.942798858304464
thanh7+󰛺,thanh7,0.06550933420658112,0.7520112563076976,0.13872903671225462
thanh7+󱰭,thanh7,0.08935698121786118,0.6917720354614099,0.2617599912738166
thanh7+󱨿,thanh7,0.12461909651756287,0.6529396975126439,0.2518608511437461
thanh7+󱯏,thanh7,0.06949961930513382,0.7611249907116396,0.2899667240146149
thanh7+󱛥,thanh7,0.07883646339178085,0.7773997957140844,0.1195477457654728
thanh7+󱩈,thanh7,0.1290842443704605,0.5751079040639743,0.32832458148886806
thanh7+󰌺,thanh7,0.08086250722408295,0.7756535772008344,0.1848073947380372
thanh7+󰇵,thanh7,0.07065006345510483,0.8170526168658097,0.15896521688878773
thanh7+󱚕,thanh7,0.06304048746824265,0.7539228267486763,0.17681165493271225
thanh7+󰫽,thanh7,0.10085655003786087,0.6190738955541407,0.2637841189067868
thanh7+󱟰,thanh7,0.09594087302684784,0.6687598407096387,0.29285795578782
thanh7+𩂄,thanh7,0.09455994516611099,0.7142619869785523,0.18485941369586104
thanh7+󱛪,thanh7,0.08925066143274307,0.6919938748160807,0.30915865446076923
thanh7+𤞦,thanh7,0.058790422976017,0.7587394235184024,0.2604083547407545
thanh7+󱳠,thanh7,0.10829053819179535,0.7072414876190726,0.24665616841377505
thanh7+󱝺,thanh7,0.12046614289283752,0.7477837387110636,0.2766875054891442
thanh7+𠼸,thanh7,0.07045600563287735,0.7165890984300454,0.20592210868009575
thanh7+󱟟,thanh7,0.11653278768062592,0.6200622770182148,0.2874410862376307
thanh7+󰙘,thanh7,0.1162622794508934,0.5795100891587429,0.39744935553601146
thanh7+𬑶,thanh7,0.08069588989019394,0.7195882869202993,0.3733029819619449
thanh7+𩇆,thanh7,0.11956922709941864,0.6236991424326696,0.5584138095319059
thanh7+𫯝,thanh7,0.09321735799312592,0.7586191798451418,0.12275446977564569
thanh7+󱤗,thanh7,0.07818601280450821,0.6412923455348818,0.2225111084900696
thanh7+󱢥,thanh7,0.08613312244415283,0.6513800688015882,0.41832448391913374
thanh7+󱣂,thanh7,0.06543440371751785,0.7340612038544674,0.28272329862745244
thanh7+𠊙,thanh7,0.08741714805364609,0.7012837779251279,0.1592058737898573
thanh7+󱳦,thanh7,0.13975590467453003,0.7202286097442525,0.12359458403910227
thanh7+𦛲,thanh7,0.07495874166488647,0.7820704207185617,0.1357824554747673
thanh7+󱰖,thanh7,0.07525047659873962,0.746620821485656,0.16568187612700402
thanh7+𫊬,thanh7,0.07237116992473602,0.802241406938605,0.2221476022266393
thanh7+󰁂,thanh7,0.14211991429328918,0.6045338181497157,0.2139041040618795
thanh7+󰠎,thanh7,0.12672750651836395,0.7449111255922667,0.3311898998879292
thanh7+𬏇,thanh7,0.08292977511882782,0.8012412533720832,0.15636455721648748
thanh7+𥌈,thanh7,0.10996536910533905,0.7194122920810999,0.34125893264664725
thanh7+󱫳,thanh7,0.1210746094584465,0.6948107932922286,0.2544066708920835
thanh7+𤐠,thanh7,0.11193599551916122,0.629282838680029,0.22706740914851098
thanh7+𡫶,thanh7,0.10970889031887054,0.7410498653384445,0.33777007341759835
thanh7+󱖧,thanh7,0.08466830849647522,0.6750316541795661,0.2273207575362155
thanh7+𪢌,thanh7,0.0884169489145279,0.7636661992741459,0.2566496447970608
thanh7+󱙤,thanh7,0.11496197432279587,0.6732703113718181,0.30662948476364255
thanh7+𡚎,thanh7,0.11279071867465973,0.7289396958234406,0.33055950943032486
thanh7+𬕌,thanh7,0.1468687504529953,0.7209108571140195,0.24115469418300092
thanh7+󱛑,thanh7,0.1041925698518753,0.5416252363903864,0.3109619131482136
thanh7+姈,thanh7,0.08095225691795349,0.700616819420571,0.16956970746590774
thanh7+󱝆,thanh7,0.0894218161702156,0.7893584241245263,0.32908326602463084
thanh7+𠾬,thanh7,0.08006969839334488,0.7765355569096285,0.1922389801985774
thanh7+𬈈,thanh7,0.06230286881327629,0.734039329523179,0.16928437187979303
thanh7+𡳳,thanh7,0.08054422587156296,0.6728579680649309,0.2576153431433989
thanh7+󱜴,thanh7,0.11772072315216064,0.7285225602201552,0.1509194283231975
thanh7+𰈏,thanh7,0.08271969854831696,0.7571377842580927,0.2681347364789533
thanh7+󱨈,thanh7,0.1108340322971344,0.6847076521615045,0.5332664940752025
thanh7+𢹾,thanh7,0.09664546698331833,0.73571112593015,0.4734225620036104
thanh7+󱡴,thanh7,0.10481186956167221,0.7190312933305075,0.30625475613762426
thanh7+󱹡,thanh7,0.08369264006614685,0.7491473109043096,0.26380528249811575
thanh7+󱬔,thanh7,0.08381153643131256,0.7490097299904167,0.28610038386620557
thanh7+󰬙,thanh7,0.06804519146680832,0.7712280699086728,0.12272982926967972
thanh7+𦼜,thanh7,0.0759161114692688,0.7391382376219889,0.4342829535615595
thanh7+𡄳,thanh7,0.0821264386177063,0.7158118325022823,0.6118672807234654
thanh7+󱹺,thanh7,0.07553105801343918,0.7443847588715431,0.16403211308198226
thanh7+󰂘,thanh7,0.07735159993171692,0.7887827342456616,0.17682795359981665
thanh7+𫫜,thanh7,0.06766059994697571,0.7342298496878216,0.3115410740769892
thanh7+𬞑,thanh7,0.09322009980678558,0.7068518075508348,0.1710934595166332
thanh7+󱜾,thanh7,0.08104865252971649,0.7081003044958023,0.17287816795661995
thanh7+𡚄,thanh7,0.06409084051847458,0.7649582651765503,0.17377114345056355
thanh7+󱘰,thanh7,0.13785545527935028,0.5344258365732242,0.2810965544501687
thanh7+󱭘,thanh7,0.08810064196586609,0.7340375328886186,0.3504340814726798
thanh7+𫱗,thanh7,0.06947408616542816,0.7194128727870861,0.25302784140113926
thanh7+󱟬,thanh7,0.10644480586051941,0.6559721004027864,0.1806680148680474
thanh7+𫴯,thanh7,0.1225641593337059,0.7256520871748957,0.21951805340625294
thanh7+󱞴,thanh7,0.07203333079814911,0.6591401212230621,0.314101032470767
thanh7+󱞣,thanh7,0.07480251789093018,0.7066416453847766,0.14719269547825273
thanh7+󱛆,thanh7,0.09806117415428162,0.749315620436011,0.17678470130864968
thanh7+󱝝,thanh7,0.08357752859592438,0.7943697802333048,0.126574867284743
thanh7+𫬠,thanh7,0.11207278817892075,0.6354421080193018,0.5270622139278732
thanh7+𠺺,thanh7,0.07835287600755692,0.7321715289210027,0.17502297808710918
thanh7+󰞬,thanh7,0.1661446988582611,0.6430157469901424,0.29479866562550444
thanh7+𬛀,thanh7,0.1178852766752243,0.6845689862274514,0.1901667245966797
thanh7+󱞎,thanh7,0.11492878198623657,0.6772261165899045,0.19506757364079144
thanh7+󱝒,thanh7,0.08018045872449875,0.7405535524930729,0.20926328170016997
thanh7+藞,thanh7,0.09493409097194672,0.657447728137791,0.4122142059994571
thanh7+󱚛,thanh7,0.14184938371181488,0.4875049969645325,0.3159894357866866
thanh7+󱛕,thanh7,0.11207863688468933,0.6319415887815473,0.2059088430796523
thanh7+𠴭,thanh7,0.09467079490423203,0.6269698582141681,0.135594481825607
thanh7+󰊈,thanh7,0.07983818650245667,0.7857658177462213,0.16216807529637
thanh7+𬊐,thanh7,0.08995316922664642,0.7560439100724045,0.27605867420429114
thanh7+𦲼,thanh7,0.082853764295578,0.6663122530007359,0.25390465356116526
thanh7+𥌧,thanh7,0.08888273686170578,0.6946736826016658,0.3006278480386827
thanh7+𡀲,thanh7,0.0894484594464302,0.6345846807270431,0.2724373105924231
thanh7+󱞼,thanh7,0.12394484877586365,0.5907551052971135,0.36347607553535566
thanh7+󰄼,thanh7,0.07239219546318054,0.7651108846674137,0.22110215025624155
thanh7+𠴌,thanh7,0.06317457556724548,0.815867598958912,0.2428947860189724
thanh7+󱜺,thanh7,0.10000923275947571,0.7225310399142834,0.22657540024100606
thanh7+𡃙,thanh7,0.06259136646986008,0.7743627578204799,0.20514055284574803
thanh7+𡫫,thanh7,0.09146619588136673,0.6773723831044043,0.3244881949088141
thanh7+󱰍,thanh7,0.08856639266014099,0.7257211240438474,0.14035610266783496
thanh7+𬉌,thanh7,0.06034386157989502,0.7390178468154119,0.4023312886113546
thanh7+󰧙,thanh7,0.11637717485427856,0.8200026195523369,0.13864732935868354
thanh7+󱍺,thanh7,0.09065407514572144,0.711875138795814,0.2556106087759679
thanh7+𢴎,thanh7,0.07909965515136719,0.7904576014995812,0.16233483486886005
thanh7+𪢊,thanh7,0.07608436793088913,0.7105090703084217,0.22957697434350907
thanh7+󰢜,thanh7,0.050604596734046936,0.8328324616040078,0.10967565709766192
thanh7+抋,thanh7,0.0699315220117569,0.7792821504816366,0.1344775208957223
thanh7+󱓍,thanh7,0.15104249119758606,0.5924541545846119,0.2679125345234998
thanh7+󱝙,thanh7,0.12255499511957169,0.6401558211974852,0.37866829929420137
thanh7+𢶹,thanh7,0.0760560929775238,0.7730548890718627,0.19302529029141288
thanh7+𦟑,thanh7,0.13072973489761353,0.7095056134351251,0.33931886113668375
thanh7+𣛤,thanh7,0.08659949153661728,0.5854466621153938,0.2207642718331917
thanh7+󱨜,thanh7,0.13860838115215302,0.6623434550215358,0.6582432254640088
thanh7+󰣿,thanh7,0.11402053385972977,0.7552554466467027,0.46266540363395
thanh7+󱞅,thanh7,0.09315263479948044,0.7158351886674288,0.2197800303860067
thanh7+𬊭,thanh7,0.0900430753827095,0.7838927470446012,0.4369913653271226
thanh7+𤏦,thanh7,0.08085810393095016,0.7193039144956459,0.2256713492132628
thanh7+󰘓,thanh7,0.1196410059928894,0.6624175179853671,0.3360375331160593
thanh7+󱉲,thanh7,0.11068131029605865,0.6184325047720238,0.47678982877902903
thanh7+𫴬,thanh7,0.0833309143781662,0.7782310579100407,0.16917856897943404
thanh7+𡦫,thanh7,0.0840102881193161,0.7094647148400852,0.28341446266928294
thanh7+󱨫,thanh7,0.12734660506248474,0.7135132550101734,0.1595994148673782
thanh7+𦽎,thanh7,0.10514704883098602,0.7052892053118565,0.36240212067997013
thanh7+𨔌,thanh7,0.07382192462682724,0.7662020637462805,0.4686769497627168
thanh7+󰬲,thanh7,0.10572092980146408,0.6563930844527415,0.259401915059439
thanh7+󰬨,thanh7,0.07286147773265839,0.7106806488369195,0.3294489013354119
thanh7+󱼓,thanh7,0.14163175225257874,0.6602781697738682,0.4408181085326353
thanh7+𬪽,thanh7,0.12038949131965637,0.726165666708755,0.28682176944015736
thanh7+㗌,thanh7,0.1131402999162674,0.735669249331194,0.23464858467241678
thanh7+󱛲,thanh7,0.1261427253484726,0.7172788475182212,0.39269889009415865
thanh7+𥵖,thanh7,0.0791449025273323,0.7009168013749343,0.2202755802134493
thanh7+𬃴,thanh7,0.08051575720310211,0.69034994909396,0.17051100018045484
thanh7+󱜈,thanh7,0.08172890543937683,0.6688251921766364,0.3781424454429459
thanh7+噃,thanh7,0.09173376113176346,0.7710660176373574,0.26149295218141355
thanh7+𡏥,thanh7,0.07521258294582367,0.7442808068475799,0.1767388221104987
thanh7+󱞡,thanh7,0.09950269013643265,0.7307875136233456,0.2736523310006085
thanh7+󰤣,thanh7,0.10170572251081467,0.7362608531131716,0.22766089784965912
thanh7+𡗅,thanh7,0.08374740928411484,0.753560941330714,0.2025220830497977
thanh7+𦩳,thanh7,0.12368294596672058,0.4537347768620911,0.1349492212901249
thanh7+𪢖,thanh7,0.08503122627735138,0.737654809966467,0.29819850314919627
thanh7+𮫷,thanh7,0.08154964447021484,0.7524792825574801,0.2382287572008711
thanh7+󱋣,thanh7,0.10835078358650208,0.7126008745275861,0.37803290919861937
thanh7+𫪎,thanh7,0.1176072210073471,0.7156739137044332,0.21879916160561155
thanh7+󱧖,thanh7,0.06001027673482895,0.7927019431214124,0.16176327483205918
thanh7+𠶈,thanh7,0.06796793639659882,0.7771682007642183,0.19473528471273727
thanh7+󱢅,thanh7,0.13783468306064606,0.5020036056084087,0.4518142147335016
thanh7+𤯱,thanh7,0.08447260409593582,0.7821619809386567,0.21924059882119803
thanh7+󱟕,thanh7,0.13091528415679932,0.4772098571780744,0.3248864293298455
thanh7+𡁽,thanh7,0.08404245227575302,0.6885010102722198,0.22995036637443753
thanh7+󱭪,thanh7,0.0746307224035263,0.736639214135838,0.27515351033209634
thanh7+󱙭,thanh7,0.09694564342498779,0.5862679763767471,0.3001144329738666
thanh7+𣱿,thanh7,0.12489992380142212,0.7413185546072021,0.27519503904416415
thanh7+㺜,thanh7,0.12244276702404022,0.7153145418013159,0.5062980252472798
thanh7+𩠸,thanh7,0.07771199941635132,0.7281027134855867,0.29941379365845355
thanh7+𨁋,thanh7,0.08406097441911697,0.7759714031344368,0.26770913838985705
thanh7+󰄜,thanh7,0.1266968548297882,0.6166696464113786,0.19425244724078713
thanh7+󰍖,thanh7,0.10285861045122147,0.800416838321317,0.14374830745081532
thanh7+𧞣,thanh7,0.08685250580310822,0.6917743224565731,0.3347588486853735
thanh7+󱰺,thanh7,0.15215405821800232,0.318804894755828,0.48885935819295795
thanh7+𦝺,thanh7,0.08988681435585022,0.7187532448953398,0.1706753265837124
thanh7+𬖵,thanh7,0.07518162578344345,0.7095474843360483,0.1898728375475234
thanh7+󱟉,thanh7,0.06895837187767029,0.7642226747048204,0.19427794130342957
thanh7+𢢈,thanh7,0.10410084575414658,0.6446005207295592,0.2668746973049934
thanh7+𨃌,thanh7,0.05402298644185066,0.7964954332442193,0.12511400095529795
thanh7+󱛢,thanh7,0.06776141375303268,0.8294271180804687,0.16439653538416268
thanh7+󱲗,thanh7,0.1327194720506668,0.5780679941810978,0.4292112568078144
thanh7+𪢜,thanh7,0.07594045996665955,0.7626459129743028,0.3894144344834595
thanh7+𢵻,thanh7,0.06556734442710876,0.8037070395120711,0.28276401925997335
thanh7+󰛕,thanh7,0.10852834582328796,0.561655242491031,0.1873824516100496
thanh7+壉,thanh7,0.10987014323472977,0.7200352589946689,0.2179998093817684
thanh7+𪰰,thanh7,0.09026286751031876,0.7048657669359305,0.16546748624847116
thanh7+𦿄,thanh7,0.06498518586158752,0.7702088941684676,0.2314609834806751
thanh7+𠴘,thanh7,0.0901268944144249,0.6989575231743838,0.19433578414968353
thanh7+󱱣,thanh7,0.07993189990520477,0.7651088729510515,0.2629751250491425
thanh7+鯑,thanh7,0.07103436440229416,0.675280978204415,0.2735532918182583
thanh7+𬅷,thanh7,0.10547760128974915,0.768939721107951,0.1888343021688477
thanh7+𫫴,thanh7,0.07407829165458679,0.6454324120804793,0.2552208620321281
thanh7+𠌊,thanh7,0.11604736000299454,0.5741788859090253,0.16609102454293934
thanh7+𬛒,thanh7,0.056192509829998016,0.8089669491256373,0.18684249873833825
thanh7+󱙌,thanh7,0.11577171087265015,0.6964442006238772,0.22672304544740018
thanh7+𪞀,thanh7,0.11245094984769821,0.622182981404381,0.24018746670469837
thanh7+󱱀,thanh7,0.07974772155284882,0.6196827730174475,0.12237131556431813
thanh7+󱦗,thanh7,0.11789076775312424,0.6871742510240553,0.4628873036571741
thanh7+󰁐,thanh7,0.0850064754486084,0.7571755567307537,0.18060610936877178
thanh7+󱙴,thanh7,0.09585274755954742,0.648146819697092,0.28957420250107213
thanh7+󱬐,thanh7,0.10208828747272491,0.7007837676970211,0.2685831944615798
thanh7+󱰯,thanh7,0.13746339082717896,0.7050643982936549,0.37231244215599285
thanh7+𪢤,thanh7,0.1250600665807724,0.5699897209482554,0.2395273119206861
thanh7+𫉩,thanh7,0.08946648240089417,0.7859617804721158,0.2951871542789588
thanh7+𠹍,thanh7,0.07843133807182312,0.7956171817808657,0.2350835898269429
thanh7+𠜈,thanh7,0.0739041268825531,0.8038595687485889,0.13214408346457007
thanh7+鏙,thanh7,0.10227716714143753,0.728929484588705,0.510786014872283
thanh7+𬂻,thanh7,0.08346555382013321,0.7537723401019057,0.2767752948115122
thanh7+𡐮,thanh7,0.09887482970952988,0.7573802894485017,0.23962450911161712
thanh7+𠻉,thanh7,0.07168231159448624,0.7369878904313439,0.3765823058005447
thanh7+𡃝,thanh7,0.11145982146263123,0.6882747449970622,0.25447793816104003
thanh7+󱚴,thanh7,0.10983756184577942,0.6345091991434941,0.44173879118274056
thanh7+𬞰,thanh7,0.13701970875263214,0.6249673422933956,0.5872317778591595
thanh7+唥,thanh7,0.053500138223171234,0.8213943406895118,0.2676814089644138
thanh7+𡅯,thanh7,0.10520242154598236,0.6847595248949498,0.3861468139338586
thanh7+󱤠,thanh7,0.08776510506868362,0.7109225849976958,0.21075187299840278
thanh7+哠,thanh7,0.14282014966011047,0.640210623004625,0.20845751851985828
thanh7+󱯑,thanh7,0.0933564230799675,0.7759426019482604,0.25749102831119824
thanh7+𦟖,thanh7,0.09125102311372757,0.7174211787089513,0.26299442685717295
thanh7+󱷿,thanh7,0.09329445660114288,0.6396114321629527,0.17886337521780507
thanh7+𠇕,thanh7,0.12512388825416565,0.6243104675548113,0.2979753246688341
thanh7+󱦡,thanh7,0.11687345802783966,0.6754818335950643,0.30303847680049106
thanh7+㖏,thanh7,0.08860456943511963,0.8157128869150619,0.24615614689731102
thanh7+𪱴,thanh7,0.09463145583868027,0.7093474518481699,0.17305729698981184
thanh7+𨊌,thanh7,0.14401023089885712,0.5642065050095922,0.4019181853391694
thanh7+𡅍,thanh7,0.09858391433954239,0.7157536295132101,0.2642913234534733
thanh7+啲,thanh7,0.08747664839029312,0.6521132730035331,0.22144290578227563
thanh7+󱧘,thanh7,0.11334341764450073,0.7293422980251081,0.2879039346450262
thanh7+𬀦,thanh7,0.0597572885453701,0.7993785032567027,0.1344402951579988
thanh7+𥱫,thanh7,0.11168362200260162,0.7145040644345093,0.342396383564669
thanh7+󱝭,thanh7,0.08457497507333755,0.7457482205122337,0.1756781860865622
thanh7+󱝸,thanh7,0.08264243602752686,0.6480159154346461,0.2034177076967035
thanh7+𩽈,thanh7,0.07964608818292618,0.7616818391445198,0.2659967411105786
thanh7+󱜲,thanh7,0.07881709933280945,0.8269824258908359,0.2526339768447676
thanh7+𡜒,thanh7,0.055785924196243286,0.726372334199856,0.1499134748577994
thanh7+󱩛,thanh7,0.13739141821861267,0.5715956302864794,0.3330239040935144
thanh7+𠹖,thanh7,0.08484997600317001,0.814202680808595,0.2204778097896444
thanh7+𫼿,thanh7,0.05405279994010925,0.8160244672511704,0.12430495084941123
thanh7+󱥓,thanh7,0.13726669549942017,0.6838313932077146,0.3171120592139993
thanh7+𬏖,thanh7,0.0899520218372345,0.719230851084898,0.32556741575143805
thanh7+󰂻,thanh7,0.06363069266080856,0.8108787854506802,0.19199512302650054
thanh7+󱫪,thanh7,0.10744572430849075,0.6928983717894505,0.4182094823565719
thanh7+󰢔,thanh7,0.07759334146976471,0.6957717670583352,0.12783113133142418
thanh7+𬠥,thanh7,0.10585648566484451,0.6624573852011524,0.40468211198974885
thanh7+𪡈,thanh7,0.06388383358716965,0.802124137452929,0.13055650162062557
thanh7+󱡉,thanh7,0.1395270824432373,0.7368873671989806,0.3987643906671258
thanh7+󱥄,thanh7,0.14562231302261353,0.6290967025945494,0.4295961541429829
thanh7+󰊎,thanh7,0.09116695076227188,0.6746744268537123,0.270865390605651
thanh7+䓬,thanh7,0.10666728019714355,0.6193670504177831,0.215592778331814
thanh7+𫢖,thanh7,0.10353502631187439,0.6885145307440563,0.2041192742065706
thanh7+𨡨,thanh7,0.13774117827415466,0.6712229593330599,0.26187902368573257
thanh7+󱟛,thanh7,0.1180497407913208,0.6667387388544754,0.3406574705249685
thanh7+󱮧,thanh7,0.0848749428987503,0.7000671396616834,0.5242157110354365
thanh7+𭈒,thanh7,0.07864571362733841,0.8316563615840109,0.11275648366455461
thanh7+󱝀,thanh7,0.08254417777061462,0.7645170278568589,0.13099209256861125
thanh7+󱬑,thanh7,0.10268948972225189,0.6236079611175271,0.32773237647081305
thanh7+󱞒,thanh7,0.08426971733570099,0.7417800225933112,0.25962667045939036
thanh7+𥴙,thanh7,0.13904665410518646,0.6331297813257147,0.48390224217008204
thanh7+󱞊,thanh7,0.08650100231170654,0.6807707992994747,0.27166654323485756
thanh7+󱛻,thanh7,0.08291825652122498,0.7081438552454787,0.24891188537592238
thanh7+𫪦,thanh7,0.059862107038497925,0.7971730335745497,0.17444233374915263
thanh7+蓸,thanh7,0.0779089704155922,0.8174898722264694,0.23453171134637785
thanh7+啩,thanh7,0.08169853687286377,0.8099412715040475,0.14323461048266115
thanh7+󰂛,thanh7,0.0780656635761261,0.7844053489198717,0.1473104901772402
thanh7+𠷇,thanh7,0.10553846508264542,0.6412887200734044,0.28428556814255995
thanh7+𡫡,thanh7,0.07707040756940842,0.7300563563652306,0.2311884598706578
thanh7+莰,thanh7,0.07901304960250854,0.6992154524095695,0.3323627428802584
thanh7+𤲼,thanh7,0.11138823628425598,0.6110249910999666,0.22297729091724428
thanh7+󱛙,thanh7,0.10219994932413101,0.7468013672502483,0.3149938213091215
thanh7+捠,thanh7,0.08815932273864746,0.7802959954650511,0.16819828926243194
thanh7+𪟤,thanh7,0.08569563925266266,0.7017188207206202,0.24078542898108204
thanh7+𫅲,thanh7,0.11136345565319061,0.6445612795618422,0.2130541506621723
thanh7+𡁞,thanh7,0.08214711397886276,0.6872685317163972,0.40979006954159497
thanh7+󱰪,thanh7,0.060683075338602066,0.7294611889136288,0.22532276600859302
thanh7+󱋭,thanh7,0.10603773593902588,0.6513254271965809,0.27007106619755566
thanh7+𠴹,thanh7,0.08721660822629929,0.7986573564128603,0.29462561860797454
thanh7+󱟎,thanh7,0.08241280913352966,0.6966869173880724,0.27235878011630493
thanh7+𠼇,thanh7,0.09154555201530457,0.7188897945131896,0.1230098651280503
thanh7+󱪉,thanh7,0.13116522133350372,0.6725051004482692,0.33750667422184444
thanh7+𠴖,thanh7,0.13471370935440063,0.7578338564727867,0.30936722905796743
thanh7+󱌔,thanh7,0.09261372685432434,0.7381170778463344,0.3247825043434813
thanh7+𰇵,thanh7,0.12808604538440704,0.6449815638503394,23.285672578223156
thanh7+𠻆,thanh7,0.07891397178173065,0.7308360618897664,0.21895919309258183
thanh7+󱢜,thanh7,0.06555227935314178,0.8055838436932563,0.1344288923011128
thanh7+㗭,thanh7,0.07892104238271713,0.7620815073243222,0.23983283658670648
thanh7+󰝅,thanh7,0.157803475856781,0.6397783583808664,0.3783037062193886
thanh7+󱲥,thanh7,0.10767190158367157,0.7180415553961049,0.3682340708812046
thanh7+𫪌,thanh7,0.10531128197908401,0.740140126047877,0.3517374976444665
thanh7+󱅒,thanh7,0.13176292181015015,0.6746705387500845,0.7870976964581331
thanh7+󱚇,thanh7,0.0765136331319809,0.688719799982343,0.31341075379125344
thanh7+濧,thanh7,0.0837809219956398,0.6746436924417669,0.167370533585953
thanh7+󱫂,thanh7,0.07608027756214142,0.740403286781785,0.2393175181760279
thanh7+𢆠,thanh7,0.11525135487318039,0.752955438513161,0.2789201823045314
thanh7+𫯲,thanh7,0.08440441638231277,0.7424872931760305,0.17773957340899302
thanh7+𢭿,thanh7,0.07274917513132095,0.6436227465327663,0.13323734579962015
thanh7+𣕞,thanh7,0.10598403960466385,0.6206696015427203,0.3241192334836644
thanh7+󱠳,thanh7,0.08644857257604599,0.7309528004367254,0.1462796577316153
thanh7+𡄧,thanh7,0.06152823194861412,0.7312736828907755,0.2566616917850226
thanh7+󰜡,thanh7,0.07785095274448395,0.7293547909791435,0.19452609589069725
thanh7+𫿟,thanh7,0.12081778049468994,0.6507637741989054,0.7071089295870422
thanh7+𢲠,thanh7,0.0819871574640274,0.7212436121987967,0.19811110667356757
thanh7+󰺥,thanh7,0.11983878910541534,0.6077872024845841,0.5932996332558619
thanh7+󱎾,thanh7,0.07491597533226013,0.7921168298982607,0.362000516547772
thanh7+𠶍,thanh7,0.09081065654754639,0.6276515205724513,0.16395432091916187
thanh7+𡄡,thanh7,0.10550336539745331,0.7214518014605317,0.3868005860029306
thanh7+󱜷,thanh7,0.062040988355875015,0.7757524874473428,0.1477264741856049
thanh7+󱬻,thanh7,0.10394235700368881,0.7261182110383216,0.29197057758928485
thanh7+𠼳,thanh7,0.09868501871824265,0.7844003728377296,1.1132248242817406
thanh7+𦵠,thanh7,0.0627199187874794,0.7856163807048071,0.18302787600893353
thanh7+𩀳,thanh7,0.12070046365261078,0.5521328032280844,0.6613255558925524
thanh7+󱥯,thanh7,0.07991159707307816,0.7717379645930889,0.3687333372214702
thanh7+󰌋,thanh7,0.15101787447929382,0.682998245997117,0.2981810136868988
thanh7+𡀇,thanh7,0.07551520317792892,0.765431964294395,0.2786114072775439
thanh7+󱤒,thanh7,0.07413039356470108,0.6243155498961179,0.30903167709756446
thanh7+󰮯,thanh7,0.09607360512018204,0.690588644183721,0.2969725448148434
thanh7+𧟝,thanh7,0.129318505525589,0.6117856673264033,0.6229221392372164
thanh7+󱪎,thanh7,0.11402910202741623,0.6926236277222394,0.41075627857607167
thanh7+󱦔,thanh7,0.10870271921157837,0.6657431467845311,0.4529112985251978
thanh7+𠽇,thanh7,0.05855737626552582,0.8251605942708587,0.19954478580206203
thanh7+𥴘,thanh7,0.09377031028270721,0.6162176454096862,0.45272742040618047
thanh7+𣛦,thanh7,0.11936460435390472,0.6972004291956472,0.6673818954832768
thanh7+𡌡,thanh7,0.1181783452630043,0.7213799671564093,0.2660662749481982
thanh7+󱤉,thanh7,0.14966526627540588,0.712265205832056,0.42141255191522764
thanh7+𡪦,thanh7,0.08013155311346054,0.7359066790691736,0.2821522676576554
thanh7+𧜗,thanh7,0.06911054998636246,0.7463988314373965,0.24750918518348616
thanh7+𫵊,thanh7,0.11019466817378998,0.5665361161141634,0.3301094770512159
thanh7+󰧺,thanh7,0.14263497292995453,0.5838474868024477,0.20733665517782182
thanh7+𩛸,thanh7,0.07496941089630127,0.7810568421865313,0.2632938326244313
thanh7+󰢉,thanh7,0.08698292076587677,0.6669370224054167,0.1735909071669005
thanh7+󱞟,thanh7,0.07884758710861206,0.669705129942357,0.15208852817638885
thanh7+𠱻,thanh7,0.09807424247264862,0.5930184105215436,0.16928895993601176
thanh7+󰭂,thanh7,0.13258475065231323,0.7543034252281774,0.18454800027454935
thanh7+󱰚,thanh7,0.10246624797582626,0.707939078952903,0.23025894083590726
thanh7+𠸙,thanh7,0.06880936771631241,0.7919108819609465,0.3243708898128757
thanh7+󱟝,thanh7,0.13020168244838715,0.6723898325777928,0.38563864407720505
thanh7+嘪,thanh7,0.0774010568857193,0.8008497452209308,0.22528885710036453
thanh7+𤻓,thanh7,0.09061732888221741,0.7076017615772542,0.21504163130216514
thanh7+𩼁,thanh7,0.10129110515117645,0.683351925729385,0.3245932345394488
thanh7+󱚰,thanh7,0.09211941063404083,0.5731182687387177,0.503035538173479
thanh7+𫆶,thanh7,0.07284840941429138,0.7770736569934794,0.1800459684971807
thanh7+𬕻,thanh7,0.13409900665283203,0.6013495983079072,0.5045591543573419
thanh7+󱠑,thanh7,0.06199925020337105,0.7076609509484806,0.3115896422537387
thanh7+󱟁,thanh7,0.08498543500900269,0.5420101461054374,0.2724909047013621
thanh7+󱞜,thanh7,0.11848661303520203,0.67200275547132,0.14363029393262974
thanh7+𠲡,thanh7,0.06825979799032211,0.7799736206018507,0.34596485254648696
thanh7+𡃓,thanh7,0.09984035789966583,0.7476007989024748,0.15728545336460378
thanh7+㨫,thanh7,0.07653995603322983,0.7730825300414238,0.29462401359304197
thanh7+𤬪,thanh7,0.11097890138626099,0.7656844339679707,0.25526382106137024
thanh7+𡏠,thanh7,0.09483467042446136,0.6732838811967773,0.2228121148085588
thanh7+󱟫,thanh7,0.1493559181690216,0.6019475870680244,0.28589427833364134
thanh7+󱝧,thanh7,0.08195336163043976,0.70066176140577,0.21347118406603238
thanh7+󱜝,thanh7,0.07435538619756699,0.7865028661947912,0.18066686388505912
thanh7+𪥘,thanh7,0.09763626009225845,0.7141180564036306,0.2520104604164423
thanh7+𠿁,thanh7,0.0951538234949112,0.7268710319103315,0.22786367553356732
thanh7+𪶵,thanh7,0.07814405858516693,0.7500351040101902,0.2941068185776952
thanh7+𩠱,thanh7,0.12850262224674225,0.5961570507128828,0.4518648840704825
thanh7+󰂄,thanh7,0.061802938580513,0.8202321977817729,0.1470530124222305
thanh7+𫄉,thanh7,0.0880710706114769,0.6058505857807935,0.2874339478813076
thanh7+𪸝,thanh7,0.10604163259267807,0.7803087827757428,0.19023118471875902
thanh7+󱛹,thanh7,0.10431987047195435,0.6933159280741261,0.2405109756030482
thanh7+󱙉,thanh7,0.10628259181976318,0.6632089277815307,0.3554873243159777
thanh7+𢷰,thanh7,0.11704839766025543,0.6364294364977978,0.2992785710893936
thanh7+󱤑,thanh7,0.07401006668806076,0.6740064674280257,0.1464855800737487
thanh7+𫲰,thanh7,0.11611508578062057,0.5292627254492203,0.3650279060963306
thanh7+𠳭,thanh7,0.08912010490894318,0.7052907633742552,0.22586439785185275
thanh7+󱳴,thanh7,0.10644371807575226,0.6316831652209918,0.3721514979297846
thanh7+𢹊,thanh7,0.0989498645067215,0.6153827237623821,0.23658406635345175
thanh7+𪡽,thanh7,0.10103768855333328,0.7214197082328633,0.35942191700597265
thanh7+𫮒,thanh7,0.08042524755001068,0.7121103957257997,0.2444653795870233
thanh7+𧜐,thanh7,0.09921655058860779,0.734420966280091,0.3464336659759563
thanh7+󱬺,thanh7,0.0900651067495346,0.639180278759096,0.16882351160025097
thanh7+󰬥,thanh7,0.09603418409824371,0.752810944103289,0.30967772056592907
thanh7+𦟋,thanh7,0.15429452061653137,0.578705535233865,0.3368288171344426
thanh7+𧌂,thanh7,0.11235884577035904,0.648727258631394,0.19371364410541134
thanh7+󱞀,thanh7,0.11524494737386703,0.6272346387585772,0.31927994314197455
thanh7+󰝎,thanh7,0.0826934352517128,0.7439013529143929,0.20561317427372647
thanh7+𩸴,thanh7,0.07100512087345123,0.7191169647031261,0.28860049924025116
thanh7+󱨱,thanh7,0.07862838357686996,0.6955469221077718,0.33763039268481165
thanh7+󱋙,thanh7,0.1123838871717453,0.6575843694742675,0.3615127777981753
thanh7+蝔,thanh7,0.0760897845029831,0.6911480620369683,0.18680379466248898
thanh7+𠿴,thanh7,0.08382891863584518,0.7017959851140839,0.17514754651116649
thanh7+𣒠,thanh7,0.06798537075519562,0.7825890082517795,0.24542720844747168
thanh7+󰋓,thanh7,0.08689194917678833,0.6491123987660287,0.19890671532189919
thanh7+󱧀,thanh7,0.12157313525676727,0.6252015526976781,0.2797957528069785
thanh7+𫫛,thanh7,0.06908687204122543,0.7725799599011101,0.2075233031287139
thanh7+𥶱,thanh7,0.09764119982719421,0.6946127434648497,0.33122662837511857
thanh7+𮜲,thanh7,0.08609052747488022,0.7388526341976774,0.14434533246013123
thanh7+𤉕,thanh7,0.11083671450614929,0.6845312425962751,0.26216934448208534
thanh7+𬓓,thanh7,0.12048657983541489,0.5597717616567737,0.5629581405172032
thanh7+󱲰,thanh7,0.12267273664474487,0.5961473054387052,0.6769318756602322
thanh7+𠬖,thanh7,0.08522454649209976,0.7449665288290239,0.2085855295541774
thanh7+󰮦,thanh7,0.13819648325443268,0.6454187936438827,0.9834009849921569
thanh7+𠲹,thanh7,0.092482790350914,0.7399050577610893,0.49815207016787105
thanh7+𡃳,thanh7,0.12240979075431824,0.7082758654336585,0.3831591794612202
thanh7+𪢍,thanh7,0.0716736912727356,0.7593775509579112,0.3706499179910776
thanh7+󱟢,thanh7,0.07707080245018005,0.7399185525060662,0.22126063400022525
thanh7+𣎞,thanh7,0.0923822820186615,0.6507494303119553,0.2327760252856711
thanh7+㼫,thanh7,0.10368121415376663,0.6165935328215131,0.19075797873523934
thanh7+𫪀,thanh7,0.07267826050519943,0.7710808024639622,0.7276356872446662
thanh7+𢙬,thanh7,0.08653302490711212,0.6644090855479656,0.16469582468052976
thanh7+𰈨,thanh7,0.09683585166931152,0.6501742202110407,0.4517749248303715
thanh7+󱤲,thanh7,0.07701121270656586,0.7142096493454875,0.24689268823114022
thanh7+𠶒,thanh7,0.11406800150871277,0.7415770735483148,0.2893155263782701
thanh7+󱛽,thanh7,0.060641489923000336,0.7755464326243733,0.2626382196059835
thanh7+㖗,thanh7,0.08779487013816833,0.8216996638531845,0.2160361743037
thanh7+𫰄,thanh7,0.14575564861297607,0.6506040116045014,0.766808354869133
thanh7+𬙛,thanh7,0.13639985024929047,0.7041575357118932,0.1560344911171174
thanh7+𨇉,thanh7,0.10008925199508667,0.6876032439618602,0.349339808067636
thanh7+𠺚,thanh7,0.09443345665931702,0.7538462162113724,0.28746410600558203
thanh7+𰓖,thanh7,0.09258176386356354,0.7671434729841454,0.20444053464088133
thanh7+𠹌,thanh7,0.07242224365472794,0.6933229231613304,0.174709426809415
thanh7+󱞮,thanh7,0.14886486530303955,0.760010286979204,0.3183190495896426
thanh7+𫭅,thanh7,0.09124647080898285,0.7136546088181315,0.20122799001519256
thanh7+󱝹,thanh7,0.12401574105024338,0.626462269603371,0.3046792339841349
thanh7+󱝾,thanh7,0.06440012156963348,0.7427633269294455,0.2902587758245246
thanh7+𫪄,thanh7,0.10267123579978943,0.7535615648108338,0.2861835585419284
thanh7+󱞃,thanh7,0.1039452850818634,0.6173833979148975,0.30299038671493134
thanh7+𪡍,thanh7,0.1267428696155548,0.7586856445021496,0.1895386906711191
thanh7+󱝘,thanh7,0.06867408007383347,0.7177136403274315,0.2205684146078597
thanh7+󱛴,thanh7,0.12181562185287476,0.579578869129006,0.3610088192273859
thanh7+𠺮,thanh7,0.10139012336730957,0.8009802823015555,0.15428267716290736
thanh7+𠽂,thanh7,0.09118705987930298,0.7770036478790381,0.21069858906458125
thanh7+󱩗,thanh7,0.09421137720346451,0.7225648138659709,0.22232744852619377
thanh7+𡮺,thanh7,0.12002768367528915,0.6792520580447682,0.21694639921543332
thanh7+󰬸,thanh7,0.12125332653522491,0.7159120486534216,0.2850586137954246
thanh7+󱫠,thanh7,0.16095037758350372,0.5986053278120784,0.3365973450531612
thanh7+𬈗,thanh7,0.05726569518446922,0.7868377683171375,0.14419496440615334
thanh7+󰙅,thanh7,0.11026160418987274,0.6808661905441175,0.46940189029000906
thanh7+𡀦,thanh7,0.07411891222000122,0.7620579126771373,0.24536971768350876
thanh7+𠽙,thanh7,0.07913880795240402,0.6601012797556726,0.2066437341309542
thanh7+󱟦,thanh7,0.11891081929206848,0.6257306148245342,0.2768700334697653
thanh7+𡖡,thanh7,0.08391492068767548,0.6067093623484652,0.23449011010002527
thanh7+挒,thanh7,0.08287576586008072,0.693877965384878,0.15943890221026305
thanh7+󱯄,thanh7,0.08233785629272461,0.7124593716465384,0.38358817184813515
thanh7+𨪪,thanh7,0.089881032705307,0.682398070744858,0.2802091768860845
thanh7+𨪷,thanh7,0.09295101463794708,0.6916938931360901,0.3032004218946066
thanh7+󱦪,thanh7,0.08053050190210342,0.684814578889225,0.46049157830241905
thanh7+𬆅,thanh7,0.09227902442216873,0.7635554395640862,0.34240656240912354
thanh7+𫽠,thanh7,0.07721220701932907,0.6983450545948362,0.19734909216731877
thanh7+󱸠,thanh7,0.13360202312469482,0.6754357535303679,1.6802656481502645
thanh7+𫫊,thanh7,0.06454575806856155,0.8057639623788959,0.20967613341225644
thanh7+󱹽,thanh7,0.0852694883942604,0.7754437789787527,0.1542657565902501
thanh7+𠸩,thanh7,0.08796414732933044,0.7167756595496145,0.2453176959271881
thanh7+󱪱,thanh7,0.11597870290279388,0.6569784385978313,0.3449650936234457
thanh7+𭋙,thanh7,0.11063512414693832,0.6787597089517224,0.2942838730058704
thanh7+󱰶,thanh7,0.11057741940021515,0.6870817268675015,0.2517033563383549
thanh7+󰬽,thanh7,0.08505579829216003,0.6702868741843089,0.24347568611061812
thanh7+鮗,thanh7,0.07126669585704803,0.7066032057981284,0.36784938128887257
thanh7+𬂨,thanh7,0.11005622893571854,0.7145164059093663,0.21995810205195243
thanh7+𨮉,thanh7,0.10240696370601654,0.7157277221138094,0.30079435216707556
thanh7+󱬧,thanh7,0.08152051270008087,0.7420152108418895,0.18745951687113396
thanh7+󱲝,thanh7,0.06880281865596771,0.806596930327655,0.16264275747325077
thanh7+𠸽,thanh7,0.06721454858779907,0.7691700091710392,0.41508208193552026
thanh7+𫪁,thanh7,0.09315168112516403,0.8017927270875631,0.14375965552870368
thanh7+󱞠,thanh7,0.1309833824634552,0.5768735143694894,0.6607508987365097
thanh7+󰅲,thanh7,0.08493419736623764,0.740652639863577,0.8375035188043186
thanh7+婫,thanh7,0.075029656291008,0.6455873944392201,0.3902159471241425
thanh7+󱰤,thanh7,0.1001683846116066,0.7105581769226756,0.35150776738584216
thanh7+𭉆,thanh7,0.07080656290054321,0.7667815401302709,0.14991180578654914
thanh7+𠵴,thanh7,0.07608580589294434,0.7942192795234261,0.13814435222233576
thanh7+󱧨,thanh7,0.09478171169757843,0.6767194962659037,0.2579409663904075
thanh7+𧒅,thanh7,0.07573875784873962,0.6634113725288695,0.20762272901593182
thanh7+𫐹,thanh7,0.07924730330705643,0.795590160816148,0.3937434955247989
thanh7+󰮝,thanh7,0.0839039757847786,0.6909618223286454,0.23182010739765233
thanh7+𡁚,thanh7,0.07889207452535629,0.7456194529017515,0.44385556464131054
thanh7+𩵾,thanh7,0.12283693999052048,0.5267669684151939,0.32314996783872546
thanh7+󱦋,thanh7,0.08079922944307327,0.6945641355978097,0.2993244053201998
thanh7+󰙯,thanh7,0.1228952705860138,0.7394268941197835,0.27229558170691837
thanh7+𡁎,thanh7,0.07953918725252151,0.7564253965121281,0.3134929247213303
thanh7+󱤍,thanh7,0.12944474816322327,0.6745643628238838,0.5253173945928431
thanh7+𪺛,thanh7,0.08365954458713531,0.7270832958007338,0.3082130241994105
thanh7+󱛖,thanh7,0.08304498344659805,0.7829651279463086,0.2610253002479784
thanh7+󰸪,thanh7,0.11497287452220917,0.6888735433037475,0.4798687139992878
thanh7+𡂷,thanh7,0.07246307283639908,0.7990172886800999,0.27570426326804937
thanh7+󱙵,thanh7,0.09939970076084137,0.6129804571991918,0.5621193435617055
thanh7+󱘧,thanh7,0.06935201585292816,0.7381547843140238,0.2200238936101806
thanh7+𪩥,thanh7,0.10583383589982986,0.6946969924729831,0.3543134360974835
thanh7+𠚐,thanh7,0.08424322307109833,0.7450743113016876,0.11219485634912414
thanh7+𤉓,thanh7,0.08266071230173111,0.7917706667778787,0.2869849261303442
thanh7+󱮺,thanh7,0.14244422316551208,0.6457302191222523,0.5088946821604394
thanh7+𡋦,thanh7,0.08305175602436066,0.7409666970773665,0.17510417249218765
thanh7+󱟨,thanh7,0.12260594218969345,0.6060922573554162,0.3740436499284025
thanh7+󱮾,thanh7,0.14817211031913757,0.5233402698553808,0.3889787182557565
thanh7+𡀫,thanh7,0.07251504063606262,0.7906316417279714,0.21924388022125094
thanh7+󱞢,thanh7,0.11243610084056854,0.7041920638071061,58.54192256187044
thanh7+󱗘,thanh7,0.08452367782592773,0.7550252213336451,0.3211704044631656
thanh7+𡕩,thanh7,0.08872189372777939,0.7986093320960759,0.1890822792124469
thanh7+𬕷,thanh7,0.10422886162996292,0.6938019261935433,0.3244999115175853
thanh7+𭢌,thanh7,0.09645597636699677,0.6908382815353066,0.24971104655035603
thanh7+𪀆,thanh7,0.05994601547718048,0.7592145100028251,0.31710443330685506
thanh7+󱞿,thanh7,0.0758582353591919,0.749111487870161,0.2589017259149162
thanh7+𪢘,thanh7,0.0681905671954155,0.7448705224111646,0.23502923248822558
thanh7+󰼀,thanh7,0.07801560312509537,0.7932765830273423,0.3916036455375936
thanh7+𠮨,thanh7,0.12124195694923401,0.6273739320523003,0.22414523974845105
thanh7+𬮷,thanh7,0.12409286946058273,0.6819837300717194,0.3161493361184479
thanh7+𨁟,thanh7,0.1034260243177414,0.7727162926567409,0.1398945757578731
thanh7+𪭟,thanh7,0.10492550581693649,0.66747101643399,0.0892669579009908
thanh7+󱋰,thanh7,0.10421714186668396,0.6935968280260065,0.2933356180824338
thanh7+󱰮,thanh7,0.09539295732975006,0.7051374776860079,0.5761641579320339
thanh7+󱥑,thanh7,0.059742338955402374,0.7116256932484661,0.14891485245845595
thanh7+𡓾,thanh7,0.12431682646274567,0.6552832229353378,0.7282417418548723
thanh7+𥶂,thanh7,0.09234807640314102,0.6033995825900835,0.3736207984090208
thanh7+󱚑,thanh7,0.09390808641910553,0.7432793611149013,0.2109934247295483
thanh7+𪴉,thanh7,0.14309176802635193,0.5632256575762496,0.3636667409634881
thanh7+𢪥,thanh7,0.09524645656347275,0.773866619738433,0.17248770442469727
thanh7+󱝑,thanh7,0.0800953358411789,0.7883466331216997,0.1678979413302378
thanh7+𡮥,thanh7,0.1374155580997467,0.6096429667739233,0.2809486439439472
thanh7+睈,thanh7,0.10398679971694946,0.6730181955006344,0.17199564321749458
thanh7+󰢽,thanh7,0.0638258308172226,0.8128625976311781,0.24143233102306771
thanh7+󱹙,thanh7,0.10309593379497528,0.6570920868176489,0.2978893458074621
thanh7+𫏙,thanh7,0.08938107639551163,0.6428420933511036,0.25442292577144204
thanh7+𪡫,thanh7,0.07734808325767517,0.7594945717431226,0.18214564599571167
thanh7+󱠡,thanh7,0.08917035907506943,0.6584065460338377,0.393396931280692
thanh7+󰭔,thanh7,0.07150152325630188,0.7339007863310745,0.15782497464547238
thanh7+󱌰,thanh7,0.08309756964445114,0.8335034685053023,0.1132807907728662
thanh7+䀭,thanh7,0.07854041457176208,0.7445044678425674,0.14906857607482268
thanh7+󱩩,thanh7,0.09080507606267929,0.7689985015448736,0.2355526006965851
thanh7+󱺂,thanh7,0.09864240139722824,0.7030166337813551,0.2684852753481317
thanh7+󱡄,thanh7,0.08278194814920425,0.7284416140991752,0.3440174783665291
thanh7+𠸬,thanh7,0.09242364764213562,0.7846706653481962,0.2678316573940633
thanh7+𫞡,thanh7,0.12350426614284515,0.5916930233030412,0.17835300591075473
thanh7+󱜆,thanh7,0.06542074680328369,0.7694555407516278,0.21821118868058834
thanh7+󱞐,thanh7,0.06700413674116135,0.748588084402976,0.16254867356621452
thanh7+󱚒,thanh7,0.091657355427742,0.7162139178475021,0.3426825374607693
thanh7+󱛣,thanh7,0.08002054691314697,0.7317069127853365,0.29342386559040134
thanh7+󰨑,thanh7,0.07131671160459518,0.6383930135711982,0.21948737388015893
thanh7+𪖺,thanh7,0.09297657012939453,0.6710844783221389,0.6081799884719109
thanh7+󱋠,thanh7,0.08799931406974792,0.7124683410820544,0.278773569611582
thanh7+𤄷,thanh7,0.09678000956773758,0.6805077183619087,0.28064921572873963
thanh7+󰃧,thanh7,0.07427503168582916,0.7510549639149996,0.22216894150865873
thanh7+𥭑,thanh7,0.1538538634777069,0.6671657140940568,0.19183817128730438
thanh7+󱦯,thanh7,0.09581063687801361,0.4830409983025294,0.29502118393633125
thanh7+𨂚,thanh7,0.08662986010313034,0.7110274119276918,0.25416483525673284
thanh7+󱺃,thanh7,0.10661593824625015,0.7222632759184364,0.3531688440653607
thanh7+𠸯,thanh7,0.05561043694615364,0.8368904705373233,0.19468554943756797
thanh7+侱,thanh7,0.08587788790464401,0.8023697612557957,0.11771602989307577
thanh7+󱟠,thanh7,0.09571893513202667,0.6876980465060053,0.17822689587794616
thanh7+󰊫,thanh7,0.13328398764133453,0.4439574799793662,0.2290620247332407
thanh7+䰺,thanh7,0.11701329797506332,0.7046871155745134,0.19072799608105095
thanh7+󱯗,thanh7,0.08214419335126877,0.7201446427181545,0.2829117385920827
thanh7+𧋅,thanh7,0.12253125011920929,0.7485772300855013,0.27564887333267074
thanh7+𨄿,thanh7,0.07404415309429169,0.7355275697626056,0.3360299401751248
thanh7+󱝐,thanh7,0.09052463620901108,0.7202727522696082,0.15250074494765267
thanh7+𡉎,thanh7,0.11212602257728577,0.7226852490030171,0.23085375393932814
thanh7+𪢡,thanh7,0.1486930549144745,0.47720156112843165,0.3112831893820079
thanh7+𫕹,thanh7,0.09034308791160583,0.679593579763107,0.17405512590800853
thanh7+󱙰,thanh7,0.07689850777387619,0.621919172124309,0.19042309367830304
thanh7+󱊚,thanh7,0.058098383247852325,0.814648877600916,0.1790302977837813
thanh7+󰶅,thanh7,0.10128176212310791,0.6509250336599219,0.20464054831821668
thanh7+󱭧,thanh7,0.10335029661655426,0.5977451236677308,0.3707258718542456
thanh7+𢠿,thanh7,0.09156493842601776,0.7002646216078736,0.27206739445784506
thanh7+𩯁,thanh7,0.12740609049797058,0.6554671213358979,0.38402435734004675
thanh7+𤳧,thanh7,0.07129077613353729,0.7060604141359691,0.2656134968089021
thanh7+󱞳,thanh7,0.10683044791221619,0.7581952867346747,0.12178207593971228
thanh7+󱞲,thanh7,0.08272279053926468,0.7211355892398107,0.34152557996950356
thanh7+𬄹,thanh7,0.10813106596469879,0.7473938534882664,0.31044654049106674
thanh7+𧋸,thanh7,0.07414112240076065,0.8035683115869849,0.1967306188234654
thanh7+堒,thanh7,0.048672277480363846,0.8118981873134375,0.1883629694417015
thanh7+𠸄,thanh7,0.07709500938653946,0.7772733395351779,0.21751910538084232
thanh7+㨲,thanh7,0.09160357713699341,0.6916425273279537,0.17844160716331325
thanh7+堹,thanh7,0.06994234770536423,0.7932193899201195,0.24114393268585385
thanh7+𪡿,thanh7,0.11442745476961136,0.7649017093423992,0.21554795557720938
thanh7+𰦫,thanh7,0.11987117677927017,0.6873420100461085,0.36884961260649357
thanh7+𦄆,thanh7,0.08863251656293869,0.7201314274268465,0.28227859141310924
thanh7+󱙥,thanh7,0.07428824156522751,0.7521893871454355,0.1762154222327086
thanh7+𠼋,thanh7,0.1139109805226326,0.7042174767010911,0.21283438934170398
thanh7+󰮃,thanh7,0.08637115359306335,0.7070306550642312,0.2908906368114376
thanh7+𪡦,thanh7,0.08747363835573196,0.6185094620832053,0.2461062767345457
thanh7+󱏛,thanh7,0.06354895979166031,0.8128829313815026,0.14884184009713372
thanh7+󱫟,thanh7,0.11561772227287292,0.5904419739729869,0.423027832077413
thanh7+𣻢,thanh7,0.08414195477962494,0.7243155056158689,0.3883437201710171
thanh7+㧪,thanh7,0.09424828737974167,0.7088218398710945,0.19851410715191156
thanh7+󰌗,thanh7,0.09518032521009445,0.7160423069577265,0.1707237056818581
thanh7+󱛦,thanh7,0.07503794878721237,0.7369149281061584,0.15763836418981414
thanh7+𪢠,thanh7,0.0547516830265522,0.7509227990226482,0.20903263973296968
thanh7+𤼞,thanh7,0.0962461605668068,0.5656277137419101,0.27569930511676843
thanh7+󱟂,thanh7,0.09942132234573364,0.7493264082520743,0.1413272211512556
thanh7+𡎤,thanh7,0.12585777044296265,0.5386076655076536,0.2740617337158229
thanh7+𡁝,thanh7,0.13297897577285767,0.6799353801535478,0.7648981286101716
thanh7+𡫨,thanh7,0.11837098002433777,0.6831197659048397,0.44639418656102015
thanh7+㙩,thanh7,0.07184672355651855,0.7888524092800898,0.20299593903513702
thanh7+󱞻,thanh7,0.1146303117275238,0.6639664961844362,0.20759603182489073
thanh7+𪡆,thanh7,0.08188913762569427,0.7717293594788462,0.2030022019228096
thanh7+𪡗,thanh7,0.11492505669593811,0.7457930839465878,0.26936700654512397
thanh7+󱜉,thanh7,0.07303977757692337,0.7595032355235081,0.23588878194749438
thanh7+󱓦,thanh7,0.09472557157278061,0.6391517117225398,0.3196548337735822
thanh7+𬡶,thanh7,0.10117771476507187,0.5923937567808236,0.5294815492579822
thanh7+𠻇,thanh7,0.08395454287528992,0.7214080917524052,0.21185462228628535
thanh7+𩸮,thanh7,0.07928676903247833,0.7528732908576737,0.22844128754319307
thanh7+𠾲,thanh7,0.07525552809238434,0.7648740865175492,0.3513342403020556
thanh7+𡮣,thanh7,0.10685877501964569,0.6495854221232714,0.22302389431341074
thanh7+𪡎,thanh7,0.06996706873178482,0.8039171362345149,0.171407227221929
thanh7+𡑭,thanh7,0.0746491476893425,0.7714611677902381,0.2927614026041125
thanh7+𠽏,thanh7,0.09384386986494064,0.7497660023894647,0.2246830807239196
thanh7+󱦙,thanh7,0.07297393679618835,0.6346390102185047,0.27561868493812225
thanh7+𰊣,thanh7,0.09656193852424622,0.7357272783398714,0.21686063497346245
thanh7+𦘱,thanh7,0.12813982367515564,0.7875647700737635,0.19515015436913571
thanh7+󱡵,thanh7,0.1162685975432396,0.5956692479438189,0.22927311993742816
thanh7+𡁼,thanh7,0.06524182856082916,0.7694193245630179,0.17717792218632344
thanh7+󱨨,thanh7,0.09309252351522446,0.5988553297414486,0.310782515212858
thanh7+󱛱,thanh7,0.10127394646406174,0.7977164846639875,0.311413114283042
thanh7+𬗏,thanh7,0.07305066287517548,0.7516655826519846,0.20012488615256843
thanh7+󱫸,thanh7,0.09435930848121643,0.6758397904042562,0.3248401870410213
thanh7+𫮲,thanh7,0.13544103503227234,0.6095886694923132,28.767642529642558
thanh7+𠶅,thanh7,0.07561308890581131,0.6443270175966176,0.11138842465478949
thanh7+󱦩,thanh7,0.11400602012872696,0.6766327811923746,0.25632831380040005
thanh7+𠲏,thanh7,0.0722699835896492,0.785252106017957,0.15458507334699892
thanh7+󰯺,thanh7,0.1057177260518074,0.6812571437324716,0.41258522780310636
thanh7+𫣝,thanh7,0.07378444075584412,0.7538697096465308,0.2786710995757819
thanh7+󱠠,thanh7,0.08557714521884918,0.5493422761017258,0.20861874161320926
thanh7+󱞦,thanh7,0.08711158484220505,0.6929581746237455,0.3635164148279049
thanh7+󰅬,thanh7,0.11542888730764389,0.6488254190269748,0.24434979478336596
thanh7+󰍱,thanh7,0.0871596708893776,0.6989243060878771,0.8628341142708793
thanh7+𬕳,thanh7,0.14272959530353546,0.6129940781271225,0.395814931793433
thanh7+𡌩,thanh7,0.08144257217645645,0.8041147482391536,0.3281478771442041
thanh7+󰺼,thanh7,0.08736360818147659,0.7538376992554657,0.2339917311693025
thanh7+󱟈,thanh7,0.08850020170211792,0.7589870785658638,0.2846267488177003
thanh7+𦨭,thanh7,0.078839972615242,0.6511701956338753,0.21880089916438974
thanh7+𠾾,thanh7,0.06024252995848656,0.7928415530253524,0.4572547599214758
thanh7+𥐨,thanh7,0.09135307371616364,0.7095037674020968,0.4607781211383138
thanh7+𡚝,thanh7,0.10558685660362244,0.669200623822067,0.27882630930416696
thanh7+𪤽,thanh7,0.08078978955745697,0.7683740775182241,0.30602793020470975
thanh7+󰛼,thanh7,0.08419658988714218,0.7846576595669231,0.16568572776260512
thanh7+󱎶,thanh7,0.12738996744155884,0.6085764368106455,0.8156116662250102
thanh7+𫯐,thanh7,0.08127497881650925,0.7295011908104386,0.1480290471152302
thanh7+󱩳,thanh7,0.10980553925037384,0.6744582194804906,0.25165331266195606
thanh7+𪠉,thanh7,0.11458179354667664,0.7603634018188363,0.21131569824618732
thanh7+𡄾,thanh7,0.10357331484556198,0.7002824449616517,0.612567387920651
thanh7+𪡱,thanh7,0.1443970650434494,0.6479565830379505,452.9969467889418
thanh7+𤶹,thanh7,0.13180586695671082,0.6532726040378617,0.2354084718211773
thanh7+󱚚,thanh7,0.11287936568260193,0.5089030069340724,0.4247154182223276
thanh7+𪥾,thanh7,0.07012535631656647,0.7434027399037422,0.1820735439481593
thanh7+㗶,thanh7,0.08946342021226883,0.6950689421360473,0.4638157945875081
thanh7+𡃖,thanh7,0.1070421114563942,0.7665358084062388,0.205188163005903
thanh7+𫅰,thanh7,0.10749928653240204,0.5920814034208935,0.3078324436399585
thanh7+󱗳,thanh7,0.10416567325592041,0.6058624497005689,0.183765250648376
thanh7+𡓟,thanh7,0.08614072948694229,0.6932726685666055,0.4803631719305646
thanh7+𡄰,thanh7,0.09182774275541306,0.6915189058829826,0.2756828061179819
thanh7+𠹰,thanh7,0.04535112529993057,0.8354227553696734,0.22300779731599138
thanh7+󰛈,thanh7,0.12641911208629608,0.7366096112692925,0.29262006199226814
thanh7+󱝫,thanh7,0.16563379764556885,0.6646546958599578,0.2770403331011612
thanh7+󱝞,thanh7,0.08738963305950165,0.642381524157784,0.32111220564267734
thanh7+𭉷,thanh7,0.09407660365104675,0.7473595887587731,0.25354270922826766
thanh7+𰋝,thanh7,0.12489372491836548,0.6347173413782993,0.16574604827773357
thanh7+󱰗,thanh7,0.08595111966133118,0.7443999013117616,0.28161275768054167
thanh7+󱮟,thanh7,0.08959590643644333,0.7196304585167277,0.24323436248056443
thanh7+㗩,thanh7,0.13591811060905457,0.6769090118278397,0.39544055329137273
thanh7+𠺼,thanh7,0.10281482338905334,0.6966306657653994,0.17998200134927492
thanh7+󱧔,thanh7,0.08803337067365646,0.7597535496962451,0.20614061932065467
thanh7+𡂄,thanh7,0.10829563438892365,0.7617134548248072,0.3464570168800088
thanh7+𡅩,thanh7,0.09697937965393066,0.7323048036313946,0.37708254557826265
thanh7+󱮝,thanh7,0.07942108809947968,0.7236657525721313,0.23038907948441711
thanh7+󰬟,thanh7,0.08195648342370987,0.7224708303942831,0.26560353296647715
thanh7+婻,thanh7,0.06819441169500351,0.7356233048702142,0.30322383613056597
thanh7+󱢣,thanh7,0.09655668586492538,0.6778207149798098,0.35658794243952885
thanh7+󰘇,thanh7,0.14969460666179657,0.5180722180512394,0.23360940143751718
thanh7+󱞔,thanh7,0.08698926866054535,0.6699964956272093,0.197699766242767
thanh7+𡁛,thanh7,0.0739060789346695,0.778071882825993,0.37839457967534296
thanh7+𡀬,thanh7,0.11732085794210434,0.7448278393894636,0.3014198045536344
thanh7+𡅑,thanh7,0.10626348853111267,0.5739709104414983,0.39351108354961734
thanh7+󰢣,thanh7,0.1046190932393074,0.7192290907788406,0.23023030582223145
thanh7+󱢉,thanh7,0.09698770940303802,0.7081416626486029,0.17402811883762895
thanh7+𢴊,thanh7,0.06736712902784348,0.7109395202203261,0.2575426318348475
thanh7+㘗,thanh7,0.0785539448261261,0.7708797583679108,0.305031181729992
thanh7+𤋽,thanh7,0.07052620500326157,0.7360563695209543,0.18089786351961476
thanh7+𫥿,thanh7,0.09192696213722229,0.5854725841692835,0.2067101474656563
thanh7+㖵,thanh7,0.10323861986398697,0.7785565282560831,0.23650482194385714
thanh7+󱞇,thanh7,0.08934085071086884,0.6739898599287485,0.2915972785541974
thanh7+𤊤,thanh7,0.09093207865953445,0.7046709441744642,0.22977096358853025
thanh7+𪮩,thanh7,0.06277022510766983,0.7002196051575409,0.11161785582901097
thanh7+𧎠,thanh7,0.15918263792991638,0.6641959943011503,0.5493624668715754
thanh7+㗴,thanh7,0.09850358963012695,0.690699593181728,0.18809848026137535
thanh7+𪉴,thanh7,0.07711832225322723,0.7101101023384633,0.3795001321648517
thanh7+𪺇,thanh7,0.09855982661247253,0.6196180056566246,0.2524531397539879
thanh7+𫱞,thanh7,0.08576463907957077,0.7572362882680195,0.21092823140258413
thanh7+𪤸,thanh7,0.10921496152877808,0.7777739178090015,0.24716435810096726
thanh7+󱟏,thanh7,0.11738958209753036,0.5706061751508359,0.4071732462897315
thanh7+囄,thanh7,0.11108621209859848,0.5778501166098061,0.4925133728533257
thanh7+󱩙,thanh7,0.10372240096330643,0.6655397621123978,0.46634659979569787
thanh7+󰬛,thanh7,0.0855896919965744,0.828780873843077,0.1308110960787082
thanh7+󱠢,thanh7,0.09385216981172562,0.6584597618993129,0.4165690697960149
thanh7+𦞎,thanh7,0.09013152867555618,0.7548261786981261,0.22364313369255037
thanh7+󱤥,thanh7,0.07690209150314331,0.822159803688445,0.22301922394077578
thanh7+󱞗,thanh7,0.12571066617965698,0.7116967988044033,0.2777193508071905
thanh7+󱋃,thanh7,0.08103453367948532,0.6927996150808455,0.218955301873594
thanh7+偖,thanh7,0.05576711148023605,0.825868955770284,0.1642533629268859
thanh7+󱞾,thanh7,0.072308748960495,0.7563844752127283,0.20343629254679274
thanh7+𪦎,thanh7,0.07014501094818115,0.6402838608885179,0.34415829044503315
thanh7+󱝷,thanh7,0.12786349654197693,0.5514538653022221,0.17802178597860707
thanh7+𡄫,thanh7,0.0845237746834755,0.7092380017627335,0.5420527194730965
thanh7+󰤴,thanh7,0.11702094972133636,0.7549310434879378,0.14968101396621
thanh7+󱡗,thanh7,0.1106325089931488,0.7054270285840127,0.20600574809981262
thanh7+󰐨,thanh7,0.12970468401908875,0.7073653672527603,0.1977258824209842
thanh7+𣙯,thanh7,0.08000525832176208,0.7715388781366006,0.15056555431116353
thanh7+󱙲,thanh7,0.08470382541418076,0.6047888536716196,0.28260679492498647
thanh7+󱡇,thanh7,0.08227579295635223,0.7667648227275228,0.4515028788139351
thanh7+胋,thanh7,0.09888934344053268,0.7454778322719599,0.13085700430913003
thanh7+󱌡,thanh7,0.10266350954771042,0.607322150015679,0.28385423853777375
thanh7+㖪,thanh7,0.05350165441632271,0.7925741805852504,0.13932495946045073
thanh7+𬖩,thanh7,0.10399649292230606,0.6122953175677509,0.29138000844556894
thanh7+󱥪,thanh7,0.09257333725690842,0.6844628373241638,0.20751715209682398
thanh7+󱛅,thanh7,0.11219561100006104,0.632745978752334,0.22047396638391237
thanh7+󱨕,thanh7,0.12225708365440369,0.6599740620268986,0.30370534433658025
thanh7+湳,thanh7,0.12225774675607681,0.5761299883485476,0.21783108278256494
thanh7+𨅞,thanh7,0.08943618834018707,0.7404948189085273,0.14659450774673732
thanh7+󱟲,thanh7,0.09926307201385498,0.6869433387581882,0.16951794706124254
thanh7+𪿀,thanh7,0.08649589866399765,0.7123202270849809,0.374386504057489
thanh7+󱜫,thanh7,0.07373359054327011,0.7799905594870217,0.2001086694546814
thanh7+檤,thanh7,0.07602303475141525,0.7741125538390249,0.26248947133140565
thanh7+󱋇,thanh7,0.13627688586711884,0.6678167958975151,0.4655907086826052
thanh7+𪡴,thanh7,0.06378248333930969,0.7825055422981348,0.20230850691240984
thanh7+𡎜,thanh7,0.09288261830806732,0.6872579068039215,0.18111471477476515
thanh7+󱠼,thanh7,0.12548352777957916,0.7707297376710349,0.16830150067161187
thanh7+󱫴,thanh7,0.13199687004089355,0.5053758728056177,0.295771003363138
thanh7+󱚍,thanh7,0.11026304960250854,0.7098485663019658,0.7797523358814692
thanh7+󰭏,thanh7,0.0802321583032608,0.782148281178696,0.2308321580437045
thanh7+𪣠,thanh7,0.09651447832584381,0.7650015948627149,0.2340853310837662
thanh7+𫫷,thanh7,0.08217668533325195,0.7140916800341891,0.25815954316083356
thanh7+𠮙,thanh7,0.08644767850637436,0.7663269042005586,0.17529554847633433
thanh7+󱞽,thanh7,0.09767068922519684,0.6654281983022995,0.5110996203863803
thanh7+𡑪,thanh7,0.061416465789079666,0.7611400642060534,0.18444881891379197
thanh7+󱟹,thanh7,0.10887768119573593,0.5160743828519881,0.4243284819064436
thanh7+󰏏,thanh7,0.07258877158164978,0.7197119927813,0.16914676487218913
thanh7+󱝖,thanh7,0.10561588406562805,0.7865060690131878,0.13354055877145704
thanh7+𫮡,thanh7,0.07847121357917786,0.7074041110448505,0.3141522274313321
thanh7+󱢏,thanh7,0.12110163271427155,0.6461297934286948,0.24221379067692217
thanh7+󱤈,thanh7,0.1288774609565735,0.7078317832018709,0.29968115546652035
thanh7+󱠧,thanh7,0.07849979400634766,0.722693472205535,0.7405038925729386
thanh7+𬟻,thanh7,0.09037448465824127,0.784865951009703,0.14980295215154468
thanh7+𪸄,thanh7,0.10171947628259659,0.649774216467781,0.3188044047809501
thanh7+𪮽,thanh7,0.06743041425943375,0.7701454583431095,0.29976488800538853
thanh7+𫛈,thanh7,0.16518491506576538,0.6219409055682776,0.6222209496272221
thanh7+𥾸,thanh7,0.09091717004776001,0.7211128880190331,0.222693075326145
thanh7+𪣱,thanh7,0.11541152000427246,0.7105900570641681,0.16056752156760173
thanh7+𡃎,thanh7,0.08653123676776886,0.6314637718556185,0.360175838648973
thanh7+𪶩,thanh7,0.08927728235721588,0.6668961395120608,0.4005775713868345
thanh7+𠷥,thanh7,0.07685232907533646,0.831883595643437,0.186301560641062
thanh7+𬄪,thanh7,0.09827514737844467,0.6396991990514844,0.31521621645439774
thanh7+䐥,thanh7,0.08277018368244171,0.7365208955709472,0.16984609063216527
thanh7+𭈖,thanh7,0.09609044343233109,0.599372499505272,0.2527112774155124
thanh7+𠿱,thanh7,0.10729940235614777,0.7496198070183236,0.5375349529042652
thanh7+𡓯,thanh7,0.10104820132255554,0.6992934860711804,0.29196587437788174
thanh7+𢲾,thanh7,0.08364535868167877,0.7098261271380838,0.20026338737984925
thanh7+𤎓,thanh7,0.06054401025176048,0.7754347019323751,0.19585446164362155
thanh7+𧿯,thanh7,0.06112499162554741,0.7909679866984689,0.09747190961239889
thanh7+󱯈,thanh7,0.08008713275194168,0.7739329491018778,0.1719780326161294
thanh7+𫧾,thanh7,0.0936017706990242,0.6700555602112117,0.2884594955569189
thanh7+󱹓,thanh7,0.08038091659545898,0.7585004244477462,0.1873994791993621
thanh7+󱜶,thanh7,0.06116972863674164,0.7129565214239073,0.12042163695894188
thanh7+埨,thanh7,0.057844605296850204,0.7699392287558529,0.11698102605842325
thanh7+󱳒,thanh7,0.09570461511611938,0.6979281985832645,0.3816562668779761
thanh7+󱥦,thanh7,0.1043400689959526,0.6632755004705543,0.3686867782497644
thanh7+󱹜,thanh7,0.09907364100217819,0.7061127682433735,0.25721798743765506
thanh7+𠶊,thanh7,0.07494919002056122,0.8108600653515754,0.1841388112136493
thanh7+𥖑,thanh7,0.08483409136533737,0.704846579551342,0.30482301405541373
thanh7+󱬎,thanh7,0.14785853028297424,0.5037773741297872,0.33289942107749804
thanh7+𡔒,thanh7,0.10612799227237701,0.6699085820741927,0.2899005487530519
thanh7+󱛋,thanh7,0.10224287956953049,0.6917706535428157,0.32385752613688756
thanh7+󱩬,thanh7,0.0933513343334198,0.7550068650921365,0.2442125901159388
thanh7+㖀,thanh7,0.12439785897731781,0.7352723123803191,0.35568401193698845
thanh7+𠸫,thanh7,0.09286072105169296,0.7644336947959709,0.28187850287734656
thanh7+󱞈,thanh7,0.08426201343536377,0.7116491904685373,0.4562859555083214
thanh7+𪢷,thanh7,0.10574369877576828,0.7741657630603599,0.3578598027160351
thanh7+󱝢,thanh7,0.1235419437289238,0.7258707246639008,0.2987008682165513
thanh7+󰈠,thanh7,0.09361632913351059,0.7531906688949467,0.31155383489218846
thanh7+󱩸,thanh7,0.07116018980741501,0.7550962064688947,0.15715113073546036
thanh7+𠀿,thanh7,0.07009474188089371,0.7710451653242638,0.20571991876658124
thanh7+𠏠,thanh7,0.08983445167541504,0.7670166896943473,0.3944982301631664
thanh7+𤁔,thanh7,0.08122976869344711,0.6828424461347441,0.19811223818611215
thanh7+󱟡,thanh7,0.1125156581401825,0.667796166043302,0.3478813540489012
thanh7+󱛍,thanh7,0.07598978281021118,0.8106711883965068,0.18230563736387198
thanh7+󱜌,thanh7,0.08796820044517517,0.7814655121703786,0.20448401568024754
thanh7+𨂗,thanh7,0.1169188916683197,0.6955826180073527,0.21581928324953756
thanh7+𭰺,thanh7,0.08281075954437256,0.7212411562957005,0.2915626973915874
thanh7+𫬪,thanh7,0.10689140856266022,0.6327990361918489,0.27844894607861087
thanh7+󱠱,thanh7,0.09778545796871185,0.6586441007702228,0.33662004387553446
thanh7+𠿸,thanh7,0.06629335135221481,0.7442806024326926,0.2823899627557585
thanh7+󱳭,thanh7,0.13713803887367249,0.6026049681739992,0.6029093541528457
thanh7+𠷯,thanh7,0.12020088732242584,0.7603343060448873,0.24431512981031864
thanh7+𫴇,thanh7,0.0976381003856659,0.6411721856864552,0.37927532436140404
thanh7+󱀄,thanh7,0.11532899737358093,0.6704363938450124,0.2951974310720509
thanh7+𤄮,thanh7,0.06981872767210007,0.7362084020974885,0.35950613529875564
thanh7+𣔧,thanh7,0.09484425187110901,0.6396148242998169,0.24419358969673297
thanh7+𫽦,thanh7,0.10153491795063019,0.6508124254770776,0.34501884222553225
thanh7+𠿵,thanh7,0.10009751468896866,0.5940426406084139,0.20565601447705686
thanh7+󱳬,thanh7,0.092151939868927,0.6948738184831537,0.2913719791686888
thanh7+𢰦,thanh7,0.06617768853902817,0.7521080031594822,0.12844213944417285
thanh7+𪣮,thanh7,0.10274777561426163,0.7023443893724434,0.25984979480253056
thanh7+哖,thanh7,0.06322543323040009,0.8654430546552029,0.13753183817916675
thanh7+𧍇,thanh7,0.09908956289291382,0.722486816392141,0.26832971094603014
thanh7+𩯂,thanh7,0.12268222868442535,0.6039628496386126,0.6079446383848778
thanh7+󱤚,thanh7,0.10648351907730103,0.6548807914779498,0.2580439138551161
thanh7+𫆮,thanh7,0.10894119739532471,0.721643925690437,0.3911839843611647
thanh7+󱞑,thanh7,0.0807163342833519,0.7780071922414888,0.12105669137377724
thanh7+𨄸,thanh7,0.0820847600698471,0.7194827970135398,0.48740122122112056
thanh7+󱳪,thanh7,0.14160208404064178,0.6561740814699701,0.4146808904864015
thanh7+𢶽,thanh7,0.09436354786157608,0.6841836982995061,0.24206030901016376
thanh7+󱡰,thanh7,0.09668143093585968,0.7200119639798317,0.13843679272723422
thanh7+𦟏,thanh7,0.07312389463186264,0.7827489160319446,0.19092570828728853
thanh7+󱘡,thanh7,0.10153795778751373,0.6878147485894794,0.31204781794500014
thanh7+󱞆,thanh7,0.0784325897693634,0.7652074409809895,0.14939286838892005
thanh7+𫠼,thanh7,0.08991013467311859,0.756358056150836,0.18358877787829483
thanh7+󱞕,thanh7,0.1070680022239685,0.672449687305298,0.28375025732340403
thanh7+𬧡,thanh7,0.10271389782428741,0.5971255934529912,0.11870935579429044
thanh7+󱺈,thanh7,0.05752871185541153,0.8335704060777359,0.14451927834434633
thanh7+𣘊,thanh7,0.07948488742113113,0.7714891743654959,0.33524441804823035
thanh7+𠲜,thanh7,0.08246005326509476,0.7223517443065975,0.2665823037447505
thanh7+󱝗,thanh7,0.0999394878745079,0.6676309664104096,0.2630616816824241
thanh7+𥙒,thanh7,0.1135098785161972,0.633808183749122,0.26317647693888124
thanh7+󱣶,thanh7,0.07127715647220612,0.7564968826626242,0.17176700693319277
thanh7+𭈙,thanh7,0.07332299649715424,0.7537308650128831,0.1266228902490221
thanh7+𫵞,thanh7,0.17877456545829773,0.5126825099415496,19.160870243755042
thanh7+󰭠,thanh7,0.11124098300933838,0.7639649433177198,0.28257037652892697
thanh7+󱘓,thanh7,0.10598303377628326,0.6581224547724788,0.11689633573278561
thanh7+󱢰,thanh7,0.08686799556016922,0.7323722931906309,0.17637107287245193
thanh7+𦀌,thanh7,0.10667863488197327,0.6076881709265721,0.30553480645462894
thanh7+呯,thanh7,0.09986337274312973,0.8020437356550624,0.13245653681325043
thanh7+澿,thanh7,0.09453005343675613,0.7080589543502293,0.31569172282937347
thanh7+𢯝,thanh7,0.12231345474720001,0.6394512204563394,0.1859863041882952
thanh7+𪤠,thanh7,0.088872030377388,0.7499505645294035,0.12898958191901774
thanh7+𪻋,thanh7,0.09530386328697205,0.7185673287002402,0.2571722387609385
thanh7+𠱜,thanh7,0.06534207612276077,0.8130184718642472,0.20935165164077366
thanh7+󱝂,thanh7,0.06878569722175598,0.8534038520144556,0.11441241082638405
thanh7+𫼰,thanh7,0.0819658637046814,0.6565576963726427,0.10474722618155002
thanh7+󱝻,thanh7,0.08043830096721649,0.7123419282418425,0.29730550612783807
thanh7+𡍢,thanh7,0.08361716568470001,0.6679135038297667,0.27690289426585324
thanh7+󱟜,thanh7,0.07314373552799225,0.7594553756142152,0.20582086482381623
thanh7+󱛵,thanh7,0.08439578860998154,0.6504356512427052,0.3383011905751734
thanh7+𫇿,thanh7,0.09514719247817993,0.6603893676508109,0.18165424243810394
thanh7+𫡸,thanh7,0.16258732974529266,0.6825791372714067,0.59267840914336
thanh7+󰢷,thanh7,0.08558817207813263,0.7212143558097737,0.37398708600023617
thanh7+󰡊,thanh7,0.06045788154006004,0.8329086108911842,0.2051268766079464
thanh7+𡞗,thanh7,0.05810676887631416,0.8111988574284223,0.12071318454326217
thanh7+󱚭,thanh7,0.10128489881753922,0.7286970129743556,0.3039833991675087
thanh7+𪧺,thanh7,0.10376505553722382,0.6826181657173891,0.3085029808371715
thanh7+娫,thanh7,0.09886215627193451,0.6422632542327016,0.4724465654108528
thanh7+𡉖,thanh7,0.05389432981610298,0.7964204567001939,0.35034288714408596
thanh7+𫟌,thanh7,0.09949970990419388,0.6572203856671741,0.1509629916348906
thanh7+󱮑,thanh7,0.1136486828327179,0.6322598533394431,0.490387168182368
thanh7+𡮨,thanh7,0.12779071927070618,0.7063349492707311,0.32720983272800325
thanh7+󱚳,thanh7,0.10986214876174927,0.6861477465745048,0.21077837699735555
thanh7+𥵉,thanh7,0.10912510752677917,0.7097793527372408,0.4547888592330094
thanh7+󱝯,thanh7,0.0902804508805275,0.6949748720958049,0.35515226323770904
thanh7+𢀦,thanh7,0.1518879532814026,0.7045401058849764,184.34863780788567
thanh7+𪻟,thanh7,0.0906849354505539,0.7180710695725525,0.20097873456851745
thanh7+𡂉,thanh7,0.09156722575426102,0.7127805936940445,0.31042196070045275
thanh7+𩝻,thanh7,0.07835833728313446,0.77853352935268,0.3013908558184633
thanh7+󱥻,thanh7,0.0681053102016449,0.7516995521902076,0.13147072505917334
thanh7+䈊,thanh7,0.09732215106487274,0.6458715265406143,0.2646276332879543
thanh7+󱙷,thanh7,0.12694530189037323,0.6262673911062769,0.27143208892330445
thanh7+󱟱,thanh7,0.11785118281841278,0.7690214397986598,0.17389730229535513
thanh7+𥮈,thanh7,0.11193623393774033,0.6799706502743953,0.23060378346580854
thanh7+󱭷,thanh7,0.12299572676420212,0.6026668248648156,0.7521031305517996
thanh7+㖕,thanh7,0.07132519036531448,0.8426909912981161,0.14359755697456209
thanh7+𡅫,thanh7,0.1116454154253006,0.5201718990460508,0.28125197903902915
thanh7+󱹪,thanh7,0.08585377037525177,0.614639394454221,0.19341096761842957
thanh7+𨄮,thanh7,0.0813082829117775,0.7926452618903818,0.2140193012777759
thanh7+𥱰,thanh7,0.08903495222330093,0.7470215824521558,0.25467000156429853
thanh7+󱜖,thanh7,0.0729270875453949,0.795480378682834,0.19385442312817705
thanh7+𦟟,thanh7,0.09281051158905029,0.6068890026498931,0.17596597439305606
thanh7+󱯠,thanh7,0.11949236690998077,0.5831889521645182,0.24072559230917864
thanh7+𣖗,thanh7,0.08909519761800766,0.7239381675200741,0.6341408269315344
thanh7+𧞿,thanh7,0.12363849580287933,0.6780130320632501,0.5072400243107126
thanh7+𪾭,thanh7,0.09245305508375168,0.735862172422026,0.19474668416910226
thanh7+㷝,thanh7,0.10419657081365585,0.6937373627440901,0.18865155437709866
thanh7+𬏻,thanh7,0.08877646923065186,0.7004321509570289,0.17880501224059034
thanh7+𥊜,thanh7,0.10256549715995789,0.6287960107013312,0.44602844143101605
thanh7+洅,thanh7,0.1063135415315628,0.7305420423123812,0.1357530986938449
thanh7+󰥉,thanh7,0.11062370240688324,0.6711580363726373,0.2832520132310426
thanh7+𩚧,thanh7,0.06256741285324097,0.8012873179013082,0.1565429208945403
thanh7+𫬱,thanh7,0.07202017307281494,0.759430736081957,0.5312135011286162
thanh7+𣋇,thanh7,0.09440810978412628,0.6991976776476999,0.17830321049449108
thanh7+󱣆,thanh7,0.07917427271604538,0.7718267534865056,0.25464112658594573
thanh7+󱘠,thanh7,0.10641872882843018,0.5703362279466819,0.3776357969377413
thanh7+𤗹,thanh7,0.07978785037994385,0.6455698054891886,0.2250175936111262
thanh7+󱪼,thanh7,0.09478424489498138,0.6371902864745619,0.22221378801179306
thanh7+𬔽,thanh7,0.11757564544677734,0.6896221189969142,0.18673378353717843
thanh7+𪤻,thanh7,0.08579834550619125,0.7686336312759053,0.22128833017453511
thanh7+𡮛,thanh7,0.1025296300649643,0.7480942261611073,0.3197147137431507
thanh7+󱮮,thanh7,0.11029624938964844,0.6168523091835973,0.48308411895377845
thanh7+𡇻,thanh7,0.08528148382902145,0.7546748265523922,0.12635339441177273
thanh7+󱹻,thanh7,0.10998191684484482,0.6519462354990069,0.29221114313296764
thanh7+𪷘,thanh7,0.0741114616394043,0.7393398463459607,0.20916652106633363
thanh7+𫉎,thanh7,0.06864985078573227,0.7676986739783123,0.33910237833873236
thanh7+𪂱,thanh7,0.0752989798784256,0.7381913165145797,0.3951073218485783
thanh7+𦷬,thanh7,0.08735816180706024,0.7225575983298159,0.27754101858207975
thanh7+󱲙,thanh7,0.11904281377792358,0.5544443879944644,0.2159090972986094
thanh7+𪝪,thanh7,0.09501518309116364,0.6820138720080016,0.2883087712547925
thanh7+𩂀,thanh7,0.11640053987503052,0.7277581154390935,0.265133247200181
thanh7+𡎡,thanh7,0.07152270525693893,0.7756690189968196,0.2645891017934482
thanh7+𫲼,thanh7,0.09315101057291031,0.7048762434563485,0.1423229978017314
thanh7+󱦅,thanh7,0.06450388580560684,0.7556744389191951,0.23219099313326327
thanh7+㘢,thanh7,0.11200903356075287,0.7522316463183044,0.38003808084861834
thanh7+󱩻,thanh7,0.15205936133861542,0.599448780980643,0.19364020277419539
thanh7+𬦄,thanh7,0.10229796916246414,0.6815494055678293,0.43866494506273557
thanh7+󱡑,thanh7,0.10734014213085175,0.6631008875690226,0.20730505746174466
thanh7+󱦐,thanh7,0.12402063608169556,0.6890678419352183,0.3911865023733436
thanh7+𭊳,thanh7,0.0912790298461914,0.7566731437435893,0.15409041231696793
thanh7+𪁄,thanh7,0.09551011025905609,0.6544207283572072,0.21003854667405633
thanh7+𡎔,thanh7,0.1275750696659088,0.7321926384964961,0.42064291838002577
thanh7+𪥑,thanh7,0.08601436018943787,0.618885479440741,0.15987028481153912
thanh7+𠲃,thanh7,0.06318765878677368,0.7979314683702405,0.1597289160906206
thanh7+𩹹,thanh7,0.08334273099899292,0.6919394080201,0.364389429115527
thanh7+󱯛,thanh7,0.12801440060138702,0.7734112740993758,0.23553967205040327
thanh7+𠅐,thanh7,0.08398039638996124,0.8131312111775401,0.22143455776655252
thanh7+󱞄,thanh7,0.09617222845554352,0.6129807792731037,0.4445752634351567
thanh7+𩝭,thanh7,0.11844851076602936,0.6723609860345138,0.3738540989993993
thanh7+𫄋,thanh7,0.11375881731510162,0.6541049645150279,0.25604388730046934
thanh7+𤹕,thanh7,0.09128119051456451,0.6284762572127692,0.2435189063595398
thanh7+𬓛,thanh7,0.08665725588798523,0.7441669155442044,0.48415533459447274
thanh7+󰬪,thanh7,0.10125397890806198,0.6927707676764179,0.3185709171803029
thanh7+𡉁,thanh7,0.10483264178037643,0.6794613521850278,0.3181371738738185
thanh7+󱧝,thanh7,0.09156078845262527,0.6757867481785951,0.23833065035476667
thanh7+𨆷,thanh7,0.11720386147499084,0.6492218682195046,0.30904464093674683
thanh7+󱯧,thanh7,0.1398974508047104,0.5903159073131822,0.29996029471591645
thanh7+𢪭,thanh7,0.07397998869419098,0.7619922298990437,0.10774499089501755
thanh7+󰮁,thanh7,0.06840046495199203,0.7180924452374118,0.41029609213014867
thanh7+󱚫,thanh7,0.10767822712659836,0.6069732076699272,0.21470119066577387
thanh7+𫑺,thanh7,0.13344424962997437,0.6231906682377175,0.40286026227403005
thanh7+鎫,thanh7,0.06852678209543228,0.762678025864768,0.31403174352419516
thanh7+𡝦,thanh7,0.09903812408447266,0.7492749809451608,0.1984907427494762
thanh7+󱹿,thanh7,0.08673185110092163,0.6437814672202204,0.28374435901449574
thanh7+󱪢,thanh7,0.06389900296926498,0.7949353656381458,0.20395660410497915
thanh7+󰭙,thanh7,0.10076716542243958,0.7094923756967311,0.24367229348534766
thanh7+𡡇,thanh7,0.08673489093780518,0.6203353498167965,0.2421743918196928
thanh7+𭡏,thanh7,0.05831095203757286,0.7894029171578781,0.11996195835972556
thanh8+𠴭,thanh8,0.07858508825302124,0.7679359775076039,0.16035680475472394
thanh8+𢴎,thanh8,0.09628251940011978,0.8073411393126242,0.12222808042282014
thanh8+𰈏,thanh8,0.07073166966438293,0.8130946545809222,0.21080430679513576
thanh8+󱯏,thanh8,0.06707006692886353,0.7533909358693245,0.1658496614664491
thanh8+𫯝,thanh8,0.08262991160154343,0.7218254606438033,0.16348358715319847
thanh8+𠷯,thanh8,0.0735827162861824,0.669054629051567,0.1590307866041378
thanh8+𡄫,thanh8,0.07267151772975922,0.7416639440621443,0.4644622109898881
thanh8+𥵖,thanh8,0.10329075157642365,0.6421716005296285,0.24271643874056412
thanh8+𠺼,thanh8,0.09904040396213531,0.6737422726264773,0.24886126423536536
thanh8+󱜌,thanh8,0.09811818599700928,0.7234069406784971,0.20696425682531328
thanh8+󱟉,thanh8,0.08110624551773071,0.6419132180639378,0.2061937375866537
thanh8+𠽙,thanh8,0.06318914145231247,0.7843971517448861,0.1898332351372457
thanh8+󱰮,thanh8,0.09145382046699524,0.6280635128856313,0.48810723095053105
thanh8+󱙉,thanh8,0.07219463586807251,0.7619493154172989,0.20018911787104676
thanh8+𠼇,thanh8,0.09865594655275345,0.7389787424702948,0.14679962061275076
thanh8+𪱴,thanh8,0.0747566893696785,0.7525993703628486,0.37623158267997403
thanh8+𫬠,thanh8,0.10047420859336853,0.691402992837239,0.21540273863129267
thanh8+󰘵,thanh8,0.12494774162769318,0.5940435163616301,0.3304413087446489
thanh8+󱞇,thanh8,0.10860926657915115,0.7084110948229076,0.18116879579460687
thanh8+𫉩,thanh8,0.09532781690359116,0.7660020772128573,0.21860703926084124
thanh8+󱪱,thanh8,0.08249704539775848,0.7169180138386282,0.2205276468476222
thanh8+𠾲,thanh8,0.07304628193378448,0.7735675549334718,0.2207157462339838
thanh8+󱳪,thanh8,0.10852830111980438,0.6596028387827807,0.32240687916528027
thanh8+󱙰,thanh8,0.07428892701864243,0.6656901130155534,0.21829734991347985
thanh8+𫮲,thanh8,0.109214648604393,0.5738206190302589,0.20905458866057833
thanh8+𣕞,thanh8,0.08283871412277222,0.6932483091681924,0.2818377620158545
thanh8+󱞳,thanh8,0.08109328895807266,0.7413475146074462,0.12918041415051026
thanh8+󱚫,thanh8,0.06295223534107208,0.8155289412673734,0.1512377608672595
thanh8+濧,thanh8,0.0975906103849411,0.7557920884950792,0.15877142302495414
thanh8+󱤥,thanh8,0.09652827680110931,0.5716397063180748,0.12830210859572777
thanh8+𡁽,thanh8,0.07686564326286316,0.6754026740072977,0.16041070937727506
thanh8+󱦔,thanh8,0.10215023905038834,0.6131587375693474,0.22489338803877987
thanh8+𪢖,thanh8,0.08055582642555237,0.7422936280043231,0.28473851914079745
thanh8+󱛲,thanh8,0.11762841045856476,0.7221039250430213,0.4627476338096373
thanh8+𡄧,thanh8,0.07361813634634018,0.7230908727040859,0.42898402353488496
thanh8+𡅯,thanh8,0.09089551866054535,0.6740509019471722,0.34452995069557474
thanh8+娫,thanh8,0.08172242343425751,0.7811614999539025,0.35970828904787505
thanh8+󱛍,thanh8,0.09576000273227692,0.6854237954766006,0.36644626503656497
thanh8+𩠱,thanh8,0.08838856220245361,0.6999065699659074,0.25547233912437156
thanh8+𥵉,thanh8,0.10522560775279999,0.704197099998337,0.1593743221417225
thanh8+𪡴,thanh8,0.07450707256793976,0.7586502930150844,0.25876557271698536
thanh8+󱬎,thanh8,0.11499575525522232,0.6143701610930428,0.2747094249384087
thanh8+󱝸,thanh8,0.05893883854150772,0.7815140132878143,0.2003260715296713
thanh8+󱡄,thanh8,0.07528384029865265,0.6549159932668984,0.1842096859010087
thanh8+𬉌,thanh8,0.04426395520567894,0.7997761978445657,0.17767951148281677
thanh8+𫲰,thanh8,0.11727333068847656,0.6535100396779752,0.5093435313559566
thanh8+󱯑,thanh8,0.0798296332359314,0.8247837627301945,0.16814200220854092
thanh8+𪥾,thanh8,0.1008492037653923,0.6300455353612914,0.28583851613161504
thanh8+󱌰,thanh8,0.06248292326927185,0.8223973929766112,0.10213716956988406
thanh8+𡃖,thanh8,0.0997769832611084,0.7019251466024555,0.14679466453657358
thanh8+𡏠,thanh8,0.08084221929311752,0.6539116061416281,0.16021646502147857
thanh8+󱲗,thanh8,0.1155509352684021,0.627769769223088,0.2516119882805136
thanh8+󱙤,thanh8,0.1283508837223053,0.579056461917751,0.24358776332695586
thanh8+󱋰,thanh8,0.0871603935956955,0.7530250913524473,0.23083227359792313
thanh8+󱱣,thanh8,0.0724894180893898,0.7817445787189274,0.2521251767350918
thanh8+𡄰,thanh8,0.12912093102931976,0.6369414583478651,0.38191811142937415
thanh8+󱟹,thanh8,0.1401175856590271,0.6242283594713239,0.44054806955473413
thanh8+󱲝,thanh8,0.07181258499622345,0.7799720504281742,0.18522701378437648
thanh8+󱟮,thanh8,0.08649703115224838,0.7216882374698201,0.22337022854094912
thanh8+󱦅,thanh8,0.07447969168424606,0.7241517588736786,0.3239509397735579
thanh8+𡚄,thanh8,0.08620332181453705,0.6840641996523887,0.3449481623022867
thanh8+󱋠,thanh8,0.09050814807415009,0.7835755429779415,0.21916635212006677
thanh8+󱨿,thanh8,0.07933810353279114,0.7547222898386401,0.26160236043749524
thanh8+𪡎,thanh8,0.06635840982198715,0.7818209556127612,0.15351474335364432
thanh8+󱟫,thanh8,0.08238516747951508,0.7472000464101042,0.23161869785688002
thanh8+𬊭,thanh8,0.1415247619152069,0.5762923349150394,0.5065568934735025
thanh8+𢭿,thanh8,0.06743520498275757,0.7740906048357663,0.12284881636656401
thanh8+𠅐,thanh8,0.07891494035720825,0.7847026520347354,0.4120090731958334
thanh8+󱭘,thanh8,0.1081317812204361,0.7081702490270968,0.43780853851510365
thanh8+𠿵,thanh8,0.07456699758768082,0.7727917149589006,0.17290524305509083
thanh8+𡮥,thanh8,0.10392062366008759,0.6579995880192699,0.13890876898478371
thanh8+󱘰,thanh8,0.1057521253824234,0.6790141321803594,0.29592741133383277
thanh8+㖗,thanh8,0.07046223431825638,0.7527256278547825,0.12122069763933353
thanh8+𠻇,thanh8,0.0762765109539032,0.790422061036361,0.1980270201450777
thanh8+𫴯,thanh8,0.08084302395582199,0.7934020224257988,0.1748277485187698
thanh8+𭈒,thanh8,0.06308716535568237,0.8315271809544976,0.11970086372215688
thanh8+󱚂,thanh8,0.08552376925945282,0.737710548857852,0.3899395956319945
thanh8+󱚛,thanh8,0.08931285887956619,0.700783130518804,0.3079939051376274
thanh8+󱛅,thanh8,0.10694368183612823,0.70455507832155,0.3001602200401953
thanh8+󰮝,thanh8,0.08359414339065552,0.769178831850654,0.2691559486857921
thanh8+𫏙,thanh8,0.06638899445533752,0.7426324662543279,0.14838537285882197
thanh8+󱞃,thanh8,0.09158818423748016,0.7023081720328725,0.25043188432575386
thanh8+󰫽,thanh8,0.0959668904542923,0.6545240141639349,0.17932147653553276
thanh8+𭢌,thanh8,0.06591857969760895,0.7642336019886815,0.31485134955919497
thanh8+󱦗,thanh8,0.11250067502260208,0.6547976600084835,0.5274729538982698
thanh8+󱨜,thanh8,0.12173410505056381,0.6354691343640346,0.5411142558942345
thanh8+𪡿,thanh8,0.09495487809181213,0.7540528876603823,0.24078792488695325
thanh8+󱳴,thanh8,0.09093538671731949,0.6697200921409846,0.27421658402927557
thanh8+𠚐,thanh8,0.07501085102558136,0.7014858326403187,0.14500626173817013
thanh8+𫪁,thanh8,0.06321881711483002,0.8300570107207736,0.15213449563773138
thanh8+󱛋,thanh8,0.1018819510936737,0.7534094928197993,0.17471260973352606
thanh8+󰊫,thanh8,0.09600739181041718,0.7987879258132279,0.2123888234749162
thanh8+󱩬,thanh8,0.11486992985010147,0.7112248088520686,0.26426619854997574
thanh8+𪡍,thanh8,0.08867321908473969,0.6950141401760264,0.15683902238877093
thanh8+󱣂,thanh8,0.05822765454649925,0.7795681045542093,0.20424214878239932
thanh8+𥌧,thanh8,0.07084905356168747,0.7833773428134712,0.20078162296773408
thanh8+𡁛,thanh8,0.10211782902479172,0.7028313643042758,0.3313625984974096
thanh8+󱫑,thanh8,0.06996524333953857,0.7620025459891855,0.3936995728450414
thanh8+𨁟,thanh8,0.0676664188504219,0.8292484083894581,0.10005093903044282
thanh8+󱮾,thanh8,0.09688904881477356,0.6732188846535399,0.3363023157734036
thanh8+󱚰,thanh8,0.07081672549247742,0.7115826093367397,0.3276065681392046
thanh8+󱫳,thanh8,0.104743592441082,0.7343880664105381,0.22825520236487049
thanh8+𠿁,thanh8,0.07079534232616425,0.7256303862744209,0.3037464884576882
thanh8+𠸩,thanh8,0.06280025839805603,0.8426753498750951,0.12970936238975525
thanh8+󱟂,thanh8,0.07423462718725204,0.7412572548126019,0.11856281422342364
thanh8+𦟟,thanh8,0.08898264169692993,0.6586114510373143,0.18015640529877008
thanh8+𪠉,thanh8,0.1167011708021164,0.676181435450228,0.6171950029312184
thanh8+󱏛,thanh8,0.07015807181596756,0.7610039659216805,0.18055712962976941
thanh8+󱓦,thanh8,0.0757446214556694,0.7733158786944527,0.30174505864358153
thanh8+󱠑,thanh8,0.07184185087680817,0.6558459167005541,0.348024117543557
thanh8+󱋙,thanh8,0.08751719444990158,0.7265910630652651,0.20803631394897493
thanh8+𣔧,thanh8,0.05633160099387169,0.8079662664904549,0.1943441983631954
thanh8+𪢘,thanh8,0.07775988429784775,0.6891576744095598,0.19920555773436954
thanh8+󱰭,thanh8,0.08306258171796799,0.7221493352121784,0.2951314238592539
thanh8+󱝭,thanh8,0.11039235442876816,0.8060480869373706,0.2531906818957898
thanh8+󱞆,thanh8,0.0842878594994545,0.7507227815587338,0.32392614052496493
thanh8+𫥿,thanh8,0.08698409050703049,0.7324060915260716,0.24878218489995996
thanh8+𫧾,thanh8,0.09973523765802383,0.6839350222066342,0.3132728972146992
thanh8+𣋇,thanh8,0.11751715838909149,0.6184783493724922,0.2688171791897892
thanh8+𧋸,thanh8,0.09160896390676498,0.7480126146856579,0.19840332789401446
thanh8+㗌,thanh8,0.10271619260311127,0.7446956008996132,0.23494834550056076
thanh8+𬞰,thanh8,0.11406013369560242,0.6127889205095642,0.3683948993878819
thanh8+𠾬,thanh8,0.07258142530918121,0.7722477662181806,0.19774720595620002
thanh8+󱀰,thanh8,0.08540647476911545,0.7343248348107402,0.5349363075793939
thanh8+󱞟,thanh8,0.0914517343044281,0.47796130031180695,0.2830477610881082
thanh8+𬀦,thanh8,0.059609197080135345,0.723119219040469,0.12468348347297646
thanh8+𠸬,thanh8,0.0812055766582489,0.804002201280129,0.26719483558539475
thanh8+󱬻,thanh8,0.07882523536682129,0.6873374097426945,0.23356530375549558
thanh8+囄,thanh8,0.09624896943569183,0.6975539544840458,0.46864019610478663
thanh8+𩝻,thanh8,0.08001341670751572,0.727772017141708,0.2499440476786814
thanh8+𪡆,thanh8,0.07360482215881348,0.7443980082425643,0.1595820593482146
thanh8+𥱰,thanh8,0.0977976843714714,0.7262299317801911,0.23422861089680438
thanh8+𩠸,thanh8,0.07163886725902557,0.66971974231711,0.2815152620022925
thanh8+𢢈,thanh8,0.09018954634666443,0.6522710640536743,0.43001361212636463
thanh8+挒,thanh8,0.06861312687397003,0.8143271453589533,0.10020892287180518
thanh8+󱩗,thanh8,0.073130764067173,0.7886910159710814,0.1824900934919457
thanh8+󱦩,thanh8,0.06971143931150436,0.7126845977721361,0.19991601798598432
thanh8+󱝙,thanh8,0.06620839238166809,0.7607517066712302,0.18619540338511611
thanh8+𫧟,thanh8,0.062412794679403305,0.7884684724727113,0.11615271405225579
thanh8+𡑭,thanh8,0.07523538917303085,0.8119957375648961,0.14434206511191938
thanh8+󰭙,thanh8,0.09575870633125305,0.7145136133010389,0.14295889942863568
thanh8+𠽂,thanh8,0.09093138575553894,0.7755150414947525,0.24587531325965917
thanh8+𪀆,thanh8,0.053019214421510696,0.7916343362178313,0.20039510377378336
thanh8+󱝑,thanh8,0.11239136755466461,0.7606852941389849,0.21778891314832316
thanh8+𩼁,thanh8,0.10019821673631668,0.7577443562337088,0.1768142863810551
thanh8+󱝝,thanh8,0.08916987478733063,0.755327725637521,0.09037331556640336
thanh8+𣘊,thanh8,0.10321071743965149,0.5171596662960856,0.2272647249428615
thanh8+󱟨,thanh8,0.11102572083473206,0.6457829859834933,0.26787390283399365
thanh8+󱦐,thanh8,0.11617736518383026,0.7257924180026524,0.32232228570661553
thanh8+𠿱,thanh8,0.0828927755355835,0.7872087166258158,0.40224916430395896
thanh8+󱞎,thanh8,0.0885523334145546,0.6916374157555419,0.13215816318399756
thanh8+𢀦,thanh8,0.11122840642929077,0.6990675968787393,0.5015260424352
thanh8+󱥭,thanh8,0.0901026576757431,0.7251637823489224,0.2887723626757321
thanh8+𠾾,thanh8,0.06077076867222786,0.7785380235586858,0.2968082822869959
thanh8+𦝺,thanh8,0.08509561419487,0.779167844801587,0.1507749657830835
thanh8+󱜈,thanh8,0.047070570290088654,0.8058699731091862,0.22830279687597008
thanh8+𫱗,thanh8,0.06581685692071915,0.7147538882701107,0.21010802321796127
thanh8+𡅉,thanh8,0.07620125263929367,0.7136732665192967,0.2393508768443465
thanh8+󱓍,thanh8,0.11520233750343323,0.7053336502030535,0.29522031463968884
thanh8+𠸄,thanh8,0.06978391110897064,0.7646384411689005,0.170047350114404
thanh8+󱢅,thanh8,0.12508654594421387,0.51886224878011,0.2423375734280564
thanh8+𥖑,thanh8,0.08656299114227295,0.7457287176280689,0.3695757840508473
thanh8+󰬟,thanh8,0.10036670416593552,0.7155746699835956,0.11985775566678397
thanh8+󱜺,thanh8,0.140410378575325,0.5856125685162197,0.13422918244361512
thanh8+󰬸,thanh8,0.10194501280784607,0.7501048870510038,0.14435290977859408
thanh8+󱀄,thanh8,0.10380251705646515,0.6661197499204311,0.23058684637490634
thanh8+𦵠,thanh8,0.08157236129045486,0.642654446604869,0.17648053575781805
thanh8+󱝷,thanh8,0.13916029036045074,0.5587436025356869,0.18983467428141965
thanh8+󱞣,thanh8,0.10395686328411102,0.6793225632113656,0.19641692935529723
thanh8+󱞢,thanh8,0.08806464076042175,0.682784364973713,0.305162335671474
thanh8+𠱜,thanh8,0.06329693645238876,0.8201062675023144,0.15257803387766322
thanh8+󱗘,thanh8,0.09335838258266449,0.5494390648628668,0.26914679829641536
thanh8+󱠡,thanh8,0.0851321890950203,0.6968336923637635,0.3409678272440533
thanh8+󰬽,thanh8,0.09702856093645096,0.5263882735061971,0.14449955699242434
thanh8+󱋣,thanh8,0.10360855609178543,0.5421768902254737,0.21362645367509245
thanh8+𠲏,thanh8,0.048030558973550797,0.8204121253608776,0.19904045629554756
thanh8+󱤒,thanh8,0.07129061222076416,0.7308233911077973,0.27213701517206595
thanh8+𤗹,thanh8,0.07987228780984879,0.674436700600534,0.22990491918685563
thanh8+󰌗,thanh8,0.11318282783031464,0.7050001429432013,46.15662983719128
thanh8+𠼋,thanh8,0.12213614583015442,0.6879496827369733,0.38794023068255984
thanh8+󰢜,thanh8,0.06167170777916908,0.8275784799942121,0.27532704803927355
thanh8+󰮯,thanh8,0.08044165372848511,0.7283886417563992,0.2699946244179215
thanh8+󰭂,thanh8,0.11409705877304077,0.7996650934495941,0.17612967212095745
thanh8+姈,thanh8,0.10189321637153625,0.6676269870546219,655.2319912904508
thanh8+󱝪,thanh8,0.07429858297109604,0.6840718512247017,0.17409332841953132
thanh8+𡃓,thanh8,0.07917282730340958,0.7839996905694835,0.1493080257082832
thanh8+𤹕,thanh8,0.10086711496114731,0.5465658642652265,0.2354927129041097
thanh8+󱟬,thanh8,0.08449400216341019,0.7150699803235558,0.14783496737650767
thanh8+󱟢,thanh8,0.06280538439750671,0.7662806918224467,0.17109837961547655
thanh8+𪤸,thanh8,0.10900255292654037,0.696947827852576,0.267186874890679
thanh8+𡖡,thanh8,0.08500444144010544,0.7898381180698054,0.16122583364136944
thanh8+󱩛,thanh8,0.08545539528131485,0.7654859751472793,0.21027943071277944
thanh8+𪢒,thanh8,0.06005503609776497,0.7851607364328194,0.199792141010929
thanh8+𤬪,thanh8,0.09042101353406906,0.7551860427492652,0.26934475310121647
thanh8+󱞦,thanh8,0.08551831543445587,0.6579143481285641,0.3002091458453196
thanh8+󱫂,thanh8,0.0913270115852356,0.7499560230917652,0.2103970475004404
thanh8+𠶂,thanh8,0.09086643159389496,0.7197541147685077,0.20748640192337833
thanh8+𪬪,thanh8,0.15882855653762817,0.5986811658566835,1.203795592741933
thanh8+󰄜,thanh8,0.11488233506679535,0.586791634036686,0.25858317969796507
thanh8+󱞈,thanh8,0.09186841547489166,0.6559099047647832,0.27431373732177183
thanh8+󱞻,thanh8,0.09142959117889404,0.7861861693385176,0.15392316704851763
thanh8+󱨈,thanh8,0.08784046769142151,0.7254905878717652,0.2509952236270622
thanh8+󰛈,thanh8,0.08506815880537033,0.722491116386411,0.31103465871438374
thanh8+𡄡,thanh8,0.08548000454902649,0.7456027714274185,0.30365352862153744
thanh8+檤,thanh8,0.07033165544271469,0.8108157918252401,0.2657373676075297
thanh8+󱸠,thanh8,0.11441272497177124,0.6541443142777695,0.4582503977791266
thanh8+󱢥,thanh8,0.08060035109519958,0.6817607548073984,0.28045726763092915
thanh8+㙩,thanh8,0.08301232755184174,0.7260977297878446,0.2399792435569291
thanh8+𡮺,thanh8,0.10120932012796402,0.5689455763609274,0.255092189027955
thanh8+󱙲,thanh8,0.0753839761018753,0.6956014109826293,0.1901695289348969
thanh8+󱯗,thanh8,0.08296584337949753,0.8097524992675722,0.1771176282707471
thanh8+󱦋,thanh8,0.12783536314964294,0.6102211274292985,0.4417481516003217
thanh8+󱹽,thanh8,0.061320796608924866,0.7380949810186306,0.1427747212305474
thanh8+𪮩,thanh8,0.08710648119449615,0.7417147322662202,0.20654840653729897
thanh8+𫪦,thanh8,0.08250291645526886,0.7609049491961223,0.1509721779258695
thanh8+𡅫,thanh8,0.05745398998260498,0.7085091923680501,0.261833050331805
thanh8+𡏥,thanh8,0.0943005308508873,0.745683441007921,0.234867566382399
thanh8+󱟟,thanh8,0.09851884096860886,0.7397187345713605,0.3662812284297157
thanh8+𪸄,thanh8,0.09188003838062286,0.6806064018333787,0.3063787297788237
thanh8+𫟌,thanh8,0.09856575727462769,0.7448533189451393,0.14798368082598368
thanh8+󱲙,thanh8,0.09245570749044418,0.7493615920490627,0.22229513493301675
thanh8+𩛸,thanh8,0.05611266940832138,0.7360832800554561,0.2203502645299803
thanh8+𡃙,thanh8,0.06513573974370956,0.8289839251964191,0.17778609861487704
thanh8+󱮟,thanh8,0.08734782785177231,0.7663520118748869,0.23066776037467004
thanh8+󱙷,thanh8,0.139857679605484,0.653672795919937,0.5078042774385836
thanh8+𨆷,thanh8,0.11407957226037979,0.5979226948535072,0.3828440047868997
thanh8+𨄿,thanh8,0.08233188837766647,0.6828270526938038,0.4271747547420226
thanh8+𥶱,thanh8,0.08936651051044464,0.7723529102564087,0.24789541472381763
thanh8+󰊈,thanh8,0.08960828185081482,0.6090411958433801,0.24244061454753743
thanh8+𠏠,thanh8,0.0695551410317421,0.8036879039601833,0.1651657399308655
thanh8+󱋇,thanh8,0.0649094432592392,0.7934788397126236,0.18501132224471262
thanh8+䐥,thanh8,0.10685297846794128,0.6131248737492688,0.20693466326004306
thanh8+𦟑,thanh8,0.14218898117542267,0.6008447625358574,0.3885209230539816
thanh8+󰌺,thanh8,0.10391174256801605,0.7062587417850222,0.28265637462735116
thanh8+𠶊,thanh8,0.06535283476114273,0.7855178507040464,0.26282042685738966
thanh8+㧪,thanh8,0.0650079995393753,0.755214309824776,0.14255898344290177
thanh8+篵,thanh8,0.07163014262914658,0.7628175937030409,0.22065435840174305
thanh8+󱟎,thanh8,0.07153619825839996,0.7536114923871468,0.2671168203213806
thanh8+𪧺,thanh8,0.08657962083816528,0.7450809463398741,0.12665923534871543
thanh8+𫆶,thanh8,0.07893812656402588,0.5962353861695383,0.18657022213277366
thanh8+󱹿,thanh8,0.07374981790781021,0.7162767914979391,0.2234439837744713
thanh8+󱝧,thanh8,0.07514731585979462,0.7522425051095794,0.08731922284043041
thanh8+𡫫,thanh8,0.0914493203163147,0.7042162544716772,0.32825240531623573
thanh8+𥴘,thanh8,0.08700535446405411,0.554831966732344,0.3266880450120438
thanh8+󱩻,thanh8,0.1161763146519661,0.764002680647473,0.16626162437683478
thanh8+󱰖,thanh8,0.0833657830953598,0.7121044407455158,0.22951795707522915
thanh8+𡅍,thanh8,0.10691414028406143,0.6119339766111987,0.41720639408345467
thanh8+𭰺,thanh8,0.09824592620134354,0.7293683203772334,0.20058545384612173
thanh8+𬛀,thanh8,0.08707065880298615,0.6733726440511014,0.18683803689619605
thanh8+𰈨,thanh8,0.07618627697229385,0.7396131728786652,0.36195595717704904
thanh8+𫴬,thanh8,0.0616612434387207,0.8255470823247809,0.1331207339045445
thanh8+󰍖,thanh8,0.09920559078454971,0.5784414057837897,0.16231802891763472
thanh8+󰭠,thanh8,0.08693613111972809,0.793238572458029,0.16575628613473595
thanh8+𠹰,thanh8,0.04855184629559517,0.8068006528308845,0.32845023014083896
thanh8+󱙵,thanh8,0.07966779172420502,0.7391840999134273,0.393512468618103
thanh8+𤄷,thanh8,0.09589079767465591,0.6933503250866132,0.5308447479974178
thanh8+𡦫,thanh8,0.07517611980438232,0.661998965904663,0.23799220422519574
thanh8+𠾺,thanh8,0.07436494529247284,0.7677706302994451,0.21714032322972798
thanh8+󱼓,thanh8,0.11169785261154175,0.7114627929124837,0.32656657163256725
thanh8+󱙴,thanh8,0.10868091136217117,0.6897951615846193,0.19927803199980595
thanh8+𬄪,thanh8,0.07097643613815308,0.7635089228381451,0.2938939892652989
thanh8+𬔽,thanh8,0.09346853196620941,0.6924189460724699,0.1477515683568529
thanh8+󰙯,thanh8,0.0905064195394516,0.734406929038056,0.16390689972389788
thanh8+𬮷,thanh8,0.14526183903217316,0.5980110271088916,0.32253316913416885
thanh8+󱞡,thanh8,0.07332097738981247,0.7227080043006285,0.18338984080268575
thanh8+󱞽,thanh8,0.1185375303030014,0.6363428075337889,0.6129081347144445
thanh8+𢹊,thanh8,0.07997438311576843,0.7737553571136522,0.19512404811101688
thanh8+𢶹,thanh8,0.09166400879621506,0.6165456168667971,0.2252343993693867
thanh8+𫢶,thanh8,0.06936479359865189,0.7554059581240121,0.1446544669258108
thanh8+𥾸,thanh8,0.10470933467149734,0.6606341913717306,0.6368092555993996
thanh8+𣛦,thanh8,0.100636325776577,0.6278564658000032,0.4799485528395087
thanh8+𠳭,thanh8,0.061433374881744385,0.8177452498225429,0.15331051816967803
thanh8+𡑪,thanh8,0.07443268597126007,0.6530813344022816,0.18335869714165423
thanh8+𡁎,thanh8,0.10427339375019073,0.7205178019156013,0.316552553212087
thanh8+𫼿,thanh8,0.07230972498655319,0.7374057958959862,0.16500241268991736
thanh8+𬊐,thanh8,0.07714760303497314,0.7706345609449194,0.27817303989178976
thanh8+𪢡,thanh8,0.08621146529912949,0.6555928220500483,0.23900532774754626
thanh8+󰝎,thanh8,0.09041821956634521,0.6923184474338822,0.20689948271868785
thanh8+󱬑,thanh8,0.07309143245220184,0.7561713193484778,0.23689433933466852
thanh8+󱟠,thanh8,0.0963018387556076,0.7351635493555665,0.239845576660859
thanh8+𩹹,thanh8,0.0845632553100586,0.7332307131185594,0.45440083249339747
thanh8+𫮡,thanh8,0.0879833847284317,0.6826200871319562,0.3149397585018166
thanh8+𦘱,thanh8,0.054483335465192795,0.8266988293703589,0.12608540739803345
thanh8+󱝂,thanh8,0.06202433258295059,0.8146156203568357,0.0889225046062518
thanh8+𬦄,thanh8,0.08482807129621506,0.603255417584001,0.27155602970315296
thanh8+󱮺,thanh8,0.1201980859041214,0.4993246490271059,0.3556980172325222
thanh8+𡋦,thanh8,0.08145963400602341,0.7573693906999889,0.11740390995161433
thanh8+𪻟,thanh8,0.0860767588019371,0.7281210410809705,0.16930613378049864
thanh8+𩸴,thanh8,0.07307454943656921,0.7847016506446284,0.2281869023295423
thanh8+𫵊,thanh8,0.09917054325342178,0.6519685105387163,0.4746425888747665
thanh8+𫢖,thanh8,0.08506324142217636,0.733823078865295,0.21398458808648857
thanh8+󱮮,thanh8,0.10053028911352158,0.5812229496877761,0.5275162821839738
thanh8+󱤾,thanh8,0.07940338551998138,0.7860566619623384,0.1885391208765895
thanh8+𠀿,thanh8,0.08145919442176819,0.7273962211301873,0.14275529922839506
thanh8+󰺼,thanh8,0.08635115623474121,0.662866686989025,0.3637237421985649
thanh8+󱍺,thanh8,0.07753179967403412,0.7723058772592567,0.0927254289984974
thanh8+睈,thanh8,0.06840477138757706,0.8087994276613827,0.13944952350985942
thanh8+󰙅,thanh8,0.10019905865192413,0.5443523727338038,0.28169914369661603
thanh8+𪡫,thanh8,0.06295162439346313,0.8331608617959081,0.12041087075731151
thanh8+𤊤,thanh8,0.07730188965797424,0.748298592684398,0.25278573317262887
thanh8+󰂛,thanh8,0.08070606738328934,0.7380288026809595,0.24425897527813611
thanh8+𫉎,thanh8,0.06962528079748154,0.7866585541871919,0.2665983101494753
thanh8+鯑,thanh8,0.07433141767978668,0.7435239211630433,0.3713242804369641
thanh8+󱙌,thanh8,0.10033396631479263,0.6977797613880983,0.1698245771033794
thanh8+󰭔,thanh8,0.06089658662676811,0.7385631486306303,0.10520996716074822
thanh8+𣛤,thanh8,0.08669186383485794,0.6787151498604621,0.324355359345724
thanh8+𫮒,thanh8,0.0966980904340744,0.682708912906051,0.19246024562820305
thanh8+󰝅,thanh8,0.107462078332901,0.630547852456273,0.19750000651206198
thanh8+朠,thanh8,0.07075083255767822,0.7574964557756204,0.14848784747701194
thanh8+󱢏,thanh8,0.10448962450027466,0.6451215471956528,0.26362572298070874
thanh8+𥋲,thanh8,0.09623026847839355,0.7619513062294953,0.32190453798451385
thanh8+胋,thanh8,0.06726876646280289,0.8100600404837882,0.11222665616362576
thanh8+𭉆,thanh8,0.07961190491914749,0.7652344896836962,0.40832731853754645
thanh8+󱝨,thanh8,0.10903167724609375,0.5421667341909808,0.18145491768641273
thanh8+𫪌,thanh8,0.06018494814634323,0.8094015341456969,0.20703460814669614
thanh8+𠵴,thanh8,0.09020127356052399,0.7821267223909745,0.1773605349969264
thanh8+𭋙,thanh8,0.08657994866371155,0.7741331093065924,0.2127642804720992
thanh8+𫞡,thanh8,0.10531637072563171,0.6924638912751572,0.16953453600054091
thanh8+鎫,thanh8,0.06239958107471466,0.7811521755871071,0.18496136144297526
thanh8+󱟪,thanh8,0.08060064166784286,0.791367516100266,0.1517671484294976
thanh8+𢴊,thanh8,0.06730923056602478,0.6886877481562415,0.26056029321793334
thanh8+𧞣,thanh8,0.07593987137079239,0.7227111400490296,0.21535087208071194
thanh8+󱛪,thanh8,0.09730702638626099,0.6467823965487339,0.22340622226781928
thanh8+埨,thanh8,0.08526302874088287,0.7426643044156258,0.1549353086141215
thanh8+󰢽,thanh8,0.05436690151691437,0.8272225275026942,0.127254777780382
thanh8+󱬐,thanh8,0.10091452300548553,0.6868726950195578,0.291386110894235
thanh8+󱦯,thanh8,0.11551813036203384,0.42109998211087335,0.167039089815589
thanh8+𪢊,thanh8,0.047329146414995193,0.8460180476310101,0.15916816883289162
thanh8+㘢,thanh8,0.11609329283237457,0.7164591834749617,0.33833096732094664
thanh8+󱟦,thanh8,0.08815934509038925,0.6871770187845128,0.2783588375354326
thanh8+󱖧,thanh8,0.10241395235061646,0.5949773033370548,0.3024642613533959
thanh8+󰊎,thanh8,0.0496545173227787,0.7673395381261165,0.3128621556763368
thanh8+𦀌,thanh8,0.08229008316993713,0.7129561336052959,0.23002189213032406
thanh8+󰂻,thanh8,0.07888202369213104,0.8023660992768239,0.16623216663719018
thanh8+󱨇,thanh8,0.13224804401397705,0.6891268933411454,0.3868369974109172
thanh8+啩,thanh8,0.08964701741933823,0.7967264789181104,0.15599155940751963
thanh8+𡫐,thanh8,0.11785925179719925,0.6391843323625743,0.4109912555583853
thanh8+󱝘,thanh8,0.08148673176765442,0.7621345844142466,0.33282931523205433
thanh8+𦨂,thanh8,0.10294556617736816,0.6538922923252023,0.6465208384540307
thanh8+󱞕,thanh8,0.08859565109014511,0.6854732821857749,0.17641028673507328
thanh8+𬧡,thanh8,0.09395921230316162,0.6869952317479208,0.12641345298562875
thanh8+𬂻,thanh8,0.06579209864139557,0.7585246904630342,0.11317303719099707
thanh8+𫅲,thanh8,0.13772477209568024,0.5041148911368525,0.31975723873907985
thanh8+𩀳,thanh8,0.09040006250143051,0.720293184340748,0.28097821001644624
thanh8+𡂄,thanh8,0.0677226111292839,0.8171901780775198,0.17202169272322423
thanh8+󱟛,thanh8,0.09580632299184799,0.7301932241475342,0.29297747770830235
thanh8+𪡱,thanh8,0.1446254700422287,0.6601729249150412,419.14063531157586
thanh8+𧜗,thanh8,0.07230963557958603,0.7673092866979675,0.24838696057080553
thanh8+󱞿,thanh8,0.07738799601793289,0.7351929397121859,0.19835193461501846
thanh8+㗭,thanh8,0.10640482604503632,0.6281175472346728,0.29584727686793977
thanh8+󱦮,thanh8,0.09081585705280304,0.7519270921396808,0.24376133370761574
thanh8+󱞑,thanh8,0.09627004712820053,0.7669429516106356,0.17318158129337755
thanh8+𨇉,thanh8,0.10124776512384415,0.5664303557119406,0.1924858141904999
thanh8+𫬱,thanh8,0.08722390979528427,0.7403859513198335,0.27296600526102427
thanh8+𥭑,thanh8,0.11372870206832886,0.7388771844346035,0.23535441818096092
thanh8+󱼖,thanh8,0.09740123897790909,0.6978088447175878,0.2542235310290954
thanh8+󱛑,thanh8,0.11953489482402802,0.5528512449360397,0.27344737253195733
thanh8+𪉴,thanh8,0.07505448907613754,0.7567135237674328,0.215564095640726
thanh8+󱝹,thanh8,0.10896959900856018,0.7334482652262015,0.3332369033040705
thanh8+󱫴,thanh8,0.10687781870365143,0.6963998268197483,0.2167143710492464
thanh8+󱫠,thanh8,0.1123095452785492,0.6068242008605281,0.14363561676693523
thanh8+󱧔,thanh8,0.0687084048986435,0.7839052979871668,0.10512750358413143
thanh8+㷝,thanh8,0.11177662760019302,0.6607055054714848,0.21922536813779991
thanh8+𪱎,thanh8,0.11239711195230484,0.5418485511927067,0.1745217405834896
thanh8+𡡇,thanh8,0.07855261862277985,0.6870990588771415,0.1988370789907871
thanh8+㖪,thanh8,0.052250999957323074,0.7699095008728127,0.21114206020019188
thanh8+󱞼,thanh8,0.09973425418138504,0.6692636642824569,0.3712407198434673
thanh8+𬄹,thanh8,0.08026213943958282,0.7819174423475413,0.1948615134965989
thanh8+𫲼,thanh8,0.08718040585517883,0.7432228365818596,0.2507492132546815
thanh8+󰬲,thanh8,0.13736435770988464,0.6011566446124355,0.2993633205939962
thanh8+󱗳,thanh8,0.06822742521762848,0.7770692537893884,0.28886450187080165
thanh8+𠲜,thanh8,0.08742541074752808,0.7572629630260544,0.23096558110354456
thanh8+𪩥,thanh8,0.08304250240325928,0.7567489410175139,0.2179085874441229
thanh8+𫔬,thanh8,0.07581181824207306,0.7758891393136362,0.15907963781157688
thanh8+󱭪,thanh8,0.12679553031921387,0.47547545945263636,0.2714832587617264
thanh8+𠻆,thanh8,0.09257481247186661,0.7204132299929322,0.18895267100494192
thanh8+󱩩,thanh8,0.07876303046941757,0.8018214194637492,0.1670092462112962
thanh8+󱧀,thanh8,0.05787508562207222,0.7756492104524239,0.15432888711739837
thanh8+𨁋,thanh8,0.09360741078853607,0.6132632760948314,0.17768724557420215
thanh8+󰇵,thanh8,0.0634893923997879,0.8183594508107275,0.21098665030230515
thanh8+󱬊,thanh8,0.07805302739143372,0.7120142437310704,0.3337983981194392
thanh8+𪤽,thanh8,0.08342292159795761,0.7227902967771099,0.14823336529797074
thanh8+󱟕,thanh8,0.10372281074523926,0.4355342302248215,0.25516733165358935
thanh8+󱳬,thanh8,0.08148497343063354,0.7773613781632018,0.24873502914041434
thanh8+𨨨,thanh8,0.06199995055794716,0.6948616008374207,0.1396107894918738
thanh8+𡮣,thanh8,0.08375755697488785,0.754958742390621,0.15898432607682464
thanh8+𠴇,thanh8,0.06689019501209259,0.8158330451191068,0.26653559499826057
thanh8+𢪭,thanh8,0.09445451200008392,0.7402022283393705,0.10573323211099178
thanh8+󱓇,thanh8,0.06323698163032532,0.7597544789730356,0.23988417998268394
thanh8+󱛥,thanh8,0.06810589134693146,0.8383926927961112,0.13104486494781878
thanh8+𡁝,thanh8,0.12342705577611923,0.7128048997432272,0.5620689576991474
thanh8+𬙛,thanh8,0.08758911490440369,0.7621846615768554,0.11358678353059783
thanh8+󱚇,thanh8,0.10348287224769592,0.6971067075351847,0.389101584806889
thanh8+󱨫,thanh8,0.127850741147995,0.6879660829751761,0.4237374016231463
thanh8+󰮁,thanh8,0.08622957766056061,0.7405421562271984,0.3500808481066007
thanh8+󱮝,thanh8,0.11545590311288834,0.5956710641054679,0.23499793137484493
thanh8+𫆮,thanh8,0.07416258007287979,0.664229027297406,0.18300018814328214
thanh8+𫠼,thanh8,0.0864349827170372,0.7800765421800133,0.2287181352880676
thanh8+󰺥,thanh8,0.11928488314151764,0.6381372327385515,0.37668650632222783
thanh8+𤐠,thanh8,0.11207995563745499,0.7274135167095018,0.376296163982133
thanh8+𦝇,thanh8,0.10437885671854019,0.5796805884542183,0.16674531296732165
thanh8+𠴖,thanh8,0.10174790769815445,0.7809963936609758,0.1516503775210938
thanh8+𤉓,thanh8,0.08689682185649872,0.7971427083819799,0.19569446021714362
thanh8+󱜷,thanh8,0.07873095571994781,0.6765939773625554,0.14448902012045306
thanh8+𬞑,thanh8,0.08127778768539429,0.7365127715640262,0.12199789927225373
thanh8+𡮨,thanh8,0.13887660205364227,0.5735299461519467,0.1950219153842769
thanh8+𢰦,thanh8,0.06155047193169594,0.7907312799836429,0.1071816337223439
thanh8+唥,thanh8,0.054470472037792206,0.8151592002971034,0.14582254651283402
thanh8+𪷘,thanh8,0.0766153559088707,0.7026722494764789,0.23579757420246863
thanh8+󱫸,thanh8,0.08648571372032166,0.6853872402773156,0.22556744588646327
thanh8+𡓯,thanh8,0.07094918936491013,0.7838575385660793,0.32954590705465975
thanh8+𠷥,thanh8,0.08684041351079941,0.7596633144606915,0.3121816785789092
thanh8+𡁼,thanh8,0.07297245413064957,0.7373234913966866,0.21812640028132405
thanh8+𧍇,thanh8,0.07698885351419449,0.7676099833987199,0.26448482383295147
thanh8+󰴾,thanh8,0.0693332776427269,0.7821505983021003,0.1590923631274446
thanh8+󱤠,thanh8,0.09525036066770554,0.6722836942990199,0.251028345931722
thanh8+󱘧,thanh8,0.07532230019569397,0.6900472350620837,0.17288247159474737
thanh8+󰜡,thanh8,0.055481500923633575,0.7827310251555083,0.1613800046361999
thanh8+䀭,thanh8,0.07704107463359833,0.7233400802011826,0.15129407372112255
thanh8+󱞔,thanh8,0.08765247464179993,0.5395412105870263,0.26104096390718806
thanh8+𧒅,thanh8,0.06535815447568893,0.753309550938371,0.200348664750397
thanh8+𡀇,thanh8,0.08071985840797424,0.7384762499164021,0.3209989283236261
thanh8+𤼞,thanh8,0.09550806879997253,0.6646160924233695,0.28155794543691287
thanh8+哖,thanh8,0.0828319787979126,0.789801061400902,0.17715928135835093
thanh8+󱟰,thanh8,0.07366088032722473,0.7114197398366537,0.17901777865442092
thanh8+󱣗,thanh8,0.0917927697300911,0.7226573631839535,0.2215462942254248
thanh8+󱥪,thanh8,0.07143128663301468,0.7040479003068232,0.17821554618634802
thanh8+𠮨,thanh8,0.07233130186796188,0.8140858099959669,0.1897367149195208
thanh8+󰍱,thanh8,0.08779256045818329,0.722954018538778,0.638121200167777
thanh8+溒,thanh8,0.06945772469043732,0.685860324885521,0.2851937823030771
thanh8+𡃳,thanh8,0.0956537276506424,0.6995891788040423,0.2913503696867626
thanh8+𣓾,thanh8,0.06882079690694809,0.6271736586213366,0.11190399245756617
thanh8+㖵,thanh8,0.0816299170255661,0.8058009307591477,0.1728485427363929
thanh8+𡌡,thanh8,0.09840388596057892,0.7076765364758376,0.2130892917996909
thanh8+󱞝,thanh8,0.08385975658893585,0.7626148672037988,0.22468430350760124
thanh8+𦟖,thanh8,0.08406199514865875,0.6574008902333017,0.15749945891036665
thanh8+󱜴,thanh8,0.08270682394504547,0.8410872881061514,0.09539152437762148
thanh8+󱅒,thanh8,0.11023131012916565,0.6608930768049529,0.5304998041729784
thanh8+󱺃,thanh8,0.09226222336292267,0.7605837146554968,0.2548591942793674
thanh8+󱯈,thanh8,0.0915064737200737,0.7764968206541495,0.11734160804887132
thanh8+𬏻,thanh8,0.09592863917350769,0.7179738354619116,0.19452300883411297
thanh8+𪭟,thanh8,0.09720876067876816,0.8397906489783337,0.1069571543913546
thanh8+𥊜,thanh8,0.09560303390026093,0.7867242935010429,0.3125534037616329
thanh8+󰅬,thanh8,0.10649008303880692,0.6716327513512045,0.18713321371205657
thanh8+󱝯,thanh8,0.09262552112340927,0.6368118518068908,0.2264965404673064
thanh8+󱛴,thanh8,0.06704121083021164,0.6669102489847588,0.20922560349845643
thanh8+󰢷,thanh8,0.09849531948566437,0.7049098663136472,0.2955554557204883
thanh8+𤯱,thanh8,0.05670035630464554,0.8322254232634249,0.14395380937338603
thanh8+󱜖,thanh8,0.09000100195407867,0.7776666584223023,0.3259816302177665
thanh8+󰮦,thanh8,0.11151083558797836,0.7259513865322933,0.5420205553841305
thanh8+󱰚,thanh8,0.07986047863960266,0.7018700946359077,0.2139567084178764
thanh8+𪻋,thanh8,0.10407929122447968,0.583671437748051,0.243298276127858
thanh8+𡔒,thanh8,0.14203879237174988,0.4644182542328763,0.36908154247417024
thanh8+󱚕,thanh8,0.07314363867044449,0.7686125824535247,0.17573237346352255
thanh8+㗩,thanh8,0.12870609760284424,0.6368106565761815,0.18771783314379356
thanh8+𩇆,thanh8,0.10007819533348083,0.6872634050086405,0.30967529968872554
thanh8+󰠎,thanh8,0.10602327436208725,0.7995778936379629,0.22611838003647464
thanh8+堹,thanh8,0.04762300103902817,0.8288993938262634,0.22709475004433255
thanh8+𬟻,thanh8,0.11006119847297668,0.6272824751079142,0.12497338558180777
thanh8+󱣶,thanh8,0.06866834312677383,0.7457399447999224,0.1510676914646593
thanh8+󱠼,thanh8,0.09378223866224289,0.8076816674888267,0.0913931158049669
thanh8+󱩫,thanh8,0.07684029638767242,0.7932492806876189,0.17369677851271492
thanh8+󰄼,thanh8,0.10141421854496002,0.713866508006494,0.18381548453551597
thanh8+𢵻,thanh8,0.07701557129621506,0.6778724444493346,0.132430843576859
thanh8+𭊳,thanh8,0.08731823414564133,0.788684650212803,0.26966889775020497
thanh8+𬖵,thanh8,0.09143587201833725,0.6439077431223641,0.27925209810694046
thanh8+嘪,thanh8,0.08694767951965332,0.7389410154147723,0.21410025339832672
thanh8+𢠿,thanh8,0.06188947334885597,0.7591586375910566,0.19785951573895602
thanh8+󰣡,thanh8,0.04968438670039177,0.8250872712145806,0.14166944665298836
thanh8+𰊣,thanh8,0.09355119615793228,0.7261377292641378,0.22702379674477643
thanh8+󱝫,thanh8,0.18140824139118195,0.6286387263095293,0.27820872702730126
thanh8+󱎶,thanh8,0.10852570086717606,0.6601488728237679,0.4370779547346744
thanh8+𫫴,thanh8,0.08586500585079193,0.6204711419990283,0.3113157599425977
thanh8+𬑶,thanh8,0.07330697029829025,0.7257165732013686,0.2603769284269319
thanh8+󱝾,thanh8,0.06970211863517761,0.6277682812511607,0.3287065426822563
thanh8+𪶵,thanh8,0.06167925149202347,0.8169857927143871,0.2575674585919698
thanh8+𢷰,thanh8,0.08741193264722824,0.6635193096979096,0.18073414157108028
thanh8+󱎾,thanh8,0.08563490957021713,0.7082468144024545,0.1854803288567539
thanh8+𢲠,thanh8,0.08286329358816147,0.7051598636447476,0.20545563651635854
thanh8+𪢜,thanh8,0.07308745384216309,0.7468822180346092,0.27053115579638104
thanh8+󰬪,thanh8,0.09124904870986938,0.7437329261131658,0.21683343263879992
thanh8+󱙭,thanh8,0.0636657103896141,0.7873680093959565,0.12120533214280683
thanh8+𡪦,thanh8,0.08805996179580688,0.607727997997404,0.23753722171035127
thanh8+𧿯,thanh8,0.06777817010879517,0.7468682582324906,0.12072286140104184
thanh8+𪡗,thanh8,0.09854651242494583,0.764002818576277,0.230647654901619
thanh8+𢅄,thanh8,0.06856758892536163,0.7635627055219245,0.1329238092278455
thanh8+󰆐,thanh8,0.11217006295919418,0.7129402417160474,0.22571325905400666
thanh8+󱠧,thanh8,0.07640096545219421,0.7295643003461298,0.4191799685643052
thanh8+𬓓,thanh8,0.09442180395126343,0.7071872175585454,0.2479120312041556
thanh8+𪁄,thanh8,0.07347356528043747,0.7305107399291464,0.19320751154814877
thanh8+󱹜,thanh8,0.10620047152042389,0.785664518847431,0.24996010797004953
thanh8+󱞜,thanh8,0.10284771770238876,0.6503930086490247,0.18320626663254802
thanh8+󰬨,thanh8,0.05874650180339813,0.7024149695047448,0.19984038418085667
thanh8+𡉎,thanh8,0.062028802931308746,0.8018682063988749,0.2036067262004919
thanh8+𪤲,thanh8,0.0871797576546669,0.8063449410683768,0.18538713924054329
thanh8+𦛲,thanh8,0.08243593573570251,0.7700665077465374,0.14785761199239925
thanh8+𫄋,thanh8,0.08707748353481293,0.7272002785940309,0.44671385107034833
thanh8+𥯉,thanh8,0.08250600099563599,0.691556282360801,0.37874049883666355
thanh8+𫫊,thanh8,0.05965576693415642,0.8161372590253174,0.23181719841203538
thanh8+𩽈,thanh8,0.10622245818376541,0.6877470147744509,0.33860286232132913
thanh8+󱩳,thanh8,0.09130407869815826,0.7186538141774111,0.3433582426920392
thanh8+𡄾,thanh8,0.08641307055950165,0.7568482449463215,0.48977043664884296
thanh8+󱝀,thanh8,0.0845973864197731,0.7058006818547128,0.1424368454989156
thanh8+𬕷,thanh8,0.11140181869268417,0.6579636036593384,0.3401000545601542
thanh8+藞,thanh8,0.07558261603116989,0.7325793448648067,0.4112587495095123
thanh8+𦞎,thanh8,0.0756690502166748,0.6905517151369994,0.22774216520073742
thanh8+𣎞,thanh8,0.08861353248357773,0.5558009620638649,0.16201444672717752
thanh8+𫑺,thanh8,0.09064246714115143,0.6516357902802551,0.28245933042077526
thanh8+󰬥,thanh8,0.08783518522977829,0.7457840176887233,0.26497518102212153
thanh8+𪤻,thanh8,0.08127070963382721,0.7856744159804853,0.19216473037452173
thanh8+㖀,thanh8,0.0659966990351677,0.7813002111338807,0.1194488184517532
thanh8+𩂄,thanh8,0.12742608785629272,0.6596201268810565,0.21594718693581547
thanh8+󱰍,thanh8,0.08696776628494263,0.7018549431133648,0.21884719214980464
thanh8+𠱻,thanh8,0.094927117228508,0.7105497074497173,0.10029336810678884
thanh8+鮗,thanh8,0.08290723711252213,0.6794329583273315,0.22200009689873712
thanh8+󱡰,thanh8,0.11827402561903,0.6363232769913295,0.2920926914725559
thanh8+󱪉,thanh8,0.09558480232954025,0.619261637074719,0.29486909502308184
thanh8+𡗅,thanh8,0.12826760113239288,0.64517840503853,0.3636733155638367
thanh8+𡓟,thanh8,0.0839899554848671,0.7315995995103683,0.42246309371664786
thanh8+𪢍,thanh8,0.07069633901119232,0.7671938917280725,0.30982806657208695
thanh8+𪺛,thanh8,0.08995680510997772,0.7331872447108306,0.263540376753279
thanh8+𡫨,thanh8,0.11763280630111694,0.6877745611838235,0.24665935513536827
thanh8+䰺,thanh8,0.1131412535905838,0.5668761128661219,0.2148661761442426
thanh8+󱨱,thanh8,0.07170011103153229,0.747568719592857,0.28418811070841726
thanh8+㖕,thanh8,0.10440902411937714,0.7760589053952277,57.31661911290572
thanh8+󱳒,thanh8,0.11467382311820984,0.6429454031817942,0.3216061547963733
thanh8+󱞾,thanh8,0.0686955526471138,0.7268876923939551,0.1766875172797092
thanh8+󰛼,thanh8,0.09141125530004501,0.7889207166870139,10.02787026142783
thanh8+󱡇,thanh8,0.11051357537508011,0.6613942007589324,0.24498693385029457
thanh8+󱦾,thanh8,0.13581036031246185,0.6665519035035457,0.3822061631150248
thanh8+𫊬,thanh8,0.056578055024147034,0.8480925996162628,0.15599714442797816
thanh8+堒,thanh8,0.05466108024120331,0.8120052278729761,0.1795125457694833
thanh8+󰬛,thanh8,0.07605292648077011,0.7832473607547895,0.1528378018025745
thanh8+󱝟,thanh8,0.0856778472661972,0.7154981613302118,0.16524413816224862
thanh8+𫫷,thanh8,0.10138639807701111,0.6949489750241733,0.30010453169194856
thanh8+𨡨,thanh8,0.1477777659893036,0.6529034805479659,0.19689623071417864
thanh8+𥐨,thanh8,0.06556369364261627,0.7346315780950454,0.20621658465833695
thanh8+󱩈,thanh8,0.10588544607162476,0.6832619011159986,0.28296826065445946
thanh8+呯,thanh8,0.08568170666694641,0.8288015876879752,0.1552877682100833
thanh8+󱰶,thanh8,0.12330470979213715,0.6158732453077523,0.3394627954819156
thanh8+𢶽,thanh8,0.0670165866613388,0.7480546474399659,0.16557345220426026
thanh8+𠮙,thanh8,0.08100608736276627,0.8486411413487336,0.3042012333883452
thanh8+䓬,thanh8,0.10483390092849731,0.6568410596025668,0.25301220632618876
thanh8+𡳳,thanh8,0.10021321475505829,0.6427916652476446,0.3264665867057274
thanh8+󱢣,thanh8,0.071466825902462,0.655133959153981,0.2708561253904087
thanh8+󱥦,thanh8,0.12615880370140076,0.7149164938536526,0.33647256750558974
thanh8+󱩸,thanh8,0.07912874221801758,0.7465012835104782,0.1285706124805013
thanh8+𪡦,thanh8,0.09829135239124298,0.7200371664848352,0.305404559140042
thanh8+𪝪,thanh8,0.10488317161798477,0.6000483713653983,0.3036249923177688
thanh8+𢹾,thanh8,0.08547256886959076,0.7640602496210952,0.2892082602482988
thanh8+𡃜,thanh8,0.10422137379646301,0.7313785124835102,0.3346923184435751
thanh8+𰇵,thanh8,0.07982583343982697,0.7401549039535567,0.2524411144807428
thanh8+󱹙,thanh8,0.07146050781011581,0.7572548284879483,0.16369014011956973
thanh8+𪢷,thanh8,0.07741519808769226,0.7833864041680694,0.19232353100911379
thanh8+󱨕,thanh8,0.10989487916231155,0.7092289843590074,0.29754180626047727
thanh8+捠,thanh8,0.06412454694509506,0.8240472556485612,0.10780148166874291
thanh8+󱘠,thanh8,0.09437219053506851,0.7233328803404869,0.2815548346773303
thanh8+𠴘,thanh8,0.06389489024877548,0.8517417756105345,0.11777460838580193
thanh8+󰃧,thanh8,0.06704161316156387,0.7490869249175724,0.1912578395789586
thanh8+𪿀,thanh8,0.07326171547174454,0.7602494565243646,0.29541305482449043
thanh8+㗶,thanh8,0.08654840290546417,0.7253332241407016,0.18416391589970527
thanh8+𫪄,thanh8,0.07701415568590164,0.7661618404395999,0.0969599658599431
thanh8+𭈙,thanh8,0.07338458299636841,0.7991199765084176,0.1221154632710133
thanh8+㖏,thanh8,0.06958451867103577,0.8087759710263178,0.13941645890613866
thanh8+󰼀,thanh8,0.07709357142448425,0.7332478718749268,0.29976186374816605
thanh8+𩯂,thanh8,0.0759948343038559,0.7196034787682617,0.29331683844266104
thanh8+󰡊,thanh8,0.0468783937394619,0.7933690962889233,0.17046051897204628
thanh8+󱜝,thanh8,0.06593132764101028,0.8322141303479323,0.11980672780134105
thanh8+󱝢,thanh8,0.09675826132297516,0.7124303286838519,0.22976730357864517
thanh8+󱜾,thanh8,0.063301682472229,0.8032212712782033,0.10115420496007273
thanh8+󱚒,thanh8,0.09228602051734924,0.6538534439046585,0.20850713854159228
thanh8+󱣆,thanh8,0.06595253199338913,0.8038194026228805,0.10519544378465322
thanh8+󱧨,thanh8,0.07713136076927185,0.7246350457081934,0.21932874107432435
thanh8+󱳦,thanh8,0.10530880838632584,0.7547308858422914,0.16941762179935127
thanh8+𡃎,thanh8,0.0935458391904831,0.7260301809506157,0.34363587921658806
thanh8+𡎤,thanh8,0.09327761083841324,0.7435539072190241,0.29708786536102694
thanh8+𤣡,thanh8,0.08858510106801987,0.7021317382845159,0.34918033611286114
thanh8+𪤠,thanh8,0.10910531878471375,0.6493655992195556,0.12948858664539745
thanh8+󰧙,thanh8,0.08379273116588593,0.8087207568271048,0.11664670348742763
thanh8+󱚴,thanh8,0.09112145751714706,0.6478482430253946,0.17947955842320718
thanh8+󱟜,thanh8,0.08299525827169418,0.6538651851975749,0.2515181498605647
thanh8+󱛺,thanh8,0.08022845536470413,0.6686071416785083,0.27719613238834184
thanh8+𠸽,thanh8,0.07273240387439728,0.7380577916262352,0.35925496084856173
thanh8+𢲾,thanh8,0.07707605510950089,0.7155734843594245,0.1029325908180642
thanh8+󱰯,thanh8,0.11584486812353134,0.7216084023559437,0.3673617541755569
thanh8+󱠰,thanh8,0.05841115489602089,0.7909606201270716,0.17081863787916599
thanh8+𡂷,thanh8,0.06434281170368195,0.7868513263621078,0.11184706820658057
thanh8+󱜶,thanh8,0.07435204088687897,0.739802955852103,0.21438237154796905
thanh8+𤻓,thanh8,0.08580727130174637,0.6992816452992326,0.21428579424375205
thanh8+𧌂,thanh8,0.06802713871002197,0.7915726051183519,0.14165052948286505
thanh8+蝔,thanh8,0.06116567179560661,0.834268877323247,0.20757444465293615
thanh8+𡄳,thanh8,0.09504596889019012,0.7028762493955747,2.646641847533542
thanh8+澿,thanh8,0.07847320288419724,0.7269021248793933,0.2634482537856882
thanh8+𢪥,thanh8,0.06829699873924255,0.7969129459169374,0.0935504344601387
thanh8+𧋅,thanh8,0.156502366065979,0.5727454274280219,0.2094784690727546
thanh8+𪡈,thanh8,0.0915379449725151,0.7503400548912323,0.10853141232617446
thanh8+𠿀,thanh8,0.06639405339956284,0.768983339823656,0.14191797851059365
thanh8+𤎓,thanh8,0.07988201081752777,0.7606832914878113,0.42466053940316323
thanh8+𦩳,thanh8,0.08769407123327255,0.74635596074492,0.17297451295963862
thanh8+𤞦,thanh8,0.05558566004037857,0.8006180042315906,0.22149539990547726
thanh8+󰌋,thanh8,0.11373437941074371,0.6642427388014314,0.25632348709214686
thanh8+󱫗,thanh8,0.09382069110870361,0.5330348811140279,0.32219939956285776
thanh8+󱚑,thanh8,0.09834066033363342,0.7452018415014273,0.21650335098826112
thanh8+󱳠,thanh8,0.11821034550666809,0.6229105198158612,0.17741513815795806
thanh8+𠸫,thanh8,0.0688953846693039,0.6943555259467905,0.1126315960581482
thanh8+𪺇,thanh8,0.09469747543334961,0.6480144385671398,0.3543904790939158
thanh8+󱞙,thanh8,0.07564110308885574,0.8159798342399415,0.20882710996572132
thanh8+𤶹,thanh8,0.07913888245820999,0.7628514314502884,0.2386336802111287
thanh8+󰘓,thanh8,0.08398386836051941,0.7531809470593653,0.22633839288263272
thanh8+𬕌,thanh8,0.0872412770986557,0.793270654428452,0.14566995813192704
thanh8+󱺈,thanh8,0.06599923223257065,0.7698718356352491,0.1560398689540008
thanh8+󱹡,thanh8,0.06789086014032364,0.7626877267970373,0.23732722061750633
thanh8+󱠳,thanh8,0.1071210652589798,0.7630281813914332,0.1580647069210386
thanh8+𪢤,thanh8,0.09048953652381897,0.6637138003661155,0.18904695020270768
thanh8+𪰰,thanh8,0.09504149854183197,0.7759917049986024,0.16175507030438788
thanh8+𮫷,thanh8,0.11418565362691879,0.679494691771937,0.344392502854118
thanh8+𬓛,thanh8,0.06759487837553024,0.7587677755321058,0.31575563642557647
thanh8+󱥄,thanh8,0.07688023895025253,0.7931306464921095,0.25290580199212204
thanh8+𩵾,thanh8,0.08119891583919525,0.6752282428860236,0.32792756710298304
thanh8+𨂗,thanh8,0.09573905169963837,0.6832095093461001,0.1549616144715388
thanh8+𠺚,thanh8,0.07651323825120926,0.7222822440744509,0.23234574144052655
thanh8+𬠥,thanh8,0.10884606838226318,0.6169933281386055,0.2869434352125499
thanh8+𬂨,thanh8,0.12598147988319397,0.7580519546550755,0.24911387922846925
thanh8+𫯲,thanh8,0.08266913890838623,0.7111562567759595,0.12019234583757217
thanh8+󱟡,thanh8,0.06872063875198364,0.7417050804248932,0.2526178098057464
thanh8+㗴,thanh8,0.06311383843421936,0.8070590044894276,0.1869995555300404
thanh8+𫫛,thanh8,0.06374358385801315,0.8095956861393531,0.1963820966462423
thanh8+𬛒,thanh8,0.08174119144678116,0.673839706737536,0.21875399933373949
thanh8+󱭧,thanh8,0.07420293241739273,0.7034557645325337,0.12037916302825784
thanh8+󱤑,thanh8,0.07650338858366013,0.7309830198289944,0.41136459121949137
thanh8+󱛳,thanh8,0.08955974876880646,0.7382676055414259,0.12705611376499745
thanh8+𡐮,thanh8,0.10547299683094025,0.7493430671534006,0.3281048197128716
thanh8+𦲹,thanh8,0.07408154755830765,0.7363381380941785,0.14035818537364672
thanh8+𥱫,thanh8,0.08227948099374771,0.7289033570358957,0.21003684737805753
thanh8+󱳭,thanh8,0.10461050271987915,0.47406593250646706,0.30415202506946104
thanh8+󱥯,thanh8,0.07074899226427078,0.7463715620047353,0.29321689592652145
thanh8+𨪷,thanh8,0.11918284744024277,0.6293582857947693,0.4178212133756179
thanh8+𫕹,thanh8,0.061914149671792984,0.8039125148426703,0.20197748802831664
thanh8+󱭷,thanh8,0.11992265284061432,0.6667199273013008,0.5722840381615505
thanh8+󰅲,thanh8,0.10111987590789795,0.7113102142242608,0.32445684372923095
thanh8+𦽎,thanh8,0.07136813551187515,0.7621024755874539,0.17096124029743673
thanh8+󱚚,thanh8,0.08301417529582977,0.6595335063161026,0.3340156527150245
thanh8+𡜒,thanh8,0.07560189068317413,0.6981924394817242,1.5160957367061296
thanh8+𠶒,thanh8,0.10009109228849411,0.7735681562222099,0.11176256647411735
thanh8+󱤈,thanh8,0.11123820394277573,0.6790584897507895,0.2577866897146524
thanh8+󱞀,thanh8,0.0759785920381546,0.7430911005195217,0.36547401607659347
thanh8+𬕻,thanh8,0.11249464005231857,0.6084378989473186,0.40549707305270805
thanh8+󱛙,thanh8,0.06843437254428864,0.7978086748791448,0.22600939984822443
thanh8+𫿟,thanh8,0.11683304607868195,0.6582735920432428,0.49562218096589544
thanh8+󰂄,thanh8,0.09728271514177322,0.796687936064889,0.1835518340560194
thanh8+𦟋,thanh8,0.11077035963535309,0.6565689493051915,0.33050358684278164
thanh8+󱬧,thanh8,0.0779791921377182,0.7185147769278143,0.11377660279202757
thanh8+𤳧,thanh8,0.09665340185165405,0.6522499536620944,0.4090359350149277
thanh8+󱞠,thanh8,0.11767430603504181,0.6986958230042833,0.2575731219453488
thanh8+󱮧,thanh8,0.08262473344802856,0.664529817609975,0.3888891118929217
thanh8+󱝻,thanh8,0.0676000565290451,0.7686294551746629,0.13763803542688774
thanh8+𪝅,thanh8,0.05328698828816414,0.8361301210738823,0.17407259410267303
thanh8+𫄉,thanh8,0.07971762865781784,0.701744146755508,0.16308349752153803
thanh8+𡫶,thanh8,0.10817558318376541,0.7282554109812371,0.30425573865538263
thanh8+𢯝,thanh8,0.09441839158535004,0.7307909946124214,0.13348535909610398
thanh8+󱞲,thanh8,0.13915355503559113,0.6150494653340791,0.3420932918270772
thanh8+𡂉,thanh8,0.09146765619516373,0.6938819677919947,0.23838409928350304
thanh8+𤋽,thanh8,0.1167600229382515,0.4434126286947328,0.2502040194949746
thanh8+𠶅,thanh8,0.08251435309648514,0.6998482882130722,0.14503972691973957
thanh8+𠲡,thanh8,0.05926555022597313,0.8155844726667932,0.16639091986325186
thanh8+𭡏,thanh8,0.12248265743255615,0.5202670948957774,0.26620714680994906
thanh8+𬖩,thanh8,0.09624220430850983,0.7152179612881657,0.2602348824420117
thanh8+𪸝,thanh8,0.1022031158208847,0.7526402051894725,0.21355704784628848
thanh8+󱋃,thanh8,0.06530439853668213,0.7734947431425868,0.275263840354814
thanh8+󰁂,thanh8,0.10745282471179962,0.7070471846224551,0.19395332690035708
thanh8+𧒊,thanh8,0.07339400053024292,0.7710136023343372,0.13505334934423846
thanh8+󱟱,thanh8,0.11210542917251587,0.7580353924412009,0.13078818966711211
thanh8+󱦡,thanh8,0.09105332940816879,0.662709951453854,0.19979875350148202
thanh8+啲,thanh8,0.07925231754779816,0.6318186224897683,0.10132705833672667
thanh8+𠺮,thanh8,0.0819225087761879,0.8241465087178077,182.35583389595914
thanh8+侱,thanh8,0.0696379616856575,0.7866929401670552,0.13266211256904328
thanh8+󱝒,thanh8,0.07029877603054047,0.7955564248511452,0.14420419409488175
thanh8+𠷦,thanh8,0.0742451548576355,0.7027200125551942,0.21754582227523325
thanh8+𪥑,thanh8,0.08256904780864716,0.6864688248478855,0.22469869638966564
thanh8+𡑲,thanh8,0.06503426283597946,0.7211988279329435,0.24378053980269818
thanh8+󱨨,thanh8,0.0929628387093544,0.718098232025561,0.3404971947485215
thanh8+𤏦,thanh8,0.07584957033395767,0.7685026038254081,0.19450375272120704
thanh8+󱊚,thanh8,0.046583592891693115,0.8470694130653381,0.20688619075936643
thanh8+󱹻,thanh8,0.11614146083593369,0.4856176509837347,0.1715558642892182
thanh8+󱜲,thanh8,0.07266440987586975,0.7996930454736267,0.26009931487397214
thanh8+󱬺,thanh8,0.08023548126220703,0.6960886767743324,0.12960061383858046
thanh8+󱡑,thanh8,0.08264270424842834,0.8008451555937988,0.259448142445065
thanh8+㘗,thanh8,0.10260728001594543,0.6708312058680959,0.38472620386328577
thanh8+󱩙,thanh8,0.08545870333909988,0.7376303054254763,0.2851990013011469
thanh8+𠜈,thanh8,0.06523628532886505,0.719985078829772,0.13987431117326968
thanh8+𦟏,thanh8,0.0517963208258152,0.8241308375807191,0.16630817320729283
thanh8+抋,thanh8,0.10942809283733368,0.6715649449088921,4.744766437325478
thanh8+󰶅,thanh8,0.10105570405721664,0.6939005143740726,0.16095412257557143
thanh8+󱠱,thanh8,0.0645889937877655,0.7912186955472608,0.18929603495906888
thanh8+𪢠,thanh8,0.09291241317987442,0.4789849975662884,0.1891788823799769
thanh8+𣖗,thanh8,0.06945731490850449,0.711192082975556,0.27142108162306483
thanh8+󰤴,thanh8,0.13686904311180115,0.704003791966293,0.2167177008725516
thanh8+𫢧,thanh8,0.06395114958286285,0.7515371523121677,0.21582299359166054
thanh8+󰣿,thanh8,0.11155760288238525,0.7394848736523232,0.4650805931533258
thanh8+𬈈,thanh8,0.09453944116830826,0.715873081354073,0.4072941126786936
thanh8+𫽠,thanh8,0.07325657457113266,0.6569090560776437,0.12255511303600407
thanh8+󱞅,thanh8,0.09698952734470367,0.6786706523758593,0.2359955927177713
thanh8+𥴙,thanh8,0.09275876730680466,0.6203910440698431,0.284330616428925
thanh8+󱰤,thanh8,0.11073017865419388,0.6318601914230813,0.4113810098500906
thanh8+󱟁,thanh8,0.07482441514730453,0.7038344060363441,0.28263214537017317
thanh8+𡃝,thanh8,0.11356492340564728,0.7043249423526657,0.26397917533681886
thanh8+𠺺,thanh8,0.0679636225104332,0.8259553566029308,0.11481525984350438
thanh8+󱛻,thanh8,0.08005793392658234,0.6009265232652049,0.09956677023295596
thanh8+婻,thanh8,0.06550845503807068,0.770233126306597,0.2247010854689987
thanh8+𠌊,thanh8,0.060373514890670776,0.7256225462052004,0.1359231611814761
thanh8+󱥑,thanh8,0.07826302945613861,0.6621602982905367,0.2732036940741427
thanh8+𡇻,thanh8,0.1048034206032753,0.7161707427615926,0.1212580081921792
thanh8+𠹖,thanh8,0.06339962780475616,0.8360035431583751,0.18482571595373706
thanh8+𪞀,thanh8,0.08382192254066467,0.6713754682805273,0.336568435697484
thanh8+𠊙,thanh8,0.06945975124835968,0.7607876376757424,0.169403205037599
thanh8+𡞗,thanh8,0.06906934082508087,0.7646491359002694,0.3168046898311927
thanh8+𡀦,thanh8,0.06517745554447174,0.7660041852264332,0.3180243160044152
thanh8+𤁔,thanh8,0.10928943753242493,0.5321924531084424,0.2071587501702649
thanh8+󱞮,thanh8,0.11307790130376816,0.6462712767772388,0.22354537083941073
thanh8+𬕳,thanh8,0.11683203279972076,0.750422379083654,0.2589600558814241
thanh8+𪶩,thanh8,0.07408741861581802,0.6801960169278951,0.22791351729386086
thanh8+𫬪,thanh8,0.09705185890197754,0.655040229276527,0.29117353888807523
thanh8+󱫟,thanh8,0.08425632864236832,0.6357032549322396,0.2518278792460302
thanh8+󱛽,thanh8,0.05765321105718613,0.7993525025795255,0.18027038063745215
thanh8+洅,thanh8,0.08715630322694778,0.7581666163801952,0.21270751073219765
thanh8+𦲼,thanh8,0.0887850746512413,0.5908972382115711,0.19963744396442226
thanh8+󱥓,thanh8,0.08805473148822784,0.7470402174350003,0.18305942007678264
thanh8+𡮛,thanh8,0.059525586664676666,0.7950756784295164,0.15943113526087455
thanh8+𫼰,thanh8,0.07568853348493576,0.7451492990882266,0.11276548678470862
thanh8+𦼜,thanh8,0.05139266699552536,0.7796384226073534,0.16696530841090895
thanh8+󱟲,thanh8,0.10403580963611603,0.6716205206829781,0.2791971417603151
thanh8+𠇕,thanh8,0.10643435269594193,0.6680143130702888,0.42089194385838874
thanh8+󱲰,thanh8,0.14348112046718597,0.566312256439114,4.974743713267844
thanh8+𠶎,thanh8,0.08076523244380951,0.7244925892826618,0.25124376004035015
thanh8+𨄮,thanh8,0.08408805727958679,0.6354150956184126,0.2690979256286022
thanh8+𦿄,thanh8,0.09845646470785141,0.5622692794155886,0.2511022691409943
thanh8+𥌈,thanh8,0.1144806444644928,0.7140667978280921,0.35870050144683635
thanh8+𪢌,thanh8,0.09762035310268402,0.5638460978536434,0.1380210577266149
thanh8+󱡴,thanh8,0.07562889903783798,0.773493797952391,0.20335305418137564
thanh8+󱠢,thanh8,0.07808201760053635,0.6680741123859156,0.2781642298457113
thanh8+𰓖,thanh8,0.10965421795845032,0.6386635342389104,0.18897327379820053
thanh8+󱜉,thanh8,0.09206391870975494,0.6086143119040194,0.3922003947207214
thanh8+𫯐,thanh8,0.0916917622089386,0.632249107655961,0.30644855661214865
thanh8+圚,thanh8,0.14370863139629364,0.5064383754838969,0.18038226997639636
thanh8+𦷬,thanh8,0.08692412078380585,0.7229062425568069,0.19065393761047203
thanh8+󱟈,thanh8,0.08044879138469696,0.7553419427773708,0.18857919263444223
thanh8+𫭅,thanh8,0.09875406324863434,0.6903684864548792,0.1520703150064439
thanh8+󱉲,thanh8,0.08466531336307526,0.6766123881530207,0.2951441486241438
thanh8+莰,thanh8,0.07958143949508667,0.7690344425800871,0.1844935672163411
thanh8+󰥉,thanh8,0.07631140202283859,0.6954120135161537,0.2592430262196049
thanh8+𰦫,thanh8,0.07505074143409729,0.7746520946890837,0.27714106509851505
thanh8+󱪢,thanh8,0.07934743911027908,0.7307959275743103,0.3112917987018822
thanh8+󰛺,thanh8,0.06481435894966125,0.7903823490107628,0.11643291706910026
thanh8+󱹪,thanh8,0.08777032047510147,0.6807797311470738,0.30464363970772146
thanh8+󱞐,thanh8,0.05643153563141823,0.7850477601956352,0.11273767798672284
thanh8+𣻢,thanh8,0.08978409320116043,0.6792727539000497,0.3925579383973062
thanh8+󰞘,thanh8,0.08722557872533798,0.7908873797688187,0.2397492340979932
thanh8+𡎜,thanh8,0.0651356503367424,0.7153791453141711,0.1224950296595259
thanh8+󱞖,thanh8,0.058458518236875534,0.7277535559375828,0.1870013081299983
thanh8+󱤍,thanh8,0.09408651292324066,0.7404520442809471,0.3758979857187112
thanh8+󰬙,thanh8,0.0842508003115654,0.7974165267378113,0.17688082849905953
thanh8+󱝺,thanh8,0.11073703318834305,0.6509188641742438,0.22645988803628103
thanh8+󱪎,thanh8,0.09528142958879471,0.6841116751098775,0.4250483774178789
thanh8+󱛹,thanh8,0.09361086040735245,0.72282335785966,0.23865619173750383
thanh8+󱪚,thanh8,0.10035983473062515,0.7131061792912289,0.2898400523039098
thanh8+𨃌,thanh8,0.06918803602457047,0.7716575190449527,0.1520796696623945
thanh8+湨,thanh8,0.09523206949234009,0.6228826096400571,0.10083722477602756
thanh8+󱯠,thanh8,0.09538807719945908,0.6957014819685124,0.3062751615909698
thanh8+󱛕,thanh8,0.09780621528625488,0.6158143080833793,0.24882862969303332
thanh8+󱡵,thanh8,0.10083107650279999,0.5645628558270637,0.11111658780504761
thanh8+󰸪,thanh8,0.09386444836854935,0.6860748800856005,0.19684046478092695
thanh8+󰛕,thanh8,0.1097927913069725,0.6965649453582357,0.33388907799054474
thanh8+󱧝,thanh8,0.1308308243751526,0.6712196622786789,0.49495904130064555
thanh8+󱥥,thanh8,0.06074408441781998,0.8059998102055008,0.18608679583982535
thanh8+󱝗,thanh8,0.12290939688682556,0.6644980162519291,0.38937462112694615
thanh8+𪟤,thanh8,0.09272158145904541,0.644322865971242,0.16200011091568137
thanh8+𬏖,thanh8,0.1024002656340599,0.7562839716335908,0.3644148209131352
thanh8+𠻉,thanh8,0.05035014450550079,0.8209543904604162,0.28220384333309867
thanh8+𡀫,thanh8,0.06553979963064194,0.7436445381295756,0.19226118243846135
thanh8+㤝,thanh8,0.06643915176391602,0.707706388156338,0.1798595752107094
thanh8+󰙘,thanh8,0.08786645531654358,0.772129531164746,0.1928495494836966
thanh8+𦄆,thanh8,0.08008234202861786,0.7604488481648092,0.2781086215973551
thanh8+󱟏,thanh8,0.12435540556907654,0.5269885294826014,0.3083028302715457
thanh8+󰧺,thanh8,0.1364508867263794,0.6412801404964802,0.21945310496217021
thanh8+𬄃,thanh8,0.07898811995983124,0.7762353059638308,0.28870014128014443
thanh8+㼫,thanh8,0.08921363949775696,0.6187799315465964,0.25126275736313125
thanh8+󱤲,thanh8,0.07773354649543762,0.7557873674297235,0.13738736881885955
thanh8+蓸,thanh8,0.08497988432645798,0.7468837946108837,0.20914934634815582
thanh8+𫪀,thanh8,0.05296192318201065,0.8416234841957974,0.2548456501734849
thanh8+𠸯,thanh8,0.06662250310182571,0.7826853876766353,0.24393948333940682
thanh8+󱰗,thanh8,0.09754539281129837,0.6180148766142219,0.2505146669311334
thanh8+𪥘,thanh8,0.10715621709823608,0.6211520127618773,0.16550061536294225
thanh8+󰤣,thanh8,0.10544691234827042,0.698308144152667,0.16259108199596015
thanh8+𪮽,thanh8,0.05721808597445488,0.7870983835211925,0.2690567209714821
thanh8+𣌌,thanh8,0.10672188550233841,0.5416538331254438,0.2140593213291695
thanh8+󱡉,thanh8,0.09550903737545013,0.7881124223779551,0.18620013179489484
thanh8+󱞗,thanh8,0.0909058004617691,0.7861454643736879,0.1483969994088019
thanh8+𫛈,thanh8,0.1370062679052353,0.5146384353606408,0.36482226912806065
thanh8+󱌔,thanh8,0.08791898190975189,0.7606856236890388,0.2542332525634173
thanh8+󱞄,thanh8,0.08867619186639786,0.7181994704549322,0.2858360808447072
thanh8+󱰪,thanh8,0.08049751073122025,0.6926278174289361,0.16654544705731902
thanh8+𦨭,thanh8,0.05977007746696472,0.8257915302726898,0.1351246796923511
thanh8+󱤗,thanh8,0.09190285950899124,0.7243953584402673,0.22435307024649942
thanh8+󱞁,thanh8,0.07647737115621567,0.7501557089630061,0.14100375556042494
thanh8+𫫜,thanh8,0.06262382119894028,0.7688418080798739,0.22862004837319252
thanh8+䈊,thanh8,0.07455139607191086,0.7340650059534963,0.1820498840528615
thanh8+𠼳,thanh8,0.07261672616004944,0.8207792725063294,0.18611669503795825
thanh8+𪾭,thanh8,0.07715831696987152,0.7112188510277899,0.09833955725716426
thanh8+󱢉,thanh8,0.08631216734647751,0.6368463416509715,0.10853768478305365
thanh8+󱢜,thanh8,0.07836321741342545,0.5803749579617686,0.1310173134625609
thanh8+󱦙,thanh8,0.09942574054002762,0.6485484045065459,0.6586178690067497
thanh8+󱼒,thanh8,0.07035201787948608,0.7732177763233613,0.16732693137037058
thanh8+󰞬,thanh8,0.12429891526699066,0.5643567062567845,0.19816349690786517
thanh8+𰋝,thanh8,0.09430523216724396,0.7274235872344693,0.13753248742421342
thanh8+󰨑,thanh8,0.07390415668487549,0.6940514127987013,0.28232802864633016
thanh8+𧟝,thanh8,0.10381757467985153,0.6357063205714207,0.3525096647009908
thanh8+𠿸,thanh8,0.06065213680267334,0.8046686694885113,0.2680949616520972
thanh8+󱫪,thanh8,0.1337311565876007,0.5877550126006404,0.7724115081298429
thanh8+𫵞,thanh8,0.07001559436321259,0.826199591014378,0.23166002346846779
thanh8+𠽇,thanh8,0.056855879724025726,0.8120057257888194,0.22984043201824567
thanh8+𠬖,thanh8,0.08010237663984299,0.7316870344247864,0.3134479666546289
thanh8+󱡗,thanh8,0.08490300178527832,0.7132570872263233,0.1994496832491418
thanh8+󰯺,thanh8,0.07267769426107407,0.7403846659357557,0.2334004114311646
thanh8+󱟝,thanh8,0.09874642640352249,0.7397134508084171,0.23690615161480813
thanh8+󰐨,thanh8,0.07856813073158264,0.7792181494709979,0.21477099976799116
thanh8+𫐹,thanh8,0.08113864064216614,0.7754126994229086,0.2843197135974916
thanh8+𡉁,thanh8,0.06224830821156502,0.7789521822142782,0.24294506094861543
thanh8+𠽏,thanh8,0.07825970649719238,0.7043852397880965,0.2390059009816691
thanh8+𡎔,thanh8,0.09289923310279846,0.7745700363485636,0.32364450302876696
thanh8+𬃴,thanh8,0.06682419031858444,0.7384259220768965,0.13313195424107896
thanh8+𪦎,thanh8,0.06053946912288666,0.6861562076781357,0.23396001894436905
thanh8+𠲃,thanh8,0.07425030320882797,0.7710708697499742,0.12671706001041672
thanh8+偖,thanh8,0.05872529372572899,0.8156695357912944,0.10870359542262353
thanh8+𥙒,thanh8,0.1230902224779129,0.622907817256376,0.2186396180401388
thanh8+󱷿,thanh8,0.08527141809463501,0.7668963005212046,0.25075620928269643
thanh8+𩂀,thanh8,0.08553513139486313,0.766933655064968,0.1617759722812777
thanh8+𨆟,thanh8,0.1080818846821785,0.7081609026591463,0.38537037521999745
thanh8+𩶽,thanh8,0.10447036474943161,0.5919552610400596,0.18489159166947158
thanh8+󱛵,thanh8,0.05172817036509514,0.82493395584827,0.23447438097238635
thanh8+󰏏,thanh8,0.08004497736692429,0.7363336995861632,0.2389655829158401
thanh8+𡝦,thanh8,0.11966045200824738,0.7262129998636183,0.27631815427667455
thanh8+𬏇,thanh8,0.08447445929050446,0.7302045225162419,0.17164823511201036
thanh8+󱛆,thanh8,0.09859798848628998,0.691907436869722,0.2044566328354919
thanh8+󱪼,thanh8,0.09022171795368195,0.6203844490405005,0.3203551353906193
thanh8+󱮑,thanh8,0.10147704184055328,0.6525035401424133,0.4426083545636515
thanh8+𤄮,thanh8,0.0786094218492508,0.761740492825112,0.23091210012446683
thanh8+㙘,thanh8,0.08411704003810883,0.7146171988936815,0.3447914058198375
thanh8+𧜐,thanh8,0.12629562616348267,0.6064841342454814,0.38254721289407284
thanh8+𣒠,thanh8,0.060571420937776566,0.7546934521828271,0.23110881084905624
thanh8+󱌡,thanh8,0.09739302098751068,0.6457953855148004,0.18597460617974995
thanh8+𢙬,thanh8,0.08740467578172684,0.7146782959073487,0.12121583063723655
thanh8+𡀲,thanh8,0.09805484116077423,0.7418073067804665,0.403689549268263
thanh8+󱱀,thanh8,0.0778617262840271,0.7705386728324939,0.23015189061559585
thanh8+󱦪,thanh8,0.05847190320491791,0.7865210611802669,0.29239360056082936
thanh8+灆,thanh8,0.0797673910856247,0.7361683796304427,0.20748124788263933
thanh8+󱥻,thanh8,0.060520295053720474,0.7511613260563788,0.14646184594866807
thanh8+𩝭,thanh8,0.07736293226480484,0.7523429558240547,0.16115211717886638
thanh8+𠷇,thanh8,0.08328061550855637,0.6726783150007453,0.2203012825452877
thanh8+𧍆,thanh8,0.10165049880743027,0.7350709524476072,0.11839993639109382
thanh8+𡁞,thanh8,0.07566855102777481,0.7444128490678559,0.3754227358352465
thanh8+𡫡,thanh8,0.0889284536242485,0.5668402014929177,0.10031110228581268
thanh8+󱞒,thanh8,0.08167970925569534,0.7359282114651353,0.276804423077117
thanh8+𭈖,thanh8,0.0812949538230896,0.7430835519744796,0.15592433347832294
thanh8+𨂚,thanh8,0.07771286368370056,0.7719006263043847,0.1992207646764158
thanh8+𬆅,thanh8,0.08642373234033585,0.7484718740297359,0.42122846206775955
thanh8+𫣝,thanh8,0.08393125236034393,0.7365455131546415,0.30638987051259065
thanh8+𮜲,thanh8,0.08607069402933121,0.7042664777889412,0.28186082270358465
thanh8+󱘡,thanh8,0.05787920206785202,0.7114756203632799,0.1940624785018754
thanh8+𡉖,thanh8,0.05715767666697502,0.758958914020261,0.16726505159126215
thanh8+󱛖,thanh8,0.08618934452533722,0.778408149352134,0.1684140298406492
thanh8+𤲼,thanh8,0.0747765451669693,0.732490273697676,0.2199020728580977
thanh8+㺜,thanh8,0.08057273924350739,0.7346348867674045,0.3659631799867927
thanh8+󱝳,thanh8,0.07763789594173431,0.7546074714433577,0.2845264002390557
thanh8+𤉕,thanh8,0.09755343198776245,0.6869678561963343,0.1339467362768069
thanh8+㨲,thanh8,0.0769251361489296,0.609349710192775,0.10633251493301761
thanh8+𣙯,thanh8,0.09521980583667755,0.6424975891575692,0.1851657136825338
thanh8+󱚭,thanh8,0.08835437148809433,0.7752440167431195,0.3473853430863419
thanh8+𫰄,thanh8,0.09980254620313644,0.7461703913373621,0.3277095822633004
thanh8+哠,thanh8,0.09039409458637238,0.7511004792307775,0.1506696549969956
thanh8+𠿴,thanh8,0.09307177364826202,0.6736952963701328,0.13954425186845867
thanh8+󱤉,thanh8,0.11241363734006882,0.7356767861091215,0.25021127937969156
thanh8+𬈗,thanh8,0.1170765608549118,0.5573887582268403,0.37197955397168236
thanh8+鏙,thanh8,0.0788923054933548,0.7401138540390487,0.1540029397135146
thanh8+󱝆,thanh8,0.08632832765579224,0.7902016428668344,0.15461554054370993
thanh8+󱢰,thanh8,0.09384110569953918,0.6478048412987392,0.11408448155885947
thanh8+𡓾,thanh8,0.08167029172182083,0.7586871820738141,0.2429000192840791
thanh8+𬪽,thanh8,0.050494007766246796,0.825572546957515,0.11087326717415609
thanh8+󱛢,thanh8,0.0670747458934784,0.8017062050629764,0.15439154401378177
thanh8+󰢉,thanh8,0.0625915378332138,0.7628440643860545,0.12444862375491983
thanh8+󱺂,thanh8,0.11527812480926514,0.6810213747271621,0.3715111761739056
thanh8+󰮃,thanh8,0.07231073826551437,0.7751076840669572,0.1840555177522434
thanh8+𪂱,thanh8,0.05915512144565582,0.775789744837059,0.19064450490005946
thanh8+󱫷,thanh8,0.05831136554479599,0.815848239465002,0.11532124114400398
thanh8+𨔌,thanh8,0.08258424699306488,0.6889785094059258,0.426600940649505
thanh8+𪣠,thanh8,0.05875509977340698,0.795427368361382,0.225960472872721
thanh8+𢆠,thanh8,0.08372942358255386,0.7159531835262479,0.18108298319145832
thanh8+󱜫,thanh8,0.05888234078884125,0.7338868398757887,0.11816067255693136
thanh8+𡎡,thanh8,0.06663096696138382,0.7644641843916458,0.16329855591261422
thanh8+𩯁,thanh8,0.13703840970993042,0.5565657094110064,0.4675935047856941
thanh8+𠻱,thanh8,0.09100179374217987,0.7473180695019435,0.2825308674570481
thanh8+󱞊,thanh8,0.08348619937896729,0.7157614930487084,0.1849273875392511
thanh8+󱋭,thanh8,0.07710711658000946,0.7278329148267602,0.24167209812158497
thanh8+󰈠,thanh8,0.10339584946632385,0.5735660589706698,0.33113801264432935
thanh8+󱞴,thanh8,0.052536629140377045,0.758479071484587,0.13734634949400104
thanh8+󱠠,thanh8,0.10886116325855255,0.5892415887696404,0.41824828903704137
thanh8+󰢔,thanh8,0.11447882652282715,0.6158763620110335,0.21560929741934398
thanh8+𠞡,thanh8,0.0898820161819458,0.684316389507733,0.13553526668494495
thanh8+󰂘,thanh8,0.0983717069029808,0.7653285585036514,0.2360462718820725
thanh8+𫇿,thanh8,0.0715140551328659,0.7215476962200201,0.1920407357732132
thanh8+𬅷,thanh8,0.11921736598014832,0.5231343172187904,0.15267570074505912
thanh8+𡚝,thanh8,0.060284797102212906,0.6566689970514477,0.17629033784886305
thanh8+𠹍,thanh8,0.07939032465219498,0.8155620105323625,0.13660319959888786
thanh8+𫥸,thanh8,0.09224940091371536,0.7652702327882378,0.1888553369361652
thanh8+󱝞,thanh8,0.07059813290834427,0.7158690146771062,0.22479501905876698
thanh8+𬡶,thanh8,0.08946192264556885,0.719285963861685,0.35249678898177117
thanh8+󱯛,thanh8,0.11555059254169464,0.6843239005498689,0.23546234383655132
thanh8+𨮉,thanh8,0.09821101278066635,0.7673826734283036,0.3017105663391171
thanh8+𧞿,thanh8,0.11158490180969238,0.6090969896779418,0.3076763839469026
thanh8+󱛦,thanh8,0.060628991574048996,0.8325430705682305,0.166520416259276
thanh8+𡏯,thanh8,0.06066179275512695,0.7917083981767206,0.2035660028200971
thanh8+󱬔,thanh8,0.09611152857542038,0.6520004625165036,0.21068289252571462
thanh8+󱯄,thanh8,0.07470443099737167,0.7605870843905814,0.3895683823371727
thanh8+𨅞,thanh8,0.08260219544172287,0.7614461252860308,0.21422835033924148
thanh8+𠴹,thanh8,0.09095572680234909,0.7461252082074358,0.19162535543154516
thanh8+󱜆,thanh8,0.08096364885568619,0.7223700328718238,0.3830834756576833
thanh8+󱙥,thanh8,0.06361161172389984,0.7243743188538384,0.1411252740727706
thanh8+𠶈,thanh8,0.08788415044546127,0.7561041730008227,0.17151164162449373
thanh8+󰁐,thanh8,0.07155567407608032,0.7613144074796048,0.17823574005833345
thanh8+𫪎,thanh8,0.08327437192201614,0.7580898748070736,0.11459812599930193
thanh8+󱯺,thanh8,0.07079771906137466,0.7662256205124042,0.22832498027601264
thanh8+𬗏,thanh8,0.10589134693145752,0.6062934491956768,0.2337307898273209
thanh8+𠸙,thanh8,0.07581932842731476,0.7315320745233478,0.13912528607089764
thanh8+𫏝,thanh8,0.06947433203458786,0.7783808018131261,0.16140525168519004
thanh8+𨪪,thanh8,0.08878117799758911,0.7161206302586864,0.20756891690842258
thanh8+噃,thanh8,0.10068701952695847,0.7147569608562959,0.2748271465082565
thanh8+󱹺,thanh8,0.05830661952495575,0.7309936585630425,0.10854293741935062
thanh8+󱧖,thanh8,0.07203829288482666,0.7835397407537027,0.18141179823197537
thanh8+𡃆,thanh8,0.13041403889656067,0.708605236441686,0.24576451901788984
thanh8+壉,thanh8,0.08098781853914261,0.6377012609195667,0.12445271801978354
thanh8+𠲹,thanh8,0.11525224149227142,0.678225103336357,0.5481280094570905
thanh8+󱰐,thanh8,0.10018771886825562,0.7015752714492322,0.20733577108647397
thanh8+𪣮,thanh8,0.08909951150417328,0.7268587972899776,0.21071973060598362
thanh8+󰢣,thanh8,0.11196279525756836,0.6639472244259663,0.20127163942065485
thanh8+𡁚,thanh8,0.06284766644239426,0.8187877421136213,0.15167968221283704
thanh8+󱚳,thanh8,0.06730476021766663,0.7823163625173291,0.1678266229655798
thanh8+󱛣,thanh8,0.0580349862575531,0.8260604599857054,0.16579072021562855
thanh8+湳,thanh8,0.07356726378202438,0.7076788798456798,0.15053979066774517
thanh8+󱤚,thanh8,0.09568516910076141,0.6590616596306109,0.3635191531705868
thanh8+𪖺,thanh8,0.08682481199502945,0.6918380846633947,0.3954161919348984
thanh8+𡍢,thanh8,0.07477140426635742,0.7193506516495533,0.29419774310121033
thanh8+󱯧,thanh8,0.11649119108915329,0.5575453542485348,0.174500613686838
thanh8+󰘇,thanh8,0.09342020004987717,0.6729767797729577,0.20021141810153587
thanh8+𡚎,thanh8,0.11720151454210281,0.7051757754591174,0.4309244072323853
thanh8+󰮡,thanh8,0.10411889851093292,0.7053510740097786,0.34005057594129395
thanh8+󱹓,thanh8,0.11916787922382355,0.6938052016308164,0.2935516449915822
thanh8+𫅰,thanh8,0.12047791481018066,0.6735413407161617,0.4248952326226203
thanh8+𥮈,thanh8,0.07123919576406479,0.7106345512826858,0.1839437402920432
thanh8+𫱞,thanh8,0.08236748725175858,0.7396067759082413,0.300627455109471
thanh8+𠻅,thanh8,0.04296516999602318,0.8226823282748282,0.16220645236710093
thanh8+󰋓,thanh8,0.08538341522216797,0.7276016173275967,0.14565529437321592
thanh8+𡅑,thanh8,0.07712756097316742,0.7077626563150305,0.18442516859906907
thanh8+𩚧,thanh8,0.07657334953546524,0.7192163919188403,0.14939130398133502
thanh8+𮤭,thanh8,0.1516447216272354,0.6262422787357422,0.15650230510898758
thanh8+𫉮,thanh8,0.06924435496330261,0.7761239858926157,0.22988264533272215
thanh8+𪴉,thanh8,0.07623972743749619,0.7824319776085844,0.1579290079375373
thanh8+𩸮,thanh8,0.06998728215694427,0.7863869138560702,0.27048315741584467
thanh8+𡅩,thanh8,0.08463247120380402,0.7845221440176593,0.23316645225723098
thanh8+𣞄,thanh8,0.0895775556564331,0.7544606202850778,0.14084911500604258
thanh8+󱝖,thanh8,0.14849905669689178,0.6113011381458272,1.1273367273710255
thanh8+𪡽,thanh8,0.09636682271957397,0.7651128008564816,0.25703323262317784
thanh8+󰭏,thanh8,0.08252714574337006,0.7766202543031603,0.2700960101991871
thanh8+󱘓,thanh8,0.11097985506057739,0.7081821019214937,0.18767796361155112
thanh8+𫽦,thanh8,0.06718708574771881,0.6979635756719501,0.20289327031798665
thanh8+𥶂,thanh8,0.09901167452335358,0.6494593267393974,0.22567220855744208
thanh8+𢠤,thanh8,0.07942866533994675,0.7875951328070818,0.19856093848012768
thanh8+𤁯,thanh8,0.07970556616783142,0.6597605543845253,0.19320847784328565
thanh8+󱝐,thanh8,0.09231701493263245,0.7539387563892277,0.16980700196132345
thanh8+𫴇,thanh8,0.07693363726139069,0.6144616994799598,0.2667679931808781
thanh8+𪣱,thanh8,0.12898926436901093,0.5964755039601635,0.21605518753283115
thanh8+𭉷,thanh8,0.07024411112070084,0.8429717716228448,0.1852517373461581
thanh8+󱰺,thanh8,0.11247612535953522,0.45502727844450575,0.344588551692446
thanh8+󱚍,thanh8,0.08618010580539703,0.7355337740159772,0.6703588033297406
thanh8+𨄸,thanh8,0.0645470842719078,0.7637476080355637,0.250200679432488
thanh8+婫,thanh8,0.044327378273010254,0.8062495663159459,0.14430793879860168
thanh8+𣱿,thanh8,0.0729825347661972,0.8498080304815158,0.14490295454212154
thanh8+𡀬,thanh8,0.08792489022016525,0.7331700561831791,0.16578436350847287
thanh8+𨊌,thanh8,0.13693863153457642,0.71062950779352,0.28441416125782193
thanh8+𠴌,thanh8,0.06845331937074661,0.8541052372107857,0.1586151260316789
thanh8+𡕩,thanh8,0.1077176183462143,0.7730645194295523,0.3620524219172319
thanh8+𠼸,thanh8,0.07219628244638443,0.7106152856748402,0.16901852314905766
thanh8+󱛱,thanh8,0.08200065046548843,0.7162203379402584,0.21086513625980663
thanh8+㨫,thanh8,0.07715515792369843,0.8094944877726066,0.2737322322054385
thanh8+𠶍,thanh8,0.07102089375257492,0.715042341236401,0.17580302507632908
thanh8+𡌩,thanh8,0.08246322721242905,0.796064467522578,0.16625172279656353
thanh8+𠹌,thanh8,0.0907423347234726,0.6517392148636908,0.29906973341502235
thanh8+󱧘,thanh8,0.0835995152592659,0.7361579643524723,0.21925861823851986
thanh8+𧎠,thanh8,0.14844608306884766,0.5680727789939587,0.24798567947949265
thanh8+𫡸,thanh8,0.1471526026725769,0.6757152715573856,0.33589132105074054
thanh8+󱲥,thanh8,0.08909767121076584,0.7911692099780142,0.2588073131745838
