stem,style,lpips,ssim,histogram_distance
thanh1+𣌌,thanh1,0.08648243546485901,0.7315438767953351,29.77451084236752
thanh1+𪢌,thanh1,0.06020118668675423,0.7630964591911982,0.11355058737551714
thanh1+𡎜,thanh1,0.060701582580804825,0.7853244186952931,0.10447698314767666
thanh1+󱞈,thanh1,0.0664469376206398,0.7628626427775556,0.10300673546152044
thanh1+𫼿,thanh1,0.0618707649409771,0.7539025024226498,0.09738560023550889
thanh1+󱢉,thanh1,0.07523997128009796,0.6653927717364337,0.09680391817099844
thanh1+𠴌,thanh1,0.08750991523265839,0.7997088740414844,0.08726637124418925
thanh1+󱢅,thanh1,0.11246530711650848,0.537600708551389,0.3741119880469033
thanh1+󱹻,thanh1,0.10551373660564423,0.6164954952666831,0.11572314148438856
thanh1+湳,thanh1,0.07302378118038177,0.5901480981222416,0.13921938820391402
thanh1+𬧡,thanh1,0.08659052103757858,0.7393466978605129,0.07855821998747665
thanh1+󰮁,thanh1,0.07967375218868256,0.6040522892395581,0.12893326875390465
thanh1+𠸬,thanh1,0.076504647731781,0.5916007845840514,0.12476294839180674
thanh1+󱜺,thanh1,0.057722724974155426,0.7593613852655798,0.10922624080922078
thanh1+𫄋,thanh1,0.04491152986884117,0.8074819430942614,0.13946897072266837
thanh1+囄,thanh1,0.06467949599027634,0.6174579866383209,0.14324727724726713
thanh1+󱥯,thanh1,0.04494365304708481,0.7802864755549445,0.11006219445374366
thanh1+䓬,thanh1,0.04683542996644974,0.8364483124173471,0.10740427311783984
thanh1+󱰍,thanh1,0.07230357825756073,0.5598990991849947,0.11418809650727091
thanh1+𡚝,thanh1,0.08418013155460358,0.6110689391681258,0.19981168114871173
thanh1+𤄷,thanh1,0.07953522354364395,0.6743036319001995,0.14164399832716065
thanh1+󱤚,thanh1,0.08677864074707031,0.7141646990504299,0.10075979036878156
thanh1+𢪭,thanh1,0.04923971742391586,0.8312897833814475,600.4488948509752
thanh1+𫴇,thanh1,0.07509656250476837,0.6961342484606571,0.1345270928750776
thanh1+𠸫,thanh1,0.07158162444829941,0.6586652796301793,167.2759076536348
thanh1+𬅷,thanh1,0.08248116075992584,0.7091714906611276,195.86996583549464
thanh1+𡎤,thanh1,0.10903321206569672,0.6024790599238932,0.10824726965328445
thanh1+󱊚,thanh1,0.058121457695961,0.7840657675705724,0.1452651500246163
thanh1+𢀦,thanh1,0.04701963812112808,0.800612260840753,0.12361478587096701
thanh1+𦨂,thanh1,0.08134312182664871,0.5522998982616868,0.13675042385058808
thanh1+𨄮,thanh1,0.05561574548482895,0.681692632012692,0.10017887822906757
thanh1+𧿯,thanh1,0.04780281335115433,0.7830005036058348,0.11084586246545229
thanh1+󱰯,thanh1,0.04903513565659523,0.775353722765527,0.11945162426890425
thanh1+󱮝,thanh1,0.08443848788738251,0.5328794302636719,0.2802297134134379
thanh1+𡅩,thanh1,0.06427032500505447,0.7683175428527887,0.12916433614864095
thanh1+󰄜,thanh1,0.07280214875936508,0.5286867881308565,0.16509636712718212
thanh1+𦨭,thanh1,0.08927550911903381,0.5166025675309004,0.10899783123196523
thanh1+𬄪,thanh1,0.04717042297124863,0.7832312815575623,0.10362057649592026
thanh1+󱜉,thanh1,0.07496817409992218,0.6332120799251685,0.30191140725740917
thanh1+󰂻,thanh1,0.09296176582574844,0.4970641346293861,0.10263064935117601
thanh1+󱟫,thanh1,0.07062932848930359,0.7983124602225711,0.46254440032808136
thanh1+𬮷,thanh1,0.10029079020023346,0.5458589508807612,0.3080975699740574
thanh1+𡮣,thanh1,0.09306124597787857,0.6682543232826123,0.0925436531258156
thanh1+󱧖,thanh1,0.10828320682048798,0.6681973314182635,0.14341499769746294
thanh1+㧪,thanh1,0.08761715888977051,0.5119486039919098,0.13505306272971285
thanh1+󱬔,thanh1,0.07384120672941208,0.7628056124087812,0.09666160240964373
thanh1+𪢊,thanh1,0.06237221136689186,0.7786256328195055,0.109684545417854
thanh1+󰭂,thanh1,0.08617998659610748,0.6471032212077179,0.11683850109266242
thanh1+𢅄,thanh1,0.053757309913635254,0.8122710339060204,0.09962184151697313
thanh1+𥶱,thanh1,0.04938831180334091,0.7602203099000953,0.11697250739968086
thanh1+啲,thanh1,0.08147575706243515,0.5033544555372504,158.21626445065453
thanh1+𩯂,thanh1,0.08569557219743729,0.6060753826864097,0.15346204207646513
thanh1+𩼁,thanh1,0.07252916693687439,0.6351811798680072,0.14136016120543451
thanh1+𫟌,thanh1,0.11016107350587845,0.5394141773321205,0.10417347230064404
thanh1+㗩,thanh1,0.09831243008375168,0.6795299966559689,0.08428341800919614
thanh1+󱛍,thanh1,0.043957747519016266,0.7815005728769943,0.1199303346445079
thanh1+𫆮,thanh1,0.0501774363219738,0.8169960922205899,0.11451268359310428
thanh1+𪡿,thanh1,0.07429833710193634,0.7606432078990765,0.1105321765976019
thanh1+𢹊,thanh1,0.08671558648347855,0.6352298229185712,0.18132367655412684
thanh1+󰧙,thanh1,0.06972458958625793,0.7303425464985823,0.5983388558714795
thanh1+󱘧,thanh1,0.0766243115067482,0.5945197951715706,0.12697865035388758
thanh1+𦷬,thanh1,0.04902821406722069,0.7842458474456234,0.10462445818209576
thanh1+󱞕,thanh1,0.05860546976327896,0.8257423222018215,0.10370076202205918
thanh1+𠼸,thanh1,0.055758971720933914,0.7545209030963328,0.11023550249141771
thanh1+𤉓,thanh1,0.05881733447313309,0.7545549388873426,0.0892193745659411
thanh1+𤯱,thanh1,0.07903172075748444,0.6825856263070346,0.129384818664943
thanh1+𧒅,thanh1,0.08845687657594681,0.7084383881054469,0.24264472635107126
thanh1+󱟉,thanh1,0.06997392326593399,0.6867037689966424,0.18460107313918253
thanh1+𡪦,thanh1,0.09614875912666321,0.7052477389792484,0.144624667527503
thanh1+󰊫,thanh1,0.08728614449501038,0.3957794654888223,0.10261279142295161
thanh1+𪝅,thanh1,0.055320244282484055,0.7338288984881611,0.0920312763024731
thanh1+𫪎,thanh1,0.06094779074192047,0.8264202908616138,0.0860639020097076
thanh1+󱳴,thanh1,0.06227106600999832,0.6771869154915643,0.15387941588887963
thanh1+󰢽,thanh1,0.03782957047224045,0.8500997626484863,0.09411511589037591
thanh1+𩵾,thanh1,0.06786354631185532,0.7176442087907476,0.10953865990334362
thanh1+󱼓,thanh1,0.0485280342400074,0.790212103349691,0.13076712654542036
thanh1+𫫜,thanh1,0.06862707436084747,0.7479801595752069,0.09457472483522043
thanh1+󰮯,thanh1,0.05326203256845474,0.8101293113928749,0.12580565769177884
thanh1+𡁝,thanh1,0.07397487759590149,0.6540454373379753,0.09937841969837273
thanh1+𠴭,thanh1,0.04912912845611572,0.7778955300397966,0.31181044100956135
thanh1+󱫗,thanh1,0.08365963399410248,0.5826358765965829,6.690931324956998
thanh1+𪻋,thanh1,0.07922836393117905,0.614740137332342,0.13614727829085302
thanh1+𬟻,thanh1,0.08353778719902039,0.6937904399739612,0.08712035458028262
thanh1+󰢣,thanh1,0.08236353099346161,0.6972814071483882,0.10343528383643723
thanh1+捠,thanh1,0.08463176339864731,0.6691996588790495,0.12123871607402552
thanh1+𪡎,thanh1,0.06340465694665909,0.7152519949053302,0.10922685415138489
thanh1+𡫶,thanh1,0.06818503886461258,0.5730807637551246,0.104430080448728
thanh1+󱫠,thanh1,0.08380632102489471,0.5172643878278638,0.12250691227303849
thanh1+𰈏,thanh1,0.07510127127170563,0.7724967921656198,0.13443333895195062
thanh1+篵,thanh1,0.08542487770318985,0.6687410865081906,0.11378357190869348
thanh1+󰊎,thanh1,0.08700960874557495,0.48718085665532523,0.14696090849622112
thanh1+󱪢,thanh1,0.06911593675613403,0.6402157347202334,0.11884776293492166
thanh1+𡮛,thanh1,0.07584942132234573,0.6593911694273225,0.09406428659252869
thanh1+𨁟,thanh1,0.07275042682886124,0.5739906020590567,0.12589289180046867
thanh1+󱛹,thanh1,0.08962525427341461,0.6922534037880086,0.20284645527748546
thanh1+𫑺,thanh1,0.08018137514591217,0.7143812405452066,19.41270264916012
thanh1+𠶈,thanh1,0.09799577295780182,0.5986026709399002,0.08409358138403733
thanh1+𡎡,thanh1,0.057168252766132355,0.6827734891346786,0.10317313687790132
thanh1+󰼀,thanh1,0.06865902990102768,0.6822184726970809,0.09399092327729137
thanh1+󱟢,thanh1,0.07568274438381195,0.5916411630039066,0.11746590592088885
thanh1+𡄧,thanh1,0.0838247612118721,0.6418645952304748,1.4629341060017147
thanh1+󱦩,thanh1,0.09992118179798126,0.5838184300449243,0.11929128916577363
thanh1+󱥦,thanh1,0.061873871833086014,0.6663895910031419,0.18283891881160916
thanh1+𫪄,thanh1,0.07599461078643799,0.7270139719121173,0.11270541547379224
thanh1+𬡶,thanh1,0.07375776022672653,0.6834030943207366,2.060478641169459
thanh1+󱩳,thanh1,0.08439307659864426,0.6112239748298126,0.1572429721051104
thanh1+𪭟,thanh1,0.06342172622680664,0.82006529215865,29.134619684074675
thanh1+󱦯,thanh1,0.07131543010473251,0.63874791461306,0.08675829444680516
thanh1+󱤠,thanh1,0.07171651721000671,0.7769382057842376,0.10367298578205468
thanh1+󱝺,thanh1,0.07641378045082092,0.7400030521670184,12.300705083034268
thanh1+𢠤,thanh1,0.0638408437371254,0.7664464429291522,0.15063097813230922
thanh1+𫧟,thanh1,0.08222012221813202,0.6732949436161642,0.10397691463010139
thanh1+󱛪,thanh1,0.057394448667764664,0.7865224809774185,0.1751773157550737
thanh1+𤗹,thanh1,0.061171673238277435,0.7733599961876035,1.4333626474383703
thanh1+󱞻,thanh1,0.07638559490442276,0.6936491784789236,0.11187293708431083
thanh1+󰍱,thanh1,0.04456470161676407,0.7661239807063326,0.09595659391989363
thanh1+󰄼,thanh1,0.05762588232755661,0.7418909997020255,0.10972725529321813
thanh1+𫢶,thanh1,0.06422223150730133,0.7362733412467947,0.13792297509589566
thanh1+𦟏,thanh1,0.10171330720186234,0.39950166455139385,1.2403349634459344
thanh1+𪴉,thanh1,0.06256762892007828,0.703622571349522,0.191347532008277
thanh1+𧞣,thanh1,0.0640280693769455,0.6353316153166368,0.11007486422239447
thanh1+󱏛,thanh1,0.08729548752307892,0.6994292106487261,0.07597154115112516
thanh1+󱛳,thanh1,0.06305303424596786,0.7555936524265516,0.16052600138552492
thanh1+󱥑,thanh1,0.0519673153758049,0.769688872194984,0.1179789116674217
thanh1+𠌊,thanh1,0.04322775453329086,0.8294710845579029,0.2799652937601719
thanh1+𫵊,thanh1,0.05001860111951828,0.819678614498667,0.08557454838188118
thanh1+󱩻,thanh1,0.07484655827283859,0.7684739059829713,0.10636126755741342
thanh1+𪺇,thanh1,0.07433393597602844,0.7744102142082478,0.15274158983164723
thanh1+𡂉,thanh1,0.05763958767056465,0.7499646829667034,0.09902542413147047
thanh1+󰌋,thanh1,0.055150434374809265,0.7891605583996701,0.10516918430026195
thanh1+󱟠,thanh1,0.0886702910065651,0.6141621059510002,0.11628250107683324
thanh1+𡉎,thanh1,0.06048610061407089,0.8028268279538322,0.06908115416490296
thanh1+挒,thanh1,0.05931495502591133,0.7600963768552652,0.11254126725907909
thanh1+㙘,thanh1,0.08564051985740662,0.6448087880051845,0.13318294201797187
thanh1+𧋅,thanh1,0.07543417066335678,0.7025655623294095,0.10550140579409677
thanh1+𪩥,thanh1,0.06512689590454102,0.7569299515413893,21.127035421892245
thanh1+󱭪,thanh1,0.039937637746334076,0.8049053284707718,0.10165815573451771
thanh1+𪥑,thanh1,0.06673148274421692,0.7619339064784952,0.11686202016437197
thanh1+𫛈,thanh1,0.0803343653678894,0.6854814927109026,0.11746019185317906
thanh1+󱡑,thanh1,0.044234972447156906,0.8729493508597097,0.10328137498077432
thanh1+𬆅,thanh1,0.06500598043203354,0.7278978479877017,0.11086421872396006
thanh1+𬖵,thanh1,0.07749507576227188,0.7004856836014747,0.11931800964337473
thanh1+𰇵,thanh1,0.0575399212539196,0.8107900009247979,0.09630601445142543
thanh1+󰂛,thanh1,0.04830419272184372,0.8134839402262036,0.0881308453613139
thanh1+𪡱,thanh1,0.04871965944766998,0.7896790947223767,0.10353669439424923
thanh1+󱥪,thanh1,0.07015027105808258,0.7792450180213146,0.13932469818633827
thanh1+󱭷,thanh1,0.07815200090408325,0.6942872965872234,0.12789846804745184
thanh1+󱪎,thanh1,0.08510805666446686,0.7098798621134209,0.11023445256285497
thanh1+𠵴,thanh1,0.07268834114074707,0.7152693439735489,0.09346746377615112
thanh1+󱰐,thanh1,0.07435400038957596,0.7282232117511714,0.1444867761123467
thanh1+󱚑,thanh1,0.04347063601016998,0.8595216902454219,0.11023722453151968
thanh1+󱝑,thanh1,0.06520946323871613,0.8132253986624263,0.13943118563580723
thanh1+𠶒,thanh1,0.11539418250322342,0.5229142425514306,2.127603263090212
thanh1+󱝷,thanh1,0.06234796345233917,0.6868767832637614,0.13125419223814822
thanh1+󱛕,thanh1,0.046451881527900696,0.7836769437417548,0.11158627047657588
thanh1+𠷦,thanh1,0.052590399980545044,0.7182022826220222,0.11372131368878542
thanh1+󱦗,thanh1,0.08976072072982788,0.7230528739207654,0.11485173555367444
thanh1+𫧾,thanh1,0.07437385618686676,0.6477187955786724,0.10941269747392668
thanh1+󱜲,thanh1,0.08114679157733917,0.6608902515886753,0.13822147593565293
thanh1+𢲠,thanh1,0.08629181981086731,0.5874088895885864,0.11034046741057373
thanh1+󱳒,thanh1,0.10397447645664215,0.6060306918605425,0.12633832841167789
thanh1+𪡈,thanh1,0.07834631204605103,0.7090298894330963,0.06739539028908964
thanh1+𬄹,thanh1,0.07358595728874207,0.786679849598657,0.12762196326934144
thanh1+󱯠,thanh1,0.07810064405202866,0.7748903529556745,0.11738513867256543
thanh1+󱞟,thanh1,0.07530514895915985,0.6089923706393396,0.12342162495491656
thanh1+𪤲,thanh1,0.05393564701080322,0.8348748082408011,0.13640248975903535
thanh1+𬞰,thanh1,0.07004815340042114,0.5292887858492025,0.10974116671188205
thanh1+󱋠,thanh1,0.059601761400699615,0.7423490513696475,0.15831733846330595
thanh1+𬂨,thanh1,0.049459222704172134,0.7998640088726339,0.11902403711014564
thanh1+󱟱,thanh1,0.08547957241535187,0.8044618016150284,0.08767770582393451
thanh1+𢲾,thanh1,0.07402242720127106,0.6451160661331378,23.913088646751106
thanh1+󱰶,thanh1,0.06853880733251572,0.7903642322344008,0.10704619797403568
thanh1+󰮦,thanh1,0.07625964283943176,0.713513778445362,0.12250912139295238
thanh1+𰈨,thanh1,0.04532045125961304,0.8128525505630447,0.11090528471757632
thanh1+𪖺,thanh1,0.056446656584739685,0.7627900484845,0.2034227558426658
thanh1+󱝗,thanh1,0.10658174753189087,0.48210743251467597,0.10451719964554503
thanh1+󰨑,thanh1,0.06787789613008499,0.7467910098948578,0.10849848695689196
thanh1+󰣡,thanh1,0.06137179955840111,0.680619775141485,0.1687843789208329
thanh1+𠹰,thanh1,0.07033508270978928,0.7667282004911556,0.10101993874061273
thanh1+𫵞,thanh1,0.0880594477057457,0.6553158733307168,0.14215702374858993
thanh1+󱧨,thanh1,0.08537666499614716,0.6873958617281062,0.2072868279394572
thanh1+𪶩,thanh1,0.08569497615098953,0.7184093577850839,0.1003021687496738
thanh1+𡫐,thanh1,0.07297340035438538,0.6476345164203346,0.2774502482977726
thanh1+󱡴,thanh1,0.08539734780788422,0.5965070880075202,0.1182914130396066
thanh1+𡀲,thanh1,0.05400408059358597,0.7483347363213328,0.12575948187381425
thanh1+𦘱,thanh1,0.08043526113033295,0.790563878312783,0.1415843979898176
thanh1+󱭘,thanh1,0.061249833554029465,0.7444492939744103,0.11074574530466814
thanh1+󱞀,thanh1,0.07081093639135361,0.7300352436025158,0.2205424886375301
thanh1+𪢠,thanh1,0.05892356112599373,0.7687176799707094,0.10842220071027582
thanh1+󰭠,thanh1,0.051111944019794464,0.8323837558324265,0.3164977984603461
thanh1+󱛦,thanh1,0.05114586651325226,0.8592831096003317,0.09604048821816108
thanh1+𪢒,thanh1,0.05428092181682587,0.7859605391140085,0.0883222231789756
thanh1+󱞄,thanh1,0.056086502969264984,0.7659553974308783,0.10305357591972131
thanh1+󱫟,thanh1,0.07577166706323624,0.7069948316412359,0.10832757194462966
thanh1+𩽈,thanh1,0.054902512580156326,0.7707391828488118,0.14127535326254967
thanh1+󱀰,thanh1,0.04970794916152954,0.8181124797385106,0.08548748797026721
thanh1+󱜴,thanh1,0.07352454215288162,0.7512541192994447,0.1132900035825456
thanh1+𠀿,thanh1,0.08296359330415726,0.7156130877057024,0.114453945614594
thanh1+𣞄,thanh1,0.053780313581228256,0.8146731260439968,0.10277783953128232
thanh1+𪥘,thanh1,0.06439889222383499,0.7147405374126223,0.11074509421576668
thanh1+𭉷,thanh1,0.0925225019454956,0.5995336627029244,2.4955187869818345
thanh1+𫔬,thanh1,0.08275862783193588,0.7410276630737096,0.08044177434998517
thanh1+𫴬,thanh1,0.06054774299263954,0.7655667680375849,0.12268649542812338
thanh1+󱥻,thanh1,0.08129289746284485,0.5937170881339418,0.08979928026068844
thanh1+󱟏,thanh1,0.07660094648599625,0.6693688910520927,5.467897636041559
thanh1+𤬪,thanh1,0.08992891758680344,0.6746831430869116,0.09124892024379105
thanh1+𬃴,thanh1,0.05439770221710205,0.6835900738944974,0.08355474056421731
thanh1+󱙴,thanh1,0.05761469900608063,0.7746147620039305,0.09439876624266896
thanh1+𤎓,thanh1,0.0674092173576355,0.6216970723035807,0.1276177970653065
thanh1+𪢡,thanh1,0.08077263832092285,0.6685243137613727,0.9680826413236469
thanh1+󱘡,thanh1,0.0836590826511383,0.6628404934638721,0.15498699284280554
thanh1+󱲝,thanh1,0.08246951550245285,0.6829910857321985,0.15268410989410794
thanh1+𬏻,thanh1,0.056076616048812866,0.7527041735905754,0.09850877072528097
thanh1+𫢖,thanh1,0.05274943262338638,0.8247622228789495,0.08359627150126003
thanh1+𫢧,thanh1,0.06772147864103317,0.7543532174131868,0.10272191038312495
thanh1+㖪,thanh1,0.04836896061897278,0.7834955241232092,0.08113395197512996
thanh1+𪾭,thanh1,0.04495879262685776,0.8617280150395374,0.0947472112248909
thanh1+𠼳,thanh1,0.05849848687648773,0.7036071982760337,0.6167953845564299
thanh1+𦞎,thanh1,0.08622333407402039,0.6834280981908608,0.13917625249884988
thanh1+󱟕,thanh1,0.08307027071714401,0.4273298681611808,0.10092199483104218
thanh1+𠾺,thanh1,0.06603685021400452,0.7694670260756222,0.09633220108458307
thanh1+󱞡,thanh1,0.07286287844181061,0.7233452748242744,0.11988824297564005
thanh1+𡄳,thanh1,0.04720958322286606,0.8031522087315162,0.12020309486610094
thanh1+𫫴,thanh1,0.07589451223611832,0.5056926931658628,0.11304845228086581
thanh1+󱘓,thanh1,0.06143556907773018,0.724423922560874,0.1276719748547859
thanh1+󰜡,thanh1,0.055673997849226,0.7901243181396418,0.1062838757416877
thanh1+󱍺,thanh1,0.07041511684656143,0.7413395643901032,0.15071296496748504
thanh1+𤋽,thanh1,0.08853359520435333,0.6225153424302442,0.20264162059003146
thanh1+󰴾,thanh1,0.0818558782339096,0.5476160417991812,0.09582598993934444
thanh1+󱢰,thanh1,0.06977216899394989,0.8124315254832026,0.11478476017154611
thanh1+𣋇,thanh1,0.08903715014457703,0.5628627341104961,0.11347889592863558
thanh1+󰢔,thanh1,0.06981094926595688,0.7568626483681992,78.40176750784006
thanh1+㼫,thanh1,0.049364279955625534,0.8103168663947142,0.16119317509201078
thanh1+𪝪,thanh1,0.052994612604379654,0.8267795451937583,0.13105554530847005
thanh1+𢰦,thanh1,0.055416323244571686,0.7627894889101209,0.09669132811640481
thanh1+󱢥,thanh1,0.06302846223115921,0.6942534613667831,0.17765089675986276
thanh1+𬈈,thanh1,0.07929673790931702,0.6925740599410581,0.11104987022242298
thanh1+󱗳,thanh1,0.06749428063631058,0.7021739332095583,0.11013737117712924
thanh1+󱼒,thanh1,0.09463051706552505,0.6464968990949054,0.09136785849095709
thanh1+𡏠,thanh1,0.07648484408855438,0.4464669156906121,0.11752296867640599
thanh1+󱟂,thanh1,0.09328500926494598,0.29449589545124805,66.67281751899989
thanh1+𭈖,thanh1,0.05852615088224411,0.7857791911183856,0.1977234580722592
thanh1+䐥,thanh1,0.07297948002815247,0.7205985938017001,0.10168626633346482
thanh1+𬓓,thanh1,0.07881560176610947,0.5231642976039382,0.13858889088268667
thanh1+󱞇,thanh1,0.06449030339717865,0.8001726000430106,0.10219296586327135
thanh1+𥙒,thanh1,0.10170914977788925,0.4552650680661245,0.09942160193502962
thanh1+𣛦,thanh1,0.07085117697715759,0.6502885823324965,0.11296185125707865
thanh1+𡚄,thanh1,0.08197107911109924,0.6898438987534727,0.11596446460047
thanh1+𭰺,thanh1,0.06163717806339264,0.7864153360297559,0.10581596725822646
thanh1+𡄫,thanh1,0.056497614830732346,0.7666181275040432,0.11978036627369894
thanh1+濧,thanh1,0.09257232397794724,0.6454465415565082,0.12383356388985435
thanh1+󱤈,thanh1,0.05984722822904587,0.6828359087263391,0.12822879579585306
thanh1+󱬑,thanh1,0.07190176844596863,0.7698838747784835,0.1821331931012984
thanh1+󱰮,thanh1,0.08283870667219162,0.6514953742669536,0.131851153168799
thanh1+𠶍,thanh1,0.09179604053497314,0.6786822107726301,0.2528143502598601
thanh1+𨨨,thanh1,0.09151490032672882,0.5267212307228317,0.10646526447142546
thanh1+𡄡,thanh1,0.05691010504961014,0.8070161089482046,0.09887634374723912
thanh1+󱟲,thanh1,0.0746600329875946,0.679622341318856,0.12133183700389301
thanh1+𥴙,thanh1,0.07197137922048569,0.6968215223885358,0.12471823844757603
thanh1+󰅬,thanh1,0.060115259140729904,0.7063881713652966,0.10743210882589505
thanh1+󰬥,thanh1,0.05517992749810219,0.8237444628800878,0.1337066121019509
thanh1+𬠥,thanh1,0.0701562762260437,0.5381017233648118,0.6640121822274334
thanh1+󱚕,thanh1,0.09080004692077637,0.5497670741335836,0.10569329279376405
thanh1+󱤗,thanh1,0.05866041034460068,0.7737448606166636,0.09853612731794749
thanh1+󱀄,thanh1,0.0657033622264862,0.7497491702489153,0.10062914211986053
thanh1+𬉌,thanh1,0.06438429653644562,0.8114766017578968,0.11783570340488832
thanh1+𤁯,thanh1,0.08544190973043442,0.6443273739882253,0.09172730407812667
thanh1+󰮡,thanh1,0.13753364980220795,0.3141438196659433,0.0993044705236036
thanh1+󱯗,thanh1,0.05407312512397766,0.7691417404362645,0.12125248476652573
thanh1+𤼞,thanh1,0.1194874495267868,0.42216989502562985,0.1352132533368922
thanh1+𪰰,thanh1,0.061178822070360184,0.6828185689288051,0.11516023561624174
thanh1+󱠑,thanh1,0.06734268367290497,0.6260370545644349,0.10715411991236001
thanh1+𤶹,thanh1,0.047876354306936264,0.767496767918223,0.1215379266435113
thanh1+𡅉,thanh1,0.07152296602725983,0.5850053415709034,0.0950873027904335
thanh1+𫣝,thanh1,0.08933315426111221,0.6080416667160256,0.21777083760694896
thanh1+󱠠,thanh1,0.09862915426492691,0.45905877491815256,0.10132785638141095
thanh1+󱜖,thanh1,0.08723776042461395,0.6678052238993595,0.07030152644888615
thanh1+󱦾,thanh1,0.07262948155403137,0.6721953780222713,0.14135888817960082
thanh1+𤲼,thanh1,0.07802261412143707,0.6332069980866726,0.1067623814009135
thanh1+󰇵,thanh1,0.0693354457616806,0.6794740040901794,0.12080419649616876
thanh1+𤣡,thanh1,0.09402067959308624,0.5963581738545692,0.12186824130828254
thanh1+𡁽,thanh1,0.08177374303340912,0.6974580177736052,1.005510364600129
thanh1+𡁚,thanh1,0.07554500550031662,0.7175527293071752,0.16796084056827856
thanh1+溒,thanh1,0.06925548613071442,0.7111048535820387,0.1159761632619004
thanh1+󱛺,thanh1,0.06288257241249084,0.7355647729260275,0.10621991082686529
thanh1+𦄆,thanh1,0.07734329998493195,0.7684730269071421,0.11469967219890498
thanh1+𠼋,thanh1,0.05702159181237221,0.8195644616095648,0.10644711805696268
thanh1+𡑪,thanh1,0.0638657882809639,0.7323673866980167,0.10085382578408768
thanh1+𫫊,thanh1,0.040654778480529785,0.8346508676038467,0.07800871469078192
thanh1+𤻓,thanh1,0.07674958556890488,0.6026163270336521,10.675732194201046
thanh1+󱟟,thanh1,0.07908739149570465,0.7082539398397575,0.14101700377534765
thanh1+󰙅,thanh1,0.056839168071746826,0.7621931392421734,0.14480553815465444
thanh1+𠇕,thanh1,0.08793576806783676,0.6584998095425909,0.14035291719195167
thanh1+𫥸,thanh1,0.09467758983373642,0.6838526796163914,0.20074040390922807
thanh1+𪢷,thanh1,0.07041162252426147,0.7803809825098734,0.11844495242311825
thanh1+𪢍,thanh1,0.046204566955566406,0.7812194064361326,0.09583404608058972
thanh1+󰣿,thanh1,0.06430447846651077,0.7586091725099657,0.14008028713178858
thanh1+𠾬,thanh1,0.0395113006234169,0.8256784092708085,0.09259822885803803
thanh1+𡓟,thanh1,0.05031648650765419,0.8360875522959895,0.15491171021625125
thanh1+󱚰,thanh1,0.045412685722112656,0.803111062216649,0.6817040358627601
thanh1+󱯈,thanh1,0.056513238698244095,0.7698160603095521,0.10259115011512594
thanh1+𠿀,thanh1,0.06849338859319687,0.7445096601940044,0.1336129852722345
thanh1+𦲼,thanh1,0.06307276338338852,0.7399230487785821,0.13245394704075455
thanh1+𨄿,thanh1,0.07654520124197006,0.5452259224298786,0.11225405747858834
thanh1+󱛴,thanh1,0.0651850476861,0.5628860636726066,1.941180546749474
thanh1+𣘊,thanh1,0.05101795122027397,0.8036851022485338,0.14652615670494365
thanh1+𫐹,thanh1,0.07820241898298264,0.8011385262853703,0.1306164202005868
thanh1+𬓛,thanh1,0.10980144143104553,0.41646640818043595,0.34123974815012886
thanh1+𠽙,thanh1,0.06607420742511749,0.71548652899334,0.08203551342659686
thanh1+𠮨,thanh1,0.07504640519618988,0.8068112157840803,0.07931238986488105
thanh1+𬕳,thanh1,0.0765002965927124,0.6568514050115615,0.17851180471726838
thanh1+󱪱,thanh1,0.047005146741867065,0.7600461761949856,0.13794928291161587
thanh1+堹,thanh1,0.045674148947000504,0.8465656229970826,2.707474719356729
thanh1+󱨨,thanh1,0.09326218068599701,0.5360737941652495,0.15572317365233213
thanh1+𠽂,thanh1,0.08807133883237839,0.5400894312092962,0.1052255717939012
thanh1+󱞴,thanh1,0.06901640444993973,0.6542464478327293,0.10639892129952389
thanh1+𫄉,thanh1,0.05897998809814453,0.759729554938112,0.12245891792360557
thanh1+𠽇,thanh1,0.07582011818885803,0.7822240737164402,0.09687982154623148
thanh1+哖,thanh1,0.10479239374399185,0.7564300305137794,0.11085629543372866
thanh1+𥶂,thanh1,0.07392928004264832,0.7944725076347908,0.11426264589671865
thanh1+𠶂,thanh1,0.07058894634246826,0.7365944539818302,0.07154843474177693
thanh1+𦛲,thanh1,0.06625211238861084,0.6018664240819709,0.10952522225181129
thanh1+哠,thanh1,0.06945351511240005,0.7572535274068861,0.09449081258782789
thanh1+󱞔,thanh1,0.04641783982515335,0.8506875609318593,0.10267201041358749
thanh1+𠸯,thanh1,0.08179152011871338,0.7297172763700293,90.8987157786017
thanh1+𦟑,thanh1,0.09983240067958832,0.6053905805103951,0.1427458161169168
thanh1+󱙥,thanh1,0.10036398470401764,0.6364385354463422,0.1566745749562518
thanh1+𪡴,thanh1,0.06788331270217896,0.7491847730795356,0.0874278725307636
thanh1+𬔽,thanh1,0.10159286111593246,0.6385221855257636,0.0844768954404379
thanh1+󱞙,thanh1,0.05642571300268173,0.8119994995227943,0.12853878528462015
thanh1+󱞾,thanh1,0.0830840989947319,0.6284171745005562,0.10090009225483293
thanh1+𣻢,thanh1,0.09682448208332062,0.652513531965687,0.11239769000395451
thanh1+󰁐,thanh1,0.08417698740959167,0.7078938431622955,0.10814652503718147
thanh1+󱩩,thanh1,0.06031212955713272,0.766373200066957,0.09177149933079293
thanh1+𪢤,thanh1,0.058168914169073105,0.7695145517288254,0.4426605323989162
thanh1+󱛑,thanh1,0.07080628722906113,0.7076688690885234,0.10742626170300207
thanh1+𡌡,thanh1,0.06382455676794052,0.7842449169976997,0.09572769917763374
thanh1+󱛻,thanh1,0.08223273605108261,0.5469121766165194,0.11098350289671484
thanh1+󱛣,thanh1,0.08613215386867523,0.684495830248486,0.16277633806601666
thanh1+󱯺,thanh1,0.06945540010929108,0.6939387149411818,1.9376927676482965
thanh1+𩀳,thanh1,0.053215496242046356,0.6835095150507198,0.11001291326745834
thanh1+𥋲,thanh1,0.04619855433702469,0.7947976875878844,0.2921104194599475
thanh1+󱜌,thanh1,0.12283482402563095,0.7137067458226127,0.10170954813701832
thanh1+𫭅,thanh1,0.07325553148984909,0.7746582167793299,0.9767044991874498
thanh1+󱅒,thanh1,0.07648912817239761,0.5921269224694421,0.1606507294994126
thanh1+𠜈,thanh1,0.08577645570039749,0.6131827709465745,0.08872742001331452
thanh1+𬊭,thanh1,0.09779924899339676,0.506129730690348,0.10258046946841907
thanh1+㗴,thanh1,0.044635627418756485,0.8288005246990069,0.12053694804407784
thanh1+𡋦,thanh1,0.07182861864566803,0.7443035373621402,0.08317870582992738
thanh1+㙩,thanh1,0.05249832943081856,0.8071769958190298,0.11363675415393577
thanh1+𪢜,thanh1,0.06258650124073029,0.6355322773687391,0.11962633329735035
thanh1+󱚒,thanh1,0.05040191113948822,0.8213277007044347,0.2595632738393836
thanh1+󰬲,thanh1,0.05260019749403,0.7880005696662981,0.1828187361582214
thanh1+󱛱,thanh1,0.08993691205978394,0.6880434490801663,1.5525520141592655
thanh1+󱝪,thanh1,0.07066689431667328,0.6375205255178642,0.18464817871843
thanh1+𢯝,thanh1,0.05220707878470421,0.8167151105464039,0.11110857517181139
thanh1+󱥥,thanh1,0.07216443121433258,0.5928600506571908,15.191468739116997
thanh1+󰶅,thanh1,0.0687459260225296,0.7760337872438848,0.10368354106293305
thanh1+𫱞,thanh1,0.06741011142730713,0.7456272837134237,0.2677888624263342
thanh1+檤,thanh1,0.05526425689458847,0.8078073651577561,0.10356844359844954
thanh1+𠱜,thanh1,0.07052585482597351,0.7773784007912387,0.11056515285822527
thanh1+󱞼,thanh1,0.06876114010810852,0.7980213837239747,0.09382364617710448
thanh1+󱙰,thanh1,0.05630076676607132,0.7232215343890057,0.11757967445212951
thanh1+鎫,thanh1,0.055384792387485504,0.818895556587773,0.11821940492048665
thanh1+󱚂,thanh1,0.09917531907558441,0.7675158537318315,0.09727054852527801
thanh1+𧌂,thanh1,0.07109980285167694,0.7663992707577056,0.11354503982910415
thanh1+𢠿,thanh1,0.046820856630802155,0.8129333761388562,133.9325452649131
thanh1+󱞆,thanh1,0.0711166262626648,0.7091884535284289,0.12717919741378095
thanh1+󱝖,thanh1,0.087304025888443,0.6258818311788464,0.12423211606706552
thanh1+𦟋,thanh1,0.05084335431456566,0.7446845103231753,70.94868593954287
thanh1+󱜆,thanh1,0.06029299646615982,0.7949809442576932,0.11071036566825883
thanh1+𡅍,thanh1,0.06351736187934875,0.6359750719084005,0.16071282515620602
thanh1+󰯺,thanh1,0.05407772958278656,0.7938466908691763,0.10482479258133848
thanh1+𬈗,thanh1,0.0736166313290596,0.752906803634871,0.12415704591494549
thanh1+𠳭,thanh1,0.052260007709264755,0.817677055293717,0.08903714840272581
thanh1+𮫷,thanh1,0.06471037864685059,0.7650783336566643,0.14658095324231968
thanh1+𠺼,thanh1,0.044257935136556625,0.8140745137507163,0.09781308152723099
thanh1+󱡉,thanh1,0.10264182090759277,0.6613130924875048,0.126801569679003
thanh1+𠺺,thanh1,0.07885868847370148,0.5925575599492846,0.18049214357176305
thanh1+󰤴,thanh1,0.08359478414058685,0.717431870164613,0.08507649732595435
thanh1+󰺼,thanh1,0.09288158267736435,0.6970493535863996,0.1742361073979388
thanh1+𬙛,thanh1,0.10032982379198074,0.7251234395046127,0.07915957372244041
thanh1+𡑭,thanh1,0.0723208636045456,0.679182501518657,3.339037692094865
thanh1+󱙌,thanh1,0.08615440130233765,0.6712534793085118,0.1268644823285899
thanh1+𠸄,thanh1,0.06368071585893631,0.6663891791701819,0.09754515612737895
thanh1+󱡰,thanh1,0.08652356266975403,0.6877677979474257,0.20992066479051394
thanh1+󱦙,thanh1,0.08336082845926285,0.5933823402214838,0.1393013093177418
thanh1+𠿸,thanh1,0.07494065165519714,0.7807900902780921,0.10308596864156198
thanh1+抋,thanh1,0.06105804443359375,0.7926293495202505,0.08194398613406624
thanh1+𫅲,thanh1,0.08968113362789154,0.6039746980619948,0.09447946220403254
thanh1+唥,thanh1,0.07023832201957703,0.7737655438495681,0.0890882203814742
thanh1+𩶽,thanh1,0.07756485790014267,0.5422082963478928,1.1042938107631575
thanh1+󱣂,thanh1,0.06994393467903137,0.6376134501847167,0.12428872705502081
thanh1+󱪚,thanh1,0.07377949357032776,0.6179176068312876,0.10225176457253023
thanh1+󱲥,thanh1,0.07492754608392715,0.7854975361293786,4.525946572690307
thanh1+󱜝,thanh1,0.045374512672424316,0.8604818253469223,0.06511147284866746
thanh1+󱨇,thanh1,0.08707082271575928,0.7091564435108247,0.1303781290571032
thanh1+𪡗,thanh1,0.07628471404314041,0.6164771558116549,0.10108975987203261
thanh1+󰧺,thanh1,0.08224481344223022,0.6736381737042594,0.1172340290670529
thanh1+𠿱,thanh1,0.0749150887131691,0.6985730978476884,0.25627249533248536
thanh1+󱠰,thanh1,0.08422619104385376,0.7318597429325248,0.1631451077628929
thanh1+󱺂,thanh1,0.08243352174758911,0.6652407428794116,0.08969558884572115
thanh1+𮜲,thanh1,0.07950383424758911,0.6235565605305606,0.11410257623400011
thanh1+𩯁,thanh1,0.1269827038049698,0.504887517255006,0.1530974026669071
thanh1+󱯛,thanh1,0.16246244311332703,0.6050765072087613,0.09813326534206819
thanh1+𠲏,thanh1,0.06945578753948212,0.8043769984591314,0.09802188562829017
thanh1+󱝭,thanh1,0.07203976809978485,0.7255040129353758,0.08716923443292572
thanh1+𡀫,thanh1,0.06162846460938454,0.8026865856374784,0.12558846131049664
thanh1+󱞒,thanh1,0.10388479381799698,0.5260691639040089,0.11667083116384125
thanh1+󱝞,thanh1,0.06858980655670166,0.7495796870102225,0.10976781952976755
thanh1+󱞜,thanh1,0.07196129113435745,0.6895267291684245,0.12210626589982647
thanh1+󰸪,thanh1,0.05780018866062164,0.7645629784403989,0.12907579977997008
thanh1+𫪀,thanh1,0.04802801460027695,0.8180432565203756,0.09722102868378966
thanh1+𪤻,thanh1,0.05571726709604263,0.7889891961744532,0.10964607372588904
thanh1+󱮺,thanh1,0.0694877877831459,0.7300743071177151,0.15733295069112951
thanh1+󱦐,thanh1,0.06862089037895203,0.5805412628472055,0.1103659826055562
thanh1+𭉆,thanh1,0.07819503545761108,0.7504090921973213,0.1545088083567998
thanh1+󱜫,thanh1,0.05927889421582222,0.7146137699789694,47.40795229681444
thanh1+𡃙,thanh1,0.07431911677122116,0.7585351961986665,0.1660416331977634
thanh1+󱡗,thanh1,0.07060539722442627,0.7023905629326219,0.10668357570753888
thanh1+朠,thanh1,0.05399763956665993,0.678871477245368,1.4712518870887843
thanh1+𡃝,thanh1,0.1281200349330902,0.70335897292537,0.21370601185016938
thanh1+󱜾,thanh1,0.055700384080410004,0.7213246847633875,0.08365391640155322
thanh1+󱚫,thanh1,0.0657971128821373,0.6963727138590925,0.1068552594652082
thanh1+󱞲,thanh1,0.04297944903373718,0.8041637271376715,0.10248761722103239
thanh1+󱟁,thanh1,0.08689841628074646,0.48648768865025416,0.11074395896015254
thanh1+󱫸,thanh1,0.07497674226760864,0.5533771273759605,0.1235193567495907
thanh1+𫯝,thanh1,0.07345055788755417,0.7487616488846802,0.10232959845716665
thanh1+𧎠,thanh1,0.07665219157934189,0.7522657900735708,0.10730907610437461
thanh1+㨲,thanh1,0.07303506135940552,0.6618363049393083,0.09845005174956323
thanh1+𪟤,thanh1,0.059232670813798904,0.7790727190107404,0.28657832881350614
thanh1+󰙯,thanh1,0.07757512480020523,0.7495272471266348,0.11556395742604786
thanh1+𦩳,thanh1,0.0592694915831089,0.7893005201231504,0.25884429173845264
thanh1+𪢖,thanh1,0.06793373823165894,0.7135810455084455,0.1286740062013628
thanh1+󱢜,thanh1,0.07201654464006424,0.6078399030521795,0.1402582188993026
thanh1+󱓍,thanh1,0.08452311903238297,0.6346135773409564,0.09895211766271635
thanh1+𫪁,thanh1,0.031129194423556328,0.8874817537901184,0.08707526770033562
thanh1+𡀦,thanh1,0.06651042401790619,0.7878107792341296,12.196539505565012
thanh1+󱛅,thanh1,0.07642930001020432,0.750256769750371,2.1787049737465702
thanh1+󰏏,thanh1,0.06965907663106918,0.6981989779352662,0.13247763420818967
thanh1+𦟟,thanh1,0.05126688629388809,0.7963735307957406,0.1190730760377224
thanh1+󱺃,thanh1,0.07333245128393173,0.7629482500096384,13.535679824819448
thanh1+𢴎,thanh1,0.06617318838834763,0.7252763987778604,0.10732314167579855
thanh1+󰌺,thanh1,0.0643995851278305,0.8065121096900432,0.14900026834686098
thanh1+𬗏,thanh1,0.05163094401359558,0.7382251858613349,0.10157366409402187
thanh1+𪡆,thanh1,0.10462163388729095,0.5392860418001286,0.12288072696200121
thanh1+󱟮,thanh1,0.0940619558095932,0.3216437316906369,0.11560167623561146
thanh1+󱫂,thanh1,0.06839856505393982,0.7810073084188311,0.10861807683542819
thanh1+󱝝,thanh1,0.04847894608974457,0.8470323929317162,0.07706636793235112
thanh1+󱹜,thanh1,0.06719905883073807,0.7520898566758986,0.10674587992043254
thanh1+󱝆,thanh1,0.060162000358104706,0.822192335499556,0.1639700670018089
thanh1+󱞃,thanh1,0.06568755954504013,0.7523919913853976,0.11749554035881289
thanh1+󱞁,thanh1,0.0479104109108448,0.7918612322370338,0.5658704803383877
thanh1+𫽦,thanh1,0.07558852434158325,0.7245553315049151,0.16282251720920166
thanh1+󱬧,thanh1,0.06419104337692261,0.761825468882866,0.12980948622510982
thanh1+󰃧,thanh1,0.05452313274145126,0.7697210689186899,0.15332084638453208
thanh1+𧍆,thanh1,0.05096931755542755,0.8018163512766031,0.10620777296508026
thanh1+湨,thanh1,0.12444077432155609,0.684117236679798,98.68865925630625
thanh1+󱰖,thanh1,0.11893928796052933,0.3131146141598446,0.2207941509279532
thanh1+󱜶,thanh1,0.09315827488899231,0.7299784170064579,0.08769554574436127
thanh1+𨂚,thanh1,0.08573953807353973,0.6944105537139648,0.10848190002773883
thanh1+󱮮,thanh1,0.0805305540561676,0.7286690004965365,0.10433997286775516
thanh1+󱨈,thanh1,0.08090997487306595,0.5843313183963731,0.13626273716404955
thanh1+𡃜,thanh1,0.07570333778858185,0.6063761959965585,0.10628198047590658
thanh1+𡃳,thanh1,0.13561120629310608,0.5889782345883178,2.3786326833056357
thanh1+󱞽,thanh1,0.06757979094982147,0.7348212321865272,0.12840905005306372
thanh1+󱘰,thanh1,0.09254977107048035,0.6590747146522005,0.32608618722204624
thanh1+𪡦,thanh1,0.10932550579309464,0.6150097367225773,0.252003742342334
thanh1+𡮥,thanh1,0.08140355348587036,0.658751707914711,0.5558962555537421
thanh1+𪿀,thanh1,0.052560050040483475,0.7602746758584289,0.11043487989787648
thanh1+󱬊,thanh1,0.05536732077598572,0.7314230765409209,0.13747236410290314
thanh1+𤄮,thanh1,0.05540338158607483,0.8135150028241532,0.11489811623421382
thanh1+󱛲,thanh1,0.06387530267238617,0.7853528911496207,0.12759737904798948
thanh1+𡞗,thanh1,0.08621615916490555,0.5466126738506312,0.13357677515924948
thanh1+𡓾,thanh1,0.08791106939315796,0.7223734020777582,0.12955129768089702
thanh1+㨫,thanh1,0.07129914313554764,0.7723126426607008,0.12785029667630493
thanh1+󱟪,thanh1,0.06157655641436577,0.7169456240342663,0.13280028757037685
thanh1+󱩛,thanh1,0.0636313259601593,0.7340629401309228,1.1284423621862103
thanh1+𪣱,thanh1,0.06294441223144531,0.7275375753967085,0.08905214132762802
thanh1+󱯑,thanh1,0.07280254364013672,0.7047321641895277,0.11152518205714874
thanh1+𤳧,thanh1,0.06304441392421722,0.7776582796655345,0.10495762661427699
thanh1+𥵉,thanh1,0.05693252757191658,0.776903807875148,0.11035471065229817
thanh1+𠲃,thanh1,0.050269827246665955,0.8499634723412017,0.09425339827974366
thanh1+󱦅,thanh1,0.0804094597697258,0.7310239004473853,0.29269107908680364
thanh1+鮗,thanh1,0.11405771970748901,0.6881282720217792,0.22435082611604176
thanh1+󱥓,thanh1,0.06605172157287598,0.7322454601081407,0.13407086183500103
thanh1+𦿄,thanh1,0.0666860044002533,0.5740229890517408,0.13155097656503725
thanh1+󱞦,thanh1,0.06438057124614716,0.6496737829236642,0.11387851593225073
thanh1+𠸽,thanh1,0.08103083819150925,0.7258704463983067,0.09069920184381781
thanh1+𡮺,thanh1,0.09914296865463257,0.6517771153226035,0.12438930601396957
thanh1+𡔒,thanh1,0.060091376304626465,0.7170003011065403,0.0924626583645115
thanh1+󱣗,thanh1,0.07896909862756729,0.5987364618150728,0.11537713875478696
thanh1+𡁞,thanh1,0.07430334389209747,0.5726148306134745,0.11436635552793223
thanh1+𩝻,thanh1,0.06222357973456383,0.8106016144643587,0.12132822233212825
thanh1+󱰭,thanh1,0.06915099918842316,0.7066384188674651,0.17595644576500966
thanh1+󱞅,thanh1,0.0815381333231926,0.5536692145170343,0.10678109485247682
thanh1+󱣶,thanh1,0.10555698722600937,0.6171322249458884,0.11498612503478577
thanh1+𥭑,thanh1,0.09136858582496643,0.6466244734378889,0.328577515936863
thanh1+𠸙,thanh1,0.0663721114397049,0.6688045987546714,0.09978869764342128
thanh1+󱣆,thanh1,0.07230986654758453,0.640955214429868,51.23044846256516
thanh1+󰞘,thanh1,0.07131209224462509,0.7744017279222447,0.07345665418684556
thanh1+󱠼,thanh1,0.08312564343214035,0.7339848803707346,0.10870618233560421
thanh1+𩠱,thanh1,0.09540721774101257,0.5137577862024708,0.1586249924544623
thanh1+𡡇,thanh1,0.05142249912023544,0.7703133441783163,0.11792724684037903
thanh1+𪸄,thanh1,0.0501556396484375,0.7935735211334259,0.1109103969828631
thanh1+𨅞,thanh1,0.07043560594320297,0.7484832971448523,0.9188562618295538
thanh1+𠿁,thanh1,0.06391408294439316,0.7224573876275826,0.13627227028564304
thanh1+𤏦,thanh1,0.08798963576555252,0.6788167174163048,0.13093962595041064
thanh1+𫊬,thanh1,0.051830872893333435,0.8024700589185686,0.1369475096746101
thanh1+󰢜,thanh1,0.055325236171483994,0.7229281399770278,0.09951556151452234
thanh1+󱟈,thanh1,0.05650102347135544,0.6340268105119641,0.12699065890000028
thanh1+󱹽,thanh1,0.060612890869379044,0.7471362666027084,0.08601554872249058
thanh1+婫,thanh1,0.0483308881521225,0.7350995857105517,0.09246895973489945
thanh1+𡉁,thanh1,0.03711375221610069,0.8502689883735911,0.08738673744037857
thanh1+𥐨,thanh1,0.08455906808376312,0.6354674739992866,0.11545920425234557
thanh1+𡓯,thanh1,0.0595194548368454,0.7997802520354429,5.789224775709648
thanh1+𤊤,thanh1,0.07287312299013138,0.6821979883188173,0.11210076390404189
thanh1+𥴘,thanh1,0.05884411185979843,0.731355986561303,0.1131077880293409
thanh1+𠶊,thanh1,0.0678611770272255,0.7343473981639504,0.09109744974051488
thanh1+𠅐,thanh1,0.09138910472393036,0.5582424706447664,0.0951819449213066
thanh1+𫬠,thanh1,0.057520266622304916,0.753610103748747,0.09368542123348644
thanh1+󱟎,thanh1,0.08365704119205475,0.4965516430464069,0.12661567107848662
thanh1+󱷿,thanh1,0.06226480007171631,0.78981038559141,372.78896955047065
thanh1+󱦪,thanh1,0.06746920943260193,0.6439481082023237,0.22861222301008385
thanh1+𠮙,thanh1,0.0744672566652298,0.7354477533210707,0.08144876909875153
thanh1+󱓦,thanh1,0.04931756481528282,0.8181724235364051,0.11561389414888952
thanh1+󱹓,thanh1,0.08051253110170364,0.6203278845431387,0.1981800653671684
thanh1+娫,thanh1,0.05753165856003761,0.7300849874279927,0.08921879570823849
thanh1+󱖧,thanh1,0.08160136640071869,0.6117290632129888,0.19179774835337846
thanh1+𫰄,thanh1,0.07865205407142639,0.6070100427819562,0.10451868447360206
thanh1+𫏙,thanh1,0.0650617778301239,0.7560469233412873,0.12064595759045237
thanh1+󰐨,thanh1,0.08160422742366791,0.6781462855945175,0.17792765086181964
thanh1+󱝻,thanh1,0.060811080038547516,0.8108411373198142,61.6441483050524
thanh1+󱝢,thanh1,0.06979607045650482,0.7820816048061727,0.13820877806377288
thanh1+󱠱,thanh1,0.07319965958595276,0.6568342331376484,0.1034370453523593
thanh1+󱢏,thanh1,0.0748443752527237,0.635001794555229,0.12235932083067926
thanh1+󱓇,thanh1,0.05340242385864258,0.8197161304388574,0.11100456146041761
thanh1+𠏠,thanh1,0.05226683244109154,0.7825106319100579,0.08262338967381204
thanh1+󱲗,thanh1,0.11006788909435272,0.6268395373648713,0.10482826274772535
thanh1+𥾸,thanh1,0.053624965250492096,0.6855874971223989,0.09478291363256348
thanh1+𭡏,thanh1,0.09591107815504074,0.6746478886783116,0.1862306290376984
thanh1+偖,thanh1,0.04167607054114342,0.8240112609282573,0.1076864061495184
thanh1+󱛥,thanh1,0.05433840677142143,0.7993610349240214,0.09409898937756618
thanh1+󱟹,thanh1,0.09578503668308258,0.7523026289044951,0.11109915935095788
thanh1+󱝟,thanh1,0.08349228650331497,0.6981715189674897,0.12051965851713675
thanh1+󱜷,thanh1,0.05640038102865219,0.8512778745652418,0.09003579041024783
thanh1+󱫴,thanh1,0.07144276797771454,0.6401630016948462,0.12511273076632348
thanh1+𢙬,thanh1,0.06820683181285858,0.7716446223724217,0.5693375750159172
thanh1+󱟬,thanh1,0.07140905410051346,0.760661027330419,0.11699580150195965
thanh1+󱳭,thanh1,0.04903765767812729,0.7436442301072725,0.10879856557421501
thanh1+󱬻,thanh1,0.07278741151094437,0.6610069477428798,0.13006669624480163
thanh1+𠲜,thanh1,0.06725858151912689,0.6369424855841582,0.08821497584132691
thanh1+󰌗,thanh1,0.038176633417606354,0.854042906001118,0.10736142485155949
thanh1+𨆷,thanh1,0.06455176323652267,0.7556666646615019,0.12898610832560353
thanh1+𠻉,thanh1,0.048063427209854126,0.8028499773499923,0.15102832284271916
thanh1+𠷯,thanh1,0.06560837477445602,0.7822604869281279,0.6440592607527299
thanh1+𡦫,thanh1,0.08291629701852798,0.6143886808448972,0.13417968107299114
thanh1+󱝫,thanh1,0.09977640211582184,0.5142840728209706,0.10083064059655329
thanh1+𪣠,thanh1,0.0596601776778698,0.7886791752738086,0.08624582839286987
thanh1+𠴹,thanh1,0.06275960803031921,0.7741987865115558,0.08147411235387496
thanh1+󱳦,thanh1,0.14050687849521637,0.6007058422271025,0.08453753244039765
thanh1+𢵻,thanh1,0.056507911533117294,0.7089829651075532,0.11145234709011402
thanh1+𧋸,thanh1,0.05562219023704529,0.7798614852209993,0.22414485884895138
thanh1+𬕻,thanh1,0.043910395354032516,0.8169991300588204,0.09914963562378598
thanh1+𪶵,thanh1,0.06860463321208954,0.690392363078626,0.11769355293597328
thanh1+𧜗,thanh1,0.0706762969493866,0.6861402684416397,0.15412960921447846
thanh1+𬊐,thanh1,0.08520796149969101,0.6295964691401165,0.09624417401084201
thanh1+𡁎,thanh1,0.05374844744801521,0.7938753692974219,0.08265885620423118
thanh1+󱩗,thanh1,0.09085004776716232,0.7466875774847845,0.10920705264185686
thanh1+𭈙,thanh1,0.06293600052595139,0.6619451458000626,0.11828488802716758
thanh1+𡁼,thanh1,0.046935439109802246,0.7905916604204544,0.09612494604962886
thanh1+󱫳,thanh1,0.08305857330560684,0.62205286304673,0.09906573444435136
thanh1+𡅑,thanh1,0.0350489467382431,0.8042898765061907,0.10867126866175225
thanh1+埨,thanh1,0.04396945983171463,0.8211002662091953,0.10583382973987122
thanh1+𢶽,thanh1,0.05692224204540253,0.7584813091593794,0.11624834477475175
thanh1+󱠡,thanh1,0.054461769759655,0.749266648674678,0.11779105937512506
thanh1+𡂷,thanh1,0.05558640509843826,0.7930871038668914,0.11762916140528608
thanh1+󱝙,thanh1,0.05923563241958618,0.7850897795993657,0.0808372622765904
thanh1+󰮃,thanh1,0.06742696464061737,0.761500496827599,0.12130059082345897
thanh1+𰓖,thanh1,0.05275482311844826,0.7779551999319689,0.11467660564154146
thanh1+鏙,thanh1,0.10632558166980743,0.49899136399056554,0.10914624258299423
thanh1+󱰪,thanh1,0.052289314568042755,0.7859670858864474,0.12986675706502035
thanh1+󱥄,thanh1,0.048596903681755066,0.8160700734544574,0.12884720163171673
thanh1+㗌,thanh1,0.0903170108795166,0.6855487613465363,0.7802809979811519
thanh1+󱦡,thanh1,0.07411431521177292,0.6902688878284796,0.11244625463304037
thanh1+胋,thanh1,0.07280632853507996,0.8210999788040777,0.09283402217908725
thanh1+𠾲,thanh1,0.05803492292761803,0.7956652928269549,21.035472375286105
thanh1+啩,thanh1,0.05920621007680893,0.7399292068850055,0.09875532607422777
thanh1+壉,thanh1,0.08695220947265625,0.6367052114230771,0.10408590340242385
thanh1+𢹾,thanh1,0.05951236933469772,0.7439864600088255,0.13764467711369202
thanh1+󱙷,thanh1,0.06939235329627991,0.7718202775570124,0.11288982748137392
thanh1+𬏇,thanh1,0.09216512739658356,0.62013472235527,0.11862874419219487
thanh1+𪢘,thanh1,0.0742982029914856,0.6227725122151617,0.11912673839210121
thanh1+󰛈,thanh1,0.07240758091211319,0.7923244414026531,0.11621965557148266
thanh1+󱚚,thanh1,0.08053462207317352,0.37261396427141036,0.13109678561487637
thanh1+󱩸,thanh1,0.07097259163856506,0.7621076370245424,0.07632821293263664
thanh1+𤁔,thanh1,0.06297648698091507,0.7722811019555818,0.12126970952771983
thanh1+󱉲,thanh1,0.06680351495742798,0.7106213452685557,0.11973060207075244
thanh1+󱚴,thanh1,0.07251843810081482,0.6916686094749671,0.13903860295739542
thanh1+𠽏,thanh1,0.09353689849376678,0.5708018546014161,0.0848306611022412
thanh1+𪡽,thanh1,0.06368044018745422,0.7592248996394836,0.11901245898638539
thanh1+󱛢,thanh1,0.09226416051387787,0.6551222472209556,0.2509681111444428
thanh1+𭋙,thanh1,0.07002680003643036,0.7002051223380089,0.13553447544914396
thanh1+𪞀,thanh1,0.11867817491292953,0.47374153669444463,0.2618621329959263
thanh1+𪂱,thanh1,0.05985059589147568,0.8153049450076729,0.14835414680614492
thanh1+𣕞,thanh1,0.07314212620258331,0.612415605431677,0.13691021799980765
thanh1+󱰤,thanh1,0.05699288845062256,0.7659189170033924,0.12929712249540995
thanh1+󰙘,thanh1,0.06934400647878647,0.7529157381317557,0.12218969646759666
thanh1+󱚇,thanh1,0.05572926625609398,0.796045191258533,0.10815789394190883
thanh1+𡏯,thanh1,0.034061819314956665,0.8169033423835381,0.10104452062402441
thanh1+鯑,thanh1,0.0784578025341034,0.7293726520409035,3.900284893317515
thanh1+󱡄,thanh1,0.08083918690681458,0.5736149826213653,0.11590468920054504
thanh1+𫬱,thanh1,0.05198843032121658,0.8028371068829415,0.10800701613909457
thanh1+󱟛,thanh1,0.07408717274665833,0.657168369363642,0.08055609462480856
thanh1+󰺥,thanh1,0.09484121203422546,0.46561688908182375,0.11598666712210891
thanh1+𡅫,thanh1,0.05589764937758446,0.7276284259267806,0.24254485041704765
thanh1+𫮒,thanh1,0.06130458414554596,0.7022615988605752,0.20321831278476632
thanh1+𠲹,thanh1,0.11627914011478424,0.671380198805816,0.09366632812408922
thanh1+󱜈,thanh1,0.07161542773246765,0.6944093012608836,0.15798578022795337
thanh1+󱹪,thanh1,0.05605320632457733,0.7990696574805336,0.12802663858023336
thanh1+𣛤,thanh1,0.07246533781290054,0.5185260861830597,0.11925141133141472
thanh1+𪱴,thanh1,0.08084775507450104,0.6110614639724705,0.0876967066248167
thanh1+㗶,thanh1,0.05031818151473999,0.8226360256742176,0.12246870154434726
thanh1+𡚎,thanh1,0.057760998606681824,0.7447430408147658,0.09772116033126514
thanh1+󱧀,thanh1,0.06202910840511322,0.7652293853116636,0.09987494039176915
thanh1+󱛽,thanh1,0.07755549997091293,0.6235826098587484,0.15290359105424153
thanh1+󱙤,thanh1,0.08477427810430527,0.6408930341438591,0.06692189169117839
thanh1+𡮨,thanh1,0.07912494242191315,0.6593702630054175,0.11333382576158653
thanh1+𠷥,thanh1,0.05614113807678223,0.8248876735708098,0.0884734228714061
thanh1+𨪷,thanh1,0.05836518108844757,0.7489071522573922,0.10213464664366469
thanh1+󱬎,thanh1,0.06203705072402954,0.7353085737933611,0.11436795552374414
thanh1+𬖩,thanh1,0.04985831305384636,0.7824930716530106,0.10957517999511972
thanh1+𪥾,thanh1,0.058733996003866196,0.7671558286405866,0.10921291644095187
thanh1+󱬐,thanh1,0.08126752078533173,0.7283525045779755,0.1372913037338561
thanh1+󱙭,thanh1,0.06641995906829834,0.7069152393793666,0.09619038145666703
thanh1+𢪥,thanh1,0.05821049585938454,0.7124847874775206,0.08030928219966173
thanh1+󱟨,thanh1,0.0601801835000515,0.7388466470463654,0.09807699246914554
thanh1+𫉎,thanh1,0.05255638808012009,0.7801394595287515,0.1200553025974705
thanh1+󰬽,thanh1,0.0953560397028923,0.4931012683254266,0.08318908831021705
thanh1+𪧺,thanh1,0.08421394973993301,0.6416097237642826,0.08499702135565339
thanh1+󰠎,thanh1,0.07768258452415466,0.755412593454696,0.07544358908064612
thanh1+𫉩,thanh1,0.04950525239109993,0.8426832074093007,0.09108183053067069
thanh1+󱝘,thanh1,0.057359758764505386,0.818975871059298,1.3469876713882858
thanh1+󱋣,thanh1,0.0581163689494133,0.801220931176525,0.12217949367689257
thanh1+𰦫,thanh1,0.08582068979740143,0.6498887343522596,0.07548728693841315
thanh1+𠹖,thanh1,0.07129156589508057,0.7347897125070856,0.10653520574970748
thanh1+󱦋,thanh1,0.08031542599201202,0.7103738497425675,0.12784680121132205
thanh1+󰛺,thanh1,0.060285188257694244,0.7442051263410837,0.09048851491273928
thanh1+𫇿,thanh1,0.04791438579559326,0.8135479772625098,0.0890733364308421
thanh1+󰝅,thanh1,0.10346189886331558,0.6816195178273073,0.10699843249490137
thanh1+𮤭,thanh1,0.08664128184318542,0.7222829992720277,0.06032301122242628
thanh1+󱱀,thanh1,0.07226818054914474,0.74018386153689,0.14336782412426682
thanh1+󱩫,thanh1,0.09230521321296692,0.7272010463023907,0.1053003537186261
thanh1+󰥉,thanh1,0.061039142310619354,0.7784224434880072,0.10576300373689744
thanh1+󱚍,thanh1,0.0943097397685051,0.6461678041142103,0.1192983160367372
thanh1+㘢,thanh1,0.12812824547290802,0.714533569631214,0.29317202424068955
thanh1+󱩬,thanh1,0.08674050867557526,0.584827762664276,0.09119925246365473
thanh1+𫪌,thanh1,0.05528118833899498,0.7492195629385917,0.09417095641620997
thanh1+𦀌,thanh1,0.10849876701831818,0.6536846963534596,0.24593448798798126
thanh1+󰢷,thanh1,0.07976743578910828,0.6515086408033837,0.11076540684284762
thanh1+󱚭,thanh1,0.06607610732316971,0.6869516346680025,0.12472109117147218
thanh1+𫅰,thanh1,0.07174283266067505,0.7137164795612305,1.3556331467712068
thanh1+󱟦,thanh1,0.08063016086816788,0.5855812380288127,0.13548923049702513
thanh1+󱰚,thanh1,0.0986877828836441,0.4909602157510486,0.14561303022190922
thanh1+󱤾,thanh1,0.056930504739284515,0.8303908725327995,0.12779035259069776
thanh1+䀭,thanh1,0.050908301025629044,0.8091465579273188,0.21214664719436102
thanh1+󱞿,thanh1,0.09548354893922806,0.445251684667041,1.358368523249477
thanh1+𡜒,thanh1,0.07227018475532532,0.5980164487192439,0.10145411474293954
thanh1+󱝂,thanh1,0.11357615143060684,0.4945922531661529,0.13580641884366546
thanh1+𠴇,thanh1,0.08779554814100266,0.7431265311281307,0.1307166547425345
thanh1+𦟖,thanh1,0.054008882492780685,0.7975455030914647,0.11034172184339912
thanh1+𬏖,thanh1,0.07167160511016846,0.5878413632201137,0.17123546951745242
thanh1+𡐮,thanh1,0.0664406269788742,0.6207567372842399,0.10288065988053967
thanh1+𣎞,thanh1,0.056000977754592896,0.715448932345884,2.6727974460023725
thanh1+󱯄,thanh1,0.06818943470716476,0.7220610147725331,0.1348250932082301
thanh1+󱹙,thanh1,0.05815625563263893,0.6986234210506911,0.1008433156818052
thanh1+噃,thanh1,0.0638381838798523,0.7380979542972771,0.12323909409749167
thanh1+圚,thanh1,0.09077389538288116,0.6318827038120507,0.15342753960152963
thanh1+𫯲,thanh1,0.06991012394428253,0.6008377196542558,0.10918872858624934
thanh1+󱙉,thanh1,0.08196375519037247,0.6627613878211579,19.00676784096601
thanh1+𪤽,thanh1,0.06666844338178635,0.7045141611363145,0.10477055069430859
thanh1+𡝦,thanh1,0.08310340344905853,0.6564750249818617,0.11245661173980297
thanh1+堒,thanh1,0.07035184651613235,0.5392469538619049,0.07878345422854012
thanh1+𪸝,thanh1,0.06112837418913841,0.7913137647042024,0.09122659907481535
thanh1+󱋃,thanh1,0.07355114072561264,0.6123465300614171,0.15277881225242992
thanh1+㖵,thanh1,0.051968298852443695,0.8183418268539607,0.07210423638840614
thanh1+󱫷,thanh1,0.04876389354467392,0.8002381905025013,0.1057964886031792
thanh1+㖕,thanh1,0.06541456282138824,0.6843989691459057,0.08788644297267183
thanh1+󱞳,thanh1,0.061728350818157196,0.8224840853562727,0.07626745503659077
thanh1+𫼰,thanh1,0.06395718455314636,0.6571493115225026,0.0987400835295748
thanh1+󱝸,thanh1,0.07071122527122498,0.8151248397114613,0.08822489219091632
thanh1+𪺛,thanh1,0.0855046734213829,0.7131153984819919,0.16778060035465137
thanh1+𫮲,thanh1,0.06867527216672897,0.702687184940817,0.14940931575425592
thanh1+𡖡,thanh1,0.0821598544716835,0.6852094270881587,0.12641946774754956
thanh1+󱲰,thanh1,0.0822535902261734,0.7009324252203744,0.11847822045097202
thanh1+󱙵,thanh1,0.06056830286979675,0.7809885639407627,0.14347733347328398
thanh1+󱯏,thanh1,0.05451107770204544,0.7694906511101846,0.13514441351886283
thanh1+󰋓,thanh1,0.07529856264591217,0.7641161513768638,0.14362902942611075
thanh1+𨪪,thanh1,0.04080997034907341,0.7495625571632637,0.11906049956893995
thanh1+𫕹,thanh1,0.06659363955259323,0.7698398172959987,0.10798188968516033
thanh1+𩠸,thanh1,0.046810332685709,0.7910005730636109,0.1387477899757383
thanh1+𬕌,thanh1,0.05562906339764595,0.8189053649406006,0.09223725639835416
thanh1+𠷇,thanh1,0.06460477411746979,0.774003843480354,0.09977030639885161
thanh1+󱬺,thanh1,0.08903531730175018,0.5984010348719516,0.11170377323056453
thanh1+㗭,thanh1,0.0765804797410965,0.7088374314461443,0.12192653580591138
thanh1+󱚛,thanh1,0.07464109361171722,0.7165079483363299,0.1292758119020848
thanh1+󱟜,thanh1,0.06950537860393524,0.7707169025711699,181.74267592247202
thanh1+𡃖,thanh1,0.12789644300937653,0.40803028761465715,178.9710841706232
thanh1+𡗅,thanh1,0.07257498800754547,0.7438669777699051,0.0899249320769377
thanh1+𠹍,thanh1,0.0826747864484787,0.638884927605132,0.08690361646914886
thanh1+󰭔,thanh1,0.08218800276517868,0.5738650914727991,0.08237696902125226
thanh1+𫥿,thanh1,0.06202438473701477,0.7651561152780713,0.09583486532891548
thanh1+󰝎,thanh1,0.057869672775268555,0.7261944647675411,0.08718342314613144
thanh1+󱹺,thanh1,0.12719550728797913,0.5796240479162507,0.5385220977665077
thanh1+𠻅,thanh1,0.07509158551692963,0.649907485823368,0.15056676642504715
thanh1+𢶹,thanh1,0.044372931122779846,0.817922895533093,0.12256829281776677
thanh1+󱱣,thanh1,0.07388883829116821,0.7509819639816838,0.10571982107325899
thanh1+󱝧,thanh1,0.05450160428881645,0.7322811279268627,0.24431216482762527
thanh1+𡎔,thanh1,0.05074477940797806,0.803075088130593,0.29622685978997026
thanh1+𢷰,thanh1,0.05526302382349968,0.7793105888879703,0.12606020476825375
thanh1+𭈒,thanh1,0.06393804401159286,0.6340018964213396,0.10179989198643681
thanh1+󰛕,thanh1,0.07482147961854935,0.7378933536675758,0.12544891127797544
thanh1+󱛵,thanh1,0.05430912226438522,0.7348764739745223,0.08591149882874098
thanh1+󱳪,thanh1,0.08545654267072678,0.5769406935957536,0.10140741750758897
thanh1+𢢈,thanh1,0.09606833755970001,0.5726839029174432,0.13637745343846014
thanh1+𪮽,thanh1,0.0480492003262043,0.8229162741319671,0.09266534499362017
thanh1+󱝐,thanh1,0.07569986581802368,0.7465226119998115,0.08391597747590052
thanh1+󰘵,thanh1,0.04836197942495346,0.7799137510045222,0.12664656440673958
thanh1+󱨿,thanh1,0.059386566281318665,0.747679741297088,128.3331504622242
thanh1+𫫷,thanh1,0.1261659562587738,0.6186777852611673,0.12386587401198872
thanh1+𡉖,thanh1,0.035427022725343704,0.8613663713419148,0.05717194722213855
thanh1+󰡊,thanh1,0.04626941308379173,0.7612110399119614,0.10745350125715421
thanh1+󱝒,thanh1,0.04891713708639145,0.7887730709417775,0.08470344608116472
thanh1+侱,thanh1,0.08032195270061493,0.7831638770912627,0.08860870105359875
thanh1+󱝨,thanh1,0.0705515518784523,0.8108140239924375,0.11378220272875518
thanh1+󱋇,thanh1,0.08092059940099716,0.7414289994418087,0.10450273978140938
thanh1+𡫡,thanh1,0.10130469501018524,0.49307147098522547,0.37883281328770574
thanh1+𰊣,thanh1,0.11712720990180969,0.4558288546192551,0.11947400911602775
thanh1+睈,thanh1,0.08123743534088135,0.6701151586474524,0.10129106718521776
thanh1+󱞑,thanh1,0.09684508293867111,0.7557873437303648,0.08785758417953982
thanh1+󱞗,thanh1,0.047986868768930435,0.8183546166465452,0.082878456236976
thanh1+𨡨,thanh1,0.07271582633256912,0.7518448417239086,0.2553599162997104
thanh1+𪡫,thanh1,0.040214359760284424,0.8411182295283949,0.0885400723952578
thanh1+󱤲,thanh1,0.0865204930305481,0.6004433501817832,0.11468724695198369
thanh1+󱞊,thanh1,0.12132374942302704,0.3922090040300884,14.770326043799196
thanh1+󱰺,thanh1,0.07404700666666031,0.48830051829513477,0.1324389959883903
thanh1+󱎾,thanh1,0.0682290643453598,0.6850137449743733,0.1434393470730172
thanh1+𡃓,thanh1,0.060030460357666016,0.7749939309143123,0.25978013363770214
thanh1+𤹕,thanh1,0.09078864753246307,0.7192615423694435,0.18273140660483386
thanh1+󱝳,thanh1,0.1058596819639206,0.7329237943565177,60.30489480623216
thanh1+𣖗,thanh1,0.04493540897965431,0.8059550104385284,0.18936416375778262
thanh1+󱪼,thanh1,0.07519152015447617,0.700692360137966,0.1809126677542432
thanh1+𧍇,thanh1,0.07344917953014374,0.7644541621736578,0.12471359498654382
thanh1+󰬪,thanh1,0.10975737124681473,0.5306133303429577,0.12057534924877215
thanh1+󱨜,thanh1,0.101919025182724,0.550996975938609,0.12826691198354942
thanh1+𩇆,thanh1,0.09357275813817978,0.6088616550344267,0.22804580887611745
thanh1+󱋭,thanh1,0.056427061557769775,0.7437030068018878,0.6323262181012103
thanh1+𨮉,thanh1,0.04726063087582588,0.7932850240437112,0.11617645879169673
thanh1+𪉴,thanh1,0.06456668674945831,0.6827652585063627,0.10618992793427724
thanh1+𠻱,thanh1,0.07311151921749115,0.7441284444658703,0.11076678478553588
thanh1+𧟝,thanh1,0.10092886537313461,0.4920942886586073,0.45869498693393423
thanh1+𥖑,thanh1,0.04804342985153198,0.7392734154811961,0.12280967523398767
thanh1+藞,thanh1,0.05583751201629639,0.8194897533631071,0.11034783800688432
thanh1+󱝾,thanh1,0.0540325865149498,0.7870021302163939,0.09206821813440023
thanh1+󱹡,thanh1,0.04497324675321579,0.8535215389710886,7.702231690328411
thanh1+䈊,thanh1,0.09019279479980469,0.5043431715796047,0.13413997360162375
thanh1+𡁛,thanh1,0.04918516054749489,0.784585809700346,0.11416860301257399
thanh1+𠻆,thanh1,0.06807145476341248,0.7673391555472213,0.11498865691608941
thanh1+𨆟,thanh1,0.09035175293684006,0.7477041383682667,0.33908518195174114
thanh1+𥱫,thanh1,0.06243954598903656,0.779691054913037,0.2708789956355104
thanh1+󰬸,thanh1,0.06560444086790085,0.7460471824500092,0.1606776341387712
thanh1+蓸,thanh1,0.058944396674633026,0.7635296323717288,0.10237354711917711
thanh1+𡀇,thanh1,0.06835538148880005,0.7336184550058596,0.1320070828015768
thanh1+𪷘,thanh1,0.08018317818641663,0.7120052462331513,0.12054113032942759
thanh1+󱛙,thanh1,0.09918524324893951,0.6248743656401042,0.09357378664799519
thanh1+𠼇,thanh1,0.08408842235803604,0.6665662888481698,0.16145980885946623
thanh1+󱝀,thanh1,0.08174324035644531,0.6700592359385664,0.13362306991037712
thanh1+𡌩,thanh1,0.048416055738925934,0.8340955330026882,0.1044478767636118
thanh1+󰮝,thanh1,0.07930915057659149,0.6316764562032139,0.17243170437362612
thanh1+𦽎,thanh1,0.06780113279819489,0.6643946029893194,0.1088485960590999
thanh1+󱹿,thanh1,0.04688683897256851,0.7722773591936996,0.08758186768998978
thanh1+󱤍,thanh1,0.07688998430967331,0.7218170751855487,0.10983984222859429
thanh1+𭊳,thanh1,0.0719885528087616,0.6857011123813801,0.09744017766863405
thanh1+𠞡,thanh1,0.05577791482210159,0.8056409698424645,0.10760063749036537
thanh1+䰺,thanh1,0.08793056011199951,0.6036985944710908,0.11952304139013492
thanh1+莰,thanh1,0.07484039664268494,0.7138936810134552,0.08728877977320555
thanh1+󱞢,thanh1,0.12822994589805603,0.5787496487059616,0.09166455616617412
thanh1+𬄃,thanh1,0.04980497807264328,0.8134130174949027,0.3281810451062824
thanh1+𡀬,thanh1,0.09424999356269836,0.7020284639359288,0.15246457512804998
thanh1+󰞬,thanh1,0.06886359304189682,0.7154197865278074,0.15025100987051696
thanh1+󱨱,thanh1,0.08254281431436539,0.6317779980614643,0.0980491884306357
thanh1+𫯐,thanh1,0.07553812861442566,0.7642410493055753,0.12571610926311078
thanh1+𥵖,thanh1,0.05797146260738373,0.724184112753197,0.10688282864053683
thanh1+󱌡,thanh1,0.10081231594085693,0.5267244909977844,0.13516871538294664
thanh1+𠬖,thanh1,0.048708777874708176,0.8033098340689065,0.10831696486124315
thanh1+󱼖,thanh1,0.06670825928449631,0.7362768387092015,0.13355857256159864
thanh1+𡄰,thanh1,0.06553656607866287,0.7729348472458709,0.12080438033225531
thanh1+𫱗,thanh1,0.06019670143723488,0.7898012540507386,0.13328031259241654
thanh1+󰈠,thanh1,0.07233620434999466,0.5020396001353838,0.14134738835019678
thanh1+𫿟,thanh1,0.07340803742408752,0.6747668617652731,0.6002059222371704
thanh1+󱠳,thanh1,0.07772697508335114,0.568542935765098,0.10934680916686917
thanh1+𪱎,thanh1,0.07689891010522842,0.727722076973574,0.10320161993878268
thanh1+𡄾,thanh1,0.06257838755846024,0.6778170621954789,0.12547430276570823
thanh1+󱯧,thanh1,0.07573764771223068,0.7211448511900057,0.1256332299786896
thanh1+𣱿,thanh1,0.08206385374069214,0.7180152736018955,0.05946492634076846
thanh1+󰊈,thanh1,0.03502143174409866,0.8483034817507288,0.087959233418625
thanh1+嘪,thanh1,0.11270112544298172,0.7472558801968983,0.09358557502646551
thanh1+洅,thanh1,0.07432723045349121,0.6248048007843968,0.16666896233135722
thanh1+󱎶,thanh1,0.056939683854579926,0.7722171744747707,0.11166695560598151
thanh1+𠱻,thanh1,0.06360514461994171,0.7107800544703073,0.11284257625170889
thanh1+𣙯,thanh1,0.041689448058605194,0.8180970893930629,0.09718470775853061
thanh1+𫞡,thanh1,0.059946127235889435,0.7240426942904464,0.10494033746555875
thanh1+𤞦,thanh1,0.0631151869893074,0.5820586621437774,0.10373608365025484
thanh1+󱞝,thanh1,0.08006293326616287,0.6369037174436581,0.12782954837671073
thanh1+𬀦,thanh1,0.05536426603794098,0.7577639371277799,0.07239587603664349
thanh1+𨊌,thanh1,0.06471642851829529,0.7093077666870953,0.11584641429021929
thanh1+𬂻,thanh1,0.06734994798898697,0.7746289777540982,0.10294916971518171
thanh1+𫬪,thanh1,0.08242002874612808,0.6450919129317191,0.12441691571560032
thanh1+𫽠,thanh1,0.059331949800252914,0.7625436425511793,53.71195278965959
thanh1+󱩙,thanh1,0.08411043137311935,0.6501868832114176,0.1414794959820429
thanh1+󱌔,thanh1,0.10032186657190323,0.7220299385284674,0.12072865920875468
thanh1+󱛋,thanh1,0.09085848182439804,0.5306445795323151,0.1530220286822304
thanh1+󱞣,thanh1,0.06751085072755814,0.6540783778229141,0.08688952822152546
thanh1+󱳠,thanh1,0.09663500636816025,0.7115651774794521,0.09990645165252605
thanh1+𥌈,thanh1,0.05282348394393921,0.684593412087716,0.1250369144000533
thanh1+𫏝,thanh1,0.05457950010895729,0.7526049300102773,0.11300839484878951
thanh1+󱋰,thanh1,0.06555288285017014,0.7544135971906241,0.21604511982990457
thanh1+𢴊,thanh1,0.04342931881546974,0.7798750579627456,0.6706345917690063
thanh1+󱨫,thanh1,0.11915986984968185,0.6922274635017119,58.84554433898982
thanh1+𬦄,thanh1,0.058349769562482834,0.8088465846270554,0.10740038691566674
thanh1+𫆶,thanh1,0.05679907649755478,0.7706365655402426,0.15008335074962467
thanh1+𩛸,thanh1,0.05375063419342041,0.732503529044241,0.10473872687218651
thanh1+󱮾,thanh1,0.06866704672574997,0.603640727431909,0.13899069311326612
thanh1+󱟡,thanh1,0.10121621191501617,0.6341754032289513,0.16749767342122932
thanh1+𠶅,thanh1,0.07065975666046143,0.8172719818931787,0.12372379268218774
thanh1+𫴯,thanh1,0.06903468817472458,0.7978724446594772,0.11382657310632029
thanh1+𨁋,thanh1,0.08403840661048889,0.7375962519334169,0.10399293656297437
thanh1+󱞮,thanh1,0.07243715971708298,0.5503807213214561,0.11424310713756931
thanh1+𠴘,thanh1,0.07080458104610443,0.640741710573748,0.0822173511623447
thanh1+澿,thanh1,0.08734551072120667,0.7200079515460625,0.09283859548250135
thanh1+󰬙,thanh1,0.10624121129512787,0.6016618170400422,0.08803256250284675
thanh1+󱸠,thanh1,0.06209544092416763,0.7555543134057444,0.09820438718289319
thanh1+灆,thanh1,0.09044809639453888,0.7165165423708656,0.1354929375572392
thanh1+󱋙,thanh1,0.07790255546569824,0.6710848644095349,0.12643641472230324
thanh1+󰆐,thanh1,0.09291105717420578,0.39995584368555825,0.1208967287165652
thanh1+󱫪,thanh1,0.0980193093419075,0.5619024422367151,0.12512944951094043
thanh1+𪮩,thanh1,0.07991907745599747,0.48306912650448186,0.29457144604174174
thanh1+󰭏,thanh1,0.07668108493089676,0.6834150008181217,0.11450917243378317
thanh1+𧜐,thanh1,0.08158957958221436,0.7080707001277737,0.14823687622216453
thanh1+󰘇,thanh1,0.0655890554189682,0.7448285975626544,0.3570638305709106
thanh1+𡃎,thanh1,0.07601560652256012,0.6946650201884826,0.104461726792297
thanh1+𦝺,thanh1,0.07040973007678986,0.5637321872923841,0.1635506594258905
thanh1+󰁂,thanh1,0.11527495831251144,0.7052559855839086,0.10665828536543594
thanh1+𡕩,thanh1,0.08145738393068314,0.7740434483902647,0.0920715670768051
thanh1+󱥭,thanh1,0.062336891889572144,0.7278957757132499,0.13080384412365745
thanh1+𠊙,thanh1,0.07302234321832657,0.6410753877869234,0.09664505037991249
thanh1+婻,thanh1,0.08488420397043228,0.534707370143035,0.141110286054916
thanh1+𠶎,thanh1,0.05788607895374298,0.7740587755023314,0.08964317171957892
thanh1+󱳬,thanh1,0.06414225697517395,0.7648074121894981,136.55747735206634
thanh1+󰍖,thanh1,0.058443013578653336,0.675828871981046,0.10172254717082836
thanh1+𡫨,thanh1,0.06496180593967438,0.7461370070371447,0.11126207375676883
thanh1+𦝇,thanh1,0.07875386625528336,0.7453877980324823,0.13021157009163803
thanh1+󱡇,thanh1,0.067111074924469,0.6431014176032336,0.43746866634022186
thanh1+𫠼,thanh1,0.08318070322275162,0.7725229459458473,0.16621907365671548
thanh1+󱦔,thanh1,0.0711258053779602,0.7389100503933993,0.1705739072034744
thanh1+㤝,thanh1,0.06956115365028381,0.7452426053234478,0.13790044377074073
thanh1+𪬪,thanh1,0.07302942872047424,0.7595610266492977,0.11685422728295418
thanh1+蝔,thanh1,0.047235481441020966,0.839365023246566,0.32828477881289225
thanh1+𦲹,thanh1,0.08673053979873657,0.5447786955771002,0.11434795078950534
thanh1+󱦮,thanh1,0.07250358164310455,0.792669364936588,0.14083475370476034
thanh1+𫡸,thanh1,0.06316359341144562,0.719044164522507,0.11430493402532826
thanh1+󱞎,thanh1,0.07398129999637604,0.6570799369103295,0.24901168816697705
thanh1+㖏,thanh1,0.06677880883216858,0.7806671232785987,0.11991165672398567
thanh1+𠻇,thanh1,0.06409414112567902,0.7464845154037287,0.15028249055522513
thanh1+𥌧,thanh1,0.06424721330404282,0.7203417831672606,0.11261502860136509
thanh1+𢭿,thanh1,0.05628705024719238,0.7819218480892146,0.11625942149804532
thanh1+󰛼,thanh1,0.06227657571434975,0.7818417516307905,0.10580101737460453
thanh1+󱧝,thanh1,0.07605334371328354,0.7352679847763852,0.09291848999588509
thanh1+𩂀,thanh1,0.0673283264040947,0.8130324964381581,0.39279452473409915
thanh1+󱭧,thanh1,0.05453275516629219,0.7753476165563831,0.11336467796226435
thanh1+姈,thanh1,0.07293813675642014,0.6321990854948636,0.12844580641930703
thanh1+𰋝,thanh1,0.06773555278778076,0.6165066203506119,0.0965972819220554
thanh1+𠸩,thanh1,0.0680345892906189,0.7959606886786997,0.09933304664131613
thanh1+𫪦,thanh1,0.08544787764549255,0.6835619667146293,0.11246630263373429
thanh1+㘗,thanh1,0.055051594972610474,0.8175457260486229,0.17937570228160973
thanh1+𫲰,thanh1,0.08313267678022385,0.5115603187949516,0.1496917219675478
thanh1+󱌰,thanh1,0.0571238212287426,0.7882828114962375,0.1142196892553845
thanh1+𡇻,thanh1,0.1051848903298378,0.6020220823471755,0.12717131016911845
thanh1+𪡍,thanh1,0.0858663022518158,0.7616324397392903,0.09631112846612061
thanh1+󰂄,thanh1,0.05427858978509903,0.8015974576707225,54.0002556927518
thanh1+󱲙,thanh1,0.09385905414819717,0.6937915942491409,0.18996776687348707
thanh1+𠺮,thanh1,0.06618949770927429,0.7343287991454026,0.07768199349420422
thanh1+𡍢,thanh1,0.08521847426891327,0.5743664814728767,0.08719740349395355
thanh1+𣒠,thanh1,0.07363178580999374,0.6948381694752929,0.12596324812156204
thanh1+𨄸,thanh1,0.05525999516248703,0.7624020451051045,0.15259519012641098
thanh1+𦼜,thanh1,0.04935730621218681,0.7695417385762326,0.32105601508842796
thanh1+𪦎,thanh1,0.0760289654135704,0.5094795669230474,0.1253214186851143
thanh1+𧞿,thanh1,0.06461486965417862,0.6321338289189035,0.10730179938253896
thanh1+󱤉,thanh1,0.06858620792627335,0.807929799759625,0.09046545719458832
thanh1+󰘓,thanh1,0.09531362354755402,0.7162219284787967,0.11628501795281389
thanh1+𠹌,thanh1,0.055665310472249985,0.8127189499910256,0.10322825736692602
thanh1+󱟝,thanh1,0.05026460811495781,0.7774580410004244,0.11940466245629289
thanh1+󱞖,thanh1,0.06298631429672241,0.7253849138002326,0.1038676390342091
thanh1+𣓾,thanh1,0.07343852519989014,0.5657880901239064,0.11378257400553066
thanh1+󱝹,thanh1,0.05305630341172218,0.8169354962930077,0.5379639662224095
thanh1+󰫽,thanh1,0.06694687902927399,0.7062874760243221,0.10887437696791213
thanh1+󰬟,thanh1,0.05318416655063629,0.7941008364715305,0.10244364514147854
thanh1+𥯉,thanh1,0.0847950130701065,0.6862145909720776,0.4071352930852555
thanh1+󱠢,thanh1,0.05497019737958908,0.7080822091337894,0.1290564706993689
thanh1+𡂄,thanh1,0.08114597946405411,0.5342160252709093,0.12904799659910934
thanh1+󱡵,thanh1,0.09461313486099243,0.6767280260833883,0.10542726489269483
thanh1+𪀆,thanh1,0.04719371348619461,0.7703606391809146,0.45621719348033446
thanh1+󱟰,thanh1,0.07088484615087509,0.6577868059368267,0.1239032954318396
thanh1+𬛀,thanh1,0.04892795532941818,0.7720347200452586,0.10534454789085973
thanh1+󱘠,thanh1,0.08614528179168701,0.7166611200273337,0.14646944638652024
thanh1+𠴖,thanh1,0.07500160485506058,0.7566958979564669,0.10074384079465043
thanh1+󰬨,thanh1,0.048328425735235214,0.7740521210156918,0.08106842662562501
thanh1+󱤒,thanh1,0.05988834798336029,0.7346080207316041,0.1019638234116045
thanh1+𪁄,thanh1,0.057865336537361145,0.7543161184487817,0.11723525609906384
thanh1+𪣮,thanh1,0.08310755342245102,0.7001683043332207,0.12038552795033314
thanh1+󰭙,thanh1,0.07990840822458267,0.6971281515215324,0.1004410044983937
thanh1+𠿴,thanh1,0.05537868291139603,0.7489408185537807,0.10337648246234943
thanh1+𥊜,thanh1,0.07424230873584747,0.7280357302888151,0.14785888502498437
thanh1+𡳳,thanh1,0.06303177773952484,0.5967315279645243,0.15812819444832213
thanh1+𧒊,thanh1,0.07144998759031296,0.7344471982484073,1.5742997622952402
thanh1+𡃆,thanh1,0.06210758537054062,0.7775476945756609,0.1145446944078752
thanh1+𫲼,thanh1,0.05389898270368576,0.7780129622790509,0.09201309627961918
thanh1+𩂄,thanh1,0.11687680333852768,0.6890864700325935,0.15239541389858102
thanh1+󱝯,thanh1,0.04583575576543808,0.7881013582509825,0.13504168814485626
thanh1+𠾾,thanh1,0.06970430910587311,0.7769595169662225,0.10880218201132202
thanh1+㖗,thanh1,0.05966736376285553,0.8401595524107776,0.10615037239213702
thanh1+𬪽,thanh1,0.06253089010715485,0.8469530105012391,0.11546782548074201
thanh1+󰤣,thanh1,0.07373979687690735,0.7042299188098455,0.41600319101022326
thanh1+𢆠,thanh1,0.07110919803380966,0.7665678650090997,0.07666512292030997
thanh1+󱫑,thanh1,0.060051970183849335,0.7330101943206112,19.302885236135353
thanh1+󱞠,thanh1,0.08559596538543701,0.7453777030914703,0.13548259254421333
thanh1+󱩈,thanh1,0.07694507390260696,0.7518562274331637,0.11903899949923753
thanh1+𣔧,thanh1,0.047406792640686035,0.8224343984390736,0.09648804730457233
thanh1+󱪉,thanh1,0.06027233973145485,0.7822593534152454,0.1298090331774526
thanh1+𡏥,thanh1,0.09091008454561234,0.5378693893096165,0.11274067759854445
thanh1+󱚳,thanh1,0.08314350992441177,0.7520974667927268,0.14720838142395035
thanh1+𤐠,thanh1,0.11756595969200134,0.556660739451694,0.13445772054309393
thanh1+𬕷,thanh1,0.0907340869307518,0.7082070156902913,0.13007254810715355
thanh1+𫫛,thanh1,0.05738886445760727,0.7637599396763355,0.10281059240239003
thanh1+󱠧,thanh1,0.09754142165184021,0.6357096481232618,0.0944838415351078
thanh1+𪤠,thanh1,0.08967424929141998,0.5858378926442315,0.15209723111902987
thanh1+𪠉,thanh1,0.06744790822267532,0.75298350273904,0.14689036716703877
thanh1+󱗘,thanh1,0.07505045086145401,0.6098795473511528,0.13135448483428214
thanh1+㷝,thanh1,0.08395624160766602,0.6985959088957558,0.1060064483673826
thanh1+𡫫,thanh1,0.09357420355081558,0.4728173629270384,0.1364893577873127
thanh1+󱮧,thanh1,0.09959206730127335,0.6228380891301992,0.15413455852710004
thanh1+𤉕,thanh1,0.059068046510219574,0.7554160844148976,0.10335758517328082
thanh1+󱨕,thanh1,0.07914315909147263,0.6389899710822485,0.12433658017793407
thanh1+𬞑,thanh1,0.05725987255573273,0.7628191912567257,0.09263707332246891
thanh1+󱛆,thanh1,0.06349094957113266,0.6192021084538862,0.10111795706537012
thanh1+𥱰,thanh1,0.07084908336400986,0.6648737441547454,0.0873464935109824
thanh1+呯,thanh1,0.10863284766674042,0.6458723704019609,0.08986515238983091
thanh1+󱧔,thanh1,0.07717308402061462,0.7480988824344598,0.12069073112797046
thanh1+𨂗,thanh1,0.09159255772829056,0.7179123418511809,0.15250187792742642
thanh1+󱧘,thanh1,0.07092149555683136,0.7292657490975802,0.08006878068492362
thanh1+󱞐,thanh1,0.08621501177549362,0.6028821866895148,0.0947951674377307
thanh1+󱮑,thanh1,0.1051589623093605,0.6565186629995527,0.10421470493415241
thanh1+󱰗,thanh1,0.06596798449754715,0.5333351053348097,3.5522551220970944
thanh1+𫉮,thanh1,0.061170198023319244,0.8401826110522359,0.1317342534091959
thanh1+𥮈,thanh1,0.07355379313230515,0.6054999010410476,0.11035790025034825
thanh1+󰬛,thanh1,0.04077392444014549,0.8527199025716151,0.11048479549782238
thanh1+𡅯,thanh1,0.05526965484023094,0.7659460642604435,0.0993042202433125
thanh1+󰂘,thanh1,0.10875721275806427,0.6755147815739498,713.628666785729
thanh1+󱮟,thanh1,0.04575415700674057,0.8015963837132147,0.12988034719453442
thanh1+㖀,thanh1,0.09436565637588501,0.7321449197388742,0.6872129675645634
thanh1+𨔌,thanh1,0.060246217995882034,0.7890746223898749,0.10987020771576039
thanh1+𪻟,thanh1,0.09386226534843445,0.708417016027098,3.5999916019077483
thanh1+𨇉,thanh1,0.08829033374786377,0.7280740726829317,0.17248539865849025
thanh1+𩸮,thanh1,0.07542311400175095,0.5510575644541763,0.1256678434838177
thanh1+󱤑,thanh1,0.05960884690284729,0.7396314702112993,0.10989520805794385
thanh1+󱢣,thanh1,0.0767810270190239,0.6781781181389929,0.15642861417499312
thanh1+𦵠,thanh1,0.059397898614406586,0.7639791912032992,0.1366526576017624
thanh1+𩸴,thanh1,0.0690956562757492,0.6821520660063488,0.14814004259145008
thanh1+𩝭,thanh1,0.053545303642749786,0.7586392131371823,0.12398699197394586
thanh1+𩹹,thanh1,0.08012882620096207,0.4878477684548095,0.12964198376345135
thanh1+𪤸,thanh1,0.09485535323619843,0.6467555754891365,0.10738509249687427
thanh1+𠿵,thanh1,0.07907658815383911,0.6980430642000374,0.08724017743927164
thanh1+𬑶,thanh1,0.08312708139419556,0.575831337859178,0.15944124241531857
thanh1+𩚧,thanh1,0.06698475033044815,0.7222965585217392,0.1133898683985754
thanh1+𠚐,thanh1,0.06660989671945572,0.7178343850082274,0.11177020024211543
thanh1+󱛖,thanh1,0.06662319600582123,0.801269640590564,0.07912863915856924
thanh1+󱙲,thanh1,0.04696660116314888,0.8321831874996399,0.08950337155763739
thanh1+𠺚,thanh1,0.07356387376785278,0.7734584961106846,0.10768013591352654
thanh1+𨃌,thanh1,0.06702874600887299,0.7058672049034205,0.12184262902614852
thanh1+𫮡,thanh1,0.06509778648614883,0.7629318576485368,0.10940578761955987
thanh1+𠲡,thanh1,0.07898124307394028,0.579291350514041,0.10782008161873335
thanh1+󱺈,thanh1,0.06406890600919724,0.7830998511914665,0.10302308682695012
thanh1+𡑲,thanh1,0.042304374277591705,0.8242549080936559,0.09199443477621295
thanh1+㺜,thanh1,0.07366116344928741,0.7662867753482439,0.20411678094247465
thanh1+󱤥,thanh1,0.05876234173774719,0.8198592135154715,0.10291635945107241
thanh1+𬛒,thanh1,0.07049110531806946,0.6318770562022539,0.11074605910222247
thanh1+󰢉,thanh1,0.06230096518993378,0.7217630199061299,3.216603932527202
thanh1+𭢌,thanh1,0.08560483157634735,0.5953898426102306,0.10518591070812792
thanh1+󰅲,thanh1,0.07907483726739883,0.6777668393715384,0.07935468105426768
thanh2+𧌂,thanh2,0.07851194590330124,0.7767035702548167,0.11795476020549774
thanh2+𫽦,thanh2,0.08535677194595337,0.7794832875605753,1.0262033232810397
thanh2+囄,thanh2,0.09475762397050858,0.68718969593372,0.14551341031115658
thanh2+󱝯,thanh2,0.05306641012430191,0.7497629886437341,0.11283307362673685
thanh2+󱠼,thanh2,0.08157151192426682,0.6758037899202938,0.1300725824750312
thanh2+啩,thanh2,0.08999975025653839,0.5618944356330607,0.09965854777097234
thanh2+唥,thanh2,0.0664665699005127,0.7823159527120167,0.0979567428904794
thanh2+󱏛,thanh2,0.09910210222005844,0.7473479891571259,0.13879909959647488
thanh2+𩂄,thanh2,0.08464428037405014,0.6536741102069067,0.10698714079859946
thanh2+𡑭,thanh2,0.054257187992334366,0.788197239252044,0.12201623102894976
thanh2+𰈨,thanh2,0.06357505172491074,0.7306438448214588,0.628040785645671
thanh2+𡄡,thanh2,0.06341623514890671,0.6838647483105533,0.16397882659747479
thanh2+𠅐,thanh2,0.09389607608318329,0.6982528656516558,0.09359899650890073
thanh2+󱝢,thanh2,0.0826127827167511,0.6852461729154498,0.12274738660873337
thanh2+𥾸,thanh2,0.05017221346497536,0.7957857992896659,1.2798002928944807
thanh2+鏙,thanh2,0.07231910526752472,0.6281687134371657,0.1391138698007631
thanh2+𪢠,thanh2,0.0994442030787468,0.5103252728684169,0.4195552569025362
thanh2+𥐨,thanh2,0.07261168956756592,0.7204563717890058,0.10552296312370411
thanh2+𪺛,thanh2,0.08236442506313324,0.6151629722318077,0.45091224887380443
thanh2+󰼀,thanh2,0.08529837429523468,0.5588597941542864,0.09826024834442681
thanh2+󱟲,thanh2,0.06059091538190842,0.7174150492158098,0.22104910273594058
thanh2+󱚕,thanh2,0.057151440531015396,0.7303884194566881,0.1034181062691104
thanh2+𠹌,thanh2,0.07662065327167511,0.6651743571637507,0.08913990437945744
thanh2+𡂷,thanh2,0.0671299546957016,0.775919843007632,0.10196463160498732
thanh2+󱙉,thanh2,0.09915407747030258,0.6427475211083736,49.29044944187959
thanh2+𬊭,thanh2,0.07621386647224426,0.6395100058499691,0.10856644078997181
thanh2+𤻓,thanh2,0.08620576560497284,0.6356729561915829,0.1312358200436277
thanh2+󱨿,thanh2,0.08060087263584137,0.5700573044834261,0.15239400214614876
thanh2+𪭟,thanh2,0.0664949119091034,0.8030999076113109,0.10056549988359248
thanh2+𭋙,thanh2,0.08458195626735687,0.6526691862431612,0.11893262028152922
thanh2+󱝐,thanh2,0.07046514749526978,0.7987374646657878,0.25874222609425807
thanh2+󱳪,thanh2,0.0839197188615799,0.6388918405888981,0.11684735356757908
thanh2+𤗹,thanh2,0.09089233726263046,0.5934000879317551,0.28042775699263883
thanh2+𨪷,thanh2,0.11839206516742706,0.3669727123525292,2.8242259557523877
thanh2+𪡿,thanh2,0.07674761861562729,0.6963605303431283,0.4254300410066661
thanh2+𬦄,thanh2,0.09611152112483978,0.5800282940980358,3.8181003492426737
thanh2+󱞑,thanh2,0.12182917445898056,0.6249621214423473,0.4967062917454193
thanh2+𬏇,thanh2,0.07847654819488525,0.6196061381720088,1.1731175639868778
thanh2+󱹡,thanh2,0.05960892140865326,0.7186276995132179,2.3535445219699187
thanh2+𤯱,thanh2,0.07196643948554993,0.7020895739186683,0.15616788113023033
thanh2+󱨈,thanh2,0.08108360320329666,0.7156268379329653,0.357242634761117
thanh2+󱹽,thanh2,0.06927260011434555,0.7461109712958022,0.1256584485574794
thanh2+󱛻,thanh2,0.05930636450648308,0.7141873997783621,0.09537027237050333
thanh2+𡅉,thanh2,0.058076247572898865,0.7940704231710721,0.1002195787284071
thanh2+󱋰,thanh2,0.09698532521724701,0.5983998623666755,0.12089556769812011
thanh2+𬂻,thanh2,0.10480894148349762,0.6814603389401829,0.10373998664178917
thanh2+𮤭,thanh2,0.10073313862085342,0.5855493719078013,0.11395407253437706
thanh2+洅,thanh2,0.10751906782388687,0.6118029044875077,0.07998030954884512
thanh2+󱚫,thanh2,0.09035167098045349,0.590724311534013,0.11178497076545864
thanh2+𩀳,thanh2,0.051380909979343414,0.7782718232997959,0.20547933939013197
thanh2+𠲹,thanh2,0.08155647665262222,0.6228822497589214,0.11541568691172083
thanh2+𠺺,thanh2,0.062430303543806076,0.791231173049698,1.689629256482527
thanh2+𠮨,thanh2,0.060928020626306534,0.7745676913113604,0.0929412933968155
thanh2+婻,thanh2,0.07349506765604019,0.5889689635271131,0.12196599791837821
thanh2+󰂘,thanh2,0.06564966589212418,0.7996008081431847,0.11845986274268235
thanh2+𧍇,thanh2,0.05333204194903374,0.8165087596879186,0.10058864607824493
thanh2+𪤸,thanh2,0.1139230728149414,0.6378134606950691,0.09503717817753887
thanh2+󱸠,thanh2,0.08050955086946487,0.6921955824069915,0.9006645200920868
thanh2+󱛴,thanh2,0.060563117265701294,0.6661584058326098,0.11440273028725055
thanh2+󱝙,thanh2,0.05828651040792465,0.7356584353202552,4.3406704747548615
thanh2+󱬺,thanh2,0.12173622846603394,0.6776040986827502,0.18679633107367108
thanh2+𬛀,thanh2,0.06843435764312744,0.719492363184625,0.09246755695085833
thanh2+𫢧,thanh2,0.08121271431446075,0.7493614719787014,0.10991827172743472
thanh2+𩼁,thanh2,0.07830613106489182,0.6663300266441308,0.1387300817347736
thanh2+𨂚,thanh2,0.09805729985237122,0.7469377380552044,1.965254965464989
thanh2+󱮧,thanh2,0.07858005166053772,0.6317967707885653,0.14004660377566894
thanh2+𠺼,thanh2,0.03477833420038223,0.8007061118855056,0.08865143967126819
thanh2+󰅲,thanh2,0.07451105117797852,0.7937317676224578,0.11780090158641028
thanh2+𧿯,thanh2,0.08997378498315811,0.5392234303346983,0.10324700931464142
thanh2+󱤉,thanh2,0.06997218728065491,0.7781972374582993,0.1348546558650835
thanh2+󱓦,thanh2,0.07726925611495972,0.5860761473485845,0.23165182808337614
thanh2+󱝒,thanh2,0.08426177501678467,0.7334795663437469,87.85288335653888
thanh2+󱝾,thanh2,0.057366758584976196,0.7154591157595015,0.09795624545784654
thanh2+󱩸,thanh2,0.08379651606082916,0.6816095455863855,0.09322585458691968
thanh2+󱙲,thanh2,0.06716545671224594,0.7130346297098423,0.38603304143510075
thanh2+𬙛,thanh2,0.11141175031661987,0.5733620747443279,0.13323564799834667
thanh2+𫯐,thanh2,0.070445217192173,0.6309479447080526,0.0880396391784208
thanh2+󱫂,thanh2,0.05459224432706833,0.7622553790293143,0.6299481192418512
thanh2+𠽂,thanh2,0.11895863711833954,0.38631058623702164,0.9228281484367659
thanh2+󱥻,thanh2,0.082830511033535,0.7295669287566482,0.13899783573719252
thanh2+󰧺,thanh2,0.0907815471291542,0.5008679424990374,0.09750498094167996
thanh2+󰆐,thanh2,0.05875137820839882,0.7883426815157617,0.11557901479976783
thanh2+𢀦,thanh2,0.06843871623277664,0.7406459661229988,0.10696992540040286
thanh2+𪧺,thanh2,0.05913791432976723,0.7582501426101808,0.11735043347724106
thanh2+𫫷,thanh2,0.14100611209869385,0.5963603895097795,0.1829077509586631
thanh2+󱬧,thanh2,0.09982343018054962,0.49224132958772965,0.0975534625274304
thanh2+󰶅,thanh2,0.06570923328399658,0.738064296681254,0.15688347488355506
thanh2+󱬑,thanh2,0.07928214967250824,0.6784708547682238,0.12282104768114027
thanh2+挒,thanh2,0.05236923694610596,0.7650638871511147,0.11008832929360213
thanh2+䀭,thanh2,0.13749372959136963,0.48770858584501725,183.85413520104441
thanh2+𡁞,thanh2,0.06638629734516144,0.6856138002265645,0.1384929402008419
thanh2+󱬻,thanh2,0.07694626599550247,0.7475253808654965,0.149041282360054
thanh2+󱡰,thanh2,0.06544814258813858,0.7452460920775977,0.2504746608670651
thanh2+󱥓,thanh2,0.04924052208662033,0.751867344560782,1.0576733535906957
thanh2+㖏,thanh2,0.06559141725301743,0.7270920205712271,0.07876817384047154
thanh2+𫬠,thanh2,0.08713610470294952,0.5402354645560464,0.09330849210677479
thanh2+𪦎,thanh2,0.06301002949476242,0.6811389072410308,0.1125698297128429
thanh2+󱝟,thanh2,0.09704963862895966,0.4957732648521853,0.18106823337483394
thanh2+󱩻,thanh2,0.08187315613031387,0.7430018414041111,0.15346524795634345
thanh2+𪡽,thanh2,0.06340503692626953,0.7809688508251371,0.09839335240341184
thanh2+溒,thanh2,0.06807585060596466,0.7568066106519045,0.4355924915030298
thanh2+𡂉,thanh2,0.056974612176418304,0.7547288748841486,0.11577074127829272
thanh2+𬏖,thanh2,0.06140051782131195,0.7199836382922599,0.15272661347611838
thanh2+𢰦,thanh2,0.07768358290195465,0.5905889550406148,0.3021240123868218
thanh2+󱹪,thanh2,0.08340583741664886,0.6555691663064391,0.1141788274628171
thanh2+󱞳,thanh2,0.07369046658277512,0.6997338923789936,0.08832400558283308
thanh2+𭈒,thanh2,0.06751151382923126,0.6761985976234909,0.10731320653106301
thanh2+󰮦,thanh2,0.07194960117340088,0.7282353273693924,0.1090386279761822
thanh2+𬆅,thanh2,0.08974078297615051,0.6176378232333068,0.11751353936389153
thanh2+哠,thanh2,0.07196658104658127,0.7186249117179205,0.08840300325896037
thanh2+󱫴,thanh2,0.09947232902050018,0.5371579540111254,0.15143846909129474
thanh2+捠,thanh2,0.06914159655570984,0.6808597074090798,0.08583029739472764
thanh2+𬀦,thanh2,0.05843622237443924,0.785486487672167,0.08257864878801298
thanh2+𠿱,thanh2,0.09298229217529297,0.6856207697014121,116.36049368627589
thanh2+𬄪,thanh2,0.08571172505617142,0.6891445508388514,0.1488508461476882
thanh2+𡫶,thanh2,0.10385718196630478,0.43478849145837856,0.16603402663096364
thanh2+呯,thanh2,0.08507948368787766,0.7430612897630194,1.6312488227261905
thanh2+󱥯,thanh2,0.07826415449380875,0.6111973289228643,0.18873828419442917
thanh2+󰨑,thanh2,0.09886066615581512,0.649344292823361,0.12446783381937525
thanh2+𡃎,thanh2,0.06650836765766144,0.6838570184322811,0.11584381841938117
thanh2+𡅍,thanh2,0.05778281018137932,0.6634170059300996,0.11278581167059691
thanh2+𫧟,thanh2,0.08246348798274994,0.6563719143101109,0.1150769275001462
thanh2+𫵞,thanh2,0.09747041016817093,0.4655004449798163,0.2596610835272078
thanh2+𫅰,thanh2,0.06848546117544174,0.6482926722048008,0.6144186663690608
thanh2+𬏻,thanh2,0.08496223390102386,0.5332149961518724,0.13138603681689587
thanh2+𢢈,thanh2,0.09463479369878769,0.5597672693335141,0.11574505208926551
thanh2+𤶹,thanh2,0.061875078827142715,0.7174465513054109,15.733311291674497
thanh2+濧,thanh2,0.11529596149921417,0.5606273484877574,0.2740478937006147
thanh2+󱟉,thanh2,0.09232081472873688,0.4512478337261145,30.79162705095146
thanh2+󰫽,thanh2,0.08826739341020584,0.707009328759677,0.23927033381356858
thanh2+󱟹,thanh2,0.06057431176304817,0.7663407256499888,0.10999702826177464
thanh2+𨅞,thanh2,0.082334004342556,0.7403330397941549,0.34432708905486487
thanh2+󱞼,thanh2,0.08486776053905487,0.6716352642811216,0.14111093871481784
thanh2+𡔒,thanh2,0.08979503810405731,0.566611354710329,0.22502781799280522
thanh2+𤊤,thanh2,0.057740047574043274,0.768696046747483,0.12333494779813603
thanh2+㖵,thanh2,0.0990196242928505,0.6990822627028953,135.05122786193178
thanh2+󱪢,thanh2,0.08277224749326706,0.6503827196296205,0.17872438810882116
thanh2+󱞠,thanh2,0.06562180817127228,0.6898545690565481,0.1397270921811088
thanh2+󰃧,thanh2,0.06985405087471008,0.6763168328564421,0.1099798483584228
thanh2+𣘊,thanh2,0.0689798891544342,0.677208648642022,0.10508652608330378
thanh2+󱝑,thanh2,0.06021152436733246,0.69457177064499,0.10537992702440081
thanh2+󱋠,thanh2,0.0628238245844841,0.7569433782624432,0.10946224386775365
thanh2+󱝘,thanh2,0.09774603694677353,0.7444448785705603,0.39628066118786265
thanh2+󱰭,thanh2,0.10108646750450134,0.35134765664769213,0.15463114528984737
thanh2+㺜,thanh2,0.07405614852905273,0.693413323738089,0.2005433818438582
thanh2+𤐠,thanh2,0.08561611920595169,0.7303555790216704,0.19252158776493844
thanh2+𡪦,thanh2,0.07918830215930939,0.6865112722143868,18.365366830201584
thanh2+𠸩,thanh2,0.07426832616329193,0.826145437377911,0.14070552807371814
thanh2+󱥪,thanh2,0.08229143172502518,0.7061786731132276,0.18879883725563287
thanh2+󰝅,thanh2,0.11089898645877838,0.6001718711136484,5.507493782252745
thanh2+𢲠,thanh2,0.06080230325460434,0.7482854797918522,0.1258061019840307
thanh2+󰛼,thanh2,0.06137414276599884,0.7626884305817241,0.10145708111605929
thanh2+𣱿,thanh2,0.09790423512458801,0.8163357927533055,0.09415034859488453
thanh2+󱛢,thanh2,0.039645638316869736,0.8202556042437565,0.1181175529666985
thanh2+󱝂,thanh2,0.09048331528902054,0.7021187330696472,0.7310186810989042
thanh2+𪿀,thanh2,0.0796576589345932,0.6772983561810095,0.24221148964329695
thanh2+󱡄,thanh2,0.06673621386289597,0.5608971427521207,0.12865469753855896
thanh2+󱼖,thanh2,0.08274103701114655,0.7021188865819055,0.13898816521768018
thanh2+󱗘,thanh2,0.08513106405735016,0.6565040116806611,0.11644143900593501
thanh2+灆,thanh2,0.08734628558158875,0.7380933817378026,0.15257662486081972
thanh2+󱦅,thanh2,0.058244481682777405,0.764048442440747,0.09328910576577877
thanh2+󱡇,thanh2,0.051210030913352966,0.7401540005821139,0.1380820778834649
thanh2+𡫫,thanh2,0.07155288755893707,0.6330202733241362,0.21164139284690062
thanh2+𠴘,thanh2,0.13186608254909515,0.47565135271804493,0.12087628164766366
thanh2+𢪥,thanh2,0.08192955702543259,0.40199794352922824,0.19966580235839373
thanh2+󱟟,thanh2,0.0660829022526741,0.7282949382741645,0.10910347659335203
thanh2+𥵖,thanh2,0.06224207952618599,0.7944929553306629,0.7859048044880059
thanh2+𣓾,thanh2,0.05729082226753235,0.7510376783681195,22.50482445966806
thanh2+𫱗,thanh2,0.07716250419616699,0.6248633350003787,0.14594640830485558
thanh2+󱯏,thanh2,0.04059351608157158,0.8292418584941019,0.12238581874814931
thanh2+𡂄,thanh2,0.08834119141101837,0.6186427966432485,0.20324104999698775
thanh2+󰬨,thanh2,0.06851223111152649,0.6920956387816064,0.10498614674295714
thanh2+𡏯,thanh2,0.05542691797018051,0.6915580078470963,0.13148245161270147
thanh2+堒,thanh2,0.07066583633422852,0.7211076949995907,0.2525612145151151
thanh2+𠏠,thanh2,0.045342665165662766,0.8163344107498304,0.12162419085882181
thanh2+󱞽,thanh2,0.09991230815649033,0.573500700851457,0.1398546262872231
thanh2+䐥,thanh2,0.0921737551689148,0.6642501395789221,0.13902341428110393
thanh2+𡎔,thanh2,0.07802527397871017,0.7673311840724899,0.10612130172407265
thanh2+󰙯,thanh2,0.07392724603414536,0.7199131260401762,0.3704467660661863
thanh2+󱠠,thanh2,0.07717183977365494,0.7288886203281414,0.11735430454130204
thanh2+󱟮,thanh2,0.07538750022649765,0.7467426315496917,0.11863453834704742
thanh2+󱢏,thanh2,0.07915148138999939,0.6882313576427628,0.12720999088189275
thanh2+𢹊,thanh2,0.11106175929307938,0.23097750638563322,0.28187345631613453
thanh2+𫔬,thanh2,0.08754048496484756,0.7069286544567919,0.0727572863509499
thanh2+㗴,thanh2,0.07225633412599564,0.5887193255991596,0.19439890688821296
thanh2+󰐨,thanh2,0.09148448705673218,0.5234460798785601,0.11690764438330038
thanh2+𣞄,thanh2,0.13734421133995056,0.4383872833208666,33.54079294105262
thanh2+𫇿,thanh2,0.057338543236255646,0.7839879852513056,0.09488413184836479
thanh2+𥱰,thanh2,0.12898001074790955,0.5281805526285515,0.2969781168932301
thanh2+𡄰,thanh2,0.08356509357690811,0.6889195940990736,0.21146165471172682
thanh2+󱌔,thanh2,0.06175898760557175,0.7456991695549915,0.09383176154036628
thanh2+𪾭,thanh2,0.07909166812896729,0.6089831959588021,0.09405918277012774
thanh2+𧎠,thanh2,0.08074147999286652,0.7828732691253829,4.525085052025653
thanh2+𠮙,thanh2,0.12704260647296906,0.6445541501690218,0.10909652768398966
thanh2+𫑺,thanh2,0.11671677976846695,0.649745853450189,7.25630920688652
thanh2+󱤾,thanh2,0.06578696519136429,0.7746593919423758,0.12450625087655316
thanh2+𨁟,thanh2,0.08440597355365753,0.49064014597590827,0.16813190207607978
thanh2+𪢌,thanh2,0.13559260964393616,0.3884523641342521,0.25310714921780075
thanh2+󱲝,thanh2,0.08672628551721573,0.5847581635332046,0.1102089424350845
thanh2+𭈖,thanh2,0.060316041111946106,0.766061360715678,0.100433679573019
thanh2+䈊,thanh2,0.08401256799697876,0.6500928818085668,0.10127344865900012
thanh2+㗩,thanh2,0.13314148783683777,0.6316337287151594,8.076026108391657
thanh2+󱟡,thanh2,0.09093967825174332,0.726812859264472,0.1330814691963078
thanh2+󰬪,thanh2,0.08358663320541382,0.7102390724467845,0.2486101977813774
thanh2+𩂀,thanh2,0.0749828889966011,0.6681199432875167,0.11044173113700938
thanh2+󱞎,thanh2,0.16094718873500824,0.3797356477323957,3.0769425823505205
thanh2+󱞲,thanh2,0.09519640356302261,0.3961946188926216,0.2128951991915844
thanh2+󱖧,thanh2,0.08600998669862747,0.64166071162601,0.13131603874871725
thanh2+𡉎,thanh2,0.06493551284074783,0.8213371864101539,0.0743052035659204
thanh2+𫭅,thanh2,0.09350652247667313,0.650306085417855,0.1240226868606617
thanh2+𦘱,thanh2,0.09497979283332825,0.5796152108667469,0.08285696248681096
thanh2+𬛒,thanh2,0.06430642306804657,0.7332962024151518,0.09846379617921656
thanh2+󱯺,thanh2,0.06588659435510635,0.6027822713804791,2.9873548180496647
thanh2+󱧀,thanh2,0.09636050462722778,0.5416320339260458,0.11813677706217578
thanh2+󱞇,thanh2,0.07201851159334183,0.6617816551558873,1.1329649146459184
thanh2+䰺,thanh2,0.07429218292236328,0.6487432645329829,0.11247164818136672
thanh2+󱱣,thanh2,0.07122927904129028,0.720486000184145,8.116208741389222
thanh2+𡏥,thanh2,0.0918651893734932,0.6322144840558034,0.5062072035512735
thanh2+󱛖,thanh2,0.0924740880727768,0.752000878575571,0.3210093591382676
thanh2+𫴬,thanh2,0.06191360205411911,0.7412308614245794,0.15832841822287422
thanh2+󱫠,thanh2,0.05360247939825058,0.7711762181538444,0.31617367745340913
thanh2+㙩,thanh2,0.04708164557814598,0.7373530241731654,0.11051913074233151
thanh2+𡳳,thanh2,0.07723838835954666,0.518176150474005,0.12743201726174258
thanh2+󱥄,thanh2,0.05201923847198486,0.8097490671134462,0.11635209556819887
thanh2+𰓖,thanh2,0.046009134501218796,0.7851403319636753,0.36236759406945884
thanh2+󰊈,thanh2,0.06927037239074707,0.7334994234675682,0.09357618342132001
thanh2+󱛦,thanh2,0.07640692591667175,0.8100142150885741,0.4763560389152044
thanh2+𪡍,thanh2,0.08089761435985565,0.7308625196551279,0.13492202908914014
thanh2+󱓇,thanh2,0.0688139945268631,0.7511820132407581,0.10903757346542199
thanh2+󰤣,thanh2,0.08108989894390106,0.6613776086994316,0.3154624697049635
thanh2+𡓯,thanh2,0.06337413191795349,0.7241074238978586,15.901799464206599
thanh2+󱦮,thanh2,0.0871971994638443,0.6717334195304614,0.10640649083784043
thanh2+󰢽,thanh2,0.07329043745994568,0.736054850711089,1.6892755034292355
thanh2+𠱻,thanh2,0.103681281208992,0.5932837260632671,0.3763006748150306
thanh2+󱛳,thanh2,0.05907135456800461,0.7303329432182094,0.1771140305851038
thanh2+𣎞,thanh2,0.08813660591840744,0.4721068962377964,0.2591951399470462
thanh2+𦩳,thanh2,0.0645342469215393,0.7515903943061986,0.2231167913515154
thanh2+𫏙,thanh2,0.0781148374080658,0.7442100568077273,6.172301878336225
thanh2+󰣡,thanh2,0.07904069870710373,0.7347734123748322,0.2415510376081581
thanh2+𨪪,thanh2,0.06355943530797958,0.7613810595205411,0.19177031945461978
thanh2+𬖵,thanh2,0.05898306146264076,0.7500901515548447,0.11429290806221527
thanh2+𭊳,thanh2,0.052704572677612305,0.7562608556706936,0.1512661471894909
thanh2+𪤠,thanh2,0.08153271675109863,0.6983069835814437,0.12979702476381297
thanh2+󱞴,thanh2,0.09786871075630188,0.44116075066048277,0.142437766835638
thanh2+𫪄,thanh2,0.07213550806045532,0.7315445105653458,0.10001587697004403
thanh2+󱚇,thanh2,0.07082337886095047,0.755515349721414,0.195248242652164
thanh2+󰂛,thanh2,0.0640125721693039,0.7320827567554735,17.37546826707982
thanh2+󱩛,thanh2,0.08047027140855789,0.5669672786246861,0.1566082699597035
thanh2+㧪,thanh2,0.07995570451021194,0.7153747845055174,0.21339029749292826
thanh2+𢠤,thanh2,0.056738466024398804,0.7818216635557057,1.4675627343179694
thanh2+󱼓,thanh2,0.0972725972533226,0.7524241095046751,0.1310444987910059
thanh2+󱠑,thanh2,0.08956056833267212,0.6474108990300307,0.12452601822417904
thanh2+鮗,thanh2,0.0912180095911026,0.7490498246347178,0.12998832972869245
thanh2+󱠢,thanh2,0.050625137984752655,0.7303244061807678,0.6822508879715968
thanh2+󱋣,thanh2,0.10795044153928757,0.3514856525238616,0.432170521358375
thanh2+𠌊,thanh2,0.06536161154508591,0.7706767395698082,0.11424495195063565
thanh2+󱚰,thanh2,0.06156972050666809,0.6522252779202719,0.10940249007155041
thanh2+󱼒,thanh2,0.08639341592788696,0.6136316995222055,0.08640682837825647
thanh2+𧒅,thanh2,0.08331303298473358,0.4716827874189758,0.12157679420782909
thanh2+𪴉,thanh2,0.08997093886137009,0.5376880301400303,0.11454113425230472
thanh2+󰍖,thanh2,0.05473819747567177,0.7768438044620033,0.11468195114946478
thanh2+󱊚,thanh2,0.07123949378728867,0.7155645699327154,0.11982589812397591
thanh2+𫽠,thanh2,0.062125008553266525,0.7559201095182778,0.22093283384475784
thanh2+𥶱,thanh2,0.0501454696059227,0.7640049793362246,5.2129661422658495
thanh2+𰋝,thanh2,0.11368286609649658,0.6001744098095186,0.09707824984282909
thanh2+𤎓,thanh2,0.07469858229160309,0.6849489289448005,2.888325337901222
thanh2+󱦙,thanh2,0.07885070145130157,0.5908860389067473,0.1557184890452792
thanh2+𡚝,thanh2,0.09422672539949417,0.5706046505472087,0.10399495367964906
thanh2+𡉁,thanh2,0.0680689662694931,0.6721636759539625,0.07358147520271274
thanh2+󰯺,thanh2,0.07395724952220917,0.6780633223546296,0.14087987082413797
thanh2+𫮡,thanh2,0.10794331878423691,0.5787890578053069,0.16233151925192063
thanh2+𬕻,thanh2,0.06525623798370361,0.6659822000423015,0.23766616817226185
thanh2+𠷦,thanh2,0.08373883366584778,0.574303012285632,0.2773875663435737
thanh2+𪥘,thanh2,0.09122256934642792,0.5038185702654171,0.10475320231017284
thanh2+𡄳,thanh2,0.07754795253276825,0.6147883644338346,0.27118300063750217
thanh2+𨇉,thanh2,0.06482767313718796,0.7269470166730476,0.12803785802636744
thanh2+𤬪,thanh2,0.08011683076620102,0.7468873583389878,0.3582986510066735
thanh2+𧞿,thanh2,0.08310870826244354,0.40949596692872087,0.17901942570812857
thanh2+𤣡,thanh2,0.08178213238716125,0.7177301771746334,0.12295454698583975
thanh2+󰤴,thanh2,0.08349709212779999,0.6913148667107731,0.08946121231256342
thanh2+𦟖,thanh2,0.07592688500881195,0.6039748560058698,0.4207637449988215
thanh2+𨆷,thanh2,0.11396393179893494,0.49249967612072376,0.14949837547184588
thanh2+󱟫,thanh2,0.08132106810808182,0.6131627742410961,0.103662722503487
thanh2+󱢣,thanh2,0.09945845603942871,0.652415138724944,0.1363828910895938
thanh2+󱞖,thanh2,0.06160791963338852,0.7703138253975003,0.22383539466348198
thanh2+󱭘,thanh2,0.0652364194393158,0.7401781066366475,0.13353024121608895
thanh2+󱩩,thanh2,0.07111392170190811,0.6712221890554863,0.12563348395975169
thanh2+𡁎,thanh2,0.08404005318880081,0.7624179578267374,0.6662930479670968
thanh2+𫆮,thanh2,0.058363642543554306,0.6700188067132711,0.1443960045660269
thanh2+𡑪,thanh2,0.09348948299884796,0.6195048015267908,0.1285104772137656
thanh2+𠸬,thanh2,0.07052766531705856,0.7083489051930459,0.12086306170146373
thanh2+󰴾,thanh2,0.09499028325080872,0.39555555769957457,0.12219495216184446
thanh2+𨮉,thanh2,0.061500731855630875,0.6692442306901399,0.11242068710520493
thanh2+󱢰,thanh2,0.08555285632610321,0.6609752823425384,0.11388982342694769
thanh2+󱛋,thanh2,0.07135831564664841,0.7257206221150414,0.121742349908097
thanh2+𤞦,thanh2,0.06257743388414383,0.6629186649463432,0.11043469084929093
thanh2+𫪦,thanh2,0.11305035650730133,0.6318812890754051,0.10982830789294447
thanh2+𬄹,thanh2,0.05734904482960701,0.7901316625187109,1.2016550398531265
thanh2+𠼇,thanh2,0.0774872899055481,0.7413164164782681,0.27794924399961646
thanh2+𠿵,thanh2,0.06783811002969742,0.7151214253768764,0.95800608157161
thanh2+󱮾,thanh2,0.0773894190788269,0.6570482901691689,0.6612063406902827
thanh2+󱜲,thanh2,0.04767605662345886,0.8479417525031754,0.0915377804391581
thanh2+𡀦,thanh2,0.09984029829502106,0.596904963448165,0.21366250696433808
thanh2+󱡴,thanh2,0.08134812861680984,0.7356359926706587,0.14647421553600362
thanh2+𠴌,thanh2,0.10524705052375793,0.6248107357102841,5.996083858897603
thanh2+㙘,thanh2,0.10247112065553665,0.4795739715161491,0.3357051790588112
thanh2+𪉴,thanh2,0.08620724827051163,0.48608091865104747,0.11014522842936984
thanh2+󱜖,thanh2,0.11253407597541809,0.709196118694836,0.08789416514188199
thanh2+𤲼,thanh2,0.06027919054031372,0.6391886683889703,2.0468175574586063
thanh2+𡚎,thanh2,0.050871893763542175,0.7991340782827079,0.17778546330493927
thanh2+𠷯,thanh2,0.10524160414934158,0.6891879164461325,135.8803431791805
thanh2+𨄿,thanh2,0.06476034224033356,0.6958429044972577,0.11759936367786646
thanh2+𡀲,thanh2,0.06168268620967865,0.7561483213334869,0.11345364320718711
thanh2+𪣠,thanh2,0.0625901073217392,0.7920188417116979,0.0991512342649638
thanh2+󱘓,thanh2,0.07507669180631638,0.6392509275352439,0.3602839554275635
thanh2+𬑶,thanh2,0.0881122425198555,0.6583194506535379,0.14760657894537835
thanh2+󱤥,thanh2,0.09228913486003876,0.7020158479787808,3.301824779665166
thanh2+𭉷,thanh2,0.07166866213083267,0.6832629022250287,0.09764942763230539
thanh2+𤉓,thanh2,0.09775318205356598,0.4751255709627672,0.09663945992851879
thanh2+𪝅,thanh2,0.06626436859369278,0.6975400604432784,0.12965369678770944
thanh2+󰘓,thanh2,0.0652926117181778,0.7870640266745086,0.1160736468905656
thanh2+𢠿,thanh2,0.07837975770235062,0.6877626251716122,85.55841073274753
thanh2+󰺼,thanh2,0.08883874118328094,0.5972122271644665,28.4525921647043
thanh2+󱹜,thanh2,0.06522186845541,0.6962172770314428,0.10175083438524542
thanh2+𪝪,thanh2,0.0807841420173645,0.5609641290913214,0.24164520415517413
thanh2+󱰍,thanh2,0.05110900104045868,0.7534994612342574,0.12374516798101003
thanh2+󱥭,thanh2,0.09570148587226868,0.5789094263082074,3.6015082443722037
thanh2+󰢣,thanh2,0.07835634052753448,0.5542164937101033,0.10972822098140111
thanh2+󱟰,thanh2,0.07633242756128311,0.5955330757137273,2.748519213812274
thanh2+𩠸,thanh2,0.08367392420768738,0.6431762661771256,0.15008011568767174
thanh2+󱝹,thanh2,0.06838716566562653,0.6823723077283129,0.10674665161466805
thanh2+𠶍,thanh2,0.07636980712413788,0.7197734627272232,0.15831104989692416
thanh2+𠼋,thanh2,0.09615448117256165,0.6803135212931148,0.13697975945511706
thanh2+𣕞,thanh2,0.0749998614192009,0.5867039642051727,0.7810457676315855
thanh2+󱫷,thanh2,0.06939747929573059,0.7637218316703738,0.1083527101731356
thanh2+𤏦,thanh2,0.06384884566068649,0.6486651222325129,0.1069123815721446
thanh2+𫫊,thanh2,0.07969343662261963,0.768518194603772,0.1594304172973715
thanh2+𫼰,thanh2,0.08839975297451019,0.5791954086109586,32.97904521111979
thanh2+󱝭,thanh2,0.0963631421327591,0.713270065546364,0.12444024745335376
thanh2+󱥦,thanh2,0.052440010011196136,0.7722004906718701,0.10760869013180423
thanh2+𬡶,thanh2,0.06834377348423004,0.7580084639210155,0.1132786878950421
thanh2+𪢷,thanh2,0.07480669021606445,0.7454644516436668,0.05861583463429091
thanh2+𡀫,thanh2,0.0694628357887268,0.7199351771598134,0.15686854599949918
thanh2+󱅒,thanh2,0.08060068637132645,0.6299774370395532,0.13875512655405953
thanh2+𫡸,thanh2,0.0753784105181694,0.6976507206164559,6.828382898044384
thanh2+󰌋,thanh2,0.05576767399907112,0.7733143186026663,0.16129018090107394
thanh2+𠾲,thanh2,0.10012435913085938,0.5501488312089103,0.12576488761781857
thanh2+󱬎,thanh2,0.05951371043920517,0.719615788547169,0.1191400629869953
thanh2+𡌡,thanh2,0.06735674291849136,0.7783866405783756,0.09846934122618056
thanh2+󱞿,thanh2,0.07822685688734055,0.6415113161220288,0.16023288549685075
thanh2+󰙘,thanh2,0.07683482766151428,0.6908419407150052,22.928465160375154
thanh2+𪻟,thanh2,0.07792823016643524,0.7213822613791476,0.11819544397869813
thanh2+𡃝,thanh2,0.07825619727373123,0.6948643178551606,0.12691345696922154
thanh2+𪡫,thanh2,0.06329747289419174,0.7787732947531115,0.10841821834439168
thanh2+𫯝,thanh2,0.11160848289728165,0.6078276187619149,0.29645309365710437
thanh2+𣌌,thanh2,0.06988921761512756,0.7201401799947661,0.20252140042865815
thanh2+𡎤,thanh2,0.0655972957611084,0.7667999764735594,14.656810992559924
thanh2+󱷿,thanh2,0.10368959605693817,0.5785036103368609,128.72377964665424
thanh2+𫣝,thanh2,0.06720661371946335,0.7607777627092943,8.087753063542207
thanh2+󱟱,thanh2,0.10102703422307968,0.6608756804591647,0.06322882346166554
thanh2+󱝨,thanh2,0.07623063027858734,0.7100036083283404,0.15017157192006672
thanh2+󱤠,thanh2,0.09478878974914551,0.6967525833764003,0.09927846384810628
thanh2+𭰺,thanh2,0.069585420191288,0.779015844617999,0.10992759760411942
thanh2+𤹕,thanh2,0.06870584934949875,0.7176654095489973,0.11595441694729769
thanh2+𡑲,thanh2,0.07133610546588898,0.7409979362189194,1.9239483366032315
thanh2+𥮈,thanh2,0.06265509128570557,0.7071635332702932,0.24705750686656702
thanh2+󱦐,thanh2,0.05600644648075104,0.727984088186789,0.11672905059661969
thanh2+󱤍,thanh2,0.09188438951969147,0.5637829610235995,0.12354602288728848
thanh2+󱛕,thanh2,0.047519512474536896,0.552928357495088,0.10412695970435311
thanh2+󱚍,thanh2,0.08978958427906036,0.6683512674006195,0.13601218589868766
thanh2+壉,thanh2,0.12136685103178024,0.5202026411985636,1.1539292684989055
thanh2+𡜒,thanh2,0.05395853519439697,0.7645865468552806,0.1024980278323404
thanh2+󱺈,thanh2,0.06763371080160141,0.7622597690065571,0.42406623580414493
thanh2+𮜲,thanh2,0.07362108677625656,0.7440774714197345,0.27168459511045423
thanh2+𡫨,thanh2,0.08206558972597122,0.7137510259249771,0.15840136225909243
thanh2+姈,thanh2,0.07471256703138351,0.628020969029443,0.37914587508864184
thanh2+𡎡,thanh2,0.0761854350566864,0.7888706742669098,0.19950514621258109
thanh2+𠻇,thanh2,0.05482347682118416,0.7730146574672512,0.40009609302129484
thanh2+𡃓,thanh2,0.1062736064195633,0.6258267227162609,0.3227874985545646
thanh2+󱥥,thanh2,0.06753524392843246,0.7119106785897618,0.15480210617684487
thanh2+󰄜,thanh2,0.0761951357126236,0.6523282801349397,0.5006710289961774
thanh2+𪂱,thanh2,0.06443100422620773,0.7234494607659768,0.21244993828803546
thanh2+𩶽,thanh2,0.10244819521903992,0.48835498495415364,0.18811716907383702
thanh2+㖪,thanh2,0.1104993224143982,0.6389244013304208,0.5289035901876882
thanh2+𬊐,thanh2,0.060402512550354004,0.7543953299584357,0.09798147639199815
thanh2+𩝭,thanh2,0.06496181339025497,0.7815321119770415,30.327105709487995
thanh2+󱜷,thanh2,0.07215867936611176,0.7057443032677116,0.11549597567253111
thanh2+𩛸,thanh2,0.04877408593893051,0.7044071985426332,0.13827237702525405
thanh2+𠲡,thanh2,0.0773889422416687,0.6798713362662412,0.27397375073941
thanh2+󱞙,thanh2,0.06619274616241455,0.7916478479685883,0.12326650498333175
thanh2+󱙰,thanh2,0.07210004329681396,0.697859207625375,0.15117614977978264
thanh2+󱍺,thanh2,0.06496427208185196,0.6660462135384504,0.09453847129955843
thanh2+𩚧,thanh2,0.07327963411808014,0.6610672285687968,0.0928230116309983
thanh2+󱟪,thanh2,0.0680728554725647,0.6863123788199406,0.11262467440981205
thanh2+哖,thanh2,0.10675179213285446,0.7790453329196795,0.18120962886501446
thanh2+𬓓,thanh2,0.06758550554513931,0.6319047655753108,0.11251503520985988
thanh2+𡁛,thanh2,0.0655842274427414,0.738764261369482,0.13311977494853935
thanh2+𨄸,thanh2,0.08528481423854828,0.5869281382356306,14.603145244164203
thanh2+𣻢,thanh2,0.11243108659982681,0.6960247916575777,0.11401201639010929
thanh2+󰘵,thanh2,0.06505323201417923,0.6010905579862407,0.13297069835567624
thanh2+𠼸,thanh2,0.062375664710998535,0.7368930018799623,0.10587925866895416
thanh2+󱟨,thanh2,0.09388293325901031,0.5719992935242696,46.524874999788516
thanh2+𡁚,thanh2,0.05728580802679062,0.7701032332076418,0.21404077864951862
thanh2+𡁽,thanh2,0.12226391583681107,0.5061767366027554,4.124962909539547
thanh2+󱲙,thanh2,0.0783098042011261,0.6168858357760695,0.09998407640704216
thanh2+睈,thanh2,0.09826701879501343,0.6592101374385502,192.40041175198053
thanh2+󱀄,thanh2,0.0883868932723999,0.6457914123761386,0.22997622466678272
thanh2+󱡉,thanh2,0.0849708840250969,0.6560911799856844,0.06849509522304924
thanh2+𢵻,thanh2,0.059941504150629044,0.7790040232906742,0.12844465948967562
thanh2+𢶹,thanh2,0.06574828177690506,0.7833581039099757,0.1318775721818292
thanh2+𪸝,thanh2,0.07780805975198746,0.6924586270942488,0.39609011346403794
thanh2+󱡗,thanh2,0.05983759090304375,0.7581112905091187,0.2576306619521421
thanh2+𬕌,thanh2,0.07642987370491028,0.7254178839932512,0.08766088630880163
thanh2+󱺃,thanh2,0.13015788793563843,0.35862255571608825,0.4495625103784457
thanh2+𡅫,thanh2,0.08007174730300903,0.5829502644377494,0.11379383470644377
thanh2+󱫟,thanh2,0.07031861692667007,0.671428120484494,0.1615103283665503
thanh2+󱚴,thanh2,0.0678921639919281,0.745452189968119,0.14044912498613257
thanh2+𠸄,thanh2,0.07886626571416855,0.703917054355586,0.08994933097289443
thanh2+󱲰,thanh2,0.09872916340827942,0.5679342032792689,0.27631609585878425
thanh2+󰞘,thanh2,0.13696761429309845,0.6410746375490988,0.11829288040177126
thanh2+𡚄,thanh2,0.08073175698518753,0.6644713709031128,0.13804555426768753
thanh2+󱳠,thanh2,0.08083561807870865,0.6804044914452698,0.20817019728339506
thanh2+𬠥,thanh2,0.11282003670930862,0.5296253544668678,0.1667059062794474
thanh2+󱳒,thanh2,0.09805045276880264,0.631607571764296,0.15314240558185774
thanh2+𤉕,thanh2,0.08495966345071793,0.5374168188492254,0.12016210718741753
thanh2+󱦩,thanh2,0.09576407074928284,0.546731753805348,0.28856571079522764
thanh2+𢷰,thanh2,0.06619376689195633,0.7394430393921037,0.17660338279227727
thanh2+㷝,thanh2,0.07596459984779358,0.6892485516599175,0.1515027846232283
thanh2+󱣶,thanh2,0.10067432373762131,0.6225391327360573,0.16732851406234447
thanh2+󱯄,thanh2,0.07701417803764343,0.46999263119796414,0.24051080771191904
thanh2+󱞕,thanh2,0.07735149562358856,0.62720153558967,27.284430178059356
thanh2+󱌡,thanh2,0.11727733910083771,0.40045070679659844,0.13200082090604645
thanh2+𠻱,thanh2,0.10433220863342285,0.5885794825224366,0.10119777312547913
thanh2+𡗅,thanh2,0.08703186362981796,0.5671238994857098,0.09531188252610713
thanh2+𠽇,thanh2,0.09058382362127304,0.6044450458692102,0.09819714472242615
thanh2+𪶵,thanh2,0.07722973823547363,0.5822315502213137,0.10798106452491295
thanh2+𪢒,thanh2,0.08406734466552734,0.526958853431645,0.11169514540667097
thanh2+𪩥,thanh2,0.08104010671377182,0.6629118991137266,0.12541038944085844
thanh2+𣔧,thanh2,0.035477422177791595,0.8289360992297018,0.11128361582774086
thanh2+󱞾,thanh2,0.10364744812250137,0.6731808721437255,0.3579300879946395
thanh2+󰂻,thanh2,0.07109384983778,0.6601816215734218,1.5654484318673958
thanh2+󱲗,thanh2,0.11365042626857758,0.4849527328551405,0.10228168498401835
thanh2+󱞒,thanh2,0.08247293531894684,0.6643380238661127,2.417087808961625
thanh2+𪤲,thanh2,0.06782431900501251,0.7509168449379889,0.232157880984972
thanh2+󱪱,thanh2,0.045358121395111084,0.7499376369089801,0.13985879723925948
thanh2+󱰺,thanh2,0.07519901543855667,0.5715225112725054,0.13352222489191098
thanh2+𨆟,thanh2,0.07052125781774521,0.7221655632538894,4.906485298842249
thanh2+󱬊,thanh2,0.07922322303056717,0.7228488282810559,0.13203852597156418
thanh2+𡍢,thanh2,0.10367444902658463,0.43825958187337155,0.11048982430098915
thanh2+𦟟,thanh2,0.07828624546527863,0.6196222648200006,0.35952546833970384
thanh2+󱹺,thanh2,0.06554156541824341,0.752946528594009,0.10591677284812061
thanh2+𪢍,thanh2,0.07633432745933533,0.6726055331137671,0.09277514962293765
thanh2+㤝,thanh2,0.038672834634780884,0.8103153072941301,0.10443554553662293
thanh2+󱛱,thanh2,0.08232833445072174,0.740921562807767,0.10164708194597444
thanh2+󱛺,thanh2,0.08106117695569992,0.6482549222573882,0.24250867551317765
thanh2+󰬲,thanh2,0.05970059707760811,0.6228784017147247,0.16311302302326688
thanh2+𪡎,thanh2,0.08103294670581818,0.7292928293755659,0.18852831497878397
thanh2+󱹙,thanh2,0.09997589141130447,0.509195773877898,0.14049283138264573
thanh2+󰌗,thanh2,0.08544296026229858,0.5186608028691011,0.09586972211036489
thanh2+𥊜,thanh2,0.07238908112049103,0.7911585997256193,1.8143003093832066
thanh2+𰦫,thanh2,0.08331155776977539,0.6699984415891791,0.09076493936226067
thanh2+󱝸,thanh2,0.07836854457855225,0.5546424918933224,0.1066201509942525
thanh2+𠶊,thanh2,0.09636641293764114,0.5927606472701166,0.10872733676378711
thanh2+𫊬,thanh2,0.09361930936574936,0.4838008230966566,0.1110918428370256
thanh2+󱛙,thanh2,0.10652811080217361,0.6598775370221354,0.10823265258612845
thanh2+󱭷,thanh2,0.08611182123422623,0.608470175809295,0.1788295373631376
thanh2+𥖑,thanh2,0.0637032687664032,0.7025955160356117,0.21635473888951084
thanh2+𮫷,thanh2,0.0808650553226471,0.5600829045988779,24.90149882344821
thanh2+莰,thanh2,0.06043856963515282,0.7800345981012992,0.12043781469179775
thanh2+󱗳,thanh2,0.04684100300073624,0.7649088724446216,0.20911416216389792
thanh2+󱜴,thanh2,0.04766913503408432,0.8211963193274736,0.4616349678600313
thanh2+𡀇,thanh2,0.06937029957771301,0.7527813679618773,0.11481906780381634
thanh2+𪠉,thanh2,0.07978256046772003,0.7319710736870649,0.08970358279706288
thanh2+𢯝,thanh2,0.061859648674726486,0.7736437417451403,0.10318846024969458
thanh2+𫿟,thanh2,0.09065142273902893,0.5392867585376458,0.13515506336039015
thanh2+󱳦,thanh2,0.1034703180193901,0.688670786766206,0.10333433887348333
thanh2+𧟝,thanh2,0.09089446067810059,0.6038981400992582,0.12120607356909426
thanh2+󱣂,thanh2,0.06863092631101608,0.6813631795718867,0.21334310521358554
thanh2+󱞟,thanh2,0.05398789048194885,0.7536185124991195,0.12480231166032103
thanh2+󰌺,thanh2,0.06784144043922424,0.7020900417666613,0.1241151907896667
thanh2+𥌈,thanh2,0.07661868631839752,0.7491110542221348,0.5273002463071292
thanh2+𧍆,thanh2,0.060353707522153854,0.7036835680195999,0.12437438606591818
thanh2+𬪽,thanh2,0.06714344769716263,0.7227323355944719,0.16947132448237856
thanh2+󱌰,thanh2,0.11771651357412338,0.6669001285270392,0.1051993583549653
thanh2+𠻉,thanh2,0.07381446659564972,0.7392197653293101,0.12845003413220185
thanh2+󱟠,thanh2,0.09210566431283951,0.5935076376454717,0.1687484533438038
thanh2+𨡨,thanh2,0.08206363022327423,0.650231199183768,0.16532203369806517
thanh2+󱙌,thanh2,0.07420600950717926,0.6113083458939282,0.266450419176103
thanh2+抋,thanh2,0.06557056307792664,0.6610559197557448,0.09023068038716237
thanh2+𡅑,thanh2,0.0583529956638813,0.7712514972842823,0.41605153329224126
thanh2+󰮝,thanh2,0.04929805546998978,0.7833597075824855,8.86061657173218
thanh2+𩵾,thanh2,0.048063572496175766,0.7889430744931716,0.36700381636703994
thanh2+󱥑,thanh2,0.09296734631061554,0.5084099071125787,0.4229153416271893
thanh2+󰢔,thanh2,0.08123872429132462,0.6460567890351643,0.10197403971204637
thanh2+󱜾,thanh2,0.08110852539539337,0.7627375512066432,0.08943159169859179
thanh2+𬖩,thanh2,0.07201094925403595,0.6893323468947062,0.09903658652609724
thanh2+󱉲,thanh2,0.07952167838811874,0.5565297877617388,1.6748814274765191
thanh2+𫱞,thanh2,0.07362815737724304,0.6830463155310035,0.26124371055671336
thanh2+󱩗,thanh2,0.08340411633253098,0.8077039443567985,0.10428847097323406
thanh2+󱰖,thanh2,0.058742597699165344,0.7950859208123894,0.11596785356349652
thanh2+𫄋,thanh2,0.07372745871543884,0.7270238875769033,1.3063082918511562
thanh2+𠿸,thanh2,0.101137675344944,0.6314385963796496,0.1532797112371532
thanh2+𬕷,thanh2,0.09373773634433746,0.7277079103319454,0.11406593138609956
thanh2+𨃌,thanh2,0.06900165975093842,0.7598671125574069,0.9320297245637211
thanh2+󱛵,thanh2,0.08145062625408173,0.7149988422376908,0.1927406622890788
thanh2+󱞻,thanh2,0.08529552817344666,0.6386085076347637,0.12622689483892982
thanh2+󱫳,thanh2,0.09160023927688599,0.597035655981562,0.14257517213506157
thanh2+㘗,thanh2,0.11795631796121597,0.4668071808698765,0.1660371855375161
thanh2+󱯈,thanh2,0.070943184196949,0.7404192789218321,5.086144854291591
thanh2+󱘠,thanh2,0.050894808024168015,0.7498867846726187,0.14781474167419617
thanh2+𬮷,thanh2,0.09125527739524841,0.6475738532610329,0.13240194556378462
thanh2+󱛽,thanh2,0.09914599359035492,0.4905648887959719,0.11470982267800293
thanh2+󱚛,thanh2,0.1098971962928772,0.6323626137292372,0.20978196226327883
thanh2+𫆶,thanh2,0.0760987251996994,0.5240969399884686,0.14856548675038883
thanh2+󱹻,thanh2,0.10520079731941223,0.4486950884364414,0.1656701304036204
thanh2+󱘧,thanh2,0.07205107808113098,0.6671958805442844,0.15299289608191713
thanh2+𧜗,thanh2,0.060465265065431595,0.7815756946621722,0.14351011680380052
thanh2+𧋸,thanh2,0.10557030141353607,0.6437682663099218,0.8664816094596802
thanh2+󰛈,thanh2,0.06737729907035828,0.7682936087481974,0.1316990164884757
thanh2+𡄾,thanh2,0.06783634424209595,0.714384088145512,1.8174396696614907
thanh2+󰧙,thanh2,0.07118381559848785,0.7086397658303225,0.07383926013956991
thanh2+𡫐,thanh2,0.06752550601959229,0.6606857190691132,1.6908492294248916
thanh2+𫏝,thanh2,0.06846071034669876,0.6637638626558238,24.989710090350457
thanh2+𪤽,thanh2,0.06832289695739746,0.7799252327619792,0.1319684187555987
thanh2+󱫗,thanh2,0.06462737917900085,0.7129581653694665,0.11103843197180678
thanh2+𩹹,thanh2,0.056722886860370636,0.7727854899449144,4.948404012274576
thanh2+󱪼,thanh2,0.05512182414531708,0.7559987403349957,0.1401897193610712
thanh2+㖀,thanh2,0.10222305357456207,0.7502537194778783,353.3946159986322
thanh2+𢅄,thanh2,0.05709729343652725,0.7584059498931897,0.14149446154402792
thanh2+鯑,thanh2,0.06653011590242386,0.7176035186844753,0.10948259929324843
thanh2+𥵉,thanh2,0.05081877112388611,0.8254388823934116,0.1108556260482917
thanh2+㘢,thanh2,0.07715114206075668,0.7791527220333704,0.1031117826646114
thanh2+𠴭,thanh2,0.0695907324552536,0.6418234433155299,78.40175747767655
thanh2+𣛤,thanh2,0.07179778069257736,0.6316207267841889,0.11863723217295279
thanh2+𦀌,thanh2,0.07084828615188599,0.7289938838272834,0.10279006105134543
thanh2+𡄧,thanh2,0.07031966745853424,0.742571850117498,0.1327434972672791
thanh2+𠀿,thanh2,0.0956682488322258,0.6539857168894417,0.10105048778874563
thanh2+𢴎,thanh2,0.06585688143968582,0.7125455756271422,0.1141506999662424
thanh2+󰁐,thanh2,0.08983048796653748,0.6691827194460461,0.16908182617097522
thanh2+𤁔,thanh2,0.08628241717815399,0.587985365326695,0.12074375984938722
thanh2+𦿄,thanh2,0.08591581881046295,0.5872939862980782,0.1677737111999145
thanh2+𩯁,thanh2,0.11968778073787689,0.6621462625972478,0.11660829169267813
thanh2+𠽙,thanh2,0.07950954139232635,0.6403003996020095,0.16373783212089665
thanh2+󰢷,thanh2,0.07809291034936905,0.6577486758890669,0.47402762572463564
thanh2+󰈠,thanh2,0.07062944769859314,0.6869721015820562,0.1305577433278756
thanh2+󱛆,thanh2,0.07138139009475708,0.7694925634945087,0.13317519898416114
thanh2+𨁋,thanh2,0.08358139544725418,0.6487857746259417,0.14204016774110725
thanh2+𬕳,thanh2,0.10373225808143616,0.5832763193876437,0.2761192548342319
thanh2+𤁯,thanh2,0.09565752744674683,0.5718203344775639,0.145003503790774
thanh2+𡅩,thanh2,0.06931759417057037,0.6759918701104549,0.12175881295420081
thanh2+𡁼,thanh2,0.07655159384012222,0.7752779179244556,0.12085805484642786
thanh2+𠷇,thanh2,0.060020577162504196,0.718784608735284,0.11778411863745623
thanh2+󱪎,thanh2,0.09120000153779984,0.6589241967065181,0.15644639901854462
thanh2+嘪,thanh2,0.06033364683389664,0.7581537038385138,0.08006468964035461
thanh2+𧜐,thanh2,0.07092153280973434,0.6076371022180879,0.14574894254983561
thanh2+𠇕,thanh2,0.08063724637031555,0.6437692540413656,3.0961204377757543
thanh2+󱤗,thanh2,0.06633911281824112,0.7575448373022818,0.10590554351415012
thanh2+󰮃,thanh2,0.06301068514585495,0.7659586620772779,0.10954874325792079
thanh2+𩸮,thanh2,0.10879659652709961,0.5619270608924999,0.1343955148307763
thanh2+𠿁,thanh2,0.0753525123000145,0.5907926985329236,0.20468740958621776
thanh2+𩽈,thanh2,0.08288666605949402,0.5538693324442436,0.14774368987712252
thanh2+𫉩,thanh2,0.09068950265645981,0.7272142833411583,0.11080056393675426
thanh2+𡮺,thanh2,0.08380430936813354,0.7215705152054979,0.12070389082220956
thanh2+𡝦,thanh2,0.06927095353603363,0.7671879914739369,0.11475128030704095
thanh2+󱬔,thanh2,0.09209407866001129,0.6378079139558518,0.11727979192800835
thanh2+󱨇,thanh2,0.07031826674938202,0.7248756245173993,0.11222673472471233
thanh2+𬃴,thanh2,0.1036541610956192,0.4658770637599202,0.2517629981559431
thanh2+𤄮,thanh2,0.0815119668841362,0.77373164633029,0.2088670281173495
thanh2+󱯗,thanh2,0.09506458789110184,0.6681073713967887,0.21544042222832796
thanh2+𫴇,thanh2,0.0908961072564125,0.4421605622086517,0.13991469200035975
thanh2+湳,thanh2,0.0779435932636261,0.5722700482762351,0.10984092666082994
thanh2+𪡴,thanh2,0.09977127611637115,0.6595013521616648,0.1178507673506846
thanh2+󱨨,thanh2,0.07735280692577362,0.7392874945241442,0.13637133838440066
thanh2+𤋽,thanh2,0.04076853394508362,0.8316029930703741,0.10193886503288214
thanh2+󱛪,thanh2,0.0779792070388794,0.7235400283724275,0.14030323165446557
thanh2+婫,thanh2,0.06874074786901474,0.7117442258157141,0.12314530217539928
thanh2+󰺥,thanh2,0.09516721218824387,0.45353473959036106,0.14317550081333608
thanh2+󱰐,thanh2,0.059766530990600586,0.736054804049782,0.17762443859432356
thanh2+𩇆,thanh2,0.10371895879507065,0.6874418408696401,0.13641508152778156
thanh2+󱦔,thanh2,0.08367018401622772,0.6893000707992759,0.20454862451207304
thanh2+𦲼,thanh2,0.06051667779684067,0.7082512203501817,0.6574158897613266
thanh2+𠴇,thanh2,0.10621589422225952,0.565298666643851,0.10140976787824336
thanh2+󱞅,thanh2,0.05613599345088005,0.7748323518069201,0.3833963929695971
thanh2+󱚭,thanh2,0.08313657343387604,0.706140464363259,0.14942602091104648
thanh2+󱤈,thanh2,0.06919454038143158,0.7105620551860629,0.14846728997051004
thanh2+󱝻,thanh2,0.07998295873403549,0.7165936657630664,0.1002005418419521
thanh2+󱋭,thanh2,0.07291784137487411,0.615458994520654,0.11307491456787883
thanh2+噃,thanh2,0.07802611589431763,0.6808713820336819,0.32902736730809384
thanh2+𢆠,thanh2,0.054432354867458344,0.7189568554291943,0.17516422880712948
thanh2+𠼳,thanh2,0.0783170834183693,0.5421614178337079,0.2784937733884237
thanh2+󱢜,thanh2,0.08602531999349594,0.6576130154313001,0.12974153895201682
thanh2+󱝪,thanh2,0.07565789669752121,0.6397331600905436,0.1193256356084
thanh2+󱋇,thanh2,0.07387338578701019,0.6911680539918151,0.13925875019621767
thanh2+𧒊,thanh2,0.07110855728387833,0.7753243001018505,0.15445192862300014
thanh2+𫫛,thanh2,0.06747167557477951,0.7371123611145833,0.1250946416624363
thanh2+𫲼,thanh2,0.07482411712408066,0.719423222503855,0.09325497074761598
thanh2+𪮽,thanh2,0.06779354810714722,0.8034524104843823,0.14870715586541705
thanh2+𠾾,thanh2,0.0887434333562851,0.6936076305084747,0.6927611467717005
thanh2+󱦡,thanh2,0.07341603934764862,0.6411769930522873,0.11198183432546105
thanh2+󱪚,thanh2,0.07695353776216507,0.696153281123202,0.12445447221045304
thanh2+𡮨,thanh2,0.08225922286510468,0.6684946183333846,0.10735495071903718
thanh2+󱚂,thanh2,0.08834020048379898,0.7130821409919395,0.11913561291700263
thanh2+𢶽,thanh2,0.09172630310058594,0.7330374371383344,0.1039258498229108
thanh2+𡡇,thanh2,0.06902709603309631,0.6590993792479893,0.8407778683921858
thanh2+𪢡,thanh2,0.06373854726552963,0.7286998207207138,0.11913125554832903
thanh2+󱢅,thanh2,0.08667405694723129,0.7039533592992353,0.1257154241813127
thanh2+󰡊,thanh2,0.06377646327018738,0.6117268245871869,0.11350360787336106
thanh2+𫟌,thanh2,0.14543160796165466,0.46825205344049636,1136.4636879729442
thanh2+𪀆,thanh2,0.052249256521463394,0.7662953579515186,0.4677314302481355
thanh2+𫅲,thanh2,0.08058056235313416,0.6350205934049081,0.13206022747387128
thanh2+󱠧,thanh2,0.07372848689556122,0.6033303036122595,0.09498571645870435
thanh2+󰄼,thanh2,0.07860615849494934,0.5268040291632676,0.40966347137203635
thanh2+󱜆,thanh2,0.08857160806655884,0.6535322011407665,0.1535803769968274
thanh2+𬔽,thanh2,0.05088437721133232,0.8072907699325188,0.08099267008595645
thanh2+𪬪,thanh2,0.09960022568702698,0.7214771169181677,0.1110220380980997
thanh2+𥌧,thanh2,0.05688042193651199,0.7785823261269517,0.12992025736059318
thanh2+𡮛,thanh2,0.08886978030204773,0.6022782374844986,0.3072496905799997
thanh2+󱰪,thanh2,0.0706353709101677,0.633451765748366,0.1420521743812343
thanh2+𠻆,thanh2,0.09333666414022446,0.7014975342278208,0.09175417919879136
thanh2+󱢉,thanh2,0.06525398790836334,0.7006115445368943,0.10763843641585565
thanh2+󱛲,thanh2,0.07625648379325867,0.7265772793483253,1.5520752191180518
thanh2+󱚒,thanh2,0.07610997557640076,0.7626094122123795,0.1347737256237723
thanh2+𢭿,thanh2,0.09179187566041946,0.46074361090678134,0.09979747619474748
thanh2+𪡈,thanh2,0.06779530644416809,0.7934183648683267,42.076113215406764
thanh2+󱰮,thanh2,0.06137438863515854,0.6113940748650732,0.12213904132564123
thanh2+󱝧,thanh2,0.057313721626996994,0.6525888989741803,0.08928730002740458
thanh2+󱡑,thanh2,0.08627428859472275,0.7147354001446778,0.11152803083614804
thanh2+𠶂,thanh2,0.11202841997146606,0.5357030062948153,0.13078922440269294
thanh2+𪡗,thanh2,0.08299891650676727,0.5577800351679815,0.13312597176323673
thanh2+󰭙,thanh2,0.10022023320198059,0.5313380393638171,0.3424483147358903
thanh2+󱫸,thanh2,0.12061089277267456,0.6206029471617256,0.11212793661037353
thanh2+󱜈,thanh2,0.06855763494968414,0.7855031478549592,28.198667713997136
thanh2+𠺮,thanh2,0.07806132733821869,0.7363060242790916,0.15418183434751645
thanh2+󱚚,thanh2,0.08137097954750061,0.5288721745956056,0.12309824733405611
thanh2+𡓾,thanh2,0.10605503618717194,0.5482729362782714,0.9649507378384105
thanh2+𫥸,thanh2,0.0879310742020607,0.6133753300962174,0.15701956278973614
thanh2+𠲏,thanh2,0.04899648204445839,0.7462238977092316,0.14401959037514764
thanh2+󱨫,thanh2,0.12167569994926453,0.6883877971326144,0.09320544805546944
thanh2+檤,thanh2,0.0785241350531578,0.7550386229917958,0.10522641569479112
thanh2+󱜺,thanh2,0.054979171603918076,0.8106233994606865,0.10342183443035186
thanh2+𫲰,thanh2,0.07629098743200302,0.670845557777465,0.13753258103673463
thanh2+󰊫,thanh2,0.08038684725761414,0.7213312272626355,0.12404754643810467
thanh2+󱩙,thanh2,0.09375428408384323,0.6147071984830741,0.11977083075665164
thanh2+󱯠,thanh2,0.10930339246988297,0.41591566745325753,0.11354752469447249
thanh2+󱜌,thanh2,0.07433690130710602,0.7457391591578014,0.07315862426491679
thanh2+󱤑,thanh2,0.05775398015975952,0.7226722681068563,0.13109491276168372
thanh2+𡃜,thanh2,0.08487202227115631,0.6018376903629769,0.14560502744320405
thanh2+𦟑,thanh2,0.07561719417572021,0.7362728498500368,0.11247436236951815
thanh2+𡮣,thanh2,0.09007725119590759,0.6761451741020713,0.10730382069789823
thanh2+󱮑,thanh2,0.11690863966941833,0.5551693667377039,0.12228488920333751
thanh2+𦄆,thanh2,0.08031516522169113,0.5256812420994159,0.32924481428059243
thanh2+󱳬,thanh2,0.1004791110754013,0.735454609503477,7.941869936481656
thanh2+󱋃,thanh2,0.044363461434841156,0.8428442873046724,0.08778732730258847
thanh2+𥱫,thanh2,0.06860280781984329,0.7065300968891172,0.11941944925488705
thanh2+𪱴,thanh2,0.07622860372066498,0.5877041778927055,0.08297084888585791
thanh2+󱰗,thanh2,0.05938084051012993,0.7581965586883925,0.12406160805133178
thanh2+󱡵,thanh2,0.0808541551232338,0.5913038898712791,0.12284970503127009
thanh2+󱞔,thanh2,0.08131049573421478,0.5319827569626021,0.19866549378380452
thanh2+󱙥,thanh2,0.07499690353870392,0.7229799262809955,0.09153400297646741
thanh2+󱯑,thanh2,0.056665513664484024,0.7993892824402189,0.10629887268080994
thanh2+󱘰,thanh2,0.08336614072322845,0.6554281395118838,0.09574381168006448
thanh2+㖕,thanh2,0.08645918220281601,0.7478540770224883,0.10692390548091636
thanh2+㗭,thanh2,0.06393572688102722,0.7701701881384176,0.13676540774795007
thanh2+󱝫,thanh2,0.05031308904290199,0.7872249691921114,0.10135466319442614
thanh2+𪢤,thanh2,0.07546810805797577,0.6936515560971777,3.780732702344288
thanh2+𠿴,thanh2,0.09244932234287262,0.6113800891084253,0.21982086541894516
thanh2+𬓛,thanh2,0.07165610045194626,0.7088360619821014,0.4030410676085949
thanh2+𢲾,thanh2,0.11373784393072128,0.46046563382205674,8.614532079546322
thanh2+󱪉,thanh2,0.0885358601808548,0.624669421200686,0.12559612927079705
thanh2+𧋅,thanh2,0.061042092740535736,0.774027868156668,0.10934958808774074
thanh2+𪡱,thanh2,0.05603279545903206,0.777210746599632,0.20242282594321026
thanh2+󱟎,thanh2,0.06806351244449615,0.6257446517322843,0.1118644330751228
thanh2+𪰰,thanh2,0.05453553423285484,0.7803749555389563,0.09664133756103838
thanh2+𫫜,thanh2,0.04992032051086426,0.7951709721088893,5.42800680306733
thanh2+󱺂,thanh2,0.0950818806886673,0.694836310982255,0.10513782438761572
thanh2+󱞡,thanh2,0.0784478560090065,0.580818506894634,0.12060691610463149
thanh2+𪖺,thanh2,0.06703634560108185,0.6480946191429656,0.1200760087084987
thanh2+𤄷,thanh2,0.07195916026830673,0.7204278679992798,0.14360766325446725
thanh2+𣒠,thanh2,0.087331123650074,0.7156490874881548,0.12655893794876685
thanh2+𡖡,thanh2,0.08028475940227509,0.6830753907629173,0.8437453687820068
thanh2+𡏠,thanh2,0.09094994515180588,0.41470083129734275,5.735385131825937
thanh2+󱯧,thanh2,0.08337219804525375,0.6141964504184568,0.1218144645448714
thanh2+𠲜,thanh2,0.10277171432971954,0.6147510671359151,46.24178735390219
thanh2+󱧖,thanh2,0.075066938996315,0.6025352476710447,0.24787453746033591
thanh2+𤼞,thanh2,0.09110743552446365,0.6909930039827096,0.42146939842818787
thanh2+󱳴,thanh2,0.06566773355007172,0.6625763035309378,0.11083789781847077
thanh2+𠹍,thanh2,0.09790448099374771,0.7566552130157425,0.155747630921758
thanh2+𦼜,thanh2,0.07005374133586884,0.7048341620829742,0.1097240362157932
thanh2+󰢉,thanh2,0.07282094657421112,0.6819362762141296,0.23911700368966926
thanh2+󰬽,thanh2,0.0914216935634613,0.5327247306496854,0.15080173406713449
thanh2+𠱜,thanh2,0.080312080681324,0.6822757623026453,25.195651920436347
thanh2+𠳭,thanh2,0.0679125040769577,0.7584267926157408,0.13920000135645924
thanh2+𩠱,thanh2,0.06941995024681091,0.7496753753770274,0.5512417531519277
thanh2+󱢥,thanh2,0.11053595691919327,0.4822693274061455,0.36215584360809766
thanh2+󱛅,thanh2,0.08471056073904037,0.6047918273311242,0.08906945920469315
thanh2+𪥾,thanh2,0.061469897627830505,0.7766287686227229,1.3923179472958358
thanh2+𨨨,thanh2,0.07545159012079239,0.6665353918356001,0.45578244935784146
thanh2+󱰚,thanh2,0.08047729730606079,0.6614481633330775,0.10000732436925258
thanh2+𠶅,thanh2,0.08306225389242172,0.6729359616291567,0.11660620906790524
thanh2+𠴹,thanh2,0.10919015854597092,0.5336687637838698,0.09039980618933163
thanh2+𪶩,thanh2,0.10856474936008453,0.6645113694897982,0.5336324476370286
thanh2+󱮮,thanh2,0.09239179641008377,0.731901082012855,0.09911167738714362
thanh2+𩯂,thanh2,0.06389705091714859,0.7409081558956289,0.15050764735419042
thanh2+󰬟,thanh2,0.07628723233938217,0.5783429342778371,0.09167905230681099
thanh2+侱,thanh2,0.09197836369276047,0.6100471217169241,0.0756655628922755
thanh2+𡐮,thanh2,0.04854303598403931,0.7999297481302182,0.11265758129330927
thanh2+𨂗,thanh2,0.08546242117881775,0.6369983842378062,1.714100903331646
thanh2+𢪭,thanh2,0.047889456152915955,0.8142962030660561,0.08028985226748037
thanh2+󱝞,thanh2,0.09648212790489197,0.5863674384552195,0.12198346277689913
thanh2+𭡏,thanh2,0.07876049727201462,0.6649830681771797,0.1766944929505008
thanh2+𫛈,thanh2,0.10703251510858536,0.41220357264510843,0.2441128042928211
thanh2+藞,thanh2,0.06680190563201904,0.7345144373726917,0.09628403478641438
thanh2+𠷥,thanh2,0.05459612235426903,0.800828021946379,0.10371875023483647
thanh2+𦨂,thanh2,0.08956063538789749,0.6952048779643357,0.1564246476101124
thanh2+埨,thanh2,0.08280271291732788,0.756364285780683,0.10479520638752841
thanh2+󱧝,thanh2,0.10295933485031128,0.5312936543398682,0.12921393810155316
thanh2+𬄃,thanh2,0.09678541868925095,0.5928254949908869,0.1097975398781736
thanh2+𤳧,thanh2,0.06905920803546906,0.7104032903984807,0.15628941784510694
thanh2+𨊌,thanh2,0.07806199789047241,0.5134719222892055,3.2941435755272477
thanh2+𦝇,thanh2,0.07404043525457382,0.6743983195920439,0.44985364357465957
thanh2+󰝎,thanh2,0.06165699660778046,0.7452517825563565,0.11199840934830622
thanh2+󱤚,thanh2,0.08455757051706314,0.6500589626212849,0.12637888945611375
thanh2+𡅯,thanh2,0.05263330042362213,0.7604344137274787,1.2443557851889306
thanh2+󱝗,thanh2,0.08295975625514984,0.6807448980281118,0.1363391818277042
thanh2+湨,thanh2,0.11997950822114944,0.640855180592192,2.938456887614802
thanh2+蝔,thanh2,0.08246520161628723,0.6727831655204606,0.13103645330097807
thanh2+󰠎,thanh2,0.08963929861783981,0.7025993167234915,0.10432435640774118
thanh2+󱦯,thanh2,0.06154702976346016,0.7221149668861816,0.7667535854660552
thanh2+𡓟,thanh2,0.0825740173459053,0.6633348900892773,0.12630890856507992
thanh2+𠿀,thanh2,0.10590247809886932,0.48927684618982437,0.10020457468484732
thanh2+󰭔,thanh2,0.06330690532922745,0.7482811805374113,6.698739222950098
thanh2+𬟻,thanh2,0.0925746038556099,0.6708580341501859,0.10031676116987225
thanh2+󱫪,thanh2,0.0826764777302742,0.6681521850365884,0.1499422101422517
thanh2+󱞢,thanh2,0.12753117084503174,0.650353111660144,0.14820008159269618
thanh2+𥭑,thanh2,0.08062879741191864,0.7577320047764974,0.10112495534883896
thanh2+𫪁,thanh2,0.05483856052160263,0.8051877964778805,0.12515193647306042
thanh2+𡃳,thanh2,0.11367581784725189,0.6014993044955056,0.6604280342486039
thanh2+󱧘,thanh2,0.08918456733226776,0.7523520384088027,0.12323165412349986
thanh2+󱯛,thanh2,0.12327645719051361,0.6921118042171474,0.14213228656116164
thanh2+𥙒,thanh2,0.07797247171401978,0.6330738820823878,0.31983408574125544
thanh2+󰜡,thanh2,0.06210048124194145,0.656132876672493,0.08798346450022272
thanh2+𫮲,thanh2,0.06386135518550873,0.7257713019822015,0.10519194155627021
thanh2+󱝷,thanh2,0.11346893012523651,0.31527268783983237,0.13113099923656182
thanh2+𬞰,thanh2,0.07323284447193146,0.6069700966536286,10.396727025252837
thanh2+󱟬,thanh2,0.10103029757738113,0.6209196505942034,0.13723622461235072
thanh2+𬞑,thanh2,0.07092274725437164,0.7387106185411048,0.12266428419685906
thanh2+󱞈,thanh2,0.07203365117311478,0.7442263610429187,0.15322104942910245
thanh2+󱛣,thanh2,0.06644075363874435,0.7438360505053745,0.31277945165445603
thanh2+𪡆,thanh2,0.08676869422197342,0.49810566605260476,0.1411135114869799
thanh2+󰭏,thanh2,0.08107813447713852,0.7178825684226348,0.136246450855305
thanh2+𡀬,thanh2,0.08672690391540527,0.715483627548795,0.09216673025625875
thanh2+󰬙,thanh2,0.06675617396831512,0.7550092939651017,1.15093449405467
thanh2+󱘡,thanh2,0.08237406611442566,0.6157767755878746,0.1374090719258848
thanh2+𪷘,thanh2,0.06724013388156891,0.7403195346167057,0.2841127913984154
thanh2+󱟛,thanh2,0.06800342351198196,0.7571900366539167,0.09123216561042652
thanh2+𬈗,thanh2,0.0709916353225708,0.5853028799578409,0.11672067345424657
thanh2+𦟋,thanh2,0.07456515729427338,0.6704871408364296,0.19049784021932917
thanh2+𬗏,thanh2,0.06265132129192352,0.7363447645400596,11.179901943191942
thanh2+󱱀,thanh2,0.05440649762749672,0.7532911894341027,0.09131626383179071
thanh2+󱩳,thanh2,0.06981540471315384,0.7096352370439625,0.14661664304908664
thanh2+󰇵,thanh2,0.05030137300491333,0.792710867975445,0.12868101293897385
thanh2+𡃖,thanh2,0.07089634239673615,0.6855882245868611,11.83215155712879
thanh2+󱝀,thanh2,0.06547684967517853,0.7947435729144854,0.10402403046198462
thanh2+𫵊,thanh2,0.06928649544715881,0.6634458727256641,0.09636089524829977
thanh2+󱰤,thanh2,0.05414764583110809,0.6929528354858955,0.14247843395508084
thanh2+𡋦,thanh2,0.07040026038885117,0.7537836415540717,0.19088265258118406
thanh2+󱞄,thanh2,0.06643351912498474,0.7238756052857236,0.2549253786640062
thanh2+胋,thanh2,0.10031165927648544,0.5931791035035463,122.88558170634036
thanh2+󱜶,thanh2,0.09840291738510132,0.7125938960019498,177.54307533411156
thanh2+𠸫,thanh2,0.11358032375574112,0.5631882299935747,187.24286634228088
thanh2+󱟂,thanh2,0.07217956334352493,0.6703939810003906,0.15824672531375109
thanh2+𡁝,thanh2,0.06464084982872009,0.7155335498595791,0.08877520345856353
thanh2+󱮺,thanh2,0.10150915384292603,0.42252299531903437,0.2165856223179821
thanh2+󱞆,thanh2,0.07498683780431747,0.719474258554354,0.14206592180522792
thanh2+𫫴,thanh2,0.05085038021206856,0.7592015378761471,0.11355141830248272
thanh2+󱝳,thanh2,0.12189383804798126,0.5822395755844609,0.14279479617816548
thanh2+𪥑,thanh2,0.07446034252643585,0.6651775461363381,0.2645722452581095
thanh2+𦟏,thanh2,0.06924307346343994,0.48187428427198054,0.1679013398063025
thanh2+󰘇,thanh2,0.07103076577186584,0.6033884292642967,0.4119798514121836
thanh2+󱨕,thanh2,0.07164700329303741,0.7244798857009614,32.10864959157261
thanh2+󰮡,thanh2,0.11416567116975784,0.48106588240581477,0.15665969069753294
thanh2+󰮯,thanh2,0.07672354578971863,0.6778632402519686,0.11965952850033153
thanh2+𬅷,thanh2,0.05721767246723175,0.7691553176322634,0.10297870969624907
thanh2+󱮝,thanh2,0.06688370555639267,0.7395426192950184,0.27558476911482366
thanh2+󰛺,thanh2,0.07585017383098602,0.6191975211811146,0.09040662050818866
thanh2+𣛦,thanh2,0.06656044721603394,0.7280048755341457,0.1077178876650961
thanh2+𣙯,thanh2,0.09579294919967651,0.5240529474278608,0.1362976433416392
thanh2+󱩈,thanh2,0.08131156861782074,0.7283963547350727,0.12164590660629089
thanh2+󰬛,thanh2,0.07333222031593323,0.7307266808035622,0.0933123364564646
thanh2+󱟝,thanh2,0.05177181959152222,0.7462347094790275,0.1343586060737221
thanh2+󱞃,thanh2,0.08353487402200699,0.7263253936783197,0.29317526072235184
thanh2+𠺚,thanh2,0.07999616116285324,0.7480898057057915,9.234814101904705
thanh2+󱎶,thanh2,0.07593406736850739,0.6645941218739986,0.2451980331351956
thanh2+󱟢,thanh2,0.10492239892482758,0.46329504499325785,0.2163664097202691
thanh2+󱠱,thanh2,0.06066785007715225,0.7054787227940965,0.11363586100078571
thanh2+󱦗,thanh2,0.06455565243959427,0.7286366318936099,0.21597527777565076
thanh2+𫉮,thanh2,0.09658441692590714,0.6260502876949485,0.15424572762196911
thanh2+𦷬,thanh2,0.07530204951763153,0.6911578818212365,0.1186185726790104
thanh2+𢹾,thanh2,0.08754954487085342,0.7435839994673314,0.6635179498550746
thanh2+󱓍,thanh2,0.07646195590496063,0.6697422478778347,0.16312021956111697
thanh2+󱙭,thanh2,0.06868267059326172,0.7018358401608049,0.37585329628902014
thanh2+󱠳,thanh2,0.08803368359804153,0.4395451035175041,0.13613526929477762
thanh2+𩸴,thanh2,0.039816342294216156,0.7860520875453422,2.126016166125899
thanh2+󱝖,thanh2,0.09479513764381409,0.5220640148578007,0.12876800631374669
thanh2+澿,thanh2,0.07916998863220215,0.7573453365120538,0.10941230412874854
thanh2+𫠼,thanh2,0.0818251445889473,0.708353078600277,0.2737544922465091
thanh2+󱞁,thanh2,0.08819154649972916,0.756420807797349,0.12073507920938727
thanh2+𢴊,thanh2,0.07669465988874435,0.740538357441692,0.4850646944578037
thanh2+𫐹,thanh2,0.06342610716819763,0.801799626544935,3.3324516802606556
thanh2+󱬐,thanh2,0.1208774745464325,0.6483467792107899,59.29134469877215
thanh2+󱞝,thanh2,0.06321503967046738,0.7505259914425106,0.10116189690644632
thanh2+𠸯,thanh2,0.07866746187210083,0.7415491411042021,0.12299148621191426
thanh2+𪤻,thanh2,0.04349178075790405,0.7938050946539161,0.10151747275323321
thanh2+𫞡,thanh2,0.061857882887125015,0.763262594226344,0.13583930890324872
thanh2+𩝻,thanh2,0.07781338691711426,0.5599635394958433,0.12554695576070282
thanh2+󱞐,thanh2,0.10005302727222443,0.6198885684947594,0.13214608368167155
thanh2+㖗,thanh2,0.06579096615314484,0.7360376980577945,0.09754023975972194
thanh2+𡫡,thanh2,0.07695485651493073,0.6515806986297817,0.12155859035507684
thanh2+󱙷,thanh2,0.0867382138967514,0.6036530038545589,0.0945056096410205
thanh2+𠻅,thanh2,0.07253515720367432,0.7553490827018328,0.10208889713989651
thanh2+𪮩,thanh2,0.06544000655412674,0.7312998064649708,9.074294305296814
thanh2+󱟈,thanh2,0.06252418458461761,0.7334373879519742,0.19754769648161719
thanh2+󰸪,thanh2,0.05878910422325134,0.7548070981000491,0.14365543210495366
thanh2+󰍱,thanh2,0.06733489781618118,0.6612927101954951,0.1446937463647195
thanh2+󱛹,thanh2,0.07491731643676758,0.7207445819207043,0.1404796761877268
thanh2+󱞜,thanh2,0.08576691150665283,0.6300453367082423,0.17660279143920943
thanh2+󱦋,thanh2,0.07694029808044434,0.7142510398897651,0.08137007698907413
thanh2+𪸄,thanh2,0.08997314423322678,0.44144931562965084,0.12561570053123336
thanh2+𨄮,thanh2,0.08905355632305145,0.5308785728905748,0.1125199881865759
thanh2+󱞊,thanh2,0.10660193115472794,0.4254889877247734,8.64758088923067
thanh2+𥴙,thanh2,0.07215319573879242,0.698187226403463,0.16202558265157777
thanh2+㨫,thanh2,0.09350583702325821,0.6792153721589378,0.3300658122982227
thanh2+𫉎,thanh2,0.08218862861394882,0.6141424611653722,79.3596815716514
thanh2+󰂄,thanh2,0.06157221645116806,0.7630011679703986,0.08187143861881613
thanh2+𫢖,thanh2,0.12599928677082062,0.35203044521593324,0.1897479485390441
thanh2+𪢖,thanh2,0.06302259862422943,0.7584908284438745,1.0683276948912606
thanh2+𥋲,thanh2,0.08193488419055939,0.6648511477876656,0.45808310872895025
thanh2+𫪌,thanh2,0.0825086459517479,0.698038106475578,0.1357167191910584
thanh2+󱝆,thanh2,0.06677614152431488,0.7640238486008091,0.09697005304518981
thanh2+𡄫,thanh2,0.06715058535337448,0.7280763728153994,0.31739563961641154
thanh2+𡞗,thanh2,0.05945109203457832,0.6269350593506327,0.12289458193563048
thanh2+󱰯,thanh2,0.11810050904750824,0.5329548030920656,0.10637034859037227
thanh2+󱟦,thanh2,0.09376464784145355,0.6592295509167261,0.11777413969159278
thanh2+𡎜,thanh2,0.06669393926858902,0.7827085285893175,0.11656717002183647
thanh2+𠜈,thanh2,0.09417781978845596,0.7041899391310262,0.21647856856980077
thanh2+𪱎,thanh2,0.09997199475765228,0.7292959915829658,0.12379796475164496
thanh2+𪻋,thanh2,0.06665127724409103,0.688028145190314,0.12967029585394685
thanh2+𠹖,thanh2,0.08008969575166702,0.5506046869277331,14.396134166394232
thanh2+󰬸,thanh2,0.09256857633590698,0.5182156032945794,0.13037317342170388
thanh2+𠽏,thanh2,0.07821852713823318,0.7124629033348578,0.11763272611404442
thanh2+󱩬,thanh2,0.08187076449394226,0.6215979118611356,0.11168018203988372
thanh2+󰢜,thanh2,0.07559729367494583,0.709678615016334,0.1026822522467387
thanh2+𢙬,thanh2,0.06374287605285645,0.7091446451836594,0.24247029163369568
thanh2+蓸,thanh2,0.055151667445898056,0.8216358857966936,0.33344974576182485
thanh2+󱞦,thanh2,0.09150628745555878,0.6077522159526564,0.11979623289493803
thanh2+𪢘,thanh2,0.0659869909286499,0.7126577298196093,0.19890888840329976
thanh2+󰭠,thanh2,0.05714387446641922,0.7328652529812302,0.10680406535191954
thanh2+𧞣,thanh2,0.04660120978951454,0.7990215158475102,0.23010830023726173
thanh2+󱛑,thanh2,0.10757393389940262,0.6855369679492087,0.12238181113063472
thanh2+𦽎,thanh2,0.06242833659052849,0.7091683339558776,0.11494270100319119
thanh2+𦞎,thanh2,0.06895729154348373,0.7062494797539612,0.11555197489993618
thanh2+𪟤,thanh2,0.064093679189682,0.7011301559806614,0.11480490839311928
thanh2+𡦫,thanh2,0.1090594232082367,0.473966323657271,0.14936619829963685
thanh2+󰭂,thanh2,0.07000452280044556,0.7245194832840605,0.09247064308254906
thanh2+󰁂,thanh2,0.06428451836109161,0.7444211502909336,0.0836261511962194
thanh2+󱟜,thanh2,0.07204783707857132,0.6595897461718265,4.483408414445624
thanh2+󱰶,thanh2,0.11948931962251663,0.6400710955051133,0.16719985838493145
thanh2+𫼿,thanh2,0.051969707012176514,0.7802238318796884,0.1589097101180134
thanh2+󰮁,thanh2,0.06527792662382126,0.6256937871715578,0.11737080637101094
thanh2+󱫑,thanh2,0.06025336682796478,0.7903461047711827,8.629868447298078
thanh2+𪁄,thanh2,0.09806066751480103,0.6502726176819666,13.845290651029359
thanh2+󰛕,thanh2,0.07512836903333664,0.4842973619703956,0.1697927547490612
thanh2+𠵴,thanh2,0.07742799818515778,0.805284095532762,0.08058021464272612
thanh2+篵,thanh2,0.05908682942390442,0.7467892510347165,0.10963292382461319
thanh2+𠸽,thanh2,0.06910432130098343,0.6717318037634581,0.09608406102602285
thanh2+󰞬,thanh2,0.09143763780593872,0.6432962396015477,0.14124543349668361
thanh2+𪞀,thanh2,0.052625689655542374,0.7596643574883136,0.13085069641764238
thanh2+𬂨,thanh2,0.07494658976793289,0.6524043168843229,0.09853849928109694
thanh2+󱞀,thanh2,0.08180370181798935,0.7555179466053414,0.09780635476396558
thanh2+󱜝,thanh2,0.08378741890192032,0.7984617608770099,0.09188728963519699
thanh2+𫄉,thanh2,0.09740059077739716,0.4049843242352882,0.6488774117842956
thanh2+󰏏,thanh2,0.07236792147159576,0.6002301588943172,0.09875929277852756
thanh2+堹,thanh2,0.05130071938037872,0.8149708608948427,0.09200082823152538
thanh2+󱨱,thanh2,0.0862080380320549,0.7365383230561163,0.1270268996201714
thanh2+󱦾,thanh2,0.10067081451416016,0.5813725730238175,0.21295166261773266
thanh2+𦵠,thanh2,0.09601882845163345,0.6911041153560837,0.14079109838448578
thanh2+󱳭,thanh2,0.07055545598268509,0.7045003672257744,0.15810437317246304
thanh2+𦝺,thanh2,0.07508177310228348,0.673296034562979,0.1604702964970145
thanh2+󱤒,thanh2,0.10624879598617554,0.5005477439371417,0.1234681275362945
thanh2+娫,thanh2,0.062162838876247406,0.6174752166747153,0.19467534278136353
thanh2+󱝺,thanh2,0.08077794313430786,0.6924595269192622,0.10253876369591348
thanh2+𠸙,thanh2,0.08989284187555313,0.6054806965482804,0.5070082324210841
thanh2+𡕩,thanh2,0.0834764689207077,0.5621077937960692,32.06478816615174
thanh2+󰬥,thanh2,0.08763012290000916,0.6662873465005557,2.8420690184040347
thanh2+󱭧,thanh2,0.07673733681440353,0.6475169682999092,3.7352960412619978
thanh2+󱙵,thanh2,0.07302866131067276,0.6954637342653124,0.1333818432205174
thanh2+󱛍,thanh2,0.11254721879959106,0.6228605654557068,0.22613365366350102
thanh2+𥶂,thanh2,0.09810075908899307,0.4380780901894028,0.10300383892863925
thanh2+𫢶,thanh2,0.057962555438280106,0.5943187222577045,0.09799238509887416
thanh2+𪣱,thanh2,0.0783587247133255,0.740395962066517,0.09584051461059438
thanh2+󰊎,thanh2,0.05444715917110443,0.6831633614438241,1.1456592140176522
thanh2+𦨭,thanh2,0.05540109798312187,0.6590645636463635,0.10428135644919724
thanh2+𫪀,thanh2,0.07028676569461823,0.7271307280575721,0.09144361654992157
thanh2+𡃙,thanh2,0.06233888864517212,0.7594655794166298,0.35507721923867336
thanh2+𪢜,thanh2,0.048684604465961456,0.8096002378342309,0.29918726728220013
thanh2+󱲥,thanh2,0.08917570859193802,0.6479989081457705,0.11728727731880223
thanh2+𪺇,thanh2,0.06420205533504486,0.6332299463064281,0.1356923852172678
thanh2+𨔌,thanh2,0.09562826156616211,0.5963231155696209,0.11271863194899633
thanh2+𡌩,thanh2,0.08175384998321533,0.7795201205767613,6.873978255683319
thanh2+𫮒,thanh2,0.0865955501794815,0.6200550652455729,0.2342766612635805
thanh2+𫕹,thanh2,0.08742313086986542,0.5377226047138122,0.13066363383069532
thanh2+𣋇,thanh2,0.08027546852827072,0.6324282705511967,0.1184580931533694
thanh2+𪣮,thanh2,0.06717684864997864,0.717473180599651,0.10244692401492583
thanh2+󱟕,thanh2,0.088544100522995,0.6306753117227386,0.15549928038998814
thanh2+𠚐,thanh2,0.0689701959490776,0.6217757949157745,0.09096085546460946
thanh2+𠊙,thanh2,0.06508652865886688,0.7172484575041715,0.13958230478566483
thanh2+󱝝,thanh2,0.05834454298019409,0.7648169716181482,0.1053157161655191
thanh2+󱮟,thanh2,0.06368257105350494,0.7540237940536303,0.12787100191049297
thanh2+㨲,thanh2,0.0530812069773674,0.7290716492558871,0.17412126618800064
thanh2+𫴯,thanh2,0.09675633907318115,0.554569827694335,0.10846021113920314
thanh2+朠,thanh2,0.060852646827697754,0.7666978221746598,0.11454779225870426
thanh2+󱞗,thanh2,0.09301920980215073,0.6596609878012232,5.35403984397723
thanh2+圚,thanh2,0.12289988249540329,0.6338801508998527,1.2448004372479469
thanh2+𠶒,thanh2,0.09165788441896439,0.6700594714063492,0.09888031848317648
thanh2+󰣿,thanh2,0.07616756856441498,0.7043240861817494,4.153949528982903
thanh2+󱹓,thanh2,0.08112037181854248,0.6542475408565239,0.1206623775249921
thanh2+𥯉,thanh2,0.09939108788967133,0.6959473745291959,0.5912696745254145
thanh2+󱠡,thanh2,0.0630454570055008,0.6656029082606788,0.09785860003183904
thanh2+󱟁,thanh2,0.08577268570661545,0.6210729879669584,0.14554867473821756
thanh2+󱋙,thanh2,0.1142134740948677,0.6322002788449175,2.45960750551812
thanh2+𫬪,thanh2,0.10245190560817719,0.5760591273976301,22.71057921476009
thanh2+󱟏,thanh2,0.10350516438484192,0.6125254042441037,0.11651447405571763
thanh2+䓬,thanh2,0.06748278439044952,0.7565221783366828,0.09765894568358689
thanh2+𫬱,thanh2,0.06254994869232178,0.8140371340963548,0.4576864668943756
thanh2+󰅬,thanh2,0.060866810381412506,0.7721068555302251,3.280643183971259
thanh2+󱭪,thanh2,0.08158549666404724,0.510914189104904,2.3187820478063332
thanh2+󱹿,thanh2,0.10997271537780762,0.35031218078310905,21.65014615430506
thanh2+𠴖,thanh2,0.0767098143696785,0.667618501887441,0.08348563146883181
thanh2+𠾺,thanh2,0.091209776699543,0.7456455331979126,0.11218069213643468
thanh2+𭉆,thanh2,0.0608559250831604,0.781031611669443,0.24389389035121942
thanh2+㼫,thanh2,0.04863559454679489,0.7810171322857975,0.12601543091474934
thanh2+𦛲,thanh2,0.086048923432827,0.6756926296031119,0.9849824290800692
thanh2+󱤲,thanh2,0.08568637073040009,0.48768570117269583,1.4885334356587114
thanh2+啲,thanh2,0.12623490393161774,0.605658930750066,0.36176152622704394
thanh2+𬉌,thanh2,0.07708416134119034,0.5933134759217521,0.12745802615862342
thanh2+𪡦,thanh2,0.07593534886837006,0.6027154313756847,0.10981115486574855
thanh2+𦲹,thanh2,0.06357123702764511,0.7406595937159329,0.27960445522290467
thanh2+𭈙,thanh2,0.08331912010908127,0.4640154296994977,0.5708482782495884
thanh2+𠲃,thanh2,0.06492767482995987,0.7873730634910084,0.11032978861234427
thanh2+𡉖,thanh2,0.05521520599722862,0.7879934949036864,0.07921291315210616
thanh2+󱣗,thanh2,0.10432478040456772,0.40203361154562406,0.13375756459857033
thanh2+󱧨,thanh2,0.09800144284963608,0.609255399283601,0.10799591553737227
thanh2+󱞮,thanh2,0.06408191472291946,0.7232319958202295,1.683618582735268
thanh2+𠶎,thanh2,0.0697467029094696,0.6869983791900445,0.17989340215001737
thanh2+𪢊,thanh2,0.06517641246318817,0.78963465616324,5.9623270043208665
thanh2+󱩫,thanh2,0.12763510644435883,0.6316742808931746,0.4948161367144503
thanh2+󰥉,thanh2,0.09281940758228302,0.5745215494465918,0.17574909387486148
thanh2+𫰄,thanh2,0.0748673677444458,0.8049653364346141,0.16410049585356337
thanh2+𠾬,thanh2,0.051853347569704056,0.7960013773608103,2.128317079667895
thanh2+󰙅,thanh2,0.05632947385311127,0.7322449892645966,0.1142277305370863
thanh2+㗶,thanh2,0.07039884477853775,0.5512796262419605,0.11894588351957058
thanh2+𬈈,thanh2,0.057024553418159485,0.6499551405925423,0.14171233933047808
thanh2+𡇻,thanh2,0.12677837908267975,0.6522844219586531,0.16341961952180664
thanh2+𰈏,thanh2,0.06790773570537567,0.78197772615519,0.1334092786440133
thanh2+𠹰,thanh2,0.09998171031475067,0.4358623187118244,0.08155026661442875
thanh2+󱚳,thanh2,0.10704093426465988,0.502031269310941,0.11920806652809028
thanh2+𭢌,thanh2,0.10584761202335358,0.35069697026847213,0.11345659654235628
thanh2+󱧔,thanh2,0.08446380496025085,0.6707527135924078,0.17479972717481598
thanh2+󱞣,thanh2,0.08227141201496124,0.6679510124545288,0.4491690976794382
thanh2+𫥿,thanh2,0.054343461990356445,0.817865006716853,0.08643675262530633
thanh2+󱜉,thanh2,0.05525827407836914,0.7880266019382861,0.13321969292738864
thanh2+𥴘,thanh2,0.05108797550201416,0.709848522578887,0.11394402799088406
thanh2+鎫,thanh2,0.06557540595531464,0.7773696826565365,1.3971912035754126
thanh2+󱨜,thanh2,0.10996543616056442,0.44053983468253044,0.17872468961936103
thanh2+󱙴,thanh2,0.1001117154955864,0.5466750579919195,0.12357381597635007
thanh2+𡮥,thanh2,0.062364984303712845,0.7004013653120779,0.09817469537615912
thanh2+󱙤,thanh2,0.0785413607954979,0.7481770847566135,89.92750735456694
thanh2+󱠰,thanh2,0.07407566905021667,0.7212357946346198,0.17551796070263503
thanh2+𡃆,thanh2,0.07228885591030121,0.6601182013009711,0.3898260388090547
thanh2+𬧡,thanh2,0.06944544613361359,0.7571186887790252,0.12249093490984657
thanh2+󱣆,thanh2,0.04012539982795715,0.8435638103583618,0.12356131485864037
thanh2+𰇵,thanh2,0.09498457610607147,0.5561350090956096,2.8910608751501274
thanh2+𰊣,thanh2,0.08410248905420303,0.6356229825625405,0.09705959074124919
thanh2+𫯲,thanh2,0.07075053453445435,0.7201638624434409,0.13092380452171057
thanh2+𣖗,thanh2,0.048942286521196365,0.7889054130610067,0.42002598502499455
thanh2+󱛥,thanh2,0.06082582846283913,0.7608445358084459,0.5924132853220435
thanh2+𫪎,thanh2,0.10586217045783997,0.5413946013023907,0.11665825446552965
thanh2+󱎾,thanh2,0.055096954107284546,0.6930241576145822,0.1454658422707619
thanh2+󱜫,thanh2,0.06051773577928543,0.6459780694754887,0.19789339437922593
thanh2+𠬖,thanh2,0.06769151985645294,0.7592652545113037,0.1710064332732438
thanh2+𠞡,thanh2,0.10650093108415604,0.5044308100742618,1.5414260341896313
thanh2+󱦪,thanh2,0.10625715553760529,0.5982200711619063,0.11842585583447522
thanh2+󰋓,thanh2,0.08064961433410645,0.6915100983430176,0.24901402106556017
thanh2+𫧾,thanh2,0.10523822903633118,0.5200821793301176,0.15087006184640267
thanh2+㗌,thanh2,0.09112498909235,0.7050290236625635,0.11386733810582976
thanh2+󱀰,thanh2,0.0697789415717125,0.7993825197114554,0.07780459421932633
thanh2+偖,thanh2,0.048857007175683975,0.7770639180386599,0.10645900778801613
thanh2+󱚑,thanh2,0.08842162042856216,0.7514484073522812,0.11517359296442191
thanh2+𠶈,thanh2,0.09360584616661072,0.6265837567978454,0.09327453365112237
thanh3+󱚰,thanh3,0.06648632138967514,0.6563943516929724,0.13689662069171094
thanh3+󱹿,thanh3,0.06951881945133209,0.790171632386807,0.09360871480383652
thanh3+𭢌,thanh3,0.0834498330950737,0.6708927504515713,0.10347546754599372
thanh3+𬏇,thanh3,0.0956583097577095,0.6225551940890101,0.10533272227645336
thanh3+𣔧,thanh3,0.07406385242938995,0.7733520681022565,1.3461248365084642
thanh3+䓬,thanh3,0.07921800762414932,0.8142018175353138,0.09180185408758013
thanh3+𣒠,thanh3,0.07278770953416824,0.7617541286757156,0.21687950335194225
thanh3+󱢥,thanh3,0.03949660062789917,0.787301093474153,0.10887104338486897
thanh3+󱲙,thanh3,0.07533416897058487,0.7271086776123508,0.11769843010134383
thanh3+𠷦,thanh3,0.0767340287566185,0.7723443217673257,0.11479179642372539
thanh3+㗩,thanh3,0.07425838708877563,0.66537514498148,0.08567441307149425
thanh3+𠾺,thanh3,0.06846832484006882,0.7994401170547303,0.1410709157060157
thanh3+𭉆,thanh3,0.06112974137067795,0.8405148840550644,0.1109424793293861
thanh3+󱨨,thanh3,0.07076659053564072,0.762824272650044,0.13342756952518
thanh3+𦽎,thanh3,0.07001610845327377,0.6482000274974583,0.1195729579934414
thanh3+𡑪,thanh3,0.052672214806079865,0.8301584103250577,134.28862391496236
thanh3+𢅄,thanh3,0.05117661505937576,0.8066950195351651,0.09613422971201839
thanh3+󱝑,thanh3,0.0732036605477333,0.5927192862799038,1369.1087014210725
thanh3+󱞝,thanh3,0.05476965010166168,0.7872037893423075,0.10106319731535011
thanh3+󱲰,thanh3,0.08003735542297363,0.6725860368166006,0.12193210654879327
thanh3+𥐨,thanh3,0.10136717557907104,0.7078529599382164,0.16877385293281877
thanh3+𩼁,thanh3,0.07229731976985931,0.7568327495275811,0.1331529947815187
thanh3+󱜺,thanh3,0.06383276730775833,0.7976705598904935,0.12113965235814167
thanh3+㨫,thanh3,0.0732756108045578,0.6994750450863236,19.504047344575334
thanh3+𥴘,thanh3,0.07321295887231827,0.6554283406053915,0.1337322711588747
thanh3+𪉴,thanh3,0.07244143635034561,0.7571372799745923,0.14242642676091818
thanh3+𩯂,thanh3,0.0557975247502327,0.7340609983937961,0.11690601747298661
thanh3+󰣿,thanh3,0.0629563108086586,0.8238603719613542,0.09951557583657111
thanh3+󱝐,thanh3,0.05441350117325783,0.8177415996499056,0.09471386973210767
thanh3+󱫴,thanh3,0.08603205531835556,0.6629405394320834,0.13786945641394996
thanh3+𢶽,thanh3,0.07408232986927032,0.7500078060822579,0.13574225539442256
thanh3+㖪,thanh3,0.05479296296834946,0.8047004904959772,0.07962794487591289
thanh3+胋,thanh3,0.08780813217163086,0.5923975712317677,0.082437114412771
thanh3+𪭟,thanh3,0.05669884383678436,0.8240390156245405,0.07758816514711074
thanh3+󱯺,thanh3,0.06114337593317032,0.7633099796039426,0.10826134560813594
thanh3+𣻢,thanh3,0.06268703937530518,0.8045721587007197,0.14861406686512912
thanh3+󱜲,thanh3,0.0403892956674099,0.8736053995484654,0.06965654736109905
thanh3+𣋇,thanh3,0.058888405561447144,0.831226340414563,0.10743216432439084
thanh3+婫,thanh3,0.07679695636034012,0.6372234058139434,0.09629951706028052
thanh3+󱟦,thanh3,0.0672646090388298,0.7443373133470998,0.1270111650705558
thanh3+𣖗,thanh3,0.07986362278461456,0.713314812217154,0.12845568190054374
thanh3+𢴎,thanh3,0.0715949535369873,0.7985309938832077,0.13711698752436408
thanh3+𩂄,thanh3,0.10509278625249863,0.7310354341489487,0.1300592894208226
thanh3+󰃧,thanh3,0.059557586908340454,0.7865597543135893,0.15669475485038295
thanh3+𤉕,thanh3,0.11179690062999725,0.6575567217194239,0.1698539689935882
thanh3+𣛤,thanh3,0.07469778507947922,0.7817517004196195,75.40434393021451
thanh3+󰆐,thanh3,0.09100745618343353,0.6357767283557323,0.11559629526191323
thanh3+󱩳,thanh3,0.04395229369401932,0.7977817267087209,0.11240708126304017
thanh3+蓸,thanh3,0.09268371760845184,0.7382259769444253,0.15385950437398782
thanh3+󰢽,thanh3,0.04581474885344505,0.8494431762361413,0.13024897370230684
thanh3+𡮨,thanh3,0.12185883522033691,0.6411793585393699,136.50802624445132
thanh3+𪢊,thanh3,0.040998972952365875,0.8509922398458911,0.09384670524881099
thanh3+󰭏,thanh3,0.059179846197366714,0.8385786639950035,0.10727767211020849
thanh3+󰛕,thanh3,0.06206060200929642,0.6974176403851328,0.11708615361635177
thanh3+𡄾,thanh3,0.06058705598115921,0.8035873287184302,0.11014383605347634
thanh3+󱞠,thanh3,0.10411690920591354,0.6229062327414397,0.1010314126820877
thanh3+𫪀,thanh3,0.04913102462887764,0.8213932449881893,0.0770984432407585
thanh3+󰬽,thanh3,0.07501868903636932,0.6715036516023859,0.08067259257431761
thanh3+󱜌,thanh3,0.11038921773433685,0.8119889563108941,0.10734753736123454
thanh3+󱞼,thanh3,0.07584410905838013,0.669410482668277,0.09790886656008935
thanh3+湳,thanh3,0.05831105634570122,0.8192901517703822,0.1339678902509031
thanh3+𠶈,thanh3,0.08368039131164551,0.8373622956186241,0.14171875835302508
thanh3+𩀳,thanh3,0.07806102931499481,0.6788095746396154,0.15575867663043091
thanh3+󰅲,thanh3,0.07423204183578491,0.7672060872011227,0.08526786516954275
thanh3+𨄸,thanh3,0.05797392874956131,0.7610380696657187,0.10724537324880129
thanh3+󱢜,thanh3,0.05753934383392334,0.7988462541399409,0.0995751112978478
thanh3+𩝭,thanh3,0.04556712508201599,0.8102105619895639,0.12369391220240271
thanh3+㘗,thanh3,0.07320898026227951,0.7925041378405147,0.10072236442742104
thanh3+𡂉,thanh3,0.049025554209947586,0.8202686894502077,0.10616085570070088
thanh3+𥴙,thanh3,0.08079136908054352,0.7176830392726672,123.2758726513972
thanh3+𫭅,thanh3,0.10258623212575912,0.7553442662430757,569.954999859911
thanh3+󱞦,thanh3,0.08726301789283752,0.7048407605121971,0.11473095402150639
thanh3+󱞜,thanh3,0.08772428333759308,0.7550207640829755,0.14829578699081777
thanh3+𤄷,thanh3,0.06332337111234665,0.7564447724773405,0.14981289860912628
thanh3+𪤸,thanh3,0.06951071321964264,0.7937039917058092,0.09253251137150699
thanh3+𡁼,thanh3,0.054622482508420944,0.8086911406580181,0.10896315153191966
thanh3+𪥾,thanh3,0.05295450985431671,0.8308926140744936,0.09583101876143428
thanh3+󱅒,thanh3,0.07501056045293808,0.6866031285286665,0.13501172413900572
thanh3+𫕹,thanh3,0.08469314873218536,0.694933400702372,0.11405345158376949
thanh3+𪮽,thanh3,0.05593850091099739,0.7842524446341594,0.10516758199522236
thanh3+󱪚,thanh3,0.05213136598467827,0.797835767555114,0.08369198010055102
thanh3+󱦔,thanh3,0.07895530015230179,0.7552417308587372,0.1159018991015857
thanh3+󰂘,thanh3,0.08999606221914291,0.7929573879452569,0.0843961538461105
thanh3+𦟋,thanh3,0.08070731163024902,0.7406807357939715,0.13000286646630796
thanh3+󰌋,thanh3,0.060060612857341766,0.7473639888166793,0.0906119778432382
thanh3+󰤴,thanh3,0.0756959319114685,0.6986002362089296,0.07673090621566735
thanh3+𥱰,thanh3,0.0823712944984436,0.7403102381149265,0.13532765926325105
thanh3+󱞔,thanh3,0.05889000743627548,0.8283556112923756,0.15437177976476987
thanh3+󱠧,thanh3,0.06773781031370163,0.747398178413527,0.08878791467151952
thanh3+󱋇,thanh3,0.07368165254592896,0.7325639323395648,0.0848307719359455
thanh3+䈊,thanh3,0.04537276178598404,0.760436745889983,0.10277422134643387
thanh3+󰬟,thanh3,0.09056100249290466,0.7064075274846924,0.12620102018158277
thanh3+𣛦,thanh3,0.09233847260475159,0.42735173132164883,0.0968321556731553
thanh3+󰸪,thanh3,0.08293229341506958,0.7872504085536517,0.14657632705379461
thanh3+󱧖,thanh3,0.08470214903354645,0.7495596250804636,0.11294470196067453
thanh3+𫄉,thanh3,0.050957631319761276,0.7878448335674728,0.10330151132833824
thanh3+󱝭,thanh3,0.07886070758104324,0.7281916323022702,0.09106516476193245
thanh3+𡑲,thanh3,0.07815510034561157,0.6161987527321005,0.11077360427546316
thanh3+𭡏,thanh3,0.061268046498298645,0.7554135283072253,0.12673516342767716
thanh3+󰊈,thanh3,0.06373728811740875,0.7660035109009646,0.10279070366346509
thanh3+𠹍,thanh3,0.05898314341902733,0.7673975986542821,0.0850523671271131
thanh3+𥶂,thanh3,0.06329233944416046,0.7765409193732953,0.12929864626871035
thanh3+󱹪,thanh3,0.07723400741815567,0.7346695551828383,0.12931219553178072
thanh3+󱜷,thanh3,0.06145492568612099,0.8110222405262305,0.12897472688456071
thanh3+󰂄,thanh3,0.07148298621177673,0.7999166830793285,0.12247175582239606
thanh3+𤐠,thanh3,0.03935793414711952,0.8457088868523174,0.10082153201749622
thanh3+󱌔,thanh3,0.10050405561923981,0.7481218618902006,0.1178979576106272
thanh3+󱤠,thanh3,0.07876887917518616,0.7075231474878514,0.10149970570214906
thanh3+𤣡,thanh3,0.07536353170871735,0.7424934879387496,0.12723334529296912
thanh3+󱼓,thanh3,0.08568211644887924,0.7219476130360742,0.09024440504535884
thanh3+𪢡,thanh3,0.06554868817329407,0.7807589457032873,0.20178789683697726
thanh3+𠲃,thanh3,0.06189976632595062,0.725011852974347,0.07746845588912928
thanh3+󰢣,thanh3,0.08235207200050354,0.6965495727639633,0.13406443617298935
thanh3+𪡴,thanh3,0.04946960508823395,0.788048392518469,0.08419355003304711
thanh3+󱋰,thanh3,0.061665717512369156,0.8218946682014919,0.12429901991008287
thanh3+󰫽,thanh3,0.07176733016967773,0.7474002492661782,0.10354343875508161
thanh3+𠻅,thanh3,0.04516389220952988,0.8065480881417568,0.08469588232843257
thanh3+󱞡,thanh3,0.06861507147550583,0.7671760030023045,0.10546305038829411
thanh3+󱝒,thanh3,0.03922970965504646,0.8538318502078585,0.13545056144588383
thanh3+𦲹,thanh3,0.04467683658003807,0.8401674082936926,0.08135229408864082
thanh3+𡫫,thanh3,0.043486542999744415,0.814906627018068,0.08217766428360168
thanh3+𪢘,thanh3,0.04145204275846481,0.8207045790023297,0.0995645133275365
thanh3+𡂷,thanh3,0.046317920088768005,0.8066041965654476,0.11247651697245219
thanh3+𠻆,thanh3,0.06357602030038834,0.8297635656534618,0.11101034706491919
thanh3+󰢉,thanh3,0.05168508365750313,0.8496971432463395,0.09966755028797697
thanh3+𦵠,thanh3,0.04639266058802605,0.8259013000951981,0.09718826200300239
thanh3+𠲏,thanh3,0.07385598868131638,0.7392106649310745,0.08910182163536241
thanh3+󱋠,thanh3,0.047019146382808685,0.840036246610438,0.12179460366480112
thanh3+𠶊,thanh3,0.0872950404882431,0.7981001350377223,0.13199298803327955
thanh3+𫢶,thanh3,0.05568675324320793,0.8088288383509155,0.08528078634033005
thanh3+𫔬,thanh3,0.09480342268943787,0.7287681120183626,0.11738013925532108
thanh3+󱦐,thanh3,0.05759227275848389,0.7404546208763024,0.10700795513618526
thanh3+𬅷,thanh3,0.0765635222196579,0.7200021498946089,0.09116706601336465
thanh3+𫥿,thanh3,0.0845259428024292,0.6858090607176538,0.1015158818130274
thanh3+󱋃,thanh3,0.057153038680553436,0.7611884779187932,0.13831033842797433
thanh3+󱹜,thanh3,0.09379548579454422,0.7425527271820249,0.11255632226088129
thanh3+𬄪,thanh3,0.07771825790405273,0.7392264571628211,0.11704000241896544
thanh3+󰛺,thanh3,0.08338156342506409,0.7170961062879629,0.07800411827377592
thanh3+𫣝,thanh3,0.06216740235686302,0.8525225769505547,0.08617729983833998
thanh3+𦟟,thanh3,0.057499706745147705,0.7754202775927674,0.13124494211356844
thanh3+󱚭,thanh3,0.06745919585227966,0.8002074807459134,0.121057929153435
thanh3+󰭂,thanh3,0.08002395927906036,0.806513262444388,0.09643832197451434
thanh3+󱤒,thanh3,0.0734538584947586,0.6751184106936085,0.15715881733250256
thanh3+󱪎,thanh3,0.0790138840675354,0.6754317913306626,0.11612129400801065
thanh3+嘪,thanh3,0.06912501156330109,0.8004814618330492,0.09449746945647551
thanh3+𫫊,thanh3,0.043066758662462234,0.7862610478016325,0.09487454245692696
thanh3+𧌂,thanh3,0.06750673055648804,0.7303356506092018,0.10285171442703402
thanh3+𫮒,thanh3,0.07295363396406174,0.7155580370303414,0.0975002680868423
thanh3+𪧺,thanh3,0.08233296871185303,0.7754466435113264,0.1317192147743518
thanh3+󱊚,thanh3,0.08033954352140427,0.6619807915056373,0.08374601403508569
thanh3+󱦩,thanh3,0.08940134942531586,0.6726341851438897,0.16197779721840153
thanh3+󱛦,thanh3,0.07615897804498672,0.8125470092178808,0.1312761417170941
thanh3+𨃌,thanh3,0.07113093137741089,0.8126058904450805,0.14418342277516985
thanh3+𥌧,thanh3,0.06393837928771973,0.7976194519348515,0.144793279160706
thanh3+󰍱,thanh3,0.06010540574789047,0.7867715046163523,0.10332167495829576
thanh3+𩸴,thanh3,0.06000406667590141,0.802511760133815,0.12078817636912165
thanh3+𪮩,thanh3,0.07262074947357178,0.6656747364064179,0.11870133281429124
thanh3+󱬊,thanh3,0.08166731148958206,0.7660546868366597,0.18220898345095904
thanh3+󱞾,thanh3,0.0870613306760788,0.6585701311163275,0.08057394119196575
thanh3+𬛒,thanh3,0.08993970602750778,0.7273964013174631,0.16748470129581028
thanh3+㙩,thanh3,0.04737171530723572,0.8331498406042595,0.0937296132613592
thanh3+𠚐,thanh3,0.04884941130876541,0.7627875011821046,0.09599209330800577
thanh3+󰺥,thanh3,0.07951371371746063,0.7618871885323851,0.10112487869740709
thanh3+𤏦,thanh3,0.069656603038311,0.7667458316405675,0.09214669704143541
thanh3+󰙯,thanh3,0.09937042742967606,0.691471813909164,0.0906262299272248
thanh3+𢹾,thanh3,0.06203953176736832,0.7549118830379954,0.10836410470698883
thanh3+𪱴,thanh3,0.07303053885698318,0.6927756666789195,0.08722256918667098
thanh3+󱩛,thanh3,0.0874926820397377,0.6117236973283358,0.19774357603241835
thanh3+𠹌,thanh3,0.06808306276798248,0.8426504378973437,0.10100590934821323
thanh3+𡁞,thanh3,0.08073392510414124,0.6926490528681475,0.0858864148370891
thanh3+𠼳,thanh3,0.048322729766368866,0.7692251463070028,0.12106201539503524
thanh3+𥱫,thanh3,0.07278108596801758,0.788498146514875,0.11312229479149177
thanh3+𬕷,thanh3,0.08119253814220428,0.6877290822362628,0.10936052387177825
thanh3+㼫,thanh3,0.0671914592385292,0.7391882822108959,0.10313613559987551
thanh3+󱤥,thanh3,0.05517077445983887,0.8258901594156918,0.12109215749857337
thanh3+㧪,thanh3,0.04573528841137886,0.809733261635753,0.10638328390122227
thanh3+󱟜,thanh3,0.06043693423271179,0.7101738617401726,0.1160411470555478
thanh3+󱝧,thanh3,0.08602364361286163,0.7586494676608261,0.12165800740859956
thanh3+𨆷,thanh3,0.05038357526063919,0.825698617145266,0.1065776393407402
thanh3+𠴹,thanh3,0.07166153937578201,0.7609488541330243,0.06710308623072131
thanh3+𡅑,thanh3,0.07357767969369888,0.6747988179649201,0.4748634667082466
thanh3+𡅫,thanh3,0.04996918886899948,0.7829436944467868,40.420578647230975
thanh3+󱮑,thanh3,0.06914632022380829,0.7362359176841939,0.13716835512662126
thanh3+𤞦,thanh3,0.06921848654747009,0.7073064132868186,0.11005563128560204
thanh3+𢪭,thanh3,0.06378588080406189,0.8510313120412866,0.15144273650977877
thanh3+𢶹,thanh3,0.06369917839765549,0.6849041510284233,0.1231910594849922
thanh3+󰞬,thanh3,0.08647490292787552,0.6837563632341952,0.11043459776454766
thanh3+󱟎,thanh3,0.06587602198123932,0.71284991245297,0.12209922431305364
thanh3+壉,thanh3,0.07775545120239258,0.7613441143234133,0.10108013398497094
thanh3+𨪷,thanh3,0.060499489307403564,0.853752542813653,0.1718027836447569
thanh3+𡉎,thanh3,0.08736157417297363,0.8122027973002532,0.09521836738245933
thanh3+𬧡,thanh3,0.09621667116880417,0.6896541004770402,0.1170381842859451
thanh3+篵,thanh3,0.0647801086306572,0.7560535063837842,0.12283818232030257
thanh3+𪱎,thanh3,0.07497382164001465,0.7045476215199967,0.14561951138073762
thanh3+捠,thanh3,0.06255724281072617,0.8114754188532237,0.08094307086342802
thanh3+𠲡,thanh3,0.053063128143548965,0.83023380658854,0.08608183485517358
thanh3+𡚎,thanh3,0.058112747967243195,0.8073374891138981,0.08984636725555094
thanh3+󰅬,thanh3,0.06059018149971962,0.8135639511877331,0.08924513439367661
thanh3+󱍺,thanh3,0.08086876571178436,0.7417385906359061,0.14431481985203914
thanh3+󱞟,thanh3,0.06399288773536682,0.7448559673091911,0.12070893675865986
thanh3+𥭑,thanh3,0.07691958546638489,0.7490795430165051,0.08209266669394334
thanh3+𢠿,thanh3,0.04999822378158569,0.8194305478859932,0.10095480010732573
thanh3+𠼋,thanh3,0.11206094175577164,0.6636671998406087,0.10838590511393904
thanh3+𣱿,thanh3,0.05748671665787697,0.8741906855428649,0.06582586337974289
thanh3+𠺚,thanh3,0.051120977848768234,0.7861998074350574,0.08503842041576215
thanh3+󱞑,thanh3,0.091136634349823,0.7782105256492906,0.09662099926797746
thanh3+󱰮,thanh3,0.05102257803082466,0.6772944796604158,0.12619815829851133
thanh3+𠮙,thanh3,0.1012086272239685,0.7347737779074517,0.0995745522219746
thanh3+󱟠,thanh3,0.06253217160701752,0.7790399282649582,0.11670224344456868
thanh3+𢴊,thanh3,0.03381316363811493,0.8514161508585224,0.11681864752721643
thanh3+󰞘,thanh3,0.09950793534517288,0.7528862327080635,0.053930125661525795
thanh3+𢹊,thanh3,0.07241014391183853,0.8210151586192488,0.12932214731806557
thanh3+𪀆,thanh3,0.032155949622392654,0.8482029558363141,0.0979326764676595
thanh3+𫡸,thanh3,0.08075349777936935,0.7465455955213235,0.1642105036426302
thanh3+𩠸,thanh3,0.06273482739925385,0.8067746939305295,0.12320607804910814
thanh3+󱫠,thanh3,0.06069723889231682,0.6472235881800712,0.1141218347629243
thanh3+𪢖,thanh3,0.0687081441283226,0.8089217753535305,0.13527023233390376
thanh3+󱩩,thanh3,0.06035920977592468,0.8076774583987195,0.10148708270312058
thanh3+󱢏,thanh3,0.10568752139806747,0.7009238414801015,0.1863025270054257
thanh3+󱬻,thanh3,0.06533263623714447,0.8146452464360427,0.09505373886588425
thanh3+𠹖,thanh3,0.044991232454776764,0.8231087361766624,0.08232459275556585
thanh3+𩸮,thanh3,0.05609946325421333,0.8116674945955256,0.1472824728198559
thanh3+𡮣,thanh3,0.10930349677801132,0.6437801057195403,0.1479820249702586
thanh3+󱡇,thanh3,0.07468432933092117,0.6768068704801752,0.11127387190444686
thanh3+󱳴,thanh3,0.057173557579517365,0.7600485141021137,0.1142239632333989
thanh3+𦘱,thanh3,0.09777174890041351,0.8163985818789189,0.09118896612662232
thanh3+𫅰,thanh3,0.11560497432947159,0.44857080605127675,0.13529576208891905
thanh3+󰁂,thanh3,0.08636801689863205,0.7999313457077868,0.07958042389259436
thanh3+󱞮,thanh3,0.09535151720046997,0.7171845332435595,0.1026613378211353
thanh3+㘢,thanh3,0.07348916679620743,0.7966776521646545,0.09304606580459392
thanh3+𠴭,thanh3,0.04126958176493645,0.8600384667117169,554.3758748533393
thanh3+󰬸,thanh3,0.11946345865726471,0.7169706878619925,0.20786761057441958
thanh3+󱟟,thanh3,0.06959433108568192,0.7384901384261071,0.1179613344716281
thanh3+𢀦,thanh3,0.06927818059921265,0.8020194321875217,0.12593740455267347
thanh3+𫵊,thanh3,0.051988475024700165,0.8236168492866018,0.08142569146310934
thanh3+󱲝,thanh3,0.09258007258176804,0.7222313166804362,0.09776086392871029
thanh3+󱤲,thanh3,0.05556504428386688,0.7896203867077334,0.10119515935116684
thanh3+𤲼,thanh3,0.05614360421895981,0.7900331259092583,0.13303772783185183
thanh3+𦿄,thanh3,0.06055518984794617,0.7362800003122606,0.1020960592937461
thanh3+󱠼,thanh3,0.11078298836946487,0.6679974568911244,0.08064230561122197
thanh3+𠽏,thanh3,0.07594433426856995,0.8120554305643607,0.09384314338921007
thanh3+𪣮,thanh3,0.054828982800245285,0.7746186014624077,0.07519218157068934
thanh3+󱚂,thanh3,0.06851524859666824,0.7074470617173919,0.10796642839199193
thanh3+󱘧,thanh3,0.05086282640695572,0.7905597465331323,0.1068916344323983
thanh3+󰮃,thanh3,0.10290081799030304,0.7164573981940948,0.17912660688850254
thanh3+鯑,thanh3,0.07946883887052536,0.5559179907056341,0.10022298287271296
thanh3+𤹕,thanh3,0.07769373804330826,0.6371962953127509,0.1350739517950673
thanh3+󱩗,thanh3,0.06979504227638245,0.784174364822722,0.0991076946063405
thanh3+𫅲,thanh3,0.1176011860370636,0.6646751720881714,0.1468005928417285
thanh3+󱝗,thanh3,0.08780008554458618,0.6819354161923409,0.12385026316527165
thanh3+󱳬,thanh3,0.05729994550347328,0.8074367623672184,0.09122679668795053
thanh3+󰮁,thanh3,0.06383182108402252,0.6803497832084211,0.12201616811303669
thanh3+𫮡,thanh3,0.05901246517896652,0.759994611068455,0.11965090368078825
thanh3+󱷿,thanh3,0.09838362783193588,0.7066923826701168,0.18317660259730592
thanh3+堹,thanh3,0.06683288514614105,0.7856533569067885,0.10083427478917521
thanh3+𠸄,thanh3,0.0699746161699295,0.63404705305236,0.1175324886268213
thanh3+𠶅,thanh3,0.03629825636744499,0.8519880518757723,0.08281851765174061
thanh3+󰬙,thanh3,0.06324424594640732,0.7928982039335367,0.0964860831267791
thanh3+󰐨,thanh3,0.1276978999376297,0.5629700276674114,0.11094291935538585
thanh3+𠿀,thanh3,0.052385538816452026,0.7894779214778208,0.13423769414427017
thanh3+󱮺,thanh3,0.10459205508232117,0.5554579514824208,0.13531690734763532
thanh3+󱮮,thanh3,0.07341327518224716,0.6431064645734129,0.11606988877959275
thanh3+𫫴,thanh3,0.0742432102560997,0.6372818598874683,0.11455774499090936
thanh3+灆,thanh3,0.06445140391588211,0.6794002976248751,0.15363846215853166
thanh3+󱞊,thanh3,0.052024949342012405,0.8051286958783931,0.14787256471241994
thanh3+󱛣,thanh3,0.042255550622940063,0.8366748288705679,0.13024377337468687
thanh3+𬔽,thanh3,0.08636531233787537,0.6749980255161119,0.08569099043052732
thanh3+𫟌,thanh3,0.07719840854406357,0.782951074215155,0.08562507043775848
thanh3+𬪽,thanh3,0.0851769894361496,0.7160423351429002,0.08844371631897048
thanh3+𰇵,thanh3,0.07910673320293427,0.6181680843203299,0.08406235203638528
thanh3+󱩙,thanh3,0.06458956003189087,0.717960182446348,0.11800603609008882
thanh3+𦷬,thanh3,0.058394625782966614,0.7922537436575914,0.09996147215387664
thanh3+󱚛,thanh3,0.0514848418533802,0.8274360391757772,0.10181791276292577
thanh3+󱳦,thanh3,0.08272066712379456,0.7186788053227839,0.07834121052490677
thanh3+𬓛,thanh3,0.04483100399374962,0.8260134492272188,0.09334726329792087
thanh3+𩯁,thanh3,0.09144636988639832,0.7029959936037438,0.1365049242770343
thanh3+󱹙,thanh3,0.059204090386629105,0.724940522925655,0.09785531086951887
thanh3+󱺃,thanh3,0.054305847734212875,0.81069280671778,0.10232738798721801
thanh3+󰧺,thanh3,0.13351021707057953,0.5661272685713494,0.10524370587025324
thanh3+󱝸,thanh3,0.06929836422204971,0.8024246521984613,0.08218393421664875
thanh3+𪤽,thanh3,0.06138862669467926,0.7695168971450802,0.12583690588772548
thanh3+󰘇,thanh3,0.05393366515636444,0.7555753056847542,0.1421679213633844
thanh3+𠷥,thanh3,0.0659409686923027,0.8157271445862125,0.1067254838701067
thanh3+󱝳,thanh3,0.06947886198759079,0.7648764693017864,0.10166108759333736
thanh3+𭈒,thanh3,0.09645918011665344,0.5734815815097271,0.12014632580295918
thanh3+𧜐,thanh3,0.08416339755058289,0.8023118720149174,0.09526219827331184
thanh3+𠴌,thanh3,0.04136015474796295,0.8664714184460419,0.06345091962810842
thanh3+󱟫,thanh3,0.09477497637271881,0.7905269656354408,0.09030376483526635
thanh3+𤁯,thanh3,0.05537942051887512,0.7496073601591778,0.10481305720102478
thanh3+󱛲,thanh3,0.12649981677532196,0.533199921812882,0.1560935622983652
thanh3+𣞄,thanh3,0.08134854584932327,0.7485598531855363,0.09341228419239823
thanh3+偖,thanh3,0.07019073516130447,0.7762577489130501,0.1456440808989216
thanh3+𬕌,thanh3,0.07097397744655609,0.6628243839017295,0.10919525794117076
thanh3+𡦫,thanh3,0.06088882312178612,0.7541893274680372,0.10427074505366667
thanh3+𨡨,thanh3,0.07177173346281052,0.7138789298823369,0.11873752248263619
thanh3+󱯄,thanh3,0.05291739106178284,0.8200791762027994,0.1340178527387503
thanh3+䰺,thanh3,0.11281175911426544,0.49991447402995576,0.12729855004438242
thanh3+󱳪,thanh3,0.08084725588560104,0.7023662707646955,2.72354477838552
thanh3+𡮺,thanh3,0.0863296389579773,0.6774470446360586,0.09406451653113272
thanh3+𪾭,thanh3,0.05261656269431114,0.7742831078844064,0.09749541791004618
thanh3+󰍖,thanh3,0.08434155583381653,0.5901807132963895,0.14166443962571007
thanh3+𡫡,thanh3,0.06485433131456375,0.76758368607848,0.1065311562563823
thanh3+󰄜,thanh3,0.10588183999061584,0.5596441623039777,0.14168797836070254
thanh3+𨂗,thanh3,0.05132816731929779,0.7991103401566222,0.10136185491688882
thanh3+󰊎,thanh3,0.03908571973443031,0.8299584850827069,0.09146323077161317
thanh3+󱧨,thanh3,0.06488275527954102,0.7561709217243403,0.12973383257683976
thanh3+󱓇,thanh3,0.056812942028045654,0.7270820771670992,0.09150783631984923
thanh3+󱞙,thanh3,0.0912231057882309,0.6262299343340648,0.1342338610463593
thanh3+󱞁,thanh3,0.05978113412857056,0.7779212883818128,0.11588187405569768
thanh3+𤼞,thanh3,0.05481841415166855,0.7593795541310426,0.11135820862647217
thanh3+󱌡,thanh3,0.05039169639348984,0.8236043405559086,0.11346854842151738
thanh3+󱛵,thanh3,0.04607125371694565,0.8512555398679966,0.09029656655925038
thanh3+𠻉,thanh3,0.03660167008638382,0.8427799323605347,0.08582516388687333
thanh3+󱩈,thanh3,0.06496565788984299,0.7285938400441513,0.1412282639400471
thanh3+𤁔,thanh3,0.090055912733078,0.7081817346176836,0.12581866660803978
thanh3+𡏥,thanh3,0.08375538140535355,0.6973576433007699,0.21038592948295917
thanh3+󱯏,thanh3,0.05327918753027916,0.7890798978542461,0.11840087228798973
thanh3+𪣱,thanh3,0.08215983211994171,0.7725445294153981,0.09292399989622017
thanh3+𦞎,thanh3,0.0392284095287323,0.84449508356634,0.09587324055239943
thanh3+𪝪,thanh3,0.06733567267656326,0.7287234599407109,0.11311360138999178
thanh3+󱛖,thanh3,0.042085565626621246,0.8770659416754888,0.07743091087647042
thanh3+󱪼,thanh3,0.06237972527742386,0.7837896634389843,0.1493439793666178
thanh3+󱰪,thanh3,0.04581243544816971,0.802964097622411,0.10464941267919427
thanh3+𪢠,thanh3,0.0600968636572361,0.7306683573527015,0.1139098556952728
thanh3+󱜾,thanh3,0.05902814492583275,0.7792313741942895,0.0648273118031417
thanh3+𫧟,thanh3,0.08430969715118408,0.8140480763995456,0.0864497743678757
thanh3+󱯑,thanh3,0.07702188193798065,0.7995323995365461,0.14178052536454178
thanh3+啩,thanh3,0.12549008429050446,0.6222755256159397,0.12897631598045978
thanh3+𣕞,thanh3,0.09385102242231369,0.6816838033405391,0.15103156662554873
thanh3+󱭪,thanh3,0.09646215289831161,0.47896085356131907,0.10301799621186225
thanh3+󱥥,thanh3,0.0647331029176712,0.8277902396081398,0.10454025382640568
thanh3+󱛪,thanh3,0.06242062523961067,0.7715641358097244,0.10101967512642575
thanh3+󱜴,thanh3,0.06602142006158829,0.8556214177480597,0.08276917039732422
thanh3+𪬪,thanh3,0.13284370303153992,0.6773510623894404,0.1152727107097918
thanh3+𥌈,thanh3,0.06769467890262604,0.6992091607085416,0.11415408575409318
thanh3+䀭,thanh3,0.05468079447746277,0.8085077701431906,0.11378807133992215
thanh3+󱣂,thanh3,0.0523134246468544,0.8040776232513516,0.09667646841448864
thanh3+𫪦,thanh3,0.042087994515895844,0.8565041231081365,0.08656620446621355
thanh3+󱰐,thanh3,0.08001753687858582,0.7331613821380712,0.14517402645853558
thanh3+󱨇,thanh3,0.06960354000329971,0.757771414637137,0.09581671193464163
thanh3+㗭,thanh3,0.08486157655715942,0.7356666337143042,0.08662586727496895
thanh3+𢪥,thanh3,0.05580171197652817,0.7640978713702284,0.07384346417041092
thanh3+󰨑,thanh3,0.05659295991063118,0.7598890736721464,0.10158646453740376
thanh3+𡋦,thanh3,0.06059519201517105,0.7895755998555628,0.07916455025841446
thanh3+󱝖,thanh3,0.0737137421965599,0.8103967665781847,0.10855555112395592
thanh3+󱭘,thanh3,0.06905903667211533,0.793780966303302,0.1347273917164826
thanh3+𫢧,thanh3,0.05627363547682762,0.8147292779976424,0.10254998005586603
thanh3+󱝟,thanh3,0.08189988136291504,0.7406228546949611,0.13615709390396127
thanh3+󱳭,thanh3,0.06583629548549652,0.7624616792112474,0.13265688781816123
thanh3+𦟏,thanh3,0.0623273029923439,0.6954013464202078,0.11673809132444803
thanh3+󱜈,thanh3,0.055722225457429886,0.8254644830339187,0.10776180135319424
thanh3+𠿸,thanh3,0.0525103397667408,0.7601878591496793,0.10991660062800064
thanh3+󱖧,thanh3,0.09722957760095596,0.6701049061555521,0.14415056734114712
thanh3+󱞆,thanh3,0.07321780920028687,0.813586878597553,0.7097395183730342
thanh3+𡚝,thanh3,0.07940216362476349,0.7535133447704561,0.1537896153362742
thanh3+𠵴,thanh3,0.05457308143377304,0.7660024623170183,0.07410987023471644
thanh3+𨄿,thanh3,0.05114438757300377,0.8289657657760697,0.12574696281294592
thanh3+󱟂,thanh3,0.05361749604344368,0.8222715524674398,0.12179788992975582
thanh3+󱧀,thanh3,0.06957456469535828,0.7395274521497015,0.09533630320861465
thanh3+󱜝,thanh3,0.07491915673017502,0.754883865941154,0.0967570192242233
thanh3+󱫂,thanh3,0.04547106847167015,0.825491230926391,0.11481365277721761
thanh3+󰢔,thanh3,0.058571211993694305,0.78556256899608,0.09762769578738205
thanh3+𦛲,thanh3,0.08633080869913101,0.7581734559276303,0.09839334940242138
thanh3+󱮟,thanh3,0.0862719714641571,0.7339233324608989,0.11036961817042434
thanh3+𡁝,thanh3,0.09816144406795502,0.7234918396962292,0.08196085839517199
thanh3+𰊣,thanh3,0.07612808793783188,0.7824931270183979,0.10222547982457168
thanh3+𫆮,thanh3,0.060982976108789444,0.7339678686197298,0.11156659422457738
thanh3+𪿀,thanh3,0.04147754982113838,0.8518531411123197,0.12239803914822628
thanh3+𪻋,thanh3,0.06673698127269745,0.7722857302459692,0.09563230366889393
thanh3+藞,thanh3,0.06544950604438782,0.791153749788958,0.1293081559271463
thanh3+󱯠,thanh3,0.1095544770359993,0.7100101150271662,0.13815770311635647
thanh3+󱠑,thanh3,0.04725351184606552,0.8068463154592906,0.10342178831978706
thanh3+󱛱,thanh3,0.050405144691467285,0.801040250525947,0.10454117556112391
thanh3+𡁎,thanh3,0.11530973017215729,0.6503701044471147,0.07266920984735474
thanh3+󱲥,thanh3,0.060489244759082794,0.8111403112578804,0.10769523239227989
thanh3+𫇿,thanh3,0.12232990562915802,0.7762653702072683,0.1172830209745801
thanh3+󱟹,thanh3,0.06006564572453499,0.8254840715328519,0.10724812221113696
thanh3+󱘰,thanh3,0.10033529996871948,0.6541817394871691,0.11783497566215125
thanh3+󱛳,thanh3,0.046709347516298294,0.8414765304978293,0.10104150427737668
thanh3+󱩬,thanh3,0.05606914684176445,0.790137936515945,3.811068679212161
thanh3+𪶵,thanh3,0.047037895768880844,0.7879898008444571,0.08173546117099656
thanh3+󱘓,thanh3,0.07006362080574036,0.785402613502151,0.11025907640121642
thanh3+𪞀,thanh3,0.0721139907836914,0.7338401717205381,0.11170834915494805
thanh3+𡂄,thanh3,0.06624052673578262,0.7445029050776031,0.1369328738154734
thanh3+󰢷,thanh3,0.045459747314453125,0.8388007564291489,0.11215517960223635
thanh3+𭊳,thanh3,0.09388045966625214,0.7605831477561521,55.50555590014296
thanh3+󰏏,thanh3,0.05242817848920822,0.7920202053555977,0.14236383076571504
thanh3+󰙘,thanh3,0.05523701012134552,0.7579094987184305,0.10037362023638123
thanh3+󱞀,thanh3,0.06026621162891388,0.785454634242325,0.11780599392508641
thanh3+𡄰,thanh3,0.10540372878313065,0.7109283055555377,0.17471424220024223
thanh3+󱥄,thanh3,0.04986725375056267,0.8391911171088962,0.10654655193791142
thanh3+𫐹,thanh3,0.05703675001859665,0.8013009740509293,0.11364169676845648
thanh3+󱝷,thanh3,0.10457326471805573,0.4940380942390404,0.13806514056170402
thanh3+󱹻,thanh3,0.06734701246023178,0.7291498133423429,0.10578216513083967
thanh3+𦀌,thanh3,0.06026764586567879,0.8206636733449185,0.1213895011645937
thanh3+𪡗,thanh3,0.05268245190382004,0.865029187906836,0.07330814754843733
thanh3+𬏻,thanh3,0.07175338268280029,0.7759118931457517,0.1146017652834422
thanh3+󱧔,thanh3,0.08065945655107498,0.7169031979230929,0.06759436314318738
thanh3+󱞴,thanh3,0.061230942606925964,0.742709706372196,0.10086707196433699
thanh3+󱞒,thanh3,0.06057581678032875,0.7424213168688807,0.09216000168765093
thanh3+𫬠,thanh3,0.0727253332734108,0.8298005724112788,0.11364148261545798
thanh3+𥾸,thanh3,0.07636065036058426,0.6795349727014147,0.12230601914055905
thanh3+󱦡,thanh3,0.05442371219396591,0.7869126105679151,0.13686309839751512
thanh3+𡃜,thanh3,0.04371263086795807,0.8494152145167557,0.10740577148607484
thanh3+𦝇,thanh3,0.10308974981307983,0.5597209765774366,0.132934707714228
thanh3+󱥭,thanh3,0.06939195841550827,0.7724086297369402,0.12197400316911448
thanh3+𠅐,thanh3,0.09759452193975449,0.6100598275474541,604.2321509963183
thanh3+󱰖,thanh3,0.05875701084733009,0.8070497286034807,0.100328015728464
thanh3+𪦎,thanh3,0.07520519196987152,0.7251851861808425,0.18826321565812557
thanh3+󱜉,thanh3,0.0675407126545906,0.8142197400886475,0.13457779237220482
thanh3+󱛑,thanh3,0.08724917471408844,0.7246828113921177,0.09471539923247989
thanh3+𠲜,thanh3,0.12180625647306442,0.6802732969673833,0.12360874819965066
thanh3+󱞽,thanh3,0.071251280605793,0.7083701408475501,0.151096617082926
thanh3+𪴉,thanh3,0.09187401086091995,0.7641497228114079,0.1383451342163064
thanh3+󱦯,thanh3,0.09369765222072601,0.4713131493961748,0.3231510789728253
thanh3+󰬪,thanh3,0.09936070442199707,0.594556762745447,0.12084115376040455
thanh3+𫿟,thanh3,0.06968654692173004,0.7297636289562627,0.11499565819509606
thanh3+𧍆,thanh3,0.07572143524885178,0.7116591617761246,0.1008243986237966
thanh3+洅,thanh3,0.06573005020618439,0.8313208455079111,0.09884427443746811
thanh3+𡐮,thanh3,0.05788654834032059,0.8614313744304681,0.08118895700465287
thanh3+𦨭,thanh3,0.05521170049905777,0.7405397169471589,0.09790844762806489
thanh3+𦨂,thanh3,0.06287454813718796,0.782863365248346,0.14386232665051046
thanh3+󱛋,thanh3,0.06523580849170685,0.7673474600839102,0.07768191523998441
thanh3+󰂛,thanh3,0.0665769875049591,0.7977450366668715,0.1403761181648766
thanh3+󰮯,thanh3,0.08089040964841843,0.7146241737458779,0.11872673415467751
thanh3+娫,thanh3,0.04754885286092758,0.8128504857332716,0.26802404441696887
thanh3+󱎶,thanh3,0.0803336650133133,0.7090445324124273,0.08825661135546274
thanh3+󱱀,thanh3,0.05817219614982605,0.8130487038414321,0.1114598352142827
thanh3+󱘡,thanh3,0.0644407644867897,0.7642363732599454,0.1159661294575927
thanh3+󱠠,thanh3,0.06730801612138748,0.7403584407345495,0.11418895297417668
thanh3+󱫸,thanh3,0.09325782209634781,0.6594598050851798,0.12844146360929984
thanh3+𬟻,thanh3,0.08266955614089966,0.7435883308507266,0.09643138391582758
thanh3+𥊜,thanh3,0.08129052072763443,0.7835949732161601,0.16277114978949628
thanh3+𦲼,thanh3,0.06566661596298218,0.8061621216461377,0.10923859641058929
thanh3+󱰚,thanh3,0.07206572592258453,0.8030872508696518,0.133291703076982
thanh3+󱧘,thanh3,0.10538388788700104,0.6918617943632498,0.08953293079609692
thanh3+㙘,thanh3,0.05478741228580475,0.8110551963716431,0.09024195562362704
thanh3+󱫷,thanh3,0.06962784379720688,0.7314629247859062,0.09030688204649069
thanh3+󰢜,thanh3,0.04663797840476036,0.8230746069973804,0.11235485452285494
thanh3+𪡽,thanh3,0.06295698136091232,0.8075108949917176,0.11273089379702554
thanh3+󱺈,thanh3,0.04761119186878204,0.8591974607070187,0.0901209611473831
thanh3+𫑺,thanh3,0.0844607949256897,0.6344846688474151,0.12109650452629078
thanh3+𫊬,thanh3,0.08366717398166656,0.805448321724044,0.10805128129246004
thanh3+𪡦,thanh3,0.0785183236002922,0.6709040177234897,0.11599716666274168
thanh3+𨊌,thanh3,0.08526703715324402,0.6135016236570611,0.11101015890335982
thanh3+𧒅,thanh3,0.06544381380081177,0.8110376270193606,0.08523579953805493
thanh3+󱞎,thanh3,0.09272590279579163,0.6351742996994835,0.11428871702692557
thanh3+𪝅,thanh3,0.04112301766872406,0.8198406633962579,0.28260595328527727
thanh3+󱞐,thanh3,0.07004395872354507,0.7152381667034774,0.10043182025821591
thanh3+𠼇,thanh3,0.09575775265693665,0.7304937638242456,0.1115795305202704
thanh3+𫴯,thanh3,0.08116620033979416,0.8199683957831001,536.2932233051168
thanh3+𡖡,thanh3,0.06443032622337341,0.841759338555545,0.1054331133899481
thanh3+𥙒,thanh3,0.05805453658103943,0.8146542697175863,0.10615616573903536
thanh3+𠻇,thanh3,0.04762285575270653,0.8270197610390057,0.09160103368777084
thanh3+󱠡,thanh3,0.0760740414261818,0.744212272877865,0.10403009261418679
thanh3+󱩸,thanh3,0.10982063412666321,0.647251432904533,0.14440169595617133
thanh3+𨨨,thanh3,0.0808660238981247,0.5102500040862226,0.1126441328784163
thanh3+𠿵,thanh3,0.08821069449186325,0.6920772980189083,0.10234685408079258
thanh3+𠮨,thanh3,0.0760011374950409,0.7076538438901022,0.05682120456896106
thanh3+𨅞,thanh3,0.0499095655977726,0.8002399005161059,0.09450014701947719
thanh3+󱛽,thanh3,0.06570358574390411,0.7440558608504481,0.09391259560248205
thanh3+𰈨,thanh3,0.0500594899058342,0.8238217319344728,0.11596593813592808
thanh3+𬡶,thanh3,0.05951806530356407,0.7090495357116511,0.07850537511538372
thanh3+𤗹,thanh3,0.0827103853225708,0.7480740363523233,0.10849702618229334
thanh3+󱦙,thanh3,0.07057368010282516,0.6567309125570859,0.15869798633175888
thanh3+𬠥,thanh3,0.05980024114251137,0.8067397425177536,0.14860450072614703
thanh3+呯,thanh3,0.08894255757331848,0.7067707535313553,0.06916416674264071
thanh3+󰶅,thanh3,0.06505165249109268,0.8065472245836853,0.11517667814366184
thanh3+󱞇,thanh3,0.05882038548588753,0.8225490258943485,0.1140082444543743
thanh3+𧋅,thanh3,0.06003144010901451,0.839271236744952,0.10522106126167259
thanh3+󱭧,thanh3,0.08447679132223129,0.7270003898339479,0.1519962958061077
thanh3+𬛀,thanh3,0.07621414214372635,0.7251095988671946,0.13191402917320408
thanh3+㗌,thanh3,0.06988610327243805,0.785166117587075,0.08554196519011807
thanh3+󱝯,thanh3,0.057776737958192825,0.7692627447369005,0.1281911592176242
thanh3+󱟮,thanh3,0.10379238426685333,0.6698426555955121,0.3223813438799237
thanh3+󱙷,thanh3,0.07847801595926285,0.7597221102667345,0.09313987512216376
thanh3+󱟝,thanh3,0.050853025168180466,0.8278946313653087,0.09848135769480058
thanh3+󱝞,thanh3,0.06708110868930817,0.7717772511459878,0.12403801339541076
thanh3+󱛹,thanh3,0.0670590028166771,0.7020630013950359,0.0938767696004101
thanh3+󱬺,thanh3,0.09462934732437134,0.5285420478975058,0.7543759577998316
thanh3+󱛺,thanh3,0.05733497068285942,0.7307329310078283,0.12801482979876344
thanh3+啲,thanh3,0.03989169001579285,0.8344214814795287,0.07946982826588549
thanh3+󱚚,thanh3,0.07126174867153168,0.7109400905121254,0.14938990490502416
thanh3+󰛈,thanh3,0.06449142843484879,0.6977946381408697,0.1108530531349003
thanh3+󱞃,thanh3,0.08508355915546417,0.7307223296282509,0.10531305906105769
thanh3+󱝺,thanh3,0.05696139112114906,0.7957979669313846,0.13361303729188542
thanh3+𥖑,thanh3,0.0660082995891571,0.72939537590802,0.14053310704112867
thanh3+𡳳,thanh3,0.07710405439138412,0.7529949296528146,0.11627280483961593
thanh3+󱋭,thanh3,0.06632822006940842,0.7911018917817756,0.1367444125920835
thanh3+𠴇,thanh3,0.08654212951660156,0.7383553535886019,0.11582978619745261
thanh3+𡃆,thanh3,0.05591926351189613,0.8275650144506285,0.09042685445371473
thanh3+󰬛,thanh3,0.05119340121746063,0.8401937120282862,0.11977916837998387
thanh3+𫫷,thanh3,0.11113037168979645,0.7150493726975197,0.12592012299463248
thanh3+󱀰,thanh3,0.05531603470444679,0.7845914356554264,0.11502279353042277
thanh3+哖,thanh3,0.05932482331991196,0.7808484543192351,0.08207289154091796
thanh3+󱩻,thanh3,0.06298235803842545,0.7542567468420168,0.10911265483014267
thanh3+𡅉,thanh3,0.050657548010349274,0.787434912906855,0.09244003353870119
thanh3+󱺂,thanh3,0.07904000580310822,0.7282016310914274,0.09077712399836622
thanh3+󱛴,thanh3,0.03834518790245056,0.795864332829854,0.09664762775884277
thanh3+󰤣,thanh3,0.05781722441315651,0.7721916636351435,0.08603541108221356
thanh3+󱜶,thanh3,0.10019237548112869,0.7244411533137367,0.11470834159282296
thanh3+𬄹,thanh3,0.07060873508453369,0.8052103719276417,0.12756411166013126
thanh3+𬃴,thanh3,0.05507342517375946,0.7125132830242578,0.1060733197022354
thanh3+圚,thanh3,0.10010892897844315,0.7937673316295057,0.08939335363555723
thanh3+󱙵,thanh3,0.07579623907804489,0.6997558104698983,0.110865424477164
thanh3+󱙴,thanh3,0.07990638166666031,0.7183007167504573,0.09716229298872947
thanh3+󱰗,thanh3,0.0693146288394928,0.6776556781903547,0.10359125608647186
thanh3+𠊙,thanh3,0.06899535655975342,0.7104571436777692,0.09699996837454551
thanh3+󱝾,thanh3,0.05223444849252701,0.7835441418134821,0.11454011025808053
thanh3+󱝹,thanh3,0.06842286884784698,0.8027030864936476,0.13543254904538984
thanh3+𦝺,thanh3,0.06827063858509064,0.7843250443563676,0.11261826696797432
thanh3+挒,thanh3,0.06037905812263489,0.7608251628041315,0.10676503896232874
thanh3+𤻓,thanh3,0.05728142708539963,0.7564869640626155,0.13738473755631148
thanh3+󱝝,thanh3,0.07270970195531845,0.7790478297701181,0.06492690964330348
thanh3+󱹽,thanh3,0.05776554346084595,0.8266140158462011,0.10663660080852944
thanh3+噃,thanh3,0.06141968071460724,0.7646719638135908,0.11319320943213895
thanh3+侱,thanh3,0.0437675341963768,0.8420167418167718,0.09415742371585749
thanh3+𪠉,thanh3,0.09272131323814392,0.7254670721280705,0.10128021055365884
thanh3+𠺺,thanh3,0.07049819827079773,0.7562622112412101,0.14825792030207027
thanh3+𠾬,thanh3,0.05063263326883316,0.8313727088346802,0.08978952835439068
thanh3+𥵉,thanh3,0.05808155983686447,0.8471415319369728,0.0980787885195517
thanh3+㖵,thanh3,0.07548880577087402,0.8209546532663469,0.09175611983413218
thanh3+𡕩,thanh3,0.07163669914007187,0.8452487599267097,0.09878147245886222
thanh3+󱞲,thanh3,0.06219905614852905,0.7664811146016929,0.12080350442354555
thanh3+堒,thanh3,0.05039528012275696,0.8275542138868502,0.10474752672012771
thanh3+󱠱,thanh3,0.048981789499521255,0.8302840724026954,0.10701799701627394
thanh3+𬕳,thanh3,0.046034909784793854,0.8219735122520345,0.1144106907698641
thanh3+𪡈,thanh3,0.06016596406698227,0.8360889544522876,0.12144572567944584
thanh3+𪢤,thanh3,0.08155813813209534,0.6880521570029277,0.1147809019696419
thanh3+𰈏,thanh3,0.05566913262009621,0.834083435472746,0.0934405529494236
thanh3+𩛸,thanh3,0.06652946770191193,0.6877821609513934,0.2394788427752873
thanh3+㤝,thanh3,0.047292936593294144,0.8683714878522931,0.12590033489757285
thanh3+𠀿,thanh3,0.07082825899124146,0.7595408494430688,0.06328717054647903
thanh3+婻,thanh3,0.04963070899248123,0.7018423635325131,0.10150566301059759
thanh3+󱙉,thanh3,0.08708005398511887,0.637377559211042,0.09409631902547964
thanh3+󱰤,thanh3,0.08790025115013123,0.6608797490073443,0.1418901009793195
thanh3+󱝫,thanh3,0.11673477292060852,0.704561621681334,0.13975862869513558
thanh3+𤄮,thanh3,0.06771652400493622,0.733017034341386,0.09802940980285531
thanh3+𡎔,thanh3,0.06170432269573212,0.7909752173151823,0.09780100687342486
thanh3+鏙,thanh3,0.049224864691495895,0.7810721299383593,0.13077021648320575
thanh3+󰇵,thanh3,0.04242989048361778,0.852729994461894,0.10950810764451395
thanh3+𧞣,thanh3,0.053539469838142395,0.7894184217453086,0.14127006255032518
thanh3+󰬲,thanh3,0.09829053282737732,0.5917552964110323,0.1400412026509715
thanh3+𪁄,thanh3,0.06817314773797989,0.6997620517214461,1.3152207265031868
thanh3+𧜗,thanh3,0.05167986452579498,0.8252988574547745,0.08137729999027864
thanh3+𫽠,thanh3,0.07083141803741455,0.7283644382675468,0.11767372175953646
thanh3+𦟖,thanh3,0.06662897020578384,0.6688437108427637,0.11005639175620119
thanh3+󰮝,thanh3,0.07143808156251907,0.7750260529653087,0.11291857781401067
thanh3+𫉩,thanh3,0.09532780200242996,0.7368685902929786,0.15582133442597942
thanh3+𠌊,thanh3,0.050784505903720856,0.7964268062067927,0.09431744121362566
thanh3+𢵻,thanh3,0.0622626431286335,0.7910297480307942,0.12845034779486716
thanh3+𪤲,thanh3,0.07160059362649918,0.8041655591661904,0.0880818844373036
thanh3+󱚇,thanh3,0.05130750685930252,0.7570689029304402,0.11950165218517389
thanh3+𨁟,thanh3,0.06505894660949707,0.7393850832341099,0.11156745570168748
thanh3+󰥉,thanh3,0.0930546298623085,0.5227536203073454,0.11736123849950382
thanh3+𠇕,thanh3,0.0808815285563469,0.7608293349237719,0.08621043706075737
thanh3+󱚫,thanh3,0.06498835980892181,0.720332495875953,0.11108441895191523
thanh3+𮤭,thanh3,0.08810418099164963,0.7335978192825463,0.07741728993337606
thanh3+𤎓,thanh3,0.0740821585059166,0.6549241477801974,0.11396274657999765
thanh3+󱛻,thanh3,0.07049556076526642,0.7092604559448148,0.1492536102907046
thanh3+𡄫,thanh3,0.05193142965435982,0.7876548558943607,0.12809074378032256
thanh3+𦄆,thanh3,0.05498700961470604,0.8464401211799347,0.09891831286465973
thanh3+𫯲,thanh3,0.06725385785102844,0.7477384616228768,0.10337234379759337
thanh3+𧟝,thanh3,0.09433359652757645,0.5527691635709308,0.13483744850861154
thanh3+𠶂,thanh3,0.11829593777656555,0.6952989784739522,0.16017283314035766
thanh3+𪂱,thanh3,0.08768659830093384,0.5997584954940803,0.12755887666920201
thanh3+󱝂,thanh3,0.06383483111858368,0.8016100038643933,0.11102541732599737
thanh3+𫰄,thanh3,0.08262147009372711,0.760057107907252,0.11424598153824478
thanh3+𡄳,thanh3,0.05360621586441994,0.7323043097711113,0.11884903561209353
thanh3+𢲾,thanh3,0.09351101517677307,0.6344156228455816,0.1042736449058909
thanh3+󱟢,thanh3,0.05595014989376068,0.772759418633695,0.09273353090754823
thanh3+󰊫,thanh3,0.08727772533893585,0.7570569460318939,0.16953533200284424
thanh3+𭰺,thanh3,0.05387920141220093,0.8290338399257391,0.08633759769906223
thanh3+󱙌,thanh3,0.05710599571466446,0.7995202738098892,0.09370828006505043
thanh3+𬖩,thanh3,0.10047086328268051,0.5012998160344192,0.0967085354579359
thanh3+󱰶,thanh3,0.07453076541423798,0.7250922896467451,0.12368777395754636
thanh3+󱛥,thanh3,0.056745827198028564,0.7999553427264872,0.09161755444730907
thanh3+󱪱,thanh3,0.06887803226709366,0.7389932696384989,0.1285852720146816
thanh3+𫯝,thanh3,0.1271398365497589,0.6688080129004494,0.14386888747002582
thanh3+󱢅,thanh3,0.074282705783844,0.762617840159155,0.10968587734766265
thanh3+𩠱,thanh3,0.07486169785261154,0.8018745637245764,18.558986740879508
thanh3+𬊭,thanh3,0.08331947773694992,0.8227168413983488,0.08963108208688757
thanh3+󱛅,thanh3,0.08714833110570908,0.7533457212077208,0.13210141954954754
thanh3+𠷯,thanh3,0.10784924030303955,0.7612862463270259,854.822850758486
thanh3+󱠢,thanh3,0.07224058359861374,0.6850009408241952,0.11914020137549058
thanh3+𫱞,thanh3,0.056244783103466034,0.8160398165554962,0.10507718710663709
thanh3+󱠰,thanh3,0.09276772290468216,0.5829265532994067,0.11064726703251011
thanh3+𠿴,thanh3,0.06625614315271378,0.6452019002823121,0.1089041407320596
thanh3+𰦫,thanh3,0.052171338349580765,0.8136458389595158,0.12043842908469693
thanh3+𨄮,thanh3,0.0887402892112732,0.7717293575866608,0.14767026230552996
thanh3+澿,thanh3,0.04178731143474579,0.8201549593660548,0.10858524892359506
thanh3+󱝨,thanh3,0.07157199829816818,0.6779959943165274,0.14013533815035745
thanh3+󱰺,thanh3,0.06656907498836517,0.675366289271098,0.14299963502960106
thanh3+𠸙,thanh3,0.05182429030537605,0.7961388618833023,0.09273099826948929
thanh3+󱓦,thanh3,0.0645429790019989,0.6509933327369153,0.11812209715581772
thanh3+朠,thanh3,0.08655247837305069,0.693011056122573,0.12699218938645365
thanh3+󱣗,thanh3,0.0762423574924469,0.8053482044844056,0.11182227072377664
thanh3+󱤚,thanh3,0.08829651027917862,0.6662867874193149,0.09394314526452889
thanh3+󱜖,thanh3,0.05750973895192146,0.76961274607416,0.09320016639129386
thanh3+󱤉,thanh3,0.08717311173677444,0.6082177985390299,0.09118076147701919
thanh3+𭈙,thanh3,0.06423686444759369,0.7725371306727815,14.041009487170271
thanh3+𥮈,thanh3,0.1121332198381424,0.5881171548045893,0.12915858455078644
thanh3+𬊐,thanh3,0.07784955948591232,0.826709577512532,0.10922818287258486
thanh3+𤊤,thanh3,0.0758056491613388,0.7341092533552591,0.09503044634664803
thanh3+𡀬,thanh3,0.06678289920091629,0.7372642176459594,0.1151703470923222
thanh3+𫬱,thanh3,0.05647300183773041,0.8193840744415991,0.10378117670391983
thanh3+󱱣,thanh3,0.06220394745469093,0.8488540834626858,0.1241447736479452
thanh3+󰭠,thanh3,0.06812585890293121,0.8239026691057973,0.1247447211755026
thanh3+󱗘,thanh3,0.09160506725311279,0.5472829339584326,0.11476809276599598
thanh3+󰬨,thanh3,0.060111504048109055,0.7734953576051857,0.09893684212336529
thanh3+唥,thanh3,0.061424776911735535,0.8103326839474014,0.09700499129971252
thanh3+󱥓,thanh3,0.0749417096376419,0.6229627449089004,0.1263509569867085
thanh3+󱫟,thanh3,0.09582006186246872,0.6572366981710143,0.11769055789914577
thanh3+𡎜,thanh3,0.0765259861946106,0.7951046084486094,0.11432249731000858
thanh3+󰝅,thanh3,0.0926583781838417,0.7352953920334107,0.3181400617998907
thanh3+󱟈,thanh3,0.04913359135389328,0.8033643684455436,0.09666215775424271
thanh3+󱢉,thanh3,0.08008973300457001,0.6415592671310903,0.08500698473501145
thanh3+󱮝,thanh3,0.07907464355230331,0.7670223336186162,0.12397916792763303
thanh3+󱟉,thanh3,0.051222898066043854,0.7930803782394096,0.12003472579727988
thanh3+𨁋,thanh3,0.05682334303855896,0.7706822821079592,0.11600504721472661
thanh3+𫏙,thanh3,0.06749499589204788,0.7814903023105421,0.15960327564343643
thanh3+𨂚,thanh3,0.05814628675580025,0.7845483062260362,0.10043188864977688
thanh3+𪡆,thanh3,0.047058477997779846,0.8274923801187375,0.09442264515806614
thanh3+𡫨,thanh3,0.07244628667831421,0.7678144681214354,0.1266631964827193
thanh3+󱡵,thanh3,0.0782979279756546,0.7687236453342657,0.08742152481202876
thanh3+𫪄,thanh3,0.060691770166158676,0.8338350546200901,0.12083150868001642
thanh3+󱚑,thanh3,0.08156813681125641,0.7424072066112734,0.10774507224372191
thanh3+󱞻,thanh3,0.09908260405063629,0.742323305813252,0.08312067793636706
thanh3+󱥪,thanh3,0.052405811846256256,0.8574116569269914,0.11130081830576595
thanh3+𠲹,thanh3,0.07532442361116409,0.7535676759341152,0.12301259951634556
thanh3+𬏖,thanh3,0.05010336637496948,0.8202718287639336,0.08633493787245344
thanh3+󱥯,thanh3,0.04581132531166077,0.8407925618861662,0.13522804854239415
thanh3+󱹺,thanh3,0.044983990490436554,0.8296005135337666,0.08485351699689547
thanh3+𬈈,thanh3,0.09786970913410187,0.6532296623177394,0.08338935067550374
thanh3+𠺮,thanh3,0.06941188126802444,0.7796254012021054,0.11648429542129812
thanh3+󰜡,thanh3,0.057205721735954285,0.808813237555373,0.08022427407221165
thanh3+𬙛,thanh3,0.08635066449642181,0.788774433829232,0.07607428997725411
thanh3+𡄧,thanh3,0.08527955412864685,0.6399212214402303,0.17024636453023137
thanh3+𪢒,thanh3,0.05265096575021744,0.7818504272758444,0.11147027714234418
thanh3+󱥦,thanh3,0.07221416383981705,0.7232139226035982,0.10144996689937995
thanh3+㖀,thanh3,0.050356339663267136,0.8593017583233672,0.10255713090028147
thanh3+𡍢,thanh3,0.07245083153247833,0.6123919474740606,0.14155722196213014
thanh3+𥵖,thanh3,0.07810768485069275,0.8180447325967575,0.11507180362977677
thanh3+𥶱,thanh3,0.06640800833702087,0.7932031388640206,0.10574341119328394
thanh3+󱤍,thanh3,0.05987114459276199,0.768488417196541,0.13888059863342878
thanh3+𪸝,thanh3,0.061967432498931885,0.8025253770953936,0.07811693185604977
thanh3+󱚳,thanh3,0.10035322606563568,0.6900561677714792,0.1146846560494088
thanh3+𠞡,thanh3,0.11957836151123047,0.5844000305885715,0.1139926755305839
thanh3+󱧝,thanh3,0.09786306321620941,0.553829095647281,0.08195406680919443
thanh3+𫮲,thanh3,0.07391342520713806,0.6085761203711261,0.10718179275333138
thanh3+󱡄,thanh3,0.08166810870170593,0.6162565246536711,0.1462133152001386
thanh3+𠳭,thanh3,0.08134830743074417,0.6583353777424,0.09764004931349186
thanh3+󱟕,thanh3,0.06622514873743057,0.7709888462139041,0.10576148973349132
thanh3+𠷇,thanh3,0.05486050993204117,0.730736019728567,0.11996356727543182
thanh3+󰄼,thanh3,0.06375892460346222,0.8091505141837797,0.13923851321939373
thanh3+㺜,thanh3,0.10896964371204376,0.5654819163364125,0.11291558840335526
thanh3+󱡉,thanh3,0.08582659810781479,0.7433183894519051,0.0765665702904796
thanh3+󱞳,thanh3,0.05726683512330055,0.8210424842849857,0.06696835648079708
thanh3+𡮥,thanh3,0.05921594426035881,0.8368499655191597,0.14804860637824732
thanh3+󱮾,thanh3,0.06618742644786835,0.7815594899568883,0.12124972618914227
thanh3+󰋓,thanh3,0.059813905507326126,0.7461812379596977,0.08641246234470408
thanh3+󱚴,thanh3,0.08520285785198212,0.6091241496740025,0.08685362374707896
thanh3+󱝀,thanh3,0.055699992924928665,0.7236097663179509,0.0937569783148412
thanh3+𬀦,thanh3,0.05309857428073883,0.7672076877223816,513.7512507445923
thanh3+𫞡,thanh3,0.05766668915748596,0.8585693000383767,0.09221016198431708
thanh3+𡚄,thanh3,0.07839211076498032,0.6114767982537475,0.09775567273993234
thanh3+󱣶,thanh3,0.07671533524990082,0.6032009343531621,0.12269069117673959
thanh3+𡃖,thanh3,0.05722290650010109,0.7926671434133215,0.10015520603646455
thanh3+𢠤,thanh3,0.060956019908189774,0.7800292112847126,0.1147905371588936
thanh3+󱟨,thanh3,0.06947597861289978,0.7498747972059856,0.09219322147405389
thanh3+𨪪,thanh3,0.05619802325963974,0.8258983430810916,0.12835072197889733
thanh3+𡃳,thanh3,0.08258552104234695,0.7251322663067987,0.13765158910833394
thanh3+󱦾,thanh3,0.08475266396999359,0.5998344919425997,0.09770579548347243
thanh3+󰌗,thanh3,0.06211443245410919,0.8161981065372743,0.09723369622616441
thanh3+𩂀,thanh3,0.09483249485492706,0.7453675922314357,0.10384537941659293
thanh3+𡞗,thanh3,0.04369261860847473,0.8007700865980455,0.1299196344025408
thanh3+󱦗,thanh3,0.09261009097099304,0.7468320119908926,0.1298663938324411
thanh3+󱨈,thanh3,0.08703737705945969,0.6216305796759927,0.12970446375720496
thanh3+𬉌,thanh3,0.0518692210316658,0.784465156566317,0.13091769903357134
thanh3+𩚧,thanh3,0.06355367600917816,0.7935511749020501,0.11055196410626376
thanh3+󱝢,thanh3,0.06748542934656143,0.7301667864890844,0.11486122151126704
thanh3+𢆠,thanh3,0.07103998214006424,0.7888151977593513,0.10464357722766783
thanh3+𫼿,thanh3,0.07186222821474075,0.7680211691052671,0.09501144972202401
thanh3+𠜈,thanh3,0.09243465214967728,0.7722282636674481,0.1410732008787351
thanh3+𪢷,thanh3,0.0668574795126915,0.750570707814242,0.07018677506732839
thanh3+󱢰,thanh3,0.04756481200456619,0.8191418759292619,0.09326455947933099
thanh3+󱛢,thanh3,0.07296387106180191,0.8304367419411964,0.14677324840981795
thanh3+󱡗,thanh3,0.06200107932090759,0.8047190449072862,0.13223994661756763
thanh3+𡀫,thanh3,0.06409524381160736,0.823915558902748,0.13765230694348243
thanh3+𫫜,thanh3,0.06939685344696045,0.7819496760306563,0.19095773556778514
thanh3+󰘵,thanh3,0.06129050999879837,0.6969073857661748,0.0967406591092882
thanh3+𬮷,thanh3,0.13264921307563782,0.6047315943255831,0.16649419762980233
thanh3+𡀇,thanh3,0.05637236684560776,0.7735365757656613,0.10778123452928538
thanh3+𠶎,thanh3,0.07277525216341019,0.8459928980669794,0.112022653077079
thanh3+󰠎,thanh3,0.08152893930673599,0.8271640692764086,0.07966415392926364
thanh3+󱮧,thanh3,0.052709221839904785,0.8275835107768793,0.11364454894313503
thanh3+𪷘,thanh3,0.0599704384803772,0.6772307004389312,0.10147898471623445
thanh3+𫴇,thanh3,0.06526253372430801,0.7524194401142867,0.10274021608234234
thanh3+󱤈,thanh3,0.06373363733291626,0.7111497447582377,0.11509556477428491
thanh3+𡇻,thanh3,0.10806702077388763,0.6739540287778965,0.0921732837691846
thanh3+𬑶,thanh3,0.06726258993148804,0.7284745369949733,0.11273519359465188
thanh3+𫴬,thanh3,0.06858889013528824,0.8232187651551085,0.08084678299220517
thanh3+㗶,thanh3,0.06212194263935089,0.7375688001266235,0.10071205506104804
thanh3+𪻟,thanh3,0.06415785849094391,0.7122346083372506,257.51991191768826
thanh3+𡁛,thanh3,0.04185163602232933,0.8311091783226364,0.1226301322352809
thanh3+𪤻,thanh3,0.0964805856347084,0.5586287289963091,0.09163756163730537
thanh3+󱣆,thanh3,0.0388314388692379,0.8384998848126115,0.12883716713705964
thanh3+𠾾,thanh3,0.05742541700601578,0.7768363396181094,0.09267151615177509
thanh3+󱟛,thanh3,0.052436210215091705,0.8086092195398179,0.079410489591426
thanh3+󱝙,thanh3,0.06473417580127716,0.757515890788339,0.08305712358598415
thanh3+󱯧,thanh3,0.09238021075725555,0.6580235524812814,0.08729371402365503
thanh3+𥋲,thanh3,0.09826187044382095,0.6253977041694201,0.17762151364907916
thanh3+󰝎,thanh3,0.06745942682027817,0.7451118868863513,0.10284362360296011
thanh3+𠱻,thanh3,0.056989602744579315,0.7966118043860803,0.07278479527179056
thanh3+𬂻,thanh3,0.09412888437509537,0.7245855051473244,0.13085948825980345
thanh3+𡉖,thanh3,0.04018067196011543,0.8569550243302816,62.92276596939968
thanh3+󱤾,thanh3,0.058276671916246414,0.8167418077607727,0.15987516141568714
thanh3+󱞖,thanh3,0.05742540955543518,0.7581009169940301,0.07669493501191456
thanh3+𫼰,thanh3,0.060181401669979095,0.7775394693513772,0.09814157082613366
thanh3+溒,thanh3,0.05389625206589699,0.7408999658740413,0.11563185850507456
thanh3+󱀄,thanh3,0.11229335516691208,0.6718260026883316,0.39354203536889926
thanh3+󱙲,thanh3,0.061657845973968506,0.6511674536110885,0.1270155862577934
thanh3+󱠳,thanh3,0.07675638794898987,0.6747182448228373,0.12009321866703777
thanh3+󱬑,thanh3,0.07025814801454544,0.7316730179099792,0.10495571830692275
thanh3+󱛍,thanh3,0.06614802777767181,0.8240704314006622,0.08120239389092193
thanh3+𭋙,thanh3,0.07241389900445938,0.661505751536009,0.1002135839641981
thanh3+㖕,thanh3,0.06643777340650558,0.8227656844965135,0.1061240619964976
thanh3+𫉎,thanh3,0.06657375395298004,0.7575525749455025,0.12619769739924702
thanh3+󰺼,thanh3,0.05546784773468971,0.749289327842129,0.12969083740165652
thanh3+𠸯,thanh3,0.0855238288640976,0.6630502383452188,188.38883365174783
thanh3+𪺛,thanh3,0.07155892252922058,0.8021841277170809,0.0848471560904878
thanh3+󱩫,thanh3,0.06814659386873245,0.782225859706405,0.0985062772329829
thanh3+󱨿,thanh3,0.0802416056394577,0.7971854942961555,0.11475857656905031
thanh3+󱥻,thanh3,0.029839761555194855,0.8611863651101515,0.07340850492901792
thanh3+󱦋,thanh3,0.06762485206127167,0.738061407969529,0.10311362642024975
thanh3+󱹓,thanh3,0.094516322016716,0.7303649190292373,0.09400722237865437
thanh3+㷝,thanh3,0.09862659126520157,0.6588936880052396,0.11606955784521948
thanh3+󱬎,thanh3,0.07076557725667953,0.7902778236791953,0.10477209308123937
thanh3+𡏯,thanh3,0.05850378796458244,0.7925551975790974,0.14259850924081327
thanh3+𠸬,thanh3,0.05151474475860596,0.8208479581770439,0.1111738956101989
thanh3+𪟤,thanh3,0.08954355865716934,0.5640657877759727,0.12281245085415592
thanh3+𡃝,thanh3,0.07178953289985657,0.8393886005576835,0.10519298771411807
thanh3+𠽇,thanh3,0.056483931839466095,0.7992884205361364,0.10114054054014726
thanh3+󱎾,thanh3,0.06349415332078934,0.8224567817926324,0.10569993170542842
thanh3+𰋝,thanh3,0.0632530003786087,0.7827416020317608,0.07761338004976025
thanh3+𠱜,thanh3,0.057431887835264206,0.7765319959226273,0.08363043519422575
thanh3+󱯛,thanh3,0.09377779811620712,0.6825427665688003,0.10465581656362356
thanh3+𡝦,thanh3,0.08086881786584854,0.7696731473340465,0.0862694445540123
thanh3+𫆶,thanh3,0.07617021352052689,0.8068281362496349,0.23372996257274511
thanh3+󱤗,thanh3,0.08897162228822708,0.6181895702465714,0.13767936973196518
thanh3+𬞑,thanh3,0.06175675243139267,0.7625724277827233,0.11387999073687632
thanh3+𬈗,thanh3,0.09255702793598175,0.7046291110120032,0.10532423057924467
thanh3+󱞣,thanh3,0.08331941813230515,0.558510786725121,0.1564447249768474
thanh3+𫪎,thanh3,0.0758339986205101,0.8435366071169451,0.11175150313440808
thanh3+𩇆,thanh3,0.07031330466270447,0.7612172793215652,0.15510401183223851
thanh3+𠽂,thanh3,0.05575217679142952,0.8040259597694118,0.10132568256711959
thanh3+𫪁,thanh3,0.05592851713299751,0.8125708075763287,0.08091813922937095
thanh3+󱝆,thanh3,0.04663525149226189,0.8731231847054817,0.06977383275248239
thanh3+𫱗,thanh3,0.07634377479553223,0.5944841471316865,0.09359545544314986
thanh3+蝔,thanh3,0.049078185111284256,0.8573420606270052,0.08654630073876214
thanh3+𦩳,thanh3,0.10767421871423721,0.4827257700646043,0.13944822992654335
thanh3+𡅯,thanh3,0.05911834165453911,0.8041005958273789,0.12375689559116711
thanh3+𫠼,thanh3,0.07262759655714035,0.712834962493955,0.09975569151023807
thanh3+󱦅,thanh3,0.06853660196065903,0.8415654131384376,0.10881059584873594
thanh3+𪡱,thanh3,0.05587927997112274,0.7474764098206732,0.11534897783441367
thanh3+𧒊,thanh3,0.06114673241972923,0.7426435166035473,0.10377027579623314
thanh3+󱭷,thanh3,0.07467900216579437,0.761923150975607,0.13346813586591358
thanh3+󱪢,thanh3,0.06418106704950333,0.780548156525576,0.1406826833390978
thanh3+𫥸,thanh3,0.07255114614963531,0.8046667381489757,0.067651084767406
thanh3+𫲰,thanh3,0.0801643580198288,0.6819676656732273,0.10068293055087263
thanh3+𪤠,thanh3,0.048593711107969284,0.7944413303471412,0.08570660779719443
thanh3+𫲼,thanh3,0.045085836201906204,0.843827333754392,0.08667100110024195
thanh3+𡀦,thanh3,0.04036739468574524,0.841698861792518,0.11850073433051245
thanh3+𡀲,thanh3,0.04692205414175987,0.7607767252756256,0.09454528240850894
thanh3+󱦮,thanh3,0.06270252913236618,0.7968114905616976,0.10781980396494474
thanh3+𪺇,thanh3,0.07155147194862366,0.6488850365593543,0.1238405257639228
thanh3+𡉁,thanh3,0.07930976897478104,0.6488760976170117,0.08755165302476207
thanh3+󱛕,thanh3,0.059274863451719284,0.7636998778376219,0.09658671954739623
thanh3+𤯱,thanh3,0.0711921826004982,0.7832821427430925,0.10866203848449729
thanh3+𡄡,thanh3,0.04374537616968155,0.7702564989724314,0.09874890690960486
thanh3+󰣡,thanh3,0.059716880321502686,0.8241257451908555,4.008610658742813
thanh3+󱞅,thanh3,0.059771206229925156,0.8141091031132531,0.09219025855545526
thanh3+󱨫,thanh3,0.11288570612668991,0.7486803644536604,0.1724742545293504
thanh3+󰼀,thanh3,0.060602232813835144,0.7434418585951791,0.12588362575956505
thanh3+𠻱,thanh3,0.07145259529352188,0.7540616687875513,0.10001312108561618
thanh3+󱟪,thanh3,0.06282585114240646,0.6972870548841775,0.0995663131257488
thanh3+𤋽,thanh3,0.0704195573925972,0.7755591414085954,0.08979080836142057
thanh3+𪢍,thanh3,0.05690773203969002,0.7791982031415464,0.0878812642830731
thanh3+𬄃,thanh3,0.06779162585735321,0.730290599734487,0.09747771725472267
thanh3+𫧾,thanh3,0.07925638556480408,0.7370455106565481,0.11807764666793995
thanh3+𫫛,thanh3,0.054861608892679214,0.7793476220370932,0.10963240365209996
thanh3+𧞿,thanh3,0.08705612272024155,0.6727982786331761,0.12691308737907253
thanh3+𪖺,thanh3,0.0664881095290184,0.7457609070116048,0.13349120947459756
thanh3+𩵾,thanh3,0.0573590062558651,0.8362965333357619,0.10056961010412535
thanh3+𨔌,thanh3,0.08145133405923843,0.623572459552418,0.13207058820819673
thanh3+埨,thanh3,0.0534549355506897,0.7966550838882794,0.08641280293558873
thanh3+𡎡,thanh3,0.06436441093683243,0.7609170225160143,0.13973837173809914
thanh3+𡃎,thanh3,0.08367370069026947,0.6229796436179763,0.11562952038708994
thanh3+𧎠,thanh3,0.0728495791554451,0.7151148011117772,0.11104818730799372
thanh3+𢷰,thanh3,0.06006690114736557,0.7419916871271701,0.10084744221571511
thanh3+󱋙,thanh3,0.08500858396291733,0.73001175526592,0.09858108252048496
thanh3+𠏠,thanh3,0.08445283025503159,0.7296294766253967,0.1407464324574409
thanh3+𫄋,thanh3,0.055726222693920135,0.7621726077954287,0.09078569659713992
thanh3+𪸄,thanh3,0.08111726492643356,0.6618159616964878,0.1042654590146473
thanh3+󱹡,thanh3,0.058973733335733414,0.8237814910866532,0.14507408026338972
thanh3+𬞰,thanh3,0.08793748170137405,0.66404169971072,0.10420963140976931
thanh3+󱪉,thanh3,0.0828261449933052,0.7144842057062941,0.12434972707485457
thanh3+鎫,thanh3,0.06182549148797989,0.8210276609402125,0.1057103973682963
thanh3+󰡊,thanh3,0.055977992713451385,0.7849744312742525,0.11156847051529996
thanh3+󰛼,thanh3,0.04662032052874565,0.8039663600448401,0.10662029983726888
thanh3+󰴾,thanh3,0.05105312168598175,0.7713119386919309,0.10179381526231739
thanh3+󱚒,thanh3,0.061949726194143295,0.8032717223233659,0.10375776572024875
thanh3+𡏠,thanh3,0.07382307201623917,0.6550376451906975,0.10566163183233009
thanh3+󱡰,thanh3,0.056423112750053406,0.8317055558633479,0.11204379079885414
thanh3+湨,thanh3,0.07001672685146332,0.733651917282277,0.14136671796529
thanh3+󱰯,thanh3,0.055811673402786255,0.7759835292683177,0.104050624056901
thanh3+鮗,thanh3,0.05143914744257927,0.8159255129099878,0.11217495295843666
thanh3+𡮛,thanh3,0.117327019572258,0.6983501446891883,0.16363759253429702
thanh3+𡓯,thanh3,0.0721806064248085,0.6535221657861083,0.15300201832326935
thanh3+㖗,thanh3,0.06722245365381241,0.7690057049958894,0.08727142309827583
thanh3+󱞈,thanh3,0.07696512341499329,0.7378355078284172,0.11472706947956811
thanh3+𫪌,thanh3,0.061937205493450165,0.7409136101573338,0.08526313544442972
thanh3+𠼸,thanh3,0.07274047285318375,0.6263163329066657,0.09481759219041247
thanh3+󱙰,thanh3,0.08312433212995529,0.7545370623351029,0.12183426317067751
thanh3+󰁐,thanh3,0.09361182153224945,0.7248409139058757,0.15332780447202013
thanh3+𭈖,thanh3,0.03866781294345856,0.8585736525388575,0.09370377776962019
thanh3+㨲,thanh3,0.0693412646651268,0.7657732240243851,0.1149827999335991
thanh3+𠶍,thanh3,0.04821096360683441,0.8172744882056328,0.08908397796606445
thanh3+㖏,thanh3,0.0895736962556839,0.7921476932276783,0.07902682493608022
thanh3+󰈠,thanh3,0.061374031007289886,0.7419653156426556,0.12289833964725105
thanh3+󱤑,thanh3,0.07930732518434525,0.5513785444848672,0.1178920437256528
thanh3+𮫷,thanh3,0.06817656755447388,0.828753234368747,3.1581272464693346
thanh3+𪢜,thanh3,0.07072236388921738,0.8308031629071966,0.15855397732976198
thanh3+𫽦,thanh3,0.036750003695487976,0.8363811810727301,0.10823316277542733
thanh3+󰭔,thanh3,0.06580032408237457,0.7558674763059112,0.062899687130316
thanh3+𬂨,thanh3,0.09221115708351135,0.7700205298002327,0.10425284721027404
thanh3+󰂻,thanh3,0.07143918424844742,0.7331228947571488,0.0821859773730541
thanh3+𣌌,thanh3,0.0717695951461792,0.7010987727069806,0.11955444340165378
thanh3+󱢣,thanh3,0.07391108572483063,0.7020948877755252,0.11092201522671824
thanh3+󰧙,thanh3,0.07350008189678192,0.7355777911634503,0.07957834228534
thanh3+󱳒,thanh3,0.056318044662475586,0.7581998143299241,0.1287901950574055
thanh3+󱛙,thanh3,0.05203436315059662,0.8228211120157737,0.095416991055717
thanh3+𡫐,thanh3,0.08844893425703049,0.6498689998873091,0.13247215374380897
thanh3+𪶩,thanh3,0.059283461421728134,0.791595139587238,0.11964645915355905
thanh3+𠸽,thanh3,0.06510305404663086,0.7642619919837785,0.13466267956900754
thanh3+𡔒,thanh3,0.062260162085294724,0.7475769596087994,0.12309218893118355
thanh3+󰯺,thanh3,0.06825470179319382,0.7949787015859329,0.20529633572225736
thanh3+𬕻,thanh3,0.07353553175926208,0.7404210862796192,0.11794262803860496
thanh3+󱯈,thanh3,0.08597446978092194,0.6699248552182288,0.12163261865702539
thanh3+𨆟,thanh3,0.060776486992836,0.7626538519450141,0.09620806125758184
thanh3+𪥘,thanh3,0.0959009900689125,0.5624637058606037,0.08472712534112452
thanh3+󱝘,thanh3,0.05822879076004028,0.7744167325541023,0.08688626056364024
thanh3+𡎤,thanh3,0.06857270747423172,0.7045368848075301,0.13276000780958433
thanh3+󱋣,thanh3,0.04932338371872902,0.834844228587914,0.1445377607713065
thanh3+󱳠,thanh3,0.0859908014535904,0.8047769637767755,0.12350697878752737
thanh3+𪡫,thanh3,0.042109549045562744,0.8332200812774254,0.09883486348441428
thanh3+𧍇,thanh3,0.04470658302307129,0.8220642099457673,0.1163494748726102
thanh3+󱛆,thanh3,0.07449622452259064,0.774401232102908,0.1347825754114351
thanh3+𡓾,thanh3,0.10515312105417252,0.707280230070541,0.17380089301636562
thanh3+󱉲,thanh3,0.08734357357025146,0.7072700809352843,5.361072716287215
thanh3+𤉓,thanh3,0.09012355655431747,0.7451742107354612,0.1250738679269163
thanh3+𪡎,thanh3,0.0562763474881649,0.718076649749831,0.09075637686027065
thanh3+󱟏,thanh3,0.07926993072032928,0.7424884702690888,0.12141419198217329
thanh3+𠴘,thanh3,0.06907525658607483,0.7611520445788378,0.0861582438423281
thanh3+𣎞,thanh3,0.04580595716834068,0.802185806749444,0.10774632176281036
thanh3+󱟬,thanh3,0.07105516642332077,0.8032185765116366,0.07676013169527063
thanh3+𠿱,thanh3,0.059629328548908234,0.7522343307134509,0.09383830900731827
thanh3+𡅍,thanh3,0.06966300308704376,0.8058471194782308,0.10360334698357598
thanh3+𪰰,thanh3,0.09805632382631302,0.6061460491853118,0.1272548532098052
thanh3+𮜲,thanh3,0.09447291493415833,0.7073695240666011,0.1411466533264647
thanh3+󱯗,thanh3,0.06540646404027939,0.7947540161486013,0.13776720776265516
thanh3+𠶒,thanh3,0.05567028746008873,0.8327906140748307,0.10134287894438304
thanh3+𤳧,thanh3,0.06149468943476677,0.749761836898928,0.1146329268046183
thanh3+󱫗,thanh3,0.06432972103357315,0.7745466603671556,0.1627595930595885
thanh3+𦼜,thanh3,0.052489928901195526,0.8196491544083653,0.11682732854045441
thanh3+󱜆,thanh3,0.06257637590169907,0.7703067761546253,0.13937046223500896
thanh3+󱫳,thanh3,0.11054522544145584,0.6174199117375667,0.07838160121975636
thanh3+𡁚,thanh3,0.05658923089504242,0.7649130705215995,0.09962181677682769
thanh3+𡗅,thanh3,0.06610848009586334,0.7837880927973493,0.09481131812855535
thanh3+𪢌,thanh3,0.07474687695503235,0.5950943793761843,0.10537916022411215
thanh3+𢢈,thanh3,0.05767565965652466,0.7825420682448891,0.10103029109970026
thanh3+𢲠,thanh3,0.07202409207820892,0.7720060961407079,0.12425302304100573
thanh3+󱟰,thanh3,0.06783908605575562,0.7670826913223824,0.12594282579498436
thanh3+𡅩,thanh3,0.05598539113998413,0.7899530907161271,0.09840846844374823
thanh3+𪣠,thanh3,0.06799042224884033,0.7887560752616916,0.12353888934457535
thanh3+𡌡,thanh3,0.08033714443445206,0.7281238020702853,0.0826302729046232
thanh3+𡁽,thanh3,0.06982298940420151,0.6897890205523393,0.10546448764433337
thanh3+𧿯,thanh3,0.04503980278968811,0.8051755722508359,0.0781088731120501
thanh3+𨇉,thanh3,0.06459566205739975,0.7798399978802832,0.1315839296625494
thanh3+󱟡,thanh3,0.08481999486684799,0.7269795182244903,0.10152639880992607
thanh3+𬖵,thanh3,0.06906478106975555,0.6769612067841128,0.107316846947342
thanh3+𠸫,thanh3,0.09024297446012497,0.7254811895531966,0.11084954245154828
thanh3+𠾲,thanh3,0.06772171705961227,0.821809423059422,0.14892919727807355
thanh3+睈,thanh3,0.06522014737129211,0.805345406448642,0.1021147194275852
thanh3+󱙤,thanh3,0.07280360907316208,0.789701820017161,0.09211687854177004
thanh3+𪥑,thanh3,0.07499735057353973,0.6997952230231307,0.13447865783293375
thanh3+𬓓,thanh3,0.049372125416994095,0.7604921195125423,0.10466751065073966
thanh3+󱰍,thanh3,0.06713812053203583,0.7457671649681203,0.11297011440537814
thanh3+󱞢,thanh3,0.08213349431753159,0.7224239211436411,0.08437977041906104
thanh3+󰬥,thanh3,0.05252200737595558,0.8559953550252352,0.11634799319964596
thanh3+𢭿,thanh3,0.0769302174448967,0.7293153458715065,0.15691417447247016
thanh3+𪩥,thanh3,0.06814069300889969,0.7952700382839336,0.1545367743563016
thanh3+󱜫,thanh3,0.05917554348707199,0.766007287659655,0.10036985665871628
thanh3+𫵞,thanh3,0.0562082938849926,0.7614903650113746,0.09315256215545538
thanh3+𩝻,thanh3,0.03905371576547623,0.8432910678993907,0.08334734541663634
thanh3+㗴,thanh3,0.05791914463043213,0.8468454000422971,0.13210532474824555
thanh3+𠿁,thanh3,0.08033284544944763,0.728426018954851,0.11926251322802843
thanh3+󱝪,thanh3,0.08308440446853638,0.6542016186770498,0.1021270672194398
thanh3+󰭙,thanh3,0.07125960290431976,0.7250503313499902,0.12816325767363834
thanh3+𣙯,thanh3,0.07925347238779068,0.724992732836159,0.09633491839986648
thanh3+𫬪,thanh3,0.07538767158985138,0.5560551920905464,0.10475346264955422
thanh3+󰌺,thanh3,0.06559120863676071,0.7516339923297087,0.12194815973356188
thanh3+𡜒,thanh3,0.07938177138566971,0.7944112804528565,0.2143081209626699
thanh3+𡓟,thanh3,0.05761341750621796,0.8448983752881642,0.12872701843884624
thanh3+󱬐,thanh3,0.0779036357998848,0.7360871426067435,0.12492348892882114
thanh3+󱼒,thanh3,0.08864494413137436,0.7727686394672403,0.08812174962539611
thanh3+濧,thanh3,0.09898190200328827,0.7801815702788238,0.10759939383256927
thanh3+󱟁,thanh3,0.0695372074842453,0.6245295907166205,0.10199721869259225
thanh3+󰘓,thanh3,0.10350311547517776,0.7396427249892541,0.13707791164780894
thanh3+𭉷,thanh3,0.06294921785593033,0.8140622890783374,0.17657988789176718
thanh3+𪡍,thanh3,0.06848352402448654,0.7993743168274106,0.06398205416891253
thanh3+𠬖,thanh3,0.057493992149829865,0.6936294290989273,0.10881974971743878
thanh3+󱫑,thanh3,0.05838598683476448,0.7870736465626104,0.13665149268188678
thanh3+𩽈,thanh3,0.07442446053028107,0.5989996892294517,0.14833789022881147
thanh3+󱟱,thanh3,0.1333533227443695,0.7921171042544416,0.08636258513760442
thanh3+𥯉,thanh3,0.08555466681718826,0.76170161911545,0.08753919883107408
thanh3+䐥,thanh3,0.06572211533784866,0.8036551180518438,0.12407111728703328
thanh3+󱲗,thanh3,0.08678855001926422,0.7300959714975979,0.12353706109396634
thanh3+檤,thanh3,0.08652427792549133,0.6753451636766997,0.12382872841559078
thanh3+󱓍,thanh3,0.08730664104223251,0.6005036056251077,0.09678425599966754
thanh3+𣓾,thanh3,0.06846831738948822,0.7688347021867964,0.10585194071613964
thanh3+󱘠,thanh3,0.06422799825668335,0.6336351281807955,0.12428801419086011
thanh3+𢰦,thanh3,0.05336673557758331,0.7135157992276444,0.1196515787282713
thanh3+󰮡,thanh3,0.09234412014484406,0.4862701849609444,0.11730787508928275
thanh3+𡃓,thanh3,0.04346509277820587,0.8287357074359792,0.11831733002307032
thanh3+𡫶,thanh3,0.08168384432792664,0.6041822345034048,0.11097919737478816
thanh3+󱦪,thanh3,0.06991635262966156,0.7954217146356735,0.16225271547849882
thanh3+𣘊,thanh3,0.05689220502972603,0.7572696596874701,0.13391693192968837
thanh3+𰓖,thanh3,0.07387479394674301,0.6985892057389915,0.11357109539337235
thanh3+囄,thanh3,0.07743089646100998,0.5994458617899877,0.10590679903317925
thanh3+󱙭,thanh3,0.06210249289870262,0.7449836875438538,0.12222066592313814
thanh3+󱞄,thanh3,0.0672050416469574,0.7586657550540994,0.13396320932146524
thanh3+𡪦,thanh3,0.0706549659371376,0.716013522519559,0.09574693139327185
thanh3+𩶽,thanh3,0.09449425339698792,0.7073345540571889,0.12294288943890926
thanh3+𡃙,thanh3,0.08466961979866028,0.7162699179085424,0.11010684813634795
thanh3+𢙬,thanh3,0.10605143010616302,0.54191351137861,0.09790014626756814
thanh3+抋,thanh3,0.08663991093635559,0.7742128435156462,0.08611108181797651
thanh3+󱗳,thanh3,0.06956219673156738,0.7554949743601117,0.1407540625629675
thanh3+𫢖,thanh3,0.04800659045577049,0.8566927498449886,0.1231494015293391
thanh3+莰,thanh3,0.045982424169778824,0.7958461519430986,0.07605649325819204
thanh3+󱨕,thanh3,0.09054598212242126,0.6587609314056183,0.12112366418963565
thanh3+󱰭,thanh3,0.07924634963274002,0.548631713090316,0.11103410108419899
thanh3+𪡿,thanh3,0.07803886383771896,0.7604300520605286,0.11814214792187172
thanh3+󱫪,thanh3,0.09893062710762024,0.5843178022037603,0.11601627005733495
thanh3+𠴖,thanh3,0.09275799989700317,0.6830956705383198,0.08256719495039752
thanh3+𡡇,thanh3,0.08078059554100037,0.7770085189425822,0.12300016843226663
thanh3+󱙥,thanh3,0.08137594908475876,0.7432757177059985,0.08491513772879188
thanh3+𠹰,thanh3,0.0784912183880806,0.7251979185377341,0.13199366961912753
thanh3+𤬪,thanh3,0.08457252383232117,0.7609559163468423,0.07860008965468505
thanh3+𠽙,thanh3,0.06528005003929138,0.7815705148690951,0.10267529056023418
thanh3+𬗏,thanh3,0.06851056218147278,0.7424355972609293,0.10741535719485946
thanh3+󱝻,thanh3,0.06921014189720154,0.7700160505978788,0.10120875916640998
thanh3+𨮉,thanh3,0.0737406313419342,0.6902826619405016,0.1062115074934415
thanh3+𦟑,thanh3,0.07398711889982224,0.6661624893084385,0.11775427432824805
thanh3+󱌰,thanh3,0.078431636095047,0.7991274785734453,0.08931252499586721
thanh3+󰮦,thanh3,0.08609840273857117,0.6199108993834749,0.11058859314526849
thanh3+󱡴,thanh3,0.06554244458675385,0.8030323848047114,0.16568733676473427
thanh3+󱡑,thanh3,0.07218338549137115,0.7744262324698165,0.15794776628722215
thanh3+󱞕,thanh3,0.055300693958997726,0.7986146596821712,456.5462062293768
thanh3+󱞗,thanh3,0.09115350246429443,0.7018316153202978,0.07048975207466901
thanh3+󱚕,thanh3,0.05493023991584778,0.7594480624605647,0.08065846273806432
thanh3+𡑭,thanh3,0.06813438981771469,0.8442178979881223,0.1238842239523954
thanh3+𧋸,thanh3,0.04697604477405548,0.8332711445237625,0.0739504735938357
thanh3+𩹹,thanh3,0.04764940217137337,0.8018391934482877,0.12463103987291262
thanh3+󱨱,thanh3,0.06222796067595482,0.73562621188146,0.08324867467177821
thanh3+𠺼,thanh3,0.04996833950281143,0.8320343970280639,0.09999020425901757
thanh3+󱥑,thanh3,0.07841529697179794,0.6224117215465226,0.14463434393977878
thanh3+哠,thanh3,0.07214470207691193,0.8200187406698963,0.08486596753632797
thanh3+𡌩,thanh3,0.07420618832111359,0.7829806392696774,0.10201014654479812
thanh3+󰙅,thanh3,0.053190018981695175,0.7356383269777782,0.10134651685214048
thanh3+󱸠,thanh3,0.06736519932746887,0.7438474688549944,0.09795057844291445
thanh3+󱟲,thanh3,0.0787632092833519,0.6654965937271571,0.13333870123639627
thanh3+𫛈,thanh3,0.08037778735160828,0.7271718781353791,0.10358678994139964
thanh3+󱼖,thanh3,0.06765291094779968,0.7817179696021743,0.1421867203915912
thanh3+󱚍,thanh3,0.10915437340736389,0.7788064689935473,0.3065699123957005
thanh3+𫉮,thanh3,0.08056371659040451,0.7703389168017579,0.1531900266422986
thanh3+𫏝,thanh3,0.0715518593788147,0.7644541571505051,3.141712937691226
thanh3+姈,thanh3,0.04637787863612175,0.8246627563317217,0.06712506998371853
thanh3+𤶹,thanh3,0.0304269939661026,0.8535615408981855,0.09573445450470669
thanh3+𠸩,thanh3,0.0375678688287735,0.8625294412792559,0.061751914414545396
thanh3+󱏛,thanh3,0.05572880804538727,0.8075374873830801,0.09422531372491631
thanh3+󱬧,thanh3,0.056976720690727234,0.7807562696871885,0.09930464855866128
thanh3+𬦄,thanh3,0.09276048094034195,0.5826570177220336,0.11763903308579303
thanh3+𫯐,thanh3,0.05090135708451271,0.7655969586039226,0.09031778172255439
thanh3+󱬔,thanh3,0.0650196224451065,0.6784711006930801,0.12091820458597834
thanh3+󱞿,thanh3,0.09413038194179535,0.7037694584412562,0.09973951832218315
thanh3+𢯝,thanh3,0.07851028442382812,0.7991107465969826,0.10807143027938966
thanh3+𬆅,thanh3,0.06110696122050285,0.7837396902005668,0.13927460132780467
thanh3+󱨜,thanh3,0.061408139765262604,0.7929862656314299,0.16535379853277207
thanh4+󰊎,thanh4,0.04570504277944565,0.8496143911928173,0.08980579629779145
thanh4+𬕻,thanh4,0.09448449313640594,0.7412343376287333,0.1632020426924563
thanh4+󱟁,thanh4,0.0643833726644516,0.6801149862131561,0.11408705113613976
thanh4+󱫂,thanh4,0.06277132779359818,0.6766916306812472,0.11152295571844924
thanh4+󱫟,thanh4,0.09596630185842514,0.6199061103271299,0.10860863762664939
thanh4+𢵻,thanh4,0.04720868915319443,0.7899430958432678,0.12853803640864148
thanh4+𠊙,thanh4,0.040087226778268814,0.8452470300844324,0.0764333678173283
thanh4+𠿀,thanh4,0.06184428930282593,0.7951313302064419,0.13901947056227196
thanh4+𡄡,thanh4,0.055028218775987625,0.7875932601911634,0.08282869038996672
thanh4+𡅩,thanh4,0.06486432254314423,0.7402663641550209,0.10510555429909078
thanh4+𪣠,thanh4,0.06486416608095169,0.8198934498266593,0.1639896157386431
thanh4+𫠼,thanh4,0.07745920121669769,0.7471233587335234,0.10591819923974462
thanh4+㙘,thanh4,0.08160585165023804,0.6372188212721781,0.11206159929981152
thanh4+𨄮,thanh4,0.04492399841547012,0.8395584110841572,0.09030228504952521
thanh4+󱝙,thanh4,0.07267864793539047,0.801653020890346,0.07801305492618302
thanh4+𡀬,thanh4,0.07575182616710663,0.789527860823555,0.07388075260092836
thanh4+㙩,thanh4,0.04745398089289665,0.7818095042532927,0.08850720770007352
thanh4+𪥾,thanh4,0.07412923872470856,0.7669217837190735,0.09993307412924131
thanh4+𤋽,thanh4,0.07829272747039795,0.7686500307245517,0.12991226003936832
thanh4+󰬙,thanh4,0.06535634398460388,0.7784539151155699,0.11811475778102909
thanh4+𪢖,thanh4,0.06890696287155151,0.7898808564742453,0.11926908312882867
thanh4+𫬠,thanh4,0.061864323914051056,0.809781327265692,0.0904290096694466
thanh4+󱤚,thanh4,0.09664683789014816,0.6570558739027397,0.08335447446279982
thanh4+𨇉,thanh4,0.07584530860185623,0.7734220798745596,0.11347690433362641
thanh4+󱝝,thanh4,0.08120422810316086,0.6966687916545923,0.07674303107532364
thanh4+󱞕,thanh4,0.07286842167377472,0.7649135866923504,0.09150518320409136
thanh4+𧋅,thanh4,0.0687706470489502,0.826391939459989,0.11584217395143392
thanh4+𪤻,thanh4,0.0804094523191452,0.6116690615667923,0.0835571177398846
thanh4+𤊤,thanh4,0.07082688808441162,0.7844583112991768,0.1109152996536054
thanh4+󱋙,thanh4,0.0688631534576416,0.6733060550514172,0.0859640624364767
thanh4+󱞲,thanh4,0.05652482807636261,0.8005045114875959,0.12426382401960845
thanh4+𠞡,thanh4,0.06997930258512497,0.7807050846790884,0.10241365452057243
thanh4+𡫶,thanh4,0.06225375458598137,0.7622065344605926,0.11029305116796928
thanh4+󱋣,thanh4,0.09672066569328308,0.5627872133845788,0.10864918614430367
thanh4+󱟛,thanh4,0.06657903641462326,0.7432887934235,0.08213496608022001
thanh4+𦲹,thanh4,0.06685265898704529,0.8370054525551163,0.08225021415709471
thanh4+壉,thanh4,0.08275582641363144,0.7592703396524847,0.09265647932216757
thanh4+󱯑,thanh4,0.08425453305244446,0.7016558577289829,0.08922115648584783
thanh4+󱅒,thanh4,0.07027509808540344,0.7604819567595317,0.1141162333607164
thanh4+󱣂,thanh4,0.0686158537864685,0.6337972894627739,0.16293711936409067
thanh4+𢢈,thanh4,0.06666311621665955,0.725357427941,0.1093050226753453
thanh4+𡍢,thanh4,0.08156028389930725,0.5901258714717716,0.1190640803737174
thanh4+󱊚,thanh4,0.04609019681811333,0.7711399623939298,0.08296514560790637
thanh4+󱚂,thanh4,0.06088971346616745,0.7979560803397115,0.08681803764284894
thanh4+𬃴,thanh4,0.0449138879776001,0.8138486633159996,0.12178408620651869
thanh4+󱝀,thanh4,0.06713611632585526,0.7796680916375165,0.10134399602948617
thanh4+𥾸,thanh4,0.05432182922959328,0.860869598869813,0.09233589260892432
thanh4+󰥉,thanh4,0.05687348172068596,0.7167894605936724,0.10215465972486577
thanh4+𫮲,thanh4,0.043761856853961945,0.8031598991636928,0.09911777326929061
thanh4+𡁎,thanh4,0.08218379318714142,0.8068410163339961,0.11509821516873464
thanh4+𩠸,thanh4,0.05809708684682846,0.8129853013234808,0.11189833670276635
thanh4+𡮣,thanh4,0.11590971052646637,0.6628657999890218,0.11499049655745963
thanh4+󰢷,thanh4,0.06925570219755173,0.7668769789971933,0.10215939826021835
thanh4+󱢥,thanh4,0.054017502814531326,0.770005066695612,0.09627326363700817
thanh4+檤,thanh4,0.0882146954536438,0.6987335823490258,0.12195828314355445
thanh4+𥴘,thanh4,0.04685312882065773,0.7690448281285508,0.09978580639609096
thanh4+󱛦,thanh4,0.0627797394990921,0.8551946311673199,0.09689910149376885
thanh4+𤉕,thanh4,0.07663577049970627,0.7409497091185148,0.13690190602295038
thanh4+𢹾,thanh4,0.06054849177598953,0.7991340504700197,0.14068248605325864
thanh4+󱛥,thanh4,0.06979438662528992,0.6618407558616203,0.08638536376543075
thanh4+𠷇,thanh4,0.053887929767370224,0.7983768093927454,0.08559731451483542
thanh4+󱚫,thanh4,0.05435064435005188,0.8509996682103081,0.08772880525762301
thanh4+󱰚,thanh4,0.056720517575740814,0.7875929768591609,0.11814872347573986
thanh4+𫭅,thanh4,0.09176256507635117,0.734995516651693,0.07931911009682642
thanh4+𨃌,thanh4,0.05263828486204147,0.822420288387555,0.09726717337008516
thanh4+󱞿,thanh4,0.06116144731640816,0.7580788458396263,0.08697344305150194
thanh4+𢴎,thanh4,0.06517215818166733,0.7984846112921357,0.12017150108035386
thanh4+󰌗,thanh4,0.06919695436954498,0.8345070222667257,0.09139382597120656
thanh4+𪡈,thanh4,0.07553063333034515,0.8026596827903376,0.22918454806789526
thanh4+󱛽,thanh4,0.05057767406105995,0.7868324004717644,0.08964552350417981
thanh4+󱝭,thanh4,0.060330137610435486,0.8176252130888003,0.08702597872888218
thanh4+𠲜,thanh4,0.07720015943050385,0.6956238878897824,0.08032224755476419
thanh4+𨊌,thanh4,0.0622689388692379,0.7597392872111091,0.11962306311554345
thanh4+󰼀,thanh4,0.05754119157791138,0.7594394589973277,0.10632881254894562
thanh4+𡚎,thanh4,0.057498008012771606,0.8297737980223023,0.10201979415536783
thanh4+󰙯,thanh4,0.09233792871236801,0.7060980520074166,0.11350744118533262
thanh4+󱣶,thanh4,0.09152599424123764,0.6448486319937469,0.07974063989327752
thanh4+󱛳,thanh4,0.12892314791679382,0.6252342586658673,0.25255105880941986
thanh4+󱱀,thanh4,0.04270149767398834,0.8215708837545929,0.09268382891108483
thanh4+󱳪,thanh4,0.0757698193192482,0.8199558640925022,42.67812954043533
thanh4+𭈙,thanh4,0.05935205519199371,0.8119642268077129,0.1018856858596392
thanh4+𠼸,thanh4,0.05029557645320892,0.8350130733696844,0.10442297358209514
thanh4+𫵞,thanh4,0.06507585197687149,0.7758745813104204,0.10507269925450496
thanh4+𪉴,thanh4,0.07425382733345032,0.644825804866566,0.13636559510738902
thanh4+𬪽,thanh4,0.04985809698700905,0.83675139620163,0.10489723627395248
thanh4+󱹿,thanh4,0.05722017586231232,0.7888999933924972,0.08606723656574311
thanh4+𠼳,thanh4,0.051759131252765656,0.8076436623294031,0.12751389367346785
thanh4+𫪌,thanh4,0.05129019543528557,0.8509868147047526,0.07996596907200347
thanh4+󰙅,thanh4,0.06725065410137177,0.8128367102987142,0.12026719541788983
thanh4+󱍺,thanh4,0.07612546533346176,0.7417676643006085,0.08507627558302515
thanh4+𪝅,thanh4,0.08011090010404587,0.6794664031955084,0.0724869037534057
thanh4+𧍆,thanh4,0.0975867509841919,0.5588979392470717,0.12792530458641385
thanh4+𢠿,thanh4,0.07827732712030411,0.7905122917664924,0.0950566673579243
thanh4+𨁟,thanh4,0.05470184236764908,0.811556752242183,0.09756970665815497
thanh4+󱙰,thanh4,0.06399411708116531,0.7761872626918642,0.10883134349501374
thanh4+𪴉,thanh4,0.05426644906401634,0.7467098716084649,0.09065464905396368
thanh4+𢪥,thanh4,0.08804503083229065,0.7341207379504724,0.0971636181838643
thanh4+㗶,thanh4,0.060184866189956665,0.7608594420583468,0.11182013670874107
thanh4+𤏦,thanh4,0.0710674598813057,0.7407111301115273,0.1483459425744531
thanh4+𠲡,thanh4,0.06541186571121216,0.7597067220030236,0.08733902483768496
thanh4+󱚚,thanh4,0.04654548317193985,0.7666364963343905,0.12333480532640782
thanh4+󱠳,thanh4,0.06317576766014099,0.6805051257076279,0.15054563478213204
thanh4+㧪,thanh4,0.06251320242881775,0.7384711853777984,0.10487685738282541
thanh4+𡀦,thanh4,0.0532221719622612,0.8335880932630563,0.13074167131146316
thanh4+󰂘,thanh4,0.0545501671731472,0.7935265004137769,0.08617669319197026
thanh4+𡎜,thanh4,0.03936119005084038,0.8357597283891359,0.09668626614576005
thanh4+澿,thanh4,0.05209588631987572,0.7576675907542166,0.09026457793173137
thanh4+𡉁,thanh4,0.07153230160474777,0.8222084022463638,2302.757948307636
thanh4+󱜶,thanh4,0.057782866060733795,0.8055798962452226,0.10281766225441868
thanh4+𦿄,thanh4,0.050546176731586456,0.7825867517070054,0.1056073168906505
thanh4+󱫷,thanh4,0.05385787412524223,0.8058352001521142,0.09474088432157567
thanh4+𡌡,thanh4,0.05755547806620598,0.7868154925014167,0.08768095625895005
thanh4+󰬟,thanh4,0.07842595875263214,0.7210994579208247,0.10225567590390937
thanh4+󱝂,thanh4,0.0731685534119606,0.6435038370539097,0.11455982147266179
thanh4+𡝦,thanh4,0.061250947415828705,0.8426577617240137,0.10209079726818387
thanh4+󱛑,thanh4,0.07336937636137009,0.7901726321115015,0.0971675784778776
thanh4+󱰍,thanh4,0.09257037937641144,0.5979698761846145,0.12007293917701191
thanh4+𩯂,thanh4,0.09019355475902557,0.632765242439303,0.16216537040199652
thanh4+𫵊,thanh4,0.053558100014925,0.8378919368354236,0.07778081949837906
thanh4+󱛍,thanh4,0.08868683874607086,0.679911565730458,0.13259320963722523
thanh4+󱦙,thanh4,0.06827020645141602,0.6901558833003419,0.12250421211267089
thanh4+𡗅,thanh4,0.06631708145141602,0.7095183660204384,0.13392252260738557
thanh4+𪡎,thanh4,0.0640036091208458,0.7283873223741785,0.08010198933418357
thanh4+𠶂,thanh4,0.09643858671188354,0.6935504871021825,0.11443141695313648
thanh4+𫐹,thanh4,0.050452861934900284,0.8229551397403359,0.10732686143737376
thanh4+󱚕,thanh4,0.06175124645233154,0.7499955594891861,0.083239507103308
thanh4+𫽦,thanh4,0.07017626613378525,0.6488295786971078,0.11019762428385316
thanh4+𫴇,thanh4,0.07218118011951447,0.7619362415347883,0.1194097880304366
thanh4+𪡫,thanh4,0.04186829924583435,0.8555553143370517,0.09123301123485679
thanh4+󱲙,thanh4,0.062461007386446,0.712054296891047,0.09652462404928147
thanh4+󰤴,thanh4,0.09843133389949799,0.6892765782194491,0.0840238133728654
thanh4+󱞐,thanh4,0.06278043985366821,0.8042584964194994,0.09892036958039034
thanh4+𫯐,thanh4,0.05339225009083748,0.8109791703794342,0.08652157346781436
thanh4+󱞽,thanh4,0.08785853534936905,0.7464772369188026,0.11718457681072177
thanh4+𣛦,thanh4,0.08135854452848434,0.5936235899259473,0.1332681358952026
thanh4+𡪦,thanh4,0.04968057572841644,0.8086877080066033,0.11795869239616008
thanh4+𧞿,thanh4,0.06865019351243973,0.6572892950931742,0.09101063413475528
thanh4+㖵,thanh4,0.07499402016401291,0.8117288880297141,0.06963490867854434
thanh4+󱟟,thanh4,0.0780734047293663,0.6822624924832212,0.12297571736864506
thanh4+𪤠,thanh4,0.05253847688436508,0.8170665428451453,0.08848638952346453
thanh4+𠽙,thanh4,0.07786958664655685,0.8231406616342107,0.0944594220727097
thanh4+𡑲,thanh4,0.058730293065309525,0.7460487112341212,0.1001529877678079
thanh4+𡂄,thanh4,0.04611504077911377,0.8224342768426338,0.09556520018351806
thanh4+󱦅,thanh4,0.04907047748565674,0.8359714719340304,0.12374595448628982
thanh4+󰮝,thanh4,0.05372830480337143,0.8170803943031314,0.12137568044916412
thanh4+𪱴,thanh4,0.051888637244701385,0.7477002304160033,0.08280304682769013
thanh4+󰣡,thanh4,0.04736175015568733,0.8245382403565843,0.09064850779012941
thanh4+𭰺,thanh4,0.05369969829916954,0.8081014202227379,0.09847159141914841
thanh4+洅,thanh4,0.07602374255657196,0.6911114024901774,0.0759573853936804
thanh4+󱜝,thanh4,0.07365249842405319,0.8272268961441125,0.12823922057413412
thanh4+𠳭,thanh4,0.05050601810216904,0.8335200168156695,0.07912370672415739
thanh4+󰏏,thanh4,0.05733209103345871,0.7629023976922842,0.09266993904511207
thanh4+𦝺,thanh4,0.07362347841262817,0.7472831973136184,0.2747105227833486
thanh4+𫉮,thanh4,0.06468382477760315,0.8061877982839346,0.11050858316714658
thanh4+󱳠,thanh4,0.07595410197973251,0.7748329348293234,0.09650640416855472
thanh4+󰜡,thanh4,0.06133925914764404,0.767801722694856,0.1490585808558647
thanh4+㖏,thanh4,0.07740135490894318,0.8098789039939304,0.09495030742301568
thanh4+朠,thanh4,0.10160260647535324,0.7387942487362548,0.18882157972805746
thanh4+𠅐,thanh4,0.07186590135097504,0.6153467845854799,0.08562899757137328
thanh4+𡎡,thanh4,0.0821717381477356,0.6274265288716153,0.15123699329734616
thanh4+󱩩,thanh4,0.056533753871917725,0.8217285980976514,0.07553317160910918
thanh4+𫰄,thanh4,0.0632866844534874,0.7827496398612298,0.11077247882065372
thanh4+𪤲,thanh4,0.0668063759803772,0.729294921531048,0.10146658806273627
thanh4+𡅯,thanh4,0.06191488355398178,0.7644698281942197,0.13638809445498307
thanh4+󱥓,thanh4,0.0608699694275856,0.793869767045317,0.17717737663901845
thanh4+󱞒,thanh4,0.10214150696992874,0.6148279283959536,0.18431866708163502
thanh4+𤞦,thanh4,0.05479724332690239,0.7718886381234518,0.12437050337233331
thanh4+𠻆,thanh4,0.05665721744298935,0.8260401862602442,0.09682291137107674
thanh4+󱞔,thanh4,0.0878542885184288,0.5743299379973221,0.12671686062433532
thanh4+󱜈,thanh4,0.05065048858523369,0.8344170951651846,0.13253535358904261
thanh4+󰬥,thanh4,0.0542139895260334,0.8559746539271884,0.11021679002759548
thanh4+呯,thanh4,0.06927724182605743,0.8304366174027878,0.08736044057493851
thanh4+𡃖,thanh4,0.1072593629360199,0.5367726411920901,0.13747552788222916
thanh4+󱢜,thanh4,0.052174799144268036,0.795041915974567,0.10417743186608174
thanh4+󱖧,thanh4,0.10094831883907318,0.6088300341726345,0.11366621189651276
thanh4+󱮟,thanh4,0.06923232972621918,0.7338293119428619,0.09336461556947522
thanh4+󱩸,thanh4,0.09409594535827637,0.6876538327586098,0.12543268084032522
thanh4+󱝐,thanh4,0.05500223487615585,0.7721739402160795,0.10099984180308628
thanh4+𢭿,thanh4,0.05187264829874039,0.8067522906916818,0.15647727751236817
thanh4+𬊭,thanh4,0.07242441177368164,0.7176542887019524,0.0908800810969775
thanh4+𨨨,thanh4,0.0699547752737999,0.769056869292918,0.14312696709154815
thanh4+𫧾,thanh4,0.06294897943735123,0.7951643103834368,0.13081969510549837
thanh4+󱫸,thanh4,0.0720294713973999,0.7473803633328449,0.11424416984636665
thanh4+𣘊,thanh4,0.08685030788183212,0.5869350822527032,0.08624034260075127
thanh4+𡅫,thanh4,0.0679355263710022,0.6736132220654657,0.1066268636189049
thanh4+󱦯,thanh4,0.07207563519477844,0.7297296617137493,0.0929935444705307
thanh4+𪭟,thanh4,0.06613928824663162,0.8111117113526466,0.07613330866686462
thanh4+󱞾,thanh4,0.08469213545322418,0.6726831614602774,0.08425086797606546
thanh4+𡁞,thanh4,0.07973554730415344,0.5720475335336678,0.10909886111420757
thanh4+𫪎,thanh4,0.06808692216873169,0.7408013202285555,0.07087800176248098
thanh4+󱮾,thanh4,0.07786483317613602,0.7082501952675214,0.1172504493471765
thanh4+𰊣,thanh4,0.07848318666219711,0.7746428346191021,0.1327576319978999
thanh4+𠸩,thanh4,0.04901813715696335,0.8331482975240707,0.1332137685561394
thanh4+󰮡,thanh4,0.1111287921667099,0.41037263424242515,0.11012425316697337
thanh4+𪢤,thanh4,0.052371472120285034,0.6922932594428485,0.10673540211519013
thanh4+𨄿,thanh4,0.06687638908624649,0.7262282700129945,0.13231245237541625
thanh4+󱛕,thanh4,0.0519242025911808,0.7892956190350211,0.10203539838950419
thanh4+𠀿,thanh4,0.07035232335329056,0.8088183003929054,0.0773629777078378
thanh4+󱜺,thanh4,0.06228833273053169,0.7766840731036417,0.08014614168373972
thanh4+𫥿,thanh4,0.1051941066980362,0.6865112606748073,0.14520442122087496
thanh4+𩝭,thanh4,0.07711637765169144,0.740997913505603,0.14492987842834312
thanh4+󱧀,thanh4,0.07277561724185944,0.7165438291185977,0.10969871254846032
thanh4+𪬪,thanh4,0.1095336377620697,0.6721964774233008,0.10762823107512814
thanh4+𠼋,thanh4,0.07403109222650528,0.7940484654558915,0.11419640149781803
thanh4+󱞴,thanh4,0.03881216421723366,0.8389275917357768,0.10122997107022591
thanh4+󱯈,thanh4,0.09651564806699753,0.7620409245001931,0.1257803034892366
thanh4+𧜗,thanh4,0.052819374948740005,0.7790036397327732,0.09964223016471219
thanh4+󱞅,thanh4,0.05920140817761421,0.7605652531458703,0.11282663052613302
thanh4+𪿀,thanh4,0.0546741858124733,0.8118274740836483,0.1327055438920992
thanh4+󱨱,thanh4,0.09560711681842804,0.5378881911813049,0.12190381631962288
thanh4+𡂉,thanh4,0.06053416430950165,0.7517757064239483,0.1417747513017081
thanh4+𡀫,thanh4,0.04826132208108902,0.8593155373669068,0.08390456865280582
thanh4+󱝳,thanh4,0.07214333117008209,0.7870741012187699,0.09688103810242356
thanh4+𣓾,thanh4,0.06665227562189102,0.8031958932524813,0.09093205976622735
thanh4+𠽇,thanh4,0.07344274967908859,0.7599260498413802,0.10605344107035103
thanh4+󱎾,thanh4,0.05559360608458519,0.7962754702460638,0.12625440735622012
thanh4+󰬪,thanh4,0.07463330030441284,0.7847478467762254,0.10813774833280243
thanh4+󱺂,thanh4,0.09373001754283905,0.6299955707099776,0.09592619631604449
thanh4+𫪦,thanh4,0.05898546800017357,0.7899272506013905,0.07813913682384831
thanh4+𡡇,thanh4,0.04464172199368477,0.830471428025218,0.1017199349107929
thanh4+𪮽,thanh4,0.08948993682861328,0.6934691182170238,0.11017894392105032
thanh4+󱠠,thanh4,0.07286395877599716,0.7325474194159843,0.09106610882780553
thanh4+㼫,thanh4,0.05680428445339203,0.7758108163130025,0.11111566836619167
thanh4+𠾲,thanh4,0.08148501813411713,0.6401642605330028,0.103176587214604
thanh4+𫯲,thanh4,0.06579188257455826,0.7550147589903085,0.1304067812153368
thanh4+󱞟,thanh4,0.07356570661067963,0.6999143629713003,0.14074876099989506
thanh4+󱟹,thanh4,0.12610869109630585,0.6666699036705863,0.16548533080130076
thanh4+𦟋,thanh4,0.05947844311594963,0.8407103322546366,0.10673514644173364
thanh4+󱰤,thanh4,0.050908688455820084,0.8258218790288557,0.12177199751695038
thanh4+𫫜,thanh4,0.08279786258935928,0.5372825693942755,0.1187702605115426
thanh4+𡀲,thanh4,0.04160551726818085,0.8590094736046394,0.09992127218426035
thanh4+󱢣,thanh4,0.0744771659374237,0.7123198501727085,0.11928806094011486
thanh4+𪻟,thanh4,0.05702071636915207,0.7346219570290278,0.09253010283371103
thanh4+󱚍,thanh4,0.07219167798757553,0.7447303703204187,0.07388937747411058
thanh4+𫏙,thanh4,0.06575125455856323,0.7766168150066737,0.13844003358218476
thanh4+󱟢,thanh4,0.06632757186889648,0.7912196553461165,601.2536094416647
thanh4+󰣿,thanh4,0.06635107100009918,0.7950769631811035,0.09501190421793441
thanh4+󱣆,thanh4,0.04758142679929733,0.8316048356292054,0.12651755181973626
thanh4+󰭏,thanh4,0.06346259266138077,0.845897384669513,0.08922935313217106
thanh4+𬙛,thanh4,0.08718276023864746,0.7508926513781544,0.09173625705678083
thanh4+𰓖,thanh4,0.04590606316924095,0.7800523080499843,0.09619296263192245
thanh4+𠚐,thanh4,0.07448892295360565,0.7179734131854967,0.11509457026802498
thanh4+𦞎,thanh4,0.04080125689506531,0.8704265749899028,0.10864810134498155
thanh4+󰬛,thanh4,0.05717753246426582,0.7687599597888926,0.120988956273529
thanh4+󱭘,thanh4,0.05856067314743996,0.7676229378876964,0.11858238137736814
thanh4+𠿸,thanh4,0.04401921480894089,0.7896859686771398,0.10283471721685189
thanh4+󱫑,thanh4,0.08076924085617065,0.773696773072963,0.18561093067861145
thanh4+󰈠,thanh4,0.09224330633878708,0.7069745868169315,0.14894839652169656
thanh4+󱘡,thanh4,0.050993360579013824,0.8005501514113954,0.16692948238231908
thanh4+󱞎,thanh4,0.06678158789873123,0.7755830082675953,0.07871088556785648
thanh4+󱞼,thanh4,0.06419625133275986,0.7491057347475719,0.10058489442220038
thanh4+󱞇,thanh4,0.051016584038734436,0.792227345842741,0.13627618467386435
thanh4+𬦄,thanh4,0.07018381357192993,0.6719231345270483,0.1308502186823478
thanh4+𩝻,thanh4,0.06489161401987076,0.7151508656717257,0.08944596483303968
thanh4+𢲾,thanh4,0.10362221300601959,0.4490921514807557,0.10012923444995342
thanh4+𩀳,thanh4,0.05383706092834473,0.7417049971405223,0.10192819835782695
thanh4+𫣝,thanh4,0.08641699701547623,0.5868007385064258,0.1402032615038891
thanh4+󱬐,thanh4,0.06702874600887299,0.8259304763955397,0.09861208981054166
thanh4+󱠱,thanh4,0.06686678528785706,0.7240496194340802,0.11710453793922565
thanh4+󰍱,thanh4,0.08733033388853073,0.790156945335085,0.09262132369927645
thanh4+󱛙,thanh4,0.04141295701265335,0.8579465425824876,0.09501116247259062
thanh4+𪣱,thanh4,0.08458175510168076,0.750943190312523,0.09249293329198412
thanh4+𠼇,thanh4,0.08153343200683594,0.8215305185776374,0.12172740890944722
thanh4+𣱿,thanh4,0.05382092297077179,0.8746419103593545,0.09757157535747067
thanh4+抋,thanh4,0.0715462788939476,0.8022048415180392,0.09005654662694541
thanh4+𬑶,thanh4,0.058695342391729355,0.7532088752240543,0.10129011587308051
thanh4+𤎓,thanh4,0.08930031210184097,0.5608151275691379,0.12060274236983064
thanh4+𡓟,thanh4,0.03749166429042816,0.8433839237472994,0.10575491821765957
thanh4+󱝆,thanh4,0.06353200972080231,0.7624739740185964,0.07280940135328197
thanh4+󱞃,thanh4,0.0666145458817482,0.8249568475788468,0.08916806261336989
thanh4+󰮁,thanh4,0.07301496714353561,0.7783378361134612,0.10256516411059845
thanh4+󱮝,thanh4,0.062359798699617386,0.8243159703095551,0.13927168721081007
thanh4+󰢣,thanh4,0.06440340727567673,0.7702010767624687,0.1379374390721139
thanh4+󱩳,thanh4,0.07899796962738037,0.6076481205551155,0.11892518814501662
thanh4+𪁄,thanh4,0.08331573754549026,0.6579436128405161,0.4958414551550114
thanh4+󱪢,thanh4,0.04578419029712677,0.8547095736472583,0.11662533398867662
thanh4+𡃳,thanh4,0.07942981272935867,0.7439743995978362,0.09501151893741334
thanh4+𪸝,thanh4,0.08382605016231537,0.6704857582372892,0.08110008839687144
thanh4+󱤉,thanh4,0.0863860622048378,0.6456404687401512,382.28916437713866
thanh4+𪸄,thanh4,0.0709894448518753,0.7975400643030288,0.1049033171115736
thanh4+󱤗,thanh4,0.052148256450891495,0.7934864863729518,0.10497775168864863
thanh4+𥖑,thanh4,0.07285049557685852,0.6760570583617939,0.1122160221392605
thanh4+𫉩,thanh4,0.058401234447956085,0.8115872103412006,0.11770631752933296
thanh4+𭊳,thanh4,0.10774116218090057,0.6892143694363485,0.09364949132197663
thanh4+𠷥,thanh4,0.07456082105636597,0.7827382021525514,0.13196883130057682
thanh4+󱝘,thanh4,0.06126252934336662,0.8097835356548277,0.1272682842488677
thanh4+𪡽,thanh4,0.054326076060533524,0.842027617325883,0.07681669810613008
thanh4+𬛒,thanh4,0.07738694548606873,0.8059418786835991,0.12199231309627206
thanh4+󱛻,thanh4,0.04615931212902069,0.7949052213079607,0.10022877235699441
thanh4+𬊐,thanh4,0.04948660731315613,0.7954786524909051,0.10421830371930478
thanh4+㗴,thanh4,0.08937731385231018,0.6278571183249138,0.10193821888372141
thanh4+󱜷,thanh4,0.055338870733976364,0.8411904266565928,0.1057609909269862
thanh4+󱟜,thanh4,0.06962569057941437,0.6057263794569353,442.1660248427193
thanh4+󰴾,thanh4,0.06288137286901474,0.741663416394417,0.12725369577229276
thanh4+𦀌,thanh4,0.05346662178635597,0.8432337764522431,0.10799891486256426
thanh4+𡫐,thanh4,0.09592155367136002,0.709893728290736,334.1823631191889
thanh4+𫏝,thanh4,0.06158577650785446,0.7681039829531927,0.10891021038011721
thanh4+𫫊,thanh4,0.052116092294454575,0.8037446338609237,0.11019444236552373
thanh4+󱸠,thanh4,0.07509980350732803,0.754837038638585,0.5450414800356677
thanh4+𪡍,thanh4,0.10580022633075714,0.781868216424472,0.09238077935688037
thanh4+𬅷,thanh4,0.05698559433221817,0.784662994988307,0.07073612172067151
thanh4+𨡨,thanh4,0.09209862351417542,0.7109667410483775,0.09986390334857163
thanh4+󱳭,thanh4,0.050082676112651825,0.7688662518967512,0.1467915707500557
thanh4+󱟫,thanh4,0.0723283588886261,0.7759163725810563,0.09059907757751995
thanh4+𩸮,thanh4,0.03823266923427582,0.8520965661504805,0.11469610766923617
thanh4+󱯠,thanh4,0.059060387313365936,0.7979463254390783,0.08587158544846052
thanh4+𫫷,thanh4,0.09957105666399002,0.7150780668105905,0.12613039200426837
thanh4+𠺚,thanh4,0.06875433027744293,0.7146723703468528,0.08374260233319754
thanh4+𦄆,thanh4,0.04717838019132614,0.8374166421445082,0.1265728288631692
thanh4+󱳦,thanh4,0.08730653673410416,0.7217602489518962,0.06625753685822362
thanh4+󱦗,thanh4,0.08837880194187164,0.6861095585860086,0.11911456935408242
thanh4+󱝫,thanh4,0.12258084863424301,0.641279073017468,0.07551713171853447
thanh4+𤶹,thanh4,0.03457093983888626,0.7883349105332005,0.08240840063635375
thanh4+󱤍,thanh4,0.06280632317066193,0.7972072090603669,0.09998748276831644
thanh4+𤐠,thanh4,0.05823893845081329,0.8513269501893425,0.1124643126058922
thanh4+󱚴,thanh4,0.09000256657600403,0.5033809551250383,0.10021755693668821
thanh4+󱌔,thanh4,0.09970124065876007,0.742959048455118,0.10674950393288307
thanh4+󱨈,thanh4,0.07195712625980377,0.7487789580413545,0.10298148160269376
thanh4+󱧝,thanh4,0.10197204351425171,0.5565188304819838,0.1581742588992362
thanh4+󱛲,thanh4,0.05876202881336212,0.7727088729441074,0.08063524856856823
thanh4+𡳳,thanh4,0.07348934561014175,0.7030371049041764,0.1703615738580556
thanh4+󱞢,thanh4,0.11319422721862793,0.7456458526090007,0.08215918620916988
thanh4+󱷿,thanh4,0.06570234894752502,0.8186045102794953,0.11988079414129317
thanh4+󱡇,thanh4,0.07902204990386963,0.7351120633202683,0.13375077603403615
thanh4+󱺃,thanh4,0.054803866893053055,0.8168284752355753,0.11033051904077572
thanh4+𬈈,thanh4,0.06620821356773376,0.717558880938506,0.11746481288943574
thanh4+󱪎,thanh4,0.07261230796575546,0.6825438064498569,0.11004137129248252
thanh4+󱰶,thanh4,0.1031908392906189,0.5926422564440438,0.11666513966447271
thanh4+𪢌,thanh4,0.06260815262794495,0.7535733749202029,0.09718220053182165
thanh4+𧒅,thanh4,0.04761551320552826,0.8042085262455642,0.11262379760820607
thanh4+𪡗,thanh4,0.08223188668489456,0.7049106758094759,0.08056779341234575
thanh4+󱦔,thanh4,0.056961625814437866,0.8059636055379812,0.1503382621645974
thanh4+𬧡,thanh4,0.06290628015995026,0.7176541706333834,0.09330221932407577
thanh4+𫄉,thanh4,0.0617784820497036,0.7525541580598238,0.09458132779716355
thanh4+󱚇,thanh4,0.05456724017858505,0.810584502666126,0.1425793831474944
thanh4+󱩗,thanh4,0.06662723422050476,0.8072057610769592,0.09279687076821375
thanh4+𫡸,thanh4,0.0752205178141594,0.7467088403280377,77.02062914620655
thanh4+𨪪,thanh4,0.056644272059202194,0.8034483311635278,0.12503449668764138
thanh4+󰠎,thanh4,0.08780210465192795,0.8120502447119213,0.08498359995129433
thanh4+𡦫,thanh4,0.07574304193258286,0.6788254910219482,0.13513724400067212
thanh4+𪢍,thanh4,0.047400861978530884,0.8048022590594021,0.08532490982108736
thanh4+𡄧,thanh4,0.0660930946469307,0.6006029735562823,0.12218440153848413
thanh4+󱤑,thanh4,0.059810031205415726,0.748176857350068,0.11522924632735192
thanh4+𦝇,thanh4,0.07816851884126663,0.7427338652040941,0.11548036249709033
thanh4+𠹍,thanh4,0.07276298105716705,0.732413712927414,0.0850523847639688
thanh4+𠹰,thanh4,0.05239178240299225,0.7773380139583556,0.0975999321724093
thanh4+𫇿,thanh4,0.09214112162590027,0.7197596115075251,0.08884135899957202
thanh4+𡄾,thanh4,0.06319200247526169,0.7834116584837786,0.1982614792465014
thanh4+𦩳,thanh4,0.0828617662191391,0.7708765049163354,0.14917577040455576
thanh4+𩇆,thanh4,0.06629431247711182,0.7636178791187508,0.1461888729729651
thanh4+𣙯,thanh4,0.05755230784416199,0.8498408974831158,0.13964343278834404
thanh4+莰,thanh4,0.08080554008483887,0.6560407068977568,0.12892686941209652
thanh4+篵,thanh4,0.08665820956230164,0.6271934164953036,0.10061905646693992
thanh4+𬂨,thanh4,0.05962493270635605,0.859976432472754,0.08934084466627662
thanh4+󱯏,thanh4,0.05295726656913757,0.7736276657895061,0.143044806072409
thanh4+󱞳,thanh4,0.0856243446469307,0.6645610598396756,0.09304473792548897
thanh4+󱪚,thanh4,0.07700563967227936,0.7748115461675162,0.10727068812245845
thanh4+𨂚,thanh4,0.0508459098637104,0.7761387942640054,0.0916449085044614
thanh4+󱙥,thanh4,0.0774490088224411,0.6901980546378501,0.06831565896989628
thanh4+𥊜,thanh4,0.0952506735920906,0.48062938794880167,0.11048500558643508
thanh4+𡄳,thanh4,0.0475458987057209,0.7931287873523429,0.1072463627613708
thanh4+󱛪,thanh4,0.09160984307527542,0.6885894536207015,0.1337676335975256
thanh4+󱛹,thanh4,0.07356248795986176,0.7294372545057863,0.10016349757797816
thanh4+啲,thanh4,0.05437704175710678,0.8065523497379211,0.11981590474557853
thanh4+󰍖,thanh4,0.053834572434425354,0.7675666047268849,0.12956015992590053
thanh4+𦵠,thanh4,0.0712403878569603,0.6956661960263313,0.11019834613111536
thanh4+󱨫,thanh4,0.10362838208675385,0.740026638837914,0.1179051122468876
thanh4+𦟟,thanh4,0.07922910153865814,0.7790461384894053,0.10217191690120665
thanh4+󰁐,thanh4,0.0783686712384224,0.7446879619684208,0.12619615392835473
thanh4+鏙,thanh4,0.07350374013185501,0.7449486223402216,0.1520436910628947
thanh4+󱜲,thanh4,0.08833211660385132,0.8443811023028459,0.09274933445529383
thanh4+󱨜,thanh4,0.08821149170398712,0.6481460629972771,0.13728155076592127
thanh4+󱯺,thanh4,0.10356123745441437,0.6061484088689331,0.15244974663059493
thanh4+𡫫,thanh4,0.05766432732343674,0.6719263907148731,0.10890061310447467
thanh4+𧍇,thanh4,0.09287969022989273,0.5569905997519403,0.09681416159470153
thanh4+𡋦,thanh4,0.0921349972486496,0.7439977617728972,0.11489397067545211
thanh4+娫,thanh4,0.06935259699821472,0.7290216636800461,0.11449680266986016
thanh4+𫿟,thanh4,0.08042928576469421,0.7357616535900594,0.15562354864446018
thanh4+𣕞,thanh4,0.06352128833532333,0.6934706756435773,0.09290157235672968
thanh4+󱠢,thanh4,0.07819319516420364,0.5965469652665547,0.11795233675182759
thanh4+𫮒,thanh4,0.08897268027067184,0.5594721213050448,0.08305168126309374
thanh4+󱞁,thanh4,0.05609368532896042,0.7836015764328944,0.08386210090830398
thanh4+󱠰,thanh4,0.10312603414058685,0.6214083096238353,0.11946076014232655
thanh4+挒,thanh4,0.0513988621532917,0.7871645228882438,0.08265244354062497
thanh4+󱺈,thanh4,0.05641506239771843,0.7925503456666444,0.07810304879911739
thanh4+󱰭,thanh4,0.06187876686453819,0.7999335844103292,0.1067674360684801
thanh4+󱛆,thanh4,0.07594136148691177,0.6775964564438489,0.10544306910057329
thanh4+𦽎,thanh4,0.05602574348449707,0.7952114811607409,0.0941670403507469
thanh4+󰭠,thanh4,0.05101238563656807,0.8543831685814627,0.10699871246531985
thanh4+藞,thanh4,0.06590736657381058,0.7106596618714699,0.13836218796436375
thanh4+󱋠,thanh4,0.03653710335493088,0.8342560853005294,0.0971352353007151
thanh4+𥌧,thanh4,0.06074700877070427,0.771064137218946,0.10422940251605133
thanh4+𡚄,thanh4,0.055402860045433044,0.7635283810340436,0.10820798236443097
thanh4+𭉆,thanh4,0.06540953367948532,0.7631085348031067,0.09998334857903794
thanh4+𠮙,thanh4,0.08220567554235458,0.7272132885987233,0.07767411945761724
thanh4+𠸙,thanh4,0.045475687831640244,0.8161390303715125,0.08439578469458735
thanh4+𠷯,thanh4,0.052320029586553574,0.8506166914358331,0.07692690072666315
thanh4+𧌂,thanh4,0.07694673538208008,0.619204282765524,0.08142882012053511
thanh4+𠶊,thanh4,0.07395002245903015,0.8087156127125662,0.1121072062936042
thanh4+𪞀,thanh4,0.06446997076272964,0.7690546929108307,0.11217534034706657
thanh4+𭋙,thanh4,0.03875856101512909,0.8625578389148134,0.10781143791585938
thanh4+𢅄,thanh4,0.04616209864616394,0.8126290192924981,0.10082179235926762
thanh4+󰊫,thanh4,0.05821191519498825,0.8107182116120786,0.10341249816823254
thanh4+󱢰,thanh4,0.07844504714012146,0.8028445630689995,0.09908004158111339
thanh4+𣛤,thanh4,0.07146161049604416,0.6569083129832756,0.10354461158173495
thanh4+𩹹,thanh4,0.05826573818922043,0.7430041577033976,0.11875562384835318
thanh4+𦘱,thanh4,0.05531609430909157,0.8281312663109537,0.06515378117138258
thanh4+󱦐,thanh4,0.06394847482442856,0.718124489936332,0.11590023940410903
thanh4+󱞄,thanh4,0.04485417157411575,0.7598237827985141,0.11118805241573672
thanh4+𫪀,thanh4,0.060788821429014206,0.8207381150268658,0.07638455517407639
thanh4+󱲗,thanh4,0.06239120662212372,0.7312633924015222,0.07973225741811195
thanh4+偖,thanh4,0.07416810095310211,0.7550209596580898,0.09784378926939584
thanh4+󱧔,thanh4,0.0778953805565834,0.7929444478306223,0.08138099085728535
thanh4+𫱗,thanh4,0.051968906074762344,0.8073941582126409,0.09909579720794014
thanh4+𪤽,thanh4,0.07875627279281616,0.7952684815380345,0.12447766722256871
thanh4+󱧖,thanh4,0.068517304956913,0.7917183953480355,0.09467448199141719
thanh4+𨆷,thanh4,0.06616136431694031,0.7823187596536416,0.11408885339125303
thanh4+󰙘,thanh4,0.09950680285692215,0.7220464932012449,0.19663059105616112
thanh4+󱥄,thanh4,0.04915647953748703,0.800476461320042,0.10863411299219895
thanh4+𪢡,thanh4,0.09142209589481354,0.6459013874613939,16.72192556142076
thanh4+𡄰,thanh4,0.0493834912776947,0.7793580577473432,0.10812074904793771
thanh4+󱬧,thanh4,0.06327863037586212,0.7626559938513033,0.08179628673249661
thanh4+󱝧,thanh4,0.09850054979324341,0.5433981776839376,0.09468310331963947
thanh4+󱼓,thanh4,0.07085644453763962,0.7915376070845991,0.0733749894193396
thanh4+󱥯,thanh4,0.09634611755609512,0.5510744118624356,0.15419263134705055
thanh4+𡫨,thanh4,0.0821118876338005,0.7444246681591595,0.1573105810663375
thanh4+󱩻,thanh4,0.0655444860458374,0.7448736850591688,0.09805021414319261
thanh4+󱙉,thanh4,0.08189214766025543,0.7510394986018297,0.11181179755272203
thanh4+󱮑,thanh4,0.06299561262130737,0.7693924404817715,0.14387029671205978
thanh4+󰆐,thanh4,0.08036918193101883,0.7068708495751697,0.10624449839608556
thanh4+湳,thanh4,0.06317366659641266,0.779012868717737,0.08082815285899707
thanh4+󱭪,thanh4,0.08307227492332458,0.75510518779233,0.10297903467111207
thanh4+󱞠,thanh4,0.11229155212640762,0.5503174271163704,0.1421337169542878
thanh4+󱦾,thanh4,0.09055747091770172,0.6018514714762789,0.11448847453014954
thanh4+𢶹,thanh4,0.07481837272644043,0.6131257820970775,0.10352894628987315
thanh4+𡏥,thanh4,0.0663696825504303,0.77889530853402,0.10132169644636624
thanh4+󱲝,thanh4,0.07246458530426025,0.6887091468436719,0.08919008974086613
thanh4+𩂀,thanh4,0.05437440425157547,0.82248842279215,0.09105240231024443
thanh4+󱬎,thanh4,0.0662621408700943,0.7768103212731631,0.10792599811286563
thanh4+𡚝,thanh4,0.058646515011787415,0.7855065219296796,0.08657687730168556
thanh4+𡮺,thanh4,0.09549356251955032,0.6954564338416828,0.11926812667559261
thanh4+𪻋,thanh4,0.05591884255409241,0.7781514816269084,0.11635782707767887
thanh4+󱚭,thanh4,0.09799709916114807,0.5237836231233932,0.0905257269332052
thanh4+󱋭,thanh4,0.06187456473708153,0.7669025531392748,0.1067635820433281
thanh4+𩂄,thanh4,0.06821319460868835,0.785652154346121,0.1060725812660963
thanh4+󱟦,thanh4,0.08774459362030029,0.4183669554787839,0.10126969731111661
thanh4+󱟰,thanh4,0.07196354120969772,0.7754923668467244,104.3112452853088
thanh4+𧎠,thanh4,0.08657723665237427,0.75084465160348,0.11390912401896325
thanh4+󱧨,thanh4,0.08955930173397064,0.6086755161160098,0.10497973883388162
thanh4+𫟌,thanh4,0.0841117650270462,0.7415093281623828,0.08973538134103003
thanh4+𧿯,thanh4,0.07696080952882767,0.6096597598812514,0.09332932150299951
thanh4+󱯗,thanh4,0.0744895413517952,0.6927834255052495,0.13628638931566048
thanh4+𦟖,thanh4,0.052893225103616714,0.7470202756547468,0.11328236654649959
thanh4+󱰪,thanh4,0.06409016996622086,0.7239537897868993,0.09660624144078418
thanh4+𠱜,thanh4,0.07373948395252228,0.7585231289644291,0.11325245125232042
thanh4+𠲃,thanh4,0.09264004975557327,0.7389622374248904,0.06979372602266036
thanh4+󱞀,thanh4,0.060269661247730255,0.7712486355017416,0.11152956046587453
thanh4+𧒊,thanh4,0.047815531492233276,0.8493562469084766,0.09917000742541444
thanh4+𠬖,thanh4,0.046969104558229446,0.7675061950140026,0.10914044804388001
thanh4+𦷬,thanh4,0.047450751066207886,0.7988361316626782,0.08203104628097557
thanh4+󱛺,thanh4,0.07133284956216812,0.6172750550366947,0.1010728935153483
thanh4+𠾾,thanh4,0.035725146532058716,0.8513799856115107,0.09468400564252218
thanh4+𨁋,thanh4,0.05635230615735054,0.8412767336920739,0.1505070007095024
thanh4+婻,thanh4,0.07233972102403641,0.7188386812432874,0.10314562906858941
thanh4+󱙌,thanh4,0.06595605611801147,0.7950937605617903,0.09939789719698172
thanh4+󰫽,thanh4,0.0596342459321022,0.7844596328116501,0.10261702220165186
thanh4+󱞑,thanh4,0.06894281506538391,0.7684850067909078,0.0834651034341614
thanh4+󰺼,thanh4,0.048093944787979126,0.8335691209276213,0.12420747387502977
thanh4+󱩫,thanh4,0.07492855936288834,0.7708982295721706,377.96682945669386
thanh4+𤁯,thanh4,0.06762532889842987,0.6184340788232915,0.10141088156302819
thanh4+𨔌,thanh4,0.06346108764410019,0.7610174409867332,0.11871297416259981
thanh4+󱤥,thanh4,0.05066781863570213,0.7853154586537614,0.09439742290979453
thanh4+󱟈,thanh4,0.07531005889177322,0.4731275828756996,0.1002309331249439
thanh4+󱞜,thanh4,0.08080944418907166,0.7366157015168047,0.08887220981889028
thanh4+𫅲,thanh4,0.10357030481100082,0.646059362814165,0.11460326207372418
thanh4+𢰦,thanh4,0.0690404400229454,0.7326498654645182,0.12758912195132133
thanh4+󰄼,thanh4,0.08532930910587311,0.6955920986359385,0.09542439680587338
thanh4+𢆠,thanh4,0.06828611344099045,0.7173518204638955,0.09104167973152409
thanh4+囄,thanh4,0.0512772835791111,0.756849375590568,0.15003711852943794
thanh4+󱳬,thanh4,0.052242737263441086,0.811359701211381,0.0919380385157631
thanh4+㗌,thanh4,0.08736997842788696,0.7180245424010783,0.11262142752437031
thanh4+𡖡,thanh4,0.06471985578536987,0.7098307586101339,0.08741296753013016
thanh4+𡮥,thanh4,0.06121038272976875,0.8198340350161581,0.11469169948716447
thanh4+𫱞,thanh4,0.07714167982339859,0.6647574447848626,0.10354984965858964
thanh4+󱚛,thanh4,0.07389601320028305,0.754233318055083,0.12612170046614377
thanh4+𪧺,thanh4,0.08479751646518707,0.7440902237162516,0.1226840241422636
thanh4+󱎶,thanh4,0.06832613795995712,0.7056322916472011,0.1505139386770987
thanh4+𬔽,thanh4,0.09191249310970306,0.7501188711303622,0.07939379980445
thanh4+󱢏,thanh4,0.09590592235326767,0.690607374643409,0.12698150705926056
thanh4+𡞗,thanh4,0.05702788755297661,0.6667282722031018,0.13257691019828788
thanh4+𨮉,thanh4,0.060700349509716034,0.7867116361019814,0.11208326047268392
thanh4+𨪷,thanh4,0.05306136608123779,0.8628505137461002,0.10046582510978552
thanh4+𭈖,thanh4,0.0776645615696907,0.7777419487225103,0.13071380914292588
thanh4+𫆮,thanh4,0.0701490193605423,0.6612067203691462,0.12027036126263413
thanh4+󰬽,thanh4,0.08150608092546463,0.6641696545931758,0.129160452250247
thanh4+𠇕,thanh4,0.06583879142999649,0.8286025592399964,0.06767533210451458
thanh4+𫲰,thanh4,0.07952408492565155,0.5859682201044712,0.10794991500230737
thanh4+󱬔,thanh4,0.0646200031042099,0.688789701289733,0.10737069377274237
thanh4+𪠉,thanh4,0.05557486414909363,0.8022186793910728,0.08549283950383324
thanh4+󱰯,thanh4,0.07614819705486298,0.6176244289498368,0.10764377122805668
thanh4+𠵴,thanh4,0.08736024796962738,0.7310998967041686,0.1295883759425891
thanh4+𥱰,thanh4,0.05841115862131119,0.763284550674371,0.09235481628425672
thanh4+𡅑,thanh4,0.05908498167991638,0.8074091509894312,0.11082964951377865
thanh4+𠸬,thanh4,0.045120641589164734,0.7506064411623292,0.10005290880697419
thanh4+󱬺,thanh4,0.08923441171646118,0.540843742061634,0.11640711441116373
thanh4+𪾭,thanh4,0.07622578740119934,0.8001884419568549,0.15511940134731267
thanh4+𥵖,thanh4,0.05768858641386032,0.8382364493636307,0.10254243776246341
thanh4+𠸽,thanh4,0.07276181876659393,0.6488870596105812,0.10107502924306248
thanh4+𪥘,thanh4,0.0630292296409607,0.8082241644954122,0.097134959952286
thanh4+鎫,thanh4,0.042027197778224945,0.8363059615662469,0.10791893254733677
thanh4+󱙭,thanh4,0.091652512550354,0.5085566899754047,0.09302411103886304
thanh4+𭡏,thanh4,0.04451786354184151,0.7958267888041173,0.10991620036400923
thanh4+𬛀,thanh4,0.07697057723999023,0.7689664715835424,0.10753605437938518
thanh4+󱝞,thanh4,0.07833020389080048,0.6870524132871557,0.1359028146955742
thanh4+󰸪,thanh4,0.1008383184671402,0.7704747624594944,0.11388404667012657
thanh4+󰇵,thanh4,0.10107775032520294,0.5941483356887693,0.1517256480809271
thanh4+󰬸,thanh4,0.07118932902812958,0.7881102132721542,0.11093861617576246
thanh4+㺜,thanh4,0.07332130521535873,0.7478982736875343,0.13234539283386174
thanh4+󱹽,thanh4,0.03984642028808594,0.8504249087808772,0.08440647008588693
thanh4+𠶒,thanh4,0.09368560463190079,0.6616704962504434,0.10153727089568203
thanh4+𫉎,thanh4,0.05968425050377846,0.8234972385478139,0.10320353548165843
thanh4+󱝺,thanh4,0.06044875085353851,0.7719117496903467,0.11558477610258666
thanh4+󰢔,thanh4,0.06818410754203796,0.7648458590719549,0.07417346950392938
thanh4+𨅞,thanh4,0.07897380739450455,0.7326859753010354,0.12229686521522277
thanh4+㷝,thanh4,0.07277769595384598,0.8167376251845725,0.10432258595042065
thanh4+𢀦,thanh4,0.0865664929151535,0.7089276730837035,0.09335281383974749
thanh4+𬏻,thanh4,0.05925457552075386,0.7918184663814611,0.12254150521379437
thanh4+𦨂,thanh4,0.05901359021663666,0.7744552829997252,0.10614370233605287
thanh4+󰮦,thanh4,0.06325656920671463,0.7987323538552814,0.12054432545824927
thanh4+󱋇,thanh4,0.07888264954090118,0.6132147779830195,0.09822660220298969
thanh4+󱹪,thanh4,0.07095587253570557,0.7696779013733458,0.0813399746842967
thanh4+㖀,thanh4,0.06004755198955536,0.7928468940510015,0.07934729952510317
thanh4+𣋇,thanh4,0.06485742330551147,0.7591081248054609,0.10738600156577187
thanh4+𫼿,thanh4,0.06343425810337067,0.7575854852107515,0.11724859298795902
thanh4+󱝯,thanh4,0.05309829115867615,0.7886316455623452,0.12264595481045525
thanh4+󱡉,thanh4,0.10976053774356842,0.7774953561311353,0.09268375458658207
thanh4+𪷘,thanh4,0.05039728060364723,0.757831075595128,0.09763971156356539
thanh4+㖪,thanh4,0.04614713415503502,0.7832383080150459,0.09008947265254356
thanh4+𠽏,thanh4,0.06239304691553116,0.8166340437542349,0.09253299112803388
thanh4+𠹖,thanh4,0.06879501044750214,0.7956075137087765,0.11866956341164366
thanh4+󱛖,thanh4,0.0540599599480629,0.8123557372231875,0.08804285359875251
thanh4+𫯝,thanh4,0.09601691365242004,0.6807215799639431,0.09437491830081816
thanh4+𬏇,thanh4,0.05372580513358116,0.8058216931743009,0.10840665074480911
thanh4+𡄫,thanh4,0.04965659976005554,0.8331857343713349,0.10389128308077016
thanh4+𢠤,thanh4,0.07304757833480835,0.8044209011393547,0.10365194745130853
thanh4+𣞄,thanh4,0.08417367190122604,0.758775452202202,0.14790504593481843
thanh4+󱰺,thanh4,0.05371948704123497,0.7182105192016331,0.13904743363326466
thanh4+󰁂,thanh4,0.17138317227363586,0.6821994863859476,0.0999495836664409
thanh4+𫴯,thanh4,0.0905880257487297,0.7467778230570693,0.08693106419713749
thanh4+𪩥,thanh4,0.0643221065402031,0.8384779995945566,0.1244499693668884
thanh4+𭢌,thanh4,0.06470414251089096,0.7545741901249664,0.11870796826091475
thanh4+󱞡,thanh4,0.08008375763893127,0.7368010209354549,0.11548111683682065
thanh4+𠶎,thanh4,0.060634687542915344,0.8545901916227783,0.10498037349077033
thanh4+𠴖,thanh4,0.0986989364027977,0.7100872704807117,0.08729108170752407
thanh4+𡁽,thanh4,0.0899551585316658,0.6579632828478107,0.15359256632748108
thanh4+䈊,thanh4,0.0683336928486824,0.7262203497412867,0.1602259787269061
thanh4+󱡵,thanh4,0.07558295130729675,0.6869802814917836,0.12346508794691426
thanh4+湨,thanh4,0.09324085712432861,0.6614659782440704,0.09910110698371133
thanh4+𡮨,thanh4,0.06891417503356934,0.7512689923541891,0.10745477221823846
thanh4+󱡄,thanh4,0.06921979039907455,0.7037860769358816,0.13750307093851538
thanh4+𬕌,thanh4,0.05871814489364624,0.7853990430040867,0.10407910509288225
thanh4+𠲹,thanh4,0.0650314912199974,0.7659187233157934,0.07633129731089532
thanh4+󱜉,thanh4,0.05986200273036957,0.7929835599530366,0.14459315151540442
thanh4+𡃆,thanh4,0.06878184527158737,0.806548409879743,0.13962977264512622
thanh4+𤹕,thanh4,0.0972588062286377,0.6819857829170243,0.11069923555819698
thanh4+㘗,thanh4,0.07664380967617035,0.7710941253935374,0.10272406322280582
thanh4+󱫪,thanh4,0.07272747159004211,0.7357512135426139,0.11358938273107742
thanh4+㗭,thanh4,0.06024525687098503,0.7050363122309031,0.07857718724599692
thanh4+𤻓,thanh4,0.056005872786045074,0.7446804550809044,0.11420367040310157
thanh4+𠸯,thanh4,0.05833104997873306,0.8459931442848192,0.08976139419901404
thanh4+󱟲,thanh4,0.07781306654214859,0.6723418049764889,0.12490544392110962
thanh4+𬓛,thanh4,0.08845935761928558,0.7395788894329297,0.13303538202923929
thanh4+𠜈,thanh4,0.08376330882310867,0.7416796351398821,0.10212047282769361
thanh4+灆,thanh4,0.06331787258386612,0.6448775102968494,0.11661607155352312
thanh4+󰮯,thanh4,0.04524683579802513,0.8461548272128776,0.12435733304613766
thanh4+𫑺,thanh4,0.07242265343666077,0.735760541289744,0.14091666779993725
thanh4+𥯉,thanh4,0.08026247471570969,0.7721519706538974,0.0918896033966806
thanh4+𠺺,thanh4,0.04778975993394852,0.822066567439165,0.12215872889554831
thanh4+󱝪,thanh4,0.07558771222829819,0.6317337359345366,0.11203200547352697
thanh4+哖,thanh4,0.06339120119810104,0.7806185551522326,0.0715237128602506
thanh4+㖕,thanh4,0.05153883248567581,0.8117584237676484,0.09686674879023398
thanh4+𣒠,thanh4,0.06160683184862137,0.8083337255865557,0.10414436358268508
thanh4+󱞦,thanh4,0.09631675481796265,0.5400690264225617,0.1071040318308335
thanh4+𫊬,thanh4,0.05702192336320877,0.820884395615394,0.09949029749562828
thanh4+󱹙,thanh4,0.07040415704250336,0.7900689661120529,0.12708389499861647
thanh4+󱤈,thanh4,0.06987063586711884,0.6595748424243215,0.12363558158719166
thanh4+𥱫,thanh4,0.06293682754039764,0.74248037163839,0.0995671393708696
thanh4+𠺼,thanh4,0.09039068222045898,0.7230753778250215,0.1161737791449804
thanh4+󱩈,thanh4,0.09558393806219101,0.6420152389214328,0.1289816514013
thanh4+𪟤,thanh4,0.06488870829343796,0.7018945168286321,0.09249442331287157
thanh4+𪢊,thanh4,0.05744101107120514,0.7534264331318083,0.08488745966221582
thanh4+圚,thanh4,0.07751017063856125,0.7499878518498835,0.09168298448155048
thanh4+󱧘,thanh4,0.05667148157954216,0.8136607731803267,0.0784885081732092
thanh4+󰋓,thanh4,0.06152929738163948,0.8171771458735916,0.08670548396196896
thanh4+󱹻,thanh4,0.07162678241729736,0.6394608984068824,0.1066327288299642
thanh4+𬀦,thanh4,0.04124951735138893,0.8263041671503806,0.07530008621212202
thanh4+𬆅,thanh4,0.0690125823020935,0.7940793816522226,0.14671043119952581
thanh4+𩶽,thanh4,0.1014629527926445,0.4818868476320902,0.13687407134529328
thanh4+𠿴,thanh4,0.05982086434960365,0.754259958187179,0.10318154979210231
thanh4+󰛕,thanh4,0.06532076001167297,0.6965145359962484,0.1352198150704568
thanh4+𰇵,thanh4,0.0794014185667038,0.6902701093015956,0.10867870740771628
thanh4+𫢖,thanh4,0.09085050225257874,0.7948561573160082,0.11737120660626195
thanh4+𪢒,thanh4,0.05501988157629967,0.7629874606718081,0.09278766232825153
thanh4+󱲰,thanh4,0.08235512673854828,0.6605440350634079,0.11683611929787459
thanh4+𪥑,thanh4,0.06720276921987534,0.7812113972948982,0.1756386845258678
thanh4+󱟂,thanh4,0.0644083023071289,0.7609720136852851,6.6880181729625034
thanh4+󱀄,thanh4,0.07081564515829086,0.7473503742120846,0.1173999529686659
thanh4+󱟎,thanh4,0.07505109161138535,0.7490572776869301,0.09377220138515502
thanh4+𬄹,thanh4,0.06719636172056198,0.8177177129969743,0.1096860437353277
thanh4+𨄸,thanh4,0.04498256742954254,0.8311735258291384,0.11970823668874653
thanh4+󱩙,thanh4,0.0700887143611908,0.7356179482403874,0.09615531970665493
thanh4+󱞊,thanh4,0.07293891906738281,0.6866768156133295,0.13591636540686755
thanh4+󰶅,thanh4,0.07124227285385132,0.7562091503823488,0.0943706146795945
thanh4+𤉓,thanh4,0.0660654678940773,0.8030919508511536,0.125585571427315
thanh4+姈,thanh4,0.08403270691633224,0.7611979589186836,0.08106441457624682
thanh4+󱝻,thanh4,0.06298211216926575,0.7719115017280846,0.09559134784012506
thanh4+嘪,thanh4,0.07352893054485321,0.7728316987825556,0.07066087838747163
thanh4+𥶂,thanh4,0.06261316686868668,0.752036048095727,0.1380318295296278
thanh4+󰌺,thanh4,0.06672778725624084,0.7492397678221216,0.0849929244758646
thanh4+𢲠,thanh4,0.06691336631774902,0.7801373688232175,0.09508906228440621
thanh4+蝔,thanh4,0.045234765857458115,0.8519647196637549,0.0941387780912643
thanh4+󱟡,thanh4,0.07796477526426315,0.7973951242486974,0.11088339567387162
thanh4+𠾬,thanh4,0.04894180968403816,0.8468420281035508,0.094091460037316
thanh4+󰃧,thanh4,0.0728481337428093,0.7426322662882012,0.09386229815058439
thanh4+𩽈,thanh4,0.06879796832799911,0.8024354531812349,0.1145693835138198
thanh4+堒,thanh4,0.06888063251972198,0.7587324956939209,0.09751475028828105
thanh4+𫫴,thanh4,0.046288199722766876,0.8062607132182232,0.10243757804754727
thanh4+𤗹,thanh4,0.05549792945384979,0.6662912114106857,0.10370759794740586
thanh4+󱝷,thanh4,0.09047962725162506,0.5337689407958438,0.09790398429124224
thanh4+𩚧,thanh4,0.07018905133008957,0.6842679282481802,0.09494898093192211
thanh4+󱤲,thanh4,0.06605599075555801,0.662363012969195,0.1256453808924805
thanh4+𣔧,thanh4,0.030352620407938957,0.8668146665572531,0.0858409352184487
thanh4+󰺥,thanh4,0.07964664697647095,0.7489517302379834,0.11435933230938437
thanh4+𠴌,thanh4,0.07318250834941864,0.8496825978177243,0.1069687761460723
thanh4+𥭑,thanh4,0.11728239059448242,0.6945677505995712,0.09727994626089272
thanh4+󱙴,thanh4,0.055721573531627655,0.7614651728952202,0.13031537005882218
thanh4+󰯺,thanh4,0.04242035374045372,0.811635090003111,0.10528833014212825
thanh4+󱤠,thanh4,0.054727036505937576,0.7601999713334037,0.10793426860225326
thanh4+󱫳,thanh4,0.10465073585510254,0.688995662038902,0.07981397730529588
thanh4+𫥸,thanh4,0.07955467700958252,0.8276431499407082,0.10026688203678041
thanh4+󱟬,thanh4,0.09435160458087921,0.6557197359049535,0.17384793061674608
thanh4+󱛴,thanh4,0.07927966117858887,0.6159067578754456,0.1680667540475624
thanh4+𡐮,thanh4,0.0447402149438858,0.8286289034839764,0.09086040821022824
thanh4+󰭔,thanh4,0.05747547000646591,0.7890451730065398,0.07184477069921237
thanh4+󱦋,thanh4,0.0677177831530571,0.7572005094281712,0.09791776657712882
thanh4+𪶩,thanh4,0.05052463337779045,0.8224573258510928,0.10204984530497785
thanh4+胋,thanh4,0.07140127569437027,0.8119281186139412,0.0910141136210492
thanh4+󰘵,thanh4,0.06299406290054321,0.6836061145979275,0.10412444873051951
thanh4+󰛼,thanh4,0.03873087838292122,0.8438171900227008,0.09305677290857794
thanh4+󱟏,thanh4,0.07250235974788666,0.6694956675249699,0.13232693378004046
thanh4+𠷦,thanh4,0.07120367884635925,0.7331382311919254,0.15574545632074527
thanh4+𠻉,thanh4,0.043301403522491455,0.8473410569047142,0.09256766082125527
thanh4+󰧺,thanh4,0.08766619861125946,0.791260589069568,0.10545317765874884
thanh4+𡅉,thanh4,0.058710977435112,0.735292083942801,0.13084588970893565
thanh4+󱬊,thanh4,0.07923925668001175,0.6813560135208033,0.11119465441553655
thanh4+󱟕,thanh4,0.0744161456823349,0.6603506040980696,0.14124982502856767
thanh4+濧,thanh4,0.09548978507518768,0.7639433248455737,0.08913680336771541
thanh4+󱘓,thanh4,0.06837823987007141,0.7602902745921475,0.11629348578325908
thanh4+𬂻,thanh4,0.09140048176050186,0.6579248443996154,22.140941866027614
thanh4+󱮺,thanh4,0.10623899102210999,0.766335688658234,0.1252879571496224
thanh4+󱼖,thanh4,0.07800792902708054,0.8214706110154866,0.16340543160426593
thanh4+󰝅,thanh4,0.0644107535481453,0.7617911268866016,0.09376181219484699
thanh4+𬏖,thanh4,0.06127665936946869,0.7749643165041074,0.10972940760604528
thanh4+𠺮,thanh4,0.07476042211055756,0.7983361426874256,0.10838560824916531
thanh4+㨫,thanh4,0.06999564915895462,0.6860140431636792,0.10746321281940015
thanh4+󰨑,thanh4,0.08628026396036148,0.617839471638771,0.15714382825971515
thanh4+噃,thanh4,0.060153741389513016,0.7796138998145755,0.08509673524942045
thanh4+󱜫,thanh4,0.07351218163967133,0.7224879543009196,0.7311428199425355
thanh4+󰮃,thanh4,0.051890403032302856,0.8233593186290966,0.1025679289223841
thanh4+𬟻,thanh4,0.062241680920124054,0.7922122725275137,0.07832292844057873
thanh4+󱌡,thanh4,0.07233598083257675,0.6225637496657328,0.11643953667057805
thanh4+󱡑,thanh4,0.11560234427452087,0.6441818781352685,0.13426888395375233
thanh4+𬡶,thanh4,0.06054672226309776,0.8028896275537826,0.1109996339709578
thanh4+𫬪,thanh4,0.07612577080726624,0.4900356746340941,0.10144327405127392
thanh4+𩠱,thanh4,0.06784598529338837,0.8161360328631505,0.1569268511832512
thanh4+𡃎,thanh4,0.08088114112615585,0.6569402047422143,0.11678920618161243
thanh4+󰛺,thanh4,0.06614807993173599,0.8328481990408004,0.0824775576197239
thanh4+𬠥,thanh4,0.07219786942005157,0.6992374255159982,0.12211397506925924
thanh4+𠌊,thanh4,0.050940096378326416,0.8102221174524041,0.08883352537056954
thanh4+󱝗,thanh4,0.06353195011615753,0.7658455389587216,0.09480334239651911
thanh4+𦛲,thanh4,0.07051769644021988,0.7755403427730448,0.08658742229434858
thanh4+𠶍,thanh4,0.0742422565817833,0.7591668467203557,0.11024655719516248
thanh4+𫽠,thanh4,0.052379027009010315,0.7814614838535252,0.11352972614323932
thanh4+𤳧,thanh4,0.054921504110097885,0.7551471053710073,0.08407921806924779
thanh4+㤝,thanh4,0.05652525648474693,0.8084399015939597,0.09859035248337716
thanh4+󱝟,thanh4,0.07791777700185776,0.7531972763372712,0.11215000935612347
thanh4+鮗,thanh4,0.07618021965026855,0.741037582945573,0.17078676300573256
thanh4+𡉎,thanh4,0.07589378207921982,0.7375994402857043,0.0509293550023625
thanh4+󱢉,thanh4,0.0825696736574173,0.6343101540937219,0.08691871859241973
thanh4+󱹜,thanh4,0.05597560107707977,0.8107971148646647,0.08823266752366732
thanh4+捠,thanh4,0.056862227618694305,0.8300980282283817,0.12784639903408032
thanh4+𪝪,thanh4,0.06170782446861267,0.8046143163943981,0.12584928723065894
thanh4+䀭,thanh4,0.09391244500875473,0.7612417095255973,0.10807142330977663
thanh4+󱡰,thanh4,0.08103189617395401,0.7420151408483269,0.09389060743522903
thanh4+󰂄,thanh4,0.047211430966854095,0.8395132905032632,0.1054161751779667
thanh4+󱩛,thanh4,0.07939110696315765,0.7081910243056652,0.13091975067330652
thanh4+󱝸,thanh4,0.11450579017400742,0.7024485439260123,0.15316122575684615
thanh4+󱗳,thanh4,0.09150905907154083,0.5379531798456242,0.10136971244834053
thanh4+𡔒,thanh4,0.056629255414009094,0.7300093389734056,0.11412151818933391
thanh4+𠹌,thanh4,0.06656447798013687,0.7546295676628744,0.11664366855660575
thanh4+󱝾,thanh4,0.07413531839847565,0.7934698769840006,0.11604356428456165
thanh4+𫬱,thanh4,0.05989472568035126,0.7492704135801745,0.12758631782168856
thanh4+𠻅,thanh4,0.05923968926072121,0.7455028037924837,0.07809947649048098
thanh4+𪂱,thanh4,0.06904035061597824,0.6147356585019104,0.10363206932424229
thanh4+𫆶,thanh4,0.1002613976597786,0.6606168369573322,24.695839967708963
thanh4+𥙒,thanh4,0.06070103868842125,0.7970915942186265,0.10610945751995499
thanh4+󱋰,thanh4,0.09819363802671432,0.7177573255304801,0.12352902817144319
thanh4+󱟮,thanh4,0.06532948464155197,0.7343537080785131,0.1093472477418438
thanh4+𧞣,thanh4,0.05117243155837059,0.8172343261875803,0.0887817633771922
thanh4+𦟏,thanh4,0.07972440123558044,0.7589092103921674,0.15915374909328314
thanh4+󱨨,thanh4,0.07210233807563782,0.7455393183275097,0.1635083683901071
thanh4+󰄜,thanh4,0.12443123012781143,0.4717524623518507,0.11800586860006178
thanh4+唥,thanh4,0.05219556763768196,0.824892979666806,0.1059759743681567
thanh4+𬄪,thanh4,0.06228828430175781,0.7905234573916081,0.1448804589420308
thanh4+𠻱,thanh4,0.060059282928705215,0.7879350492537387,0.09871894734659764
thanh4+󱦪,thanh4,0.07607527077198029,0.6903977997038135,0.1644517790828124
thanh4+󱫠,thanh4,0.05032183229923248,0.7914720715717901,0.11366478929650875
thanh4+𥮈,thanh4,0.07543567568063736,0.7674828482570674,0.09166762829708469
thanh4+󱨕,thanh4,0.0751279890537262,0.6695331179789648,0.09574122169981063
thanh4+𨆟,thanh4,0.07378391921520233,0.6436778736595395,0.3846397993547239
thanh4+󱥻,thanh4,0.03270578011870384,0.8658080222117681,0.09070945157366828
thanh4+𤄷,thanh4,0.03966440260410309,0.7960184752501801,0.11271364306628107
thanh4+𥋲,thanh4,0.06777223944664001,0.8149472521152411,0.1296081498072338
thanh4+𬉌,thanh4,0.06175730377435684,0.7697872751970535,0.1751413410757666
thanh4+𡓾,thanh4,0.08727309107780457,0.6448400649142345,0.1617173649902189
thanh4+󱝹,thanh4,0.08030515909194946,0.7590326065898209,0.13025131874037657
thanh4+𪰰,thanh4,0.07237540185451508,0.8218210780653191,0.15768007072609436
thanh4+𩯁,thanh4,0.0867413654923439,0.6697020913633046,0.13842279020553058
thanh4+𤯱,thanh4,0.060694195330142975,0.8410211502476476,0.08496950970110645
thanh4+󱚒,thanh4,0.05498027801513672,0.7956691634902329,0.12193808000175312
thanh4+󱀰,thanh4,0.05985558032989502,0.7378639287704496,0.08280585409541101
thanh4+𫴬,thanh4,0.06195458024740219,0.8521618598577867,0.08206238078475389
thanh4+󱛣,thanh4,0.04615003615617752,0.7567181550081171,0.07845043985745953
thanh4+󱞖,thanh4,0.06490358710289001,0.8075137358967979,72.73120881056774
thanh4+󱠡,thanh4,0.06899017095565796,0.7577574505125595,0.11113660618775474
thanh4+󱓍,thanh4,0.07872988283634186,0.7874858920384838,0.12164203691540625
thanh4+󱟉,thanh4,0.05528922379016876,0.7786136322424655,1.1735786177513212
thanh4+𡁼,thanh4,0.05106604844331741,0.8271465022326153,0.09940835703471702
thanh4+𡉖,thanh4,0.07414750754833221,0.769718156609327,0.06347853702165528
thanh4+󰭂,thanh4,0.07646200060844421,0.7572510613434202,0.10557046386745021
thanh4+𡁝,thanh4,0.11345558613538742,0.6676215922290581,0.20338983988488146
thanh4+𣌌,thanh4,0.0741555467247963,0.6787391929969907,0.1200868031121466
thanh4+󱙤,thanh4,0.0774974375963211,0.8150697841910753,0.0672415013014535
thanh4+󱞈,thanh4,0.06840988993644714,0.7259492024355338,0.12349433641823039
thanh4+㖗,thanh4,0.04424459859728813,0.878233834819364,0.07709829923281358
thanh4+啩,thanh4,0.07890036702156067,0.7799721296498946,0.1263237459929919
thanh4+𡎔,thanh4,0.07759508490562439,0.7902869962003338,0.14257591302313802
thanh4+𬈗,thanh4,0.07706476747989655,0.7542522251221108,0.13833903718019344
thanh4+󱚰,thanh4,0.04483943432569504,0.836565483917823,0.10110206059891808
thanh4+󱞙,thanh4,0.063875213265419,0.7164732889947152,0.09292162229690548
thanh4+𦼜,thanh4,0.054433323442935944,0.7964818555988937,0.1147941587147404
thanh4+󱭷,thanh4,0.09803686290979385,0.4780627172861498,0.1074693040427706
thanh4+󰘇,thanh4,0.1116817370057106,0.6042694919414671,0.16283957034701876
thanh4+󰊈,thanh4,0.038516007363796234,0.8645585696581102,0.10331483642459667
thanh4+󱞗,thanh4,0.08235590159893036,0.7916193866609113,0.07530751912320388
thanh4+𡮛,thanh4,0.06009851023554802,0.820160219926406,0.09211613448105477
thanh4+󰅬,thanh4,0.06316731125116348,0.7517766417717486,0.10798429238549573
thanh4+𫮡,thanh4,0.060694776475429535,0.7910083007454826,0.10327210197002855
thanh4+󱲥,thanh4,0.0769338607788086,0.7734896935913045,0.09497885192143003
thanh4+𠶅,thanh4,0.08131131529808044,0.5774967162525989,0.08185066331375059
thanh4+𠴹,thanh4,0.04827144742012024,0.8497902293431003,0.0786935008708538
thanh4+󱯧,thanh4,0.09644138813018799,0.7006158583157941,0.1463457306848169
thanh4+󱯄,thanh4,0.07301734387874603,0.6860746117860047,0.1891879229323313
thanh4+𪮩,thanh4,0.08803799748420715,0.6870510285438277,0.10665853488790766
thanh4+󰤣,thanh4,0.08331184089183807,0.6123747811699016,0.11222764200381095
thanh4+𢪭,thanh4,0.05336704105138779,0.834136195773185,0.0779070420779912
thanh4+𢶽,thanh4,0.05463225767016411,0.8077483394590529,0.10402128653286098
thanh4+󱦮,thanh4,0.07403796166181564,0.7575151802025335,0.13084139846095663
thanh4+𫛈,thanh4,0.07119563221931458,0.742763169399908,0.10906372687912842
thanh4+𬞰,thanh4,0.0728558599948883,0.7215262452773147,0.15019050161960615
thanh4+𠮨,thanh4,0.05516410619020462,0.8079049889301188,0.07153220283220187
thanh4+󱡴,thanh4,0.08144094049930573,0.6736449697496456,0.10618944340126207
thanh4+𪤸,thanh4,0.07211258262395859,0.7946946493204656,0.08463911299519174
thanh4+󱜆,thanh4,0.0559665784239769,0.73293371668652,0.08719005907556492
thanh4+𪡴,thanh4,0.05264158919453621,0.7952301535477814,0.14798665078861162
thanh4+󱨿,thanh4,0.08311208337545395,0.7537733929034787,0.0976173600744882
thanh4+𤬪,thanh4,0.06085463985800743,0.7970104291662933,0.0805089862323954
thanh4+󱝢,thanh4,0.06273311376571655,0.7612527842186453,0.13855691472189227
thanh4+󱰮,thanh4,0.04924159497022629,0.7716165564997247,0.1249845096136104
thanh4+󱠧,thanh4,0.07052790373563766,0.73032051252939,0.10708896799734326
thanh4+𡑪,thanh4,0.05128731206059456,0.7995181980403581,0.11539073228430652
thanh4+󱱣,thanh4,0.07544681429862976,0.7909818728496346,0.14960726365757634
thanh4+𥐨,thanh4,0.0719233974814415,0.6551634832818343,0.0923169513335076
thanh4+󰌋,thanh4,0.0801699087023735,0.7185929965410159,0.10806376302352173
thanh4+󱜌,thanh4,0.0871005430817604,0.7957080325972843,0.05754529002733525
thanh4+󱥪,thanh4,0.05628582462668419,0.7435032385880228,0.1111497172064951
thanh4+𠴇,thanh4,0.0650305449962616,0.8378224681581816,0.08738149821567019
thanh4+󱛋,thanh4,0.07591534405946732,0.8075381830682407,0.0833875496297704
thanh4+𧜐,thanh4,0.08147626370191574,0.7895560613661302,0.12355464064586875
thanh4+󱙵,thanh4,0.07416439801454544,0.7071078189350378,0.13643334274770733
thanh4+𣻢,thanh4,0.05383123457431793,0.7371693579964269,0.10824307531205324
thanh4+㨲,thanh4,0.048943232744932175,0.7661942009259907,0.10713065422534816
thanh4+𠿱,thanh4,0.04189547523856163,0.8019899933147657,0.09424468478264196
thanh4+󱓇,thanh4,0.08718211948871613,0.7025481717398905,432.12046526008857
thanh4+𤄮,thanh4,0.07049188017845154,0.7427465354258672,1.2056769905203493
thanh4+𬕷,thanh4,0.06825397163629532,0.7796425156261038,0.09809231688615305
thanh4+󰘓,thanh4,0.0672013983130455,0.7926590003434667,0.08537448862117458
thanh4+𡕩,thanh4,0.06704086810350418,0.7922409950767603,0.10858764695132705
thanh4+󱯛,thanh4,0.09289088100194931,0.7743967332585086,0.10841798079532981
thanh4+𡑭,thanh4,0.06435513496398926,0.8228919046966786,0.25213070405174914
thanh4+𪶵,thanh4,0.041856251657009125,0.8184777781316852,0.09378231415807874
thanh4+󱝨,thanh4,0.06731268763542175,0.7300998646140788,0.13198557509997808
thanh4+𤲼,thanh4,0.07606316357851028,0.7463200085140742,0.12950752175172053
thanh4+𫅰,thanh4,0.07950662821531296,0.5912933778005421,0.10309635919090306
thanh4+㗩,thanh4,0.09979061782360077,0.6623985745251286,0.1020599079409774
thanh4+󱟱,thanh4,0.08421961218118668,0.7422007900164324,0.06210825611731661
thanh4+󱢅,thanh4,0.07659561187028885,0.744603608913184,0.10061628826840262
thanh4+󱙲,thanh4,0.07727906852960587,0.46728804066597585,0.09577123556093742
thanh4+󱤾,thanh4,0.05239824950695038,0.8396941654918644,0.1037073591885686
thanh4+󱡗,thanh4,0.07722745835781097,0.5963797580142782,0.10581653857117934
thanh4+𫢧,thanh4,0.08597917854785919,0.6663897282040542,0.10594756540912285
thanh4+𫕹,thanh4,0.10333549231290817,0.6959566988913463,0.18168491205957893
thanh4+𡅍,thanh4,0.05738377198576927,0.7235202947809236,0.12199409401277898
thanh4+埨,thanh4,0.06210581213235855,0.7627183874844319,0.09394804993475335
thanh4+󱟠,thanh4,0.06621983647346497,0.7876319183330847,0.11107805596687721
thanh4+󱦡,thanh4,0.09213417768478394,0.6073586588269977,0.11388015548795109
thanh4+䓬,thanh4,0.06888438761234283,0.7640742445146946,0.07991836858631159
thanh4+󱥥,thanh4,0.06759156286716461,0.7883690235616192,0.13561455198248903
thanh4+󱟝,thanh4,0.06378969550132751,0.8131421867085824,0.10675389310235327
thanh4+𩸴,thanh4,0.06905286759138107,0.8203902738410729,0.19652210228909953
thanh4+󱳴,thanh4,0.0784902349114418,0.6780379518633456,0.14876328540047906
thanh4+󱮮,thanh4,0.052067749202251434,0.7488968549673,0.10815420189197766
thanh4+󱛢,thanh4,0.06949684023857117,0.7317567535893784,0.08891762291687412
thanh4+𡎤,thanh4,0.07833494246006012,0.7045565435113822,0.10925087708435831
thanh4+󰧙,thanh4,0.06575378030538559,0.8215835011005418,0.07854987555383043
thanh4+𥴙,thanh4,0.08144393563270569,0.7842209038949655,0.10432390777006945
thanh4+𫫛,thanh4,0.0737123042345047,0.7593314390161765,0.12334651051302342
thanh4+𠸫,thanh4,0.05416767671704292,0.7915551770140737,0.08524340873092406
thanh4+󱜴,thanh4,0.0814228355884552,0.8642903961050067,0.08658301720167987
thanh4+𪡦,thanh4,0.057105664163827896,0.7076245067728626,0.08210906814364967
thanh4+𪺇,thanh4,0.061318621039390564,0.7542839921102565,0.10730993681297625
thanh4+𬗏,thanh4,0.07811308652162552,0.6834870957148076,0.10591690931506166
thanh4+󱙷,thanh4,0.10777431726455688,0.6382193006764391,0.08085486369157578
thanh4+󱭧,thanh4,0.06993278861045837,0.7428425606233484,0.10786462544530284
thanh4+𪺛,thanh4,0.07807092368602753,0.7612789849671067,0.09703064070803456
thanh4+𡏯,thanh4,0.07116377353668213,0.5998854255997063,0.09542725173621179
thanh4+󱞮,thanh4,0.09344963729381561,0.7558965266773967,0.10903382424617086
thanh4+󱟪,thanh4,0.0827769786119461,0.6589193050718373,0.12238441558353978
thanh4+𪦎,thanh4,0.07406914979219437,0.811620294580937,0.08837043761318546
thanh4+侱,thanh4,0.06554144620895386,0.7972731672974265,0.08002561937756451
thanh4+󱚳,thanh4,0.07869352400302887,0.772634797673292,0.24483051938598155
thanh4+𬖩,thanh4,0.13017183542251587,0.4952574108695468,0.11957258821038756
thanh4+𩵾,thanh4,0.06630974262952805,0.7028944120720193,0.09230976987745067
thanh4+𪢘,thanh4,0.055138666182756424,0.7958166814179074,0.1549072541763389
thanh4+𡌩,thanh4,0.06916628777980804,0.7667537123452932,0.0969698474144816
thanh4+鯑,thanh4,0.05286254733800888,0.79151178145627,0.11642145906516714
thanh4+𬄃,thanh4,0.08221593499183655,0.6291786352521442,0.10490845291260187
thanh4+𫼰,thanh4,0.04624124616384506,0.8443979025043978,0.10763211202732538
thanh4+𪢠,thanh4,0.0730174109339714,0.6414723761273826,0.12031285044684052
thanh4+婫,thanh4,0.05567089468240738,0.751422084426834,0.10510904687574353
thanh4+󱏛,thanh4,0.06890733540058136,0.8047206846652005,145.19768745398736
thanh4+𡃝,thanh4,0.055310770869255066,0.8069982102491782,0.08329916751157934
thanh4+䐥,thanh4,0.06883800774812698,0.7088247831484706,0.09903163859348686
thanh4+𡏠,thanh4,0.07267835736274719,0.6839316090745098,0.10993253197038654
thanh4+󰢜,thanh4,0.06415385007858276,0.7922191366316793,0.10946124478342976
thanh4+󱛵,thanh4,0.05155569314956665,0.8396211594001802,239.99389346408645
thanh4+𣎞,thanh4,0.06161702424287796,0.741767366982417,0.12546133958800135
thanh4+󰝎,thanh4,0.07758630812168121,0.726826975758245,0.07860203365442935
thanh4+󱥭,thanh4,0.07002316415309906,0.7849236687741282,3.1931405705114475
thanh4+󱝖,thanh4,0.06977073848247528,0.6962737596494858,0.10313426330846727
thanh4+󱳒,thanh4,0.06458494067192078,0.6838778115750013,0.13167395812417493
thanh4+𪢷,thanh4,0.041044220328330994,0.8284943063765648,0.06662147901016387
thanh4+𢴊,thanh4,0.046185947954654694,0.8223805994321511,0.09926257229962827
thanh4+𡫡,thanh4,0.07290838658809662,0.7809383235596509,0.12072327526520558
thanh4+𮫷,thanh4,0.08625742793083191,0.7241694693416433,0.0944026365675455
thanh4+𡂷,thanh4,0.06368321180343628,0.6762742689807134,0.11529345093288358
thanh4+𠻇,thanh4,0.04625999554991722,0.8277033282163458,0.10036082801523132
thanh4+𫧟,thanh4,0.08125985413789749,0.824959542003652,0.06977818579295687
thanh4+𠽂,thanh4,0.08724337816238403,0.6150149798324344,0.09061509570135844
thanh4+󱘰,thanh4,0.0866016075015068,0.6801228777448272,0.10592413566478241
thanh4+𡃙,thanh4,0.0744304433465004,0.7413397442810518,0.1358645592276152
thanh4+󱥦,thanh4,0.07226509600877762,0.6511711212994467,213.0536217102327
thanh4+𬞑,thanh4,0.06513651460409164,0.7876665215767424,0.1340253956370466
thanh4+󱪱,thanh4,0.05580565333366394,0.7703980862224766,0.1287998521505115
thanh4+𠴭,thanh4,0.04877357929944992,0.8012491434641811,0.07442229405694561
thanh4+𫄋,thanh4,0.0609205886721611,0.7036859321359423,0.11398526402319821
thanh4+𫪁,thanh4,0.05568120256066322,0.8276098760268691,0.10648033221592251
thanh4+󱞝,thanh4,0.03930392861366272,0.8199408755719049,0.09405011976370108
thanh4+󰭙,thanh4,0.09026364237070084,0.6882524791126716,0.12510529006530471
thanh4+󱌰,thanh4,0.05460577458143234,0.8429195146175713,0.06041692362978381
thanh4+󱠼,thanh4,0.10024795681238174,0.7760437044296761,0.08416821597389283
thanh4+󰂛,thanh4,0.07337479293346405,0.7597946455120345,0.13007245012502228
thanh4+󱘠,thanh4,0.07419522851705551,0.7401633929946622,0.14822215547664377
thanh4+󱝒,thanh4,0.047302279621362686,0.8501175406013418,0.12048526021407953
thanh4+󱰐,thanh4,0.06696498394012451,0.7764223359164253,0.11363374703575475
thanh4+𬖵,thanh4,0.06325604021549225,0.7038498081811643,0.12125532956969605
thanh4+𰈨,thanh4,0.05362941697239876,0.8154852365252521,0.1241876046711556
thanh4+󱦩,thanh4,0.1079537644982338,0.637416699727629,7.011833438759848
thanh4+𰦫,thanh4,0.05107599124312401,0.8319920735200779,0.08349718882105202
thanh4+𬮷,thanh4,0.10284166038036346,0.6409330209990527,2.0344577303018454
thanh4+𢙬,thanh4,0.06365068256855011,0.8094571106281577,0.08607037862495759
thanh4+𪀆,thanh4,0.06338203698396683,0.6416483211650749,0.11757343554162743
thanh4+𪡿,thanh4,0.09654166549444199,0.5877077337049968,0.10735473326842691
thanh4+󰐨,thanh4,0.0657404363155365,0.7942715974511554,0.09091508363594562
thanh4+𬓓,thanh4,0.07262341678142548,0.7517403376735295,0.11172299337435292
thanh4+󱞆,thanh4,0.12563928961753845,0.5404935046136596,0.18689606580753768
thanh4+󱩬,thanh4,0.10078607499599457,0.6337371013178223,0.0863945573368204
thanh4+𤣡,thanh4,0.07196584343910217,0.7730989325677924,0.13123012215125138
thanh4+𪢜,thanh4,0.08048957586288452,0.6088452271774735,0.10896436270615571
thanh4+󱘧,thanh4,0.07033646106719971,0.5210423672356078,0.10344963191949214
thanh4+𭈒,thanh4,0.10666796565055847,0.5736950914612343,0.15575523263062802
thanh4+𧟝,thanh4,0.0905083641409874,0.4896278804757871,0.11170877296177434
thanh4+𥌈,thanh4,0.07365503162145615,0.7706439739127049,0.11393662023663154
thanh4+𥶱,thanh4,0.05303294211626053,0.7635212353678751,0.11777508184132703
thanh4+󱬑,thanh4,0.08080147951841354,0.7491125571452982,0.09608945576991823
thanh4+𦨭,thanh4,0.08820316940546036,0.5501039410726819,0.14379216885890142
thanh4+󱠑,thanh4,0.038324784487485886,0.8247742870474095,0.10120429203661992
thanh4+𰋝,thanh4,0.11627916246652603,0.6735161060757956,0.16568616967987138
thanh4+𭉷,thanh4,0.050225015729665756,0.8774529085286218,0.09420616143242033
thanh4+󱹓,thanh4,0.06016257405281067,0.7771202703778348,0.09270944578366715
thanh4+𢷰,thanh4,0.06793036311864853,0.8128888538461552,0.11312272354872481
thanh4+𮤭,thanh4,0.09281149506568909,0.7524161675943937,0.07503091376722902
thanh4+󱹺,thanh4,0.04556256905198097,0.7836889222680313,0.1207267559331418
thanh4+󱮧,thanh4,0.05413435027003288,0.8240324665076865,0.11417591099450745
thanh4+𠴘,thanh4,0.07755345106124878,0.6743672045931893,0.11476421197328679
thanh4+𧋸,thanh4,0.07078549265861511,0.761968234626434,0.09848931920860755
thanh4+𫢶,thanh4,0.062082353979349136,0.8165774464466136,0.09173325882276319
thanh4+𣖗,thanh4,0.052538566291332245,0.8165705532158402,0.13182848315948067
thanh4+𪡆,thanh4,0.0681624636054039,0.7786009385524685,0.08035904695999374
thanh4+𡜒,thanh4,0.06143222376704216,0.7727992100071395,0.17753514994290023
thanh4+󱹡,thanh4,0.06110840290784836,0.8140638510961423,0.1385965070727068
thanh4+󱜾,thanh4,0.07699458301067352,0.7394488744383996,0.06358838444190061
thanh4+𬕳,thanh4,0.06641329079866409,0.7961608162138889,0.10492714750839847
thanh4+󱜖,thanh4,0.07695990055799484,0.7916951570275129,0.07034204006858084
thanh4+𮜲,thanh4,0.09398099035024643,0.7014212881245697,0.0994546266811648
thanh4+󱛅,thanh4,0.07890959084033966,0.7805074418649446,0.10687629078553619
thanh4+𠏠,thanh4,0.04934661090373993,0.853689111610246,0.1025724430666995
thanh4+溒,thanh4,0.03917437791824341,0.8549522296190869,0.0895731315961253
thanh4+𠿵,thanh4,0.051759272813797,0.7968419137762603,0.10402725975114167
thanh4+󱉲,thanh4,0.07818340510129929,0.6855726030690528,15.84903000604136
thanh4+𠾺,thanh4,0.049123503267765045,0.7935268450850536,0.09479827896818345
thanh4+󰞘,thanh4,0.09154858440160751,0.770142627278101,0.05641765656514178
thanh4+𡓯,thanh4,0.07198885083198547,0.7348792190412211,0.2414612071264891
thanh4+𢯝,thanh4,0.055529288947582245,0.8020317598699436,0.11622700174249401
thanh4+󰢽,thanh4,0.04927511885762215,0.848432384047928,0.09595830032070755
thanh4+󰅲,thanh4,0.0772450864315033,0.7521028369409541,0.07131307549200551
thanh4+㘢,thanh4,0.08108945935964584,0.7653148604709278,0.08138407480169295
thanh4+󱟨,thanh4,0.05678913742303848,0.7779184952419657,0.11639394460849117
thanh4+𨂗,thanh4,0.0897933840751648,0.6536608635547603,0.1605562218133251
thanh4+󰬨,thanh4,0.0669524297118187,0.6713644835237131,0.1141277952535736
thanh4+𫲼,thanh4,0.08120284229516983,0.7746989341010173,0.09022899886519968
thanh4+󱨇,thanh4,0.09006170928478241,0.7220214789415567,0.09084541047082757
thanh4+𩼁,thanh4,0.05924849584698677,0.8049944846358779,0.12789942190534118
thanh4+󰛈,thanh4,0.0680229663848877,0.8155777716524553,0.13497150836544466
thanh4+󰡊,thanh4,0.04347212240099907,0.8153207129661493,0.09477169019404295
thanh4+𩛸,thanh4,0.0422137975692749,0.8573421029614415,0.12548313806846761
thanh4+𡇻,thanh4,0.0879998728632927,0.7064115808055704,0.06640902294152211
thanh4+𫞡,thanh4,0.05614611506462097,0.8078191709649813,0.1056372866907916
thanh4+𠶈,thanh4,0.0616510845720768,0.8323613169053162,0.0942355596297359
thanh4+堹,thanh4,0.04173906520009041,0.8376260858859728,0.10356688434078544
thanh4+𠲏,thanh4,0.051802318543195724,0.8342264805833304,0.08973212364145183
thanh4+󰞬,thanh4,0.1283705085515976,0.3316826592506072,0.09426407306687996
thanh4+蓸,thanh4,0.06822054088115692,0.753934964384646,0.17115980988461768
thanh4+𦲼,thanh4,0.05925914645195007,0.7927707020918462,0.09272965652274151
thanh4+󱤒,thanh4,0.07211451977491379,0.7286202967738953,0.15023647476495225
thanh4+󱚑,thanh4,0.07473497837781906,0.7790298001300494,0.10151721488280781
thanh4+䰺,thanh4,0.08386911451816559,0.6784465806828318,0.09076801633939023
thanh4+󱞻,thanh4,0.0892324298620224,0.779677150632018,0.10857528390649168
thanh4+𠸄,thanh4,0.05499967187643051,0.7619086768119595,0.09413530328617482
thanh4+󱓦,thanh4,0.08274715393781662,0.5691966166213844,0.10515403083848895
thanh4+󱫴,thanh4,0.07883229106664658,0.7314707600845973,0.1456096367715095
thanh4+𥵉,thanh4,0.05108567699790001,0.8289444227979142,0.10192676843935296
thanh4+𠱻,thanh4,0.08206404745578766,0.7608714102818018,0.13733883458143478
thanh4+󰢉,thanh4,0.09139913320541382,0.6438143992193422,0.11541582091436753
thanh4+𪣮,thanh4,0.06984077394008636,0.7654490810483552,0.08020621338416073
thanh4+󱥑,thanh4,0.055898189544677734,0.736015217911414,0.11743415190074481
thanh4+𡁚,thanh4,0.048650436103343964,0.8169606042143925,0.12144009955939904
thanh4+󱰗,thanh4,0.05411115288734436,0.7913336763386809,0.2255670558303633
thanh4+󱛱,thanh4,0.0643201544880867,0.7649037178271902,0.12072015385326464
thanh4+𢹊,thanh4,0.07465038448572159,0.7609450639136597,0.16277351407075288
thanh4+𡃜,thanh4,0.05493521690368652,0.7094857229221028,0.1015770444708907
thanh4+󱝑,thanh4,0.04006757587194443,0.864997094201932,0.08678673934816883
thanh4+𡀇,thanh4,0.047560304403305054,0.8235187146625919,0.1181046400925337
thanh4+󱰖,thanh4,0.057353317737579346,0.7797809668226166,0.09377819775967138
thanh4+𡁛,thanh4,0.07384461164474487,0.615915456803217,0.1197009923414029
thanh4+󱣗,thanh4,0.06924420595169067,0.5984215600830551,0.0992665356589194
thanh4+󰬲,thanh4,0.0482211671769619,0.8097428125130524,0.1379040045564567
thanh4+𤼞,thanh4,0.06699338555335999,0.7619234847618541,0.14870150866926163
thanh4+𪱎,thanh4,0.08583666384220123,0.7571526329764136,0.13960619848872194
thanh4+󱋃,thanh4,0.0766635611653328,0.6243977691262245,0.115511933026847
thanh4+睈,thanh4,0.06682103127241135,0.7819592618037251,0.07746897260122822
thanh4+𤁔,thanh4,0.07263513654470444,0.7224686905779686,0.13463556371164784
thanh4+󱬻,thanh4,0.05954018980264664,0.7518221685188488,0.11329394891631672
thanh4+󱪼,thanh4,0.07394502311944962,0.6600557849815759,0.15955048748942627
thanh4+󱪉,thanh4,0.08736927807331085,0.6334425203188364,0.10221065439866499
thanh4+哠,thanh4,0.08552738279104233,0.8025118839445142,0.10908523185709833
thanh4+󱫗,thanh4,0.07516471296548843,0.5416544038552885,0.09525419335969065
thanh4+𫪄,thanh4,0.08599688857793808,0.6976887967193848,0.13420526461573393
thanh4+𡃓,thanh4,0.07005269080400467,0.6889258797940641,0.10446020978593062
thanh4+󱞣,thanh4,0.07044536620378494,0.5817583889650956,0.09061929468402559
thanh4+𪖺,thanh4,0.08622024953365326,0.5459789067438781,0.18910744287391734
thanh4+𦟑,thanh4,0.05506472289562225,0.7950423034626112,0.10430168863575656
thanh4+𫔬,thanh4,0.0859399065375328,0.7671021421630809,0.06364502290399705
thanh4+𪡱,thanh4,0.07177960872650146,0.7553570668645937,0.13435370334857347
thanh4+󰂻,thanh4,0.07447417825460434,0.8233418055194712,0.10230434372018617
thanh4+󱗘,thanh4,0.08855752646923065,0.49637627470490286,0.10131923591895597
thanh4+𠿁,thanh4,0.0758332908153534,0.7198644787435106,0.1272399943408633
thanh4+󱼒,thanh4,0.06907103210687637,0.779642475486151,0.09623519259881656
thanh4+𰈏,thanh4,0.05123564973473549,0.8338653799635104,0.08785870913236139
thanh5+𧌂,thanh5,0.052271485328674316,0.7940586993822887,0.0918754576699413
thanh5+𡁽,thanh5,0.1228082925081253,0.6084989510066606,1.3277328007656097
thanh5+󰡊,thanh5,0.048312801867723465,0.7886608930276342,0.08936877882346732
thanh5+偖,thanh5,0.06784847378730774,0.6965040031650361,0.09914951315920989
thanh5+󱥭,thanh5,0.08324498683214188,0.7347594854077822,0.11489749418059865
thanh5+𬂨,thanh5,0.06071203202009201,0.7995919040750695,0.08090812510080175
thanh5+󱝒,thanh5,0.08694566041231155,0.6306620445552522,0.1578691088654173
thanh5+󰠎,thanh5,0.0803656131029129,0.743601489074859,0.07395574149254937
thanh5+𩹹,thanh5,0.0464366152882576,0.7166703625721802,0.119422596777091
thanh5+𢶽,thanh5,0.06677217781543732,0.6849456104390458,0.11681352896476903
thanh5+󰘇,thanh5,0.08022921532392502,0.6230613076384424,0.4214149673845009
thanh5+󱞟,thanh5,0.07526884227991104,0.5811622375893427,0.11395507257244974
thanh5+𨮉,thanh5,0.05109310522675514,0.6900756625298765,0.11866609378864401
thanh5+󰘓,thanh5,0.06441003829240799,0.8036057352003245,0.10803297341040315
thanh5+𠷥,thanh5,0.10883284360170364,0.5948884814174685,0.07932541448080849
thanh5+𪢊,thanh5,0.09881160408258438,0.565595177113699,0.09690174225145265
thanh5+󱌰,thanh5,0.09937694668769836,0.7764921347227428,0.07780795712822497
thanh5+𭰺,thanh5,0.1104469820857048,0.544758190878826,0.09797695813594748
thanh5+󱨇,thanh5,0.1309884488582611,0.4634395895750325,0.08691486237182287
thanh5+󱚍,thanh5,0.06305889785289764,0.7644415245353164,0.07886299698388897
thanh5+󰢣,thanh5,0.07169513404369354,0.6178786807548062,0.34180749925996623
thanh5+𧞿,thanh5,0.07102067768573761,0.7091978608441104,0.19897456824708837
thanh5+󰸪,thanh5,0.051582492887973785,0.7630135601583102,0.12492874108185974
thanh5+󱞻,thanh5,0.11157963424921036,0.5087817937641615,0.09560825330320621
thanh5+󱚒,thanh5,0.05599986016750336,0.7850338298906717,0.10959528420536775
thanh5+𡫫,thanh5,0.0678783431649208,0.6944050558884182,0.7788400004800264
thanh5+󱬊,thanh5,0.08365233242511749,0.4665141136585844,0.20134230088414942
thanh5+󱦅,thanh5,0.08444098383188248,0.6664755440482859,4.075194210430637
thanh5+󱰯,thanh5,0.06892727315425873,0.7995057092269154,0.12951850525227182
thanh5+󱩸,thanh5,0.07646501064300537,0.6306845384126569,0.0954977256679278
thanh5+󱩩,thanh5,0.10001259297132492,0.5608256086206835,0.10359939209364095
thanh5+堒,thanh5,0.071965292096138,0.7182838728051318,11.897519487456423
thanh5+󱞐,thanh5,0.0810774713754654,0.6242434950647547,0.09786910055636777
thanh5+󱰪,thanh5,0.05613838881254196,0.7123014113323677,0.9012490005622235
thanh5+𤊤,thanh5,0.1002112329006195,0.6486935107964552,0.14069306851013016
thanh5+󱞽,thanh5,0.06317108124494553,0.7376683878508061,0.12511534905148913
thanh5+鏙,thanh5,0.0511823371052742,0.7988254401922877,0.0999832208074376
thanh5+湳,thanh5,0.08507757633924484,0.549473958630647,0.1331420128318674
thanh5+󱢣,thanh5,0.06872787326574326,0.6025324561063037,0.0986265177832059
thanh5+𦷬,thanh5,0.07126955687999725,0.7025426706823007,0.14997145702314266
thanh5+𫭅,thanh5,0.09875062108039856,0.6790794120608679,0.10424441038914146
thanh5+𡪦,thanh5,0.0813135951757431,0.6928320078409894,0.1976015456012605
thanh5+󱢅,thanh5,0.08675038069486618,0.5809979883404702,0.0940372695563431
thanh5+󱋃,thanh5,0.057794153690338135,0.7866367192493022,0.11641160259607385
thanh5+娫,thanh5,0.07468941062688828,0.5278738611213496,0.35276564489045
thanh5+𫆶,thanh5,0.06937918066978455,0.6040646112862172,0.1347453112609582
thanh5+𠴹,thanh5,0.08601342141628265,0.7790875359739096,0.08164658982837768
thanh5+𤐠,thanh5,0.08918251097202301,0.7144262667693271,0.1487528625350144
thanh5+𡅯,thanh5,0.06219993904232979,0.7273041475085337,0.16908010903858758
thanh5+󱛥,thanh5,0.07735976576805115,0.6716485310561933,0.08256935163238971
thanh5+󱥦,thanh5,0.05111739784479141,0.7823985644614435,0.11156988541174107
thanh5+𦟟,thanh5,0.06411877274513245,0.705696336684964,1.0084230061409059
thanh5+𤹕,thanh5,0.08620140701532364,0.65951652742325,0.1570259555677968
thanh5+埨,thanh5,0.10559964925050735,0.47585395628514987,0.11205606699541741
thanh5+㗭,thanh5,0.06615831702947617,0.7676170032278957,0.10232305421543615
thanh5+󰈠,thanh5,0.06667433679103851,0.7639012620622532,0.10432927938529458
thanh5+󱝑,thanh5,0.06642983853816986,0.8069151658679904,0.11275091305676203
thanh5+󱺃,thanh5,0.06044392287731171,0.7794180106520913,0.09675147618168639
thanh5+𥵖,thanh5,0.06476709991693497,0.7209953167355444,0.09436361291609802
thanh5+𪥘,thanh5,0.06439723074436188,0.741873072273364,0.09559253361200175
thanh5+󱅒,thanh5,0.08744871616363525,0.605518339034891,0.16233518566522545
thanh5+󱚭,thanh5,0.05704591050744057,0.739533671561688,0.10288723505855037
thanh5+𡏯,thanh5,0.0818985104560852,0.4861508180348992,0.09817817271226065
thanh5+𫥿,thanh5,0.061952002346515656,0.5665003604517608,0.09364024545907233
thanh5+󱛙,thanh5,0.07634127885103226,0.5867314266758232,0.0881018394075898
thanh5+𦟖,thanh5,0.05632295459508896,0.7890740043995303,0.10366348245753948
thanh5+𫇿,thanh5,0.07219360023736954,0.706955890924549,0.08243085459344356
thanh5+𨔌,thanh5,0.0750507190823555,0.6776809279528926,0.10113081394215585
thanh5+󱹡,thanh5,0.06803179532289505,0.7518410291760113,0.13479388740492743
thanh5+𧒅,thanh5,0.07049839943647385,0.7482986962960348,0.12759637855642061
thanh5+󱫑,thanh5,0.061954159289598465,0.6614851899486265,0.11077126060242826
thanh5+𫆮,thanh5,0.05145540460944176,0.6887209571599031,0.10023922334872641
thanh5+𦝺,thanh5,0.0852668285369873,0.6320467013472719,3.5250912210377905
thanh5+󱤲,thanh5,0.09614714235067368,0.5550845080295425,0.18444524741585686
thanh5+󱝻,thanh5,0.06709062308073044,0.7644632956581163,0.08281572639200505
thanh5+哖,thanh5,0.11298107355833054,0.6766881943598444,0.14057254576429373
thanh5+󰫽,thanh5,0.09863336384296417,0.7081541227177143,0.09419733722638624
thanh5+𠴌,thanh5,0.06536887586116791,0.7713969361716648,0.0971844949015702
thanh5+𪬪,thanh5,0.08720952272415161,0.7090999918445591,0.10523308132665814
thanh5+𠲹,thanh5,0.12854905426502228,0.5389161674917163,0.0826099257528967
thanh5+𢪭,thanh5,0.048262741416692734,0.7516879862337278,0.19292517945635443
thanh5+󱯗,thanh5,0.1024956926703453,0.6010487864384595,5.556119330067307
thanh5+󱏛,thanh5,0.07348038256168365,0.7635957967024997,0.09995215812678375
thanh5+𠮙,thanh5,0.06921479105949402,0.6844060525643755,0.07246506328952601
thanh5+󰃧,thanh5,0.05168767645955086,0.7466402585393944,0.1744416033743319
thanh5+𠹖,thanh5,0.07310039550065994,0.7586190401969742,0.12493546701072805
thanh5+𡃆,thanh5,0.06505094468593597,0.7046423782550929,0.13283838408519785
thanh5+𠶂,thanh5,0.06307679414749146,0.7905170034588277,0.10470723946986821
thanh5+󱣶,thanh5,0.08789986371994019,0.6906261556821456,0.09209262345451442
thanh5+󱹺,thanh5,0.09513530880212784,0.501489052265161,0.0987790342905666
thanh5+󰂘,thanh5,0.0867822915315628,0.6979405672316378,0.08531908621770053
thanh5+󱥻,thanh5,0.07068155705928802,0.713674904560677,0.131389654862801
thanh5+𬞰,thanh5,0.0680592954158783,0.7370593788392054,0.09992720552661973
thanh5+󱚇,thanh5,0.07917588949203491,0.7014069086900437,0.13053671124707833
thanh5+󰂛,thanh5,0.05719093978404999,0.785333612972874,0.08925969855867781
thanh5+𫔬,thanh5,0.11451203376054764,0.6615722103174405,0.07209923491143576
thanh5+𡁞,thanh5,0.07349175959825516,0.6487264872719328,0.09926451028387924
thanh5+󱫠,thanh5,0.09051099419593811,0.4609939539816387,0.18486638427587684
thanh5+𬦄,thanh5,0.06266561895608902,0.7534601316700691,0.11962525611195059
thanh5+𡀦,thanh5,0.07815816253423691,0.5660189946190884,0.25283650382249734
thanh5+𬅷,thanh5,0.05783326178789139,0.8372187213275897,0.08502812193169372
thanh5+𪁄,thanh5,0.08383338153362274,0.7225610494889494,0.11083622875222003
thanh5+󱘰,thanh5,0.08904963731765747,0.6523596325010682,0.10704403355273677
thanh5+𪿀,thanh5,0.059760019183158875,0.7396042828557872,0.12421784354596244
thanh5+㺜,thanh5,0.05298720300197601,0.791160786410954,0.103591647931688
thanh5+㙘,thanh5,0.06369873881340027,0.6532810151179329,0.08153316456772047
thanh5+𡗅,thanh5,0.07552589476108551,0.7299424476491954,0.0956927040947987
thanh5+𡎜,thanh5,0.0705350860953331,0.623523782484128,0.09362395350113484
thanh5+婻,thanh5,0.07455360144376755,0.6534578823732317,0.09291675057540782
thanh5+𧜗,thanh5,0.07278867065906525,0.5803109758416263,0.10823609575356939
thanh5+𠶒,thanh5,0.09079426527023315,0.6843711913244717,0.07933989181625777
thanh5+󱬎,thanh5,0.06662529706954956,0.6340294294635402,0.33134727799623986
thanh5+𭡏,thanh5,0.05906867980957031,0.6786587167305447,0.46716716682121123
thanh5+󱡰,thanh5,0.08457643538713455,0.6264137777658854,0.11161638132644419
thanh5+󱟨,thanh5,0.057195477187633514,0.6824941028881356,0.09342964934636505
thanh5+𨄮,thanh5,0.07431577146053314,0.7222538508467287,0.11000397568083718
thanh5+𠼸,thanh5,0.0629299208521843,0.7586347134519422,0.11598591856387551
thanh5+𫧟,thanh5,0.07977979630231857,0.6023100173930224,0.09119278893561868
thanh5+𡮣,thanh5,0.10135204344987869,0.7484612370464614,0.09090403520006955
thanh5+𡌡,thanh5,0.08112229406833649,0.5237075051731697,0.1104205174177399
thanh5+󱩻,thanh5,0.0853576511144638,0.7551549240491713,0.09689784271686613
thanh5+󱛪,thanh5,0.06328924745321274,0.7339858994872135,0.08857400278706162
thanh5+󱯏,thanh5,0.076566182076931,0.6545693358392338,0.10639391356471388
thanh5+󰬟,thanh5,0.0903518944978714,0.568188812929375,0.0860634525087578
thanh5+𤻓,thanh5,0.08115237951278687,0.5212269537764854,0.11488179872942095
thanh5+󰭏,thanh5,0.06627219915390015,0.693217248238689,0.12314935278875903
thanh5+󱝂,thanh5,0.06717772781848907,0.7945167008271603,0.10398691545113385
thanh5+𣋇,thanh5,0.0853695273399353,0.4760293499370185,0.10387185883694287
thanh5+𡀬,thanh5,0.09649096429347992,0.6533199098912,0.2553364890696031
thanh5+󱞕,thanh5,0.06619508564472198,0.7708114985317903,0.08722167918478067
thanh5+𣛤,thanh5,0.08250413089990616,0.6092412896817817,0.19990839509523037
thanh5+𫯲,thanh5,0.0696461945772171,0.7039505398666821,0.129098918375857
thanh5+𡄧,thanh5,0.09127207100391388,0.5637328948850352,0.09834886549978099
thanh5+󱪎,thanh5,0.11168032884597778,0.5178151466181047,0.21850366037871594
thanh5+󱥯,thanh5,0.08906635642051697,0.620401608546649,0.140683921950112
thanh5+󱭪,thanh5,0.0609184205532074,0.6423319235196523,0.1795472627163841
thanh5+濧,thanh5,0.09790244698524475,0.6376131456827218,0.2709071546732566
thanh5+㤝,thanh5,0.05950387939810753,0.7135608382441607,0.10039935361855633
thanh5+𪡴,thanh5,0.09598006308078766,0.5843296561345256,0.20281045367316797
thanh5+𪝅,thanh5,0.0535397045314312,0.8048900773488016,0.0887460722652672
thanh5+󱮧,thanh5,0.06666388362646103,0.7647201701076884,0.09787000924476268
thanh5+捠,thanh5,0.06773929297924042,0.7198677357640191,0.11916036696946375
thanh5+𡅑,thanh5,0.0679541826248169,0.7380531029043905,0.185511784399276
thanh5+𫉩,thanh5,0.06158197671175003,0.7701199022609838,0.08916202868885971
thanh5+𡄳,thanh5,0.06558238714933395,0.7716474957407272,0.10567365009948569
thanh5+𢹾,thanh5,0.08826243877410889,0.5553709035654137,0.10891827597373156
thanh5+󱜴,thanh5,0.07430534809827805,0.7650109093460787,0.16497131366290335
thanh5+󱟠,thanh5,0.11975794285535812,0.5637034806831951,0.1398523697903966
thanh5+𡎔,thanh5,0.08877000957727432,0.7705268990882795,0.10160891409682898
thanh5+󰛼,thanh5,0.0693507194519043,0.7720905697415652,0.269218664900761
thanh5+䈊,thanh5,0.07358962297439575,0.6965125720251797,0.08306626282722605
thanh5+󱞢,thanh5,0.09876871109008789,0.6780590037047088,0.13067553043223679
thanh5+澿,thanh5,0.08239540457725525,0.7400503434074428,0.07467787776604305
thanh5+󱋰,thanh5,0.08845585584640503,0.589467293608884,0.09285974542202056
thanh5+𠸙,thanh5,0.08280137181282043,0.6391824460952876,0.09750086886441212
thanh5+𭋙,thanh5,0.08702007681131363,0.5860150775465426,0.14229668117374086
thanh5+𡮺,thanh5,0.08725433796644211,0.7227773370980806,0.10664352756142931
thanh5+𠸫,thanh5,0.055680252611637115,0.7830526512771577,51.78179068308409
thanh5+𦼜,thanh5,0.0614570677280426,0.7896403725850326,0.09067856573695952
thanh5+󱮑,thanh5,0.14035969972610474,0.5813545386215253,0.09831013143274774
thanh5+󱲗,thanh5,0.10915930569171906,0.4886313285766909,0.08500199251014219
thanh5+𰇵,thanh5,0.0668264627456665,0.797407007173833,0.1249466605415654
thanh5+𡄡,thanh5,0.06157457083463669,0.7798368045630596,0.09125855212643591
thanh5+𪢍,thanh5,0.05424865707755089,0.795009814666127,0.11391147613642634
thanh5+󱦪,thanh5,0.0670388713479042,0.7384200413061048,0.16191166169796825
thanh5+𢪥,thanh5,0.07066246122121811,0.6458652733926808,0.12924809227968637
thanh5+𫮲,thanh5,0.08180934935808182,0.6271776489161867,0.09296079778148227
thanh5+𬀦,thanh5,0.07830168306827545,0.7504235187372719,0.10975434404601646
thanh5+𣓾,thanh5,0.06062794476747513,0.8017159049056749,0.08784988747475463
thanh5+󰙘,thanh5,0.07554899156093597,0.507566956055048,0.10912569876641477
thanh5+󱰗,thanh5,0.10849779844284058,0.48247347918441036,0.10759212090076536
thanh5+𠴭,thanh5,0.06428895145654678,0.696815784554266,0.10165077208595996
thanh5+𧍇,thanh5,0.0787620022892952,0.597044370433499,0.1199270789631461
thanh5+󱨫,thanh5,0.10196264833211899,0.6950992603303444,0.07976969485014103
thanh5+𠹰,thanh5,0.08138774335384369,0.7302229629416508,0.11830995229022152
thanh5+󰯺,thanh5,0.0692540779709816,0.6042893672037957,0.17509243971853658
thanh5+󱯠,thanh5,0.07635079324245453,0.5885743774029366,0.1164847020237087
thanh5+呯,thanh5,0.08528093993663788,0.8036695489352369,0.12450815566819244
thanh5+󱞾,thanh5,0.08445251733064651,0.746028687818015,0.14311278918446507
thanh5+󱝐,thanh5,0.052996329963207245,0.8072491137963069,0.09862195314991078
thanh5+󱼖,thanh5,0.062447089701890945,0.6808560263721484,0.39990066739581853
thanh5+󱍺,thanh5,0.07578551024198532,0.6764467713233325,0.08937068684068217
thanh5+󱠰,thanh5,0.09097731113433838,0.47747910044690683,0.10015838091430697
thanh5+𠴖,thanh5,0.11623170971870422,0.5425352489094527,0.07469544666794335
thanh5+󱘓,thanh5,0.061893709003925323,0.6446770068844883,0.11069800787957325
thanh5+󱟢,thanh5,0.09938550740480423,0.379874624876182,0.1300256812189728
thanh5+󱠑,thanh5,0.048287276178598404,0.7606545994619807,0.09389259077917272
thanh5+󰨑,thanh5,0.12448365241289139,0.5567921009057122,0.25038335636580217
thanh5+󱹪,thanh5,0.09099855273962021,0.46895150638443084,0.1135134278685443
thanh5+𢵻,thanh5,0.05699320510029793,0.7852724891238765,0.09774997005031442
thanh5+𪣱,thanh5,0.07218997180461884,0.7464128375388512,0.1352739081006111
thanh5+𬛀,thanh5,0.11354045569896698,0.4310607184083824,0.11005051960716822
thanh5+󰊫,thanh5,0.09271685034036636,0.6370789558478324,0.10640485285774504
thanh5+󱳴,thanh5,0.07863721251487732,0.6033023086245629,0.16135092104470625
thanh5+𠷯,thanh5,0.060803063213825226,0.7015313966557242,0.09204049418337042
thanh5+󱯈,thanh5,0.06332334876060486,0.6358698065896891,0.14204502249130738
thanh5+󱫸,thanh5,0.09054434299468994,0.6980463175660148,0.10147910700011575
thanh5+𪱴,thanh5,0.07634478807449341,0.5977642613650489,0.07042085769731736
thanh5+󰙯,thanh5,0.08301438391208649,0.6958186679195322,0.0954896834413063
thanh5+𬏻,thanh5,0.07371111214160919,0.6134434788495334,0.11271945098615553
thanh5+𠲜,thanh5,0.08595095574855804,0.6710449150479422,0.12073292217742725
thanh5+󱨈,thanh5,0.08447263389825821,0.6842127240770756,0.12335165095819951
thanh5+𪺇,thanh5,0.0685504749417305,0.7458944187049519,0.21570155540867342
thanh5+󱖧,thanh5,0.062193017452955246,0.702886437131861,0.19059383965629625
thanh5+󱨱,thanh5,0.07312792539596558,0.776299518009878,0.07745615829927724
thanh5+𣙯,thanh5,0.04955824837088585,0.776587114624883,0.12583722854405358
thanh5+󱞳,thanh5,0.10413895547389984,0.605155946665484,0.09842775648951681
thanh5+󱢥,thanh5,0.10113407671451569,0.4775425038312819,0.23037192904053364
thanh5+𪖺,thanh5,0.07286205887794495,0.6595541014089683,0.12520743234781784
thanh5+𡑪,thanh5,0.05226380005478859,0.8231793172144529,0.23294120972526533
thanh5+󱛕,thanh5,0.09181426465511322,0.41366725121532355,0.09647501541772902
thanh5+𫼿,thanh5,0.07033954560756683,0.7522828367405726,0.2097612453025782
thanh5+󰙅,thanh5,0.07814368605613708,0.5410499286655863,0.11164267071159345
thanh5+𥱫,thanh5,0.06335175782442093,0.6416149248102435,0.09660195844844888
thanh5+𩝻,thanh5,0.0718175396323204,0.6907299013028122,0.22058102079520078
thanh5+󱺂,thanh5,0.08684966713190079,0.7027085025282979,0.13158802025706876
thanh5+𡁚,thanh5,0.06290735304355621,0.7338965961242727,0.09136811619680169
thanh5+󱰖,thanh5,0.05988135561347008,0.7905061539350043,0.14775050715069202
thanh5+𬕌,thanh5,0.06415615230798721,0.7449928028057655,0.07834061170977459
thanh5+𫏙,thanh5,0.06773564964532852,0.7209959761282132,0.13008975948230653
thanh5+󱜷,thanh5,0.061440449208021164,0.7709203288454779,0.09755120317893971
thanh5+󱝨,thanh5,0.07361701875925064,0.6904575972465763,0.14693814321052748
thanh5+󰞘,thanh5,0.10759523510932922,0.7293652172802854,0.06569479676696373
thanh5+󱰶,thanh5,0.09056611359119415,0.5825480518665396,0.1308536440110154
thanh5+󰄜,thanh5,0.10242834687232971,0.5152811389713714,0.2842945646638474
thanh5+𣘊,thanh5,0.08044277876615524,0.6416101181103596,0.10453249087274519
thanh5+𪤸,thanh5,0.09028475731611252,0.7227049522508067,0.09927136487157617
thanh5+󱝭,thanh5,0.05357673764228821,0.8268870928926018,0.09456364606799304
thanh5+𠼇,thanh5,0.08343903720378876,0.7274624827583005,0.15632545167816683
thanh5+󱝯,thanh5,0.052728019654750824,0.7429915587812458,0.11843327410240656
thanh5+𫪌,thanh5,0.10784564912319183,0.6519593112511132,0.11921331797131239
thanh5+󱚂,thanh5,0.13655374944210052,0.6565772266437353,1.5097126522267132
thanh5+𠲡,thanh5,0.09327048808336258,0.4686557447517112,1.164754300701478
thanh5+󱓦,thanh5,0.06848136335611343,0.6590761891087894,0.09406023486559212
thanh5+󱹽,thanh5,0.06494453549385071,0.7812122105497283,0.10966566826546335
thanh5+𪩥,thanh5,0.07618559151887894,0.7484532319107959,0.0984371010978012
thanh5+󱙵,thanh5,0.08141594380140305,0.7229436733276404,0.12678524763887455
thanh5+󱊚,thanh5,0.07363372296094894,0.6966001081272634,0.08551644196960458
thanh5+𤎓,thanh5,0.06203698366880417,0.7131408966528976,0.12593792632658163
thanh5+𢙬,thanh5,0.07771444320678711,0.7292020101257863,0.11147461414836486
thanh5+󰅬,thanh5,0.05597369745373726,0.8269979604249703,0.08317572458409668
thanh5+藞,thanh5,0.08347255736589432,0.6516114534706204,0.15642408045147405
thanh5+𠾾,thanh5,0.0733659565448761,0.7705867018113178,0.08875842595647908
thanh5+󱛅,thanh5,0.07640425860881805,0.7791430834488647,0.1020186155952487
thanh5+󰆐,thanh5,0.0853346735239029,0.5722595970934437,0.12532432863859233
thanh5+󱙌,thanh5,0.04533280432224274,0.8175164838442341,0.08187867105537078
thanh5+󱝺,thanh5,0.07180969417095184,0.6726145550706634,0.11632586096961188
thanh5+󱞄,thanh5,0.07229232043027878,0.6783763722705737,0.12249496861448024
thanh5+󱟕,thanh5,0.06914930045604706,0.7179890860504956,0.11984301748323804
thanh5+󱝀,thanh5,0.08505222946405411,0.5952249584584093,0.08955566805941524
thanh5+󱰮,thanh5,0.08372686803340912,0.7093579226546276,0.10980107223188906
thanh5+胋,thanh5,0.0774264857172966,0.6645994623449211,0.11475994507915814
thanh5+󱠡,thanh5,0.06431084871292114,0.7294533164944973,0.10257090027849138
thanh5+󰶅,thanh5,0.08021962642669678,0.7207662824383128,0.08707919136968212
thanh5+󱥄,thanh5,0.03720745071768761,0.7830111616765709,0.2288476770017028
thanh5+𫞡,thanh5,0.07780275493860245,0.7596010822220791,0.1373960593477276
thanh5+󱪢,thanh5,0.06710630655288696,0.6823447364656282,0.13782414650300479
thanh5+𮫷,thanh5,0.0604524165391922,0.6654115625758336,0.11116738611600725
thanh5+󱫪,thanh5,0.09783190488815308,0.5905029333982146,0.1116170320740379
thanh5+󱲝,thanh5,0.074458047747612,0.737098801846282,0.10132904890075994
thanh5+𫠼,thanh5,0.0748385488986969,0.6443657772040778,0.13088293477308274
thanh5+󱭷,thanh5,0.06928940117359161,0.7612226269613778,0.12702679500851763
thanh5+𫢶,thanh5,0.05705968290567398,0.7782900817969701,0.126451283377451
thanh5+𡇻,thanh5,0.07988417148590088,0.742288680116044,0.09277214314952849
thanh5+󱹜,thanh5,0.06559044122695923,0.8004485139434795,0.10038124370964774
thanh5+𫯐,thanh5,0.05260005220770836,0.8069462618572398,0.08830349917936482
thanh5+𬂻,thanh5,0.07067519426345825,0.7544251594817892,0.09807006693457421
thanh5+𠶍,thanh5,0.06177248805761337,0.7758808145198636,0.159546465710046
thanh5+𨂗,thanh5,0.07774350792169571,0.7069984042634166,0.1117689926818383
thanh5+󱞑,thanh5,0.10927354544401169,0.665271487701212,0.23894934010453217
thanh5+𩯂,thanh5,0.07623410224914551,0.7158114992128757,0.12278334940138286
thanh5+𥐨,thanh5,0.05836851894855499,0.6523494728644917,0.11312739318417071
thanh5+𠀿,thanh5,0.08417827636003494,0.7257262704730936,0.077606558657556
thanh5+𪉴,thanh5,0.08703651279211044,0.5436920395042205,0.1290455850473244
thanh5+𣕞,thanh5,0.08036962151527405,0.5045313170609255,0.13129896077506603
thanh5+𫬱,thanh5,0.06092192977666855,0.7714277712062713,0.11532405487286533
thanh5+𪤻,thanh5,0.05956605076789856,0.7400821483638867,0.11085486305880919
thanh5+𬈈,thanh5,0.0980648398399353,0.3665725054109305,0.5127938579273211
thanh5+󱦔,thanh5,0.06288377940654755,0.6391216315866142,0.1847859440560117
thanh5+󱳭,thanh5,0.07085643708705902,0.7088839926042232,0.11429215326906367
thanh5+𡫨,thanh5,0.07318729907274246,0.7115965902265974,0.12877090100830238
thanh5+𫡸,thanh5,0.09569481015205383,0.697894091672001,0.1466836068146228
thanh5+󱸠,thanh5,0.06636062264442444,0.7421838496254178,0.09321792648863174
thanh5+𡃝,thanh5,0.08236438781023026,0.685221918169675,0.12166186819942003
thanh5+󱧔,thanh5,0.07175462692975998,0.6933050615879951,0.09374737647563462
thanh5+󱹓,thanh5,0.11566720902919769,0.6709415287495051,0.1335662744009617
thanh5+𬆅,thanh5,0.06207694858312607,0.7496242606581477,0.09804882588895299
thanh5+󱠼,thanh5,0.06711266934871674,0.725531442905087,0.08253563413695149
thanh5+𠼳,thanh5,0.064632348716259,0.7173808581057348,0.09592051005948506
thanh5+𣻢,thanh5,0.1332479864358902,0.584864676659399,0.11670963005262243
thanh5+󱞣,thanh5,0.07225208729505539,0.777680028209819,0.10448517715779286
thanh5+𨄸,thanh5,0.09102487564086914,0.6938372496726742,0.12486367525587855
thanh5+𪶩,thanh5,0.07023879885673523,0.73998321685287,0.09795859215455173
thanh5+𫄋,thanh5,0.08383645862340927,0.7564999196272911,0.09094633639992246
thanh5+𠞡,thanh5,0.05757457762956619,0.7789917327564014,12.336776517140713
thanh5+𩸮,thanh5,0.09816013276576996,0.6137022895149858,0.10093347664419795
thanh5+𭈒,thanh5,0.06931139528751373,0.7982464572580318,0.11893311418011221
thanh5+𫧾,thanh5,0.07617469131946564,0.678519484606399,0.13050992543506149
thanh5+𫴬,thanh5,0.0642373114824295,0.8075380882022926,0.13406961180136454
thanh5+󱛽,thanh5,0.05477137491106987,0.8126271055496094,0.1427552962622063
thanh5+𫼰,thanh5,0.07430843263864517,0.5564822798534801,0.9681155703107986
thanh5+𡀇,thanh5,0.052870288491249084,0.7752152337667376,0.08381572845969866
thanh5+𨁟,thanh5,0.06641620397567749,0.7270639621659236,0.10644566522905152
thanh5+𪤽,thanh5,0.0880170464515686,0.7082619246553375,0.09826632674808955
thanh5+𣌌,thanh5,0.11163933575153351,0.48192273905819677,0.13502388499934365
thanh5+㼫,thanh5,0.0750962495803833,0.6102866083812422,0.11534978847710427
thanh5+󱤠,thanh5,0.09513745456933975,0.7023149873228511,0.17569929730515274
thanh5+󱳪,thanh5,0.10330541431903839,0.5157031752189536,0.08573823841654597
thanh5+𩵾,thanh5,0.07937206327915192,0.5735105219111664,0.12547811765783534
thanh5+𣎞,thanh5,0.07394319027662277,0.7478366438619789,0.1143460122138702
thanh5+𠻅,thanh5,0.08275450021028519,0.7532832834898048,0.11741279698536534
thanh5+󰮃,thanh5,0.06826650351285934,0.7319898556350711,0.1047321489532873
thanh5+󱞙,thanh5,0.11647161841392517,0.4536812081446366,0.3564656459960685
thanh5+󱭧,thanh5,0.07828862220048904,0.7357391432371911,0.10279406537686704
thanh5+󱲙,thanh5,0.07688072323799133,0.7240041014333685,0.10014316522189277
thanh5+𫄉,thanh5,0.09160253405570984,0.6423687932019398,0.21147078875979844
thanh5+󱚕,thanh5,0.06718269735574722,0.6839309058468077,0.12932780516034156
thanh5+𡁎,thanh5,0.1194736510515213,0.6004392260301644,0.1136033230017625
thanh5+󰣿,thanh5,0.08696305006742477,0.6709100462736807,0.10847695333718388
thanh5+󱦡,thanh5,0.049597639590501785,0.7628272272827264,0.21001086223859697
thanh5+󱜾,thanh5,0.10484684258699417,0.546651941823013,0.10358399337095546
thanh5+󱛖,thanh5,0.08057359606027603,0.7634583799520668,0.10812568530915971
thanh5+𦨂,thanh5,0.06518115103244781,0.7568035801308279,0.4821209827411194
thanh5+𠽙,thanh5,0.08584068715572357,0.5934943333930792,0.09918960622933463
thanh5+󱤚,thanh5,0.09566254168748856,0.6817328328028326,0.09487706293320892
thanh5+𡓟,thanh5,0.08737166970968246,0.5411609856170069,0.109336736885095
thanh5+𥌈,thanh5,0.06630432605743408,0.5979823113310924,0.10834248850075212
thanh5+𬔽,thanh5,0.08227205276489258,0.7392734538658828,66.11091091159538
thanh5+󰼀,thanh5,0.06497044116258621,0.6795389205149822,0.11203719779808129
thanh5+𪠉,thanh5,0.07856804132461548,0.6454553204132972,0.09538090631480146
thanh5+󱛻,thanh5,0.07473240792751312,0.556183251038037,0.09539185103706754
thanh5+𡁛,thanh5,0.04215487465262413,0.7925263671551689,0.10215924961706711
thanh5+󱬻,thanh5,0.09620154649019241,0.7606510185733254,0.10715195621432884
thanh5+󰐨,thanh5,0.09954235702753067,0.552253914288046,0.08282929244612457
thanh5+𨃌,thanh5,0.0822523757815361,0.5962874364157308,0.09610841229529225
thanh5+𫯝,thanh5,0.1435379981994629,0.6015801671265806,0.17178971660132406
thanh5+𤄮,thanh5,0.09936077892780304,0.5559163387993648,0.1623122552159344
thanh5+𢠤,thanh5,0.06214997544884682,0.6703857416504937,0.13417166982299025
thanh5+󱲥,thanh5,0.08596593141555786,0.7731159839058094,0.09924968732730151
thanh5+嘪,thanh5,0.05740617215633392,0.824571830680791,0.0855541775513554
thanh5+󱟁,thanh5,0.08736126869916916,0.5438096516935532,0.10680708135831174
thanh5+𤋽,thanh5,0.055226124823093414,0.7329380206758499,0.10766477399714962
thanh5+󱞿,thanh5,0.07969261705875397,0.706600093945749,0.10557291504341486
thanh5+𫱗,thanh5,0.06428709626197815,0.7265475123318808,0.09157034092368575
thanh5+󰂄,thanh5,0.07650543004274368,0.7063223424865245,0.09668942547331821
thanh5+𡍢,thanh5,0.06022792309522629,0.595911386479374,0.7241188112689086
thanh5+󱬔,thanh5,0.12253676354885101,0.42408344201860065,2.593051653021479
thanh5+𡋦,thanh5,0.062246181070804596,0.8007580216092648,0.07702383208172858
thanh5+󱹻,thanh5,0.060385506600141525,0.7383769129671095,0.12201199640517846
thanh5+𥾸,thanh5,0.049414921551942825,0.6416369239534107,0.10388209591865503
thanh5+󱡵,thanh5,0.06385742872953415,0.6662753282905346,0.08690592446335287
thanh5+𭉆,thanh5,0.06811770051717758,0.6309285244287969,0.09197093024208147
thanh5+𠿵,thanh5,0.0686221569776535,0.4617034894171591,0.07649835633806207
thanh5+𬙛,thanh5,0.11274267733097076,0.6679775096347536,0.0843112270604711
thanh5+𡳳,thanh5,0.062489915639162064,0.7125240050038079,0.13757669790050128
thanh5+𠽂,thanh5,0.04635775834321976,0.7547418167432952,0.09825857671819982
thanh5+𪣠,thanh5,0.08340772986412048,0.7363466416790095,0.35882991866335584
thanh5+𫟌,thanh5,0.120603047311306,0.5587590174206952,0.09733574794996287
thanh5+𪶵,thanh5,0.09434600919485092,0.5230434183839141,0.1308782534201405
thanh5+󱩗,thanh5,0.09499222040176392,0.7010208984476531,0.2923686878421954
thanh5+󱞦,thanh5,0.06506563723087311,0.7767183192712325,0.20973718684506337
thanh5+󱗳,thanh5,0.06207124888896942,0.710245682142356,0.10811645031193266
thanh5+𠹌,thanh5,0.09772935509681702,0.7146159952786341,0.10072017890679326
thanh5+𦄆,thanh5,0.06692470610141754,0.7682041776902002,0.09869461125209322
thanh5+𥭑,thanh5,0.06189955770969391,0.7379893659263543,0.09802242995472214
thanh5+𫴯,thanh5,0.09903281927108765,0.675975533872786,0.39616501363941364
thanh5+𫬠,thanh5,0.07629764080047607,0.6955323248798555,0.1299429155783702
thanh5+𢰦,thanh5,0.07583156228065491,0.6573655113328255,0.11557559343649088
thanh5+󱤾,thanh5,0.08100078999996185,0.6206281523175089,0.16614740248635193
thanh5+𫥸,thanh5,0.07412610948085785,0.7547011911382892,0.11423086325282487
thanh5+噃,thanh5,0.0647260993719101,0.7788015286467173,0.09602623348052651
thanh5+󱙰,thanh5,0.058515504002571106,0.7353760005407941,0.11585659150874493
thanh5+𡏥,thanh5,0.0836581438779831,0.7227275269137261,0.09992155332704762
thanh5+󱝷,thanh5,0.09000750631093979,0.5362090417316537,0.15247897861320867
thanh5+󰌗,thanh5,0.044041700661182404,0.8151487100496122,0.14214766177327218
thanh5+𧒊,thanh5,0.07570087164640427,0.7267202408864031,0.4033189931796399
thanh5+𪡆,thanh5,0.07675332576036453,0.8260520629074363,0.10767784772079182
thanh5+𡉁,thanh5,0.0778736099600792,0.6458131106101334,0.06942621071271078
thanh5+󱮟,thanh5,0.06274735182523727,0.8051989580624728,0.09848793437286056
thanh5+𠱻,thanh5,0.07533355057239532,0.7235837153161685,3.4501877672184236
thanh5+𬛒,thanh5,0.07019776105880737,0.7290248307417114,0.351287406497052
thanh5+󱛢,thanh5,0.05062343552708626,0.7700466193241657,0.10717650158312524
thanh5+𤼞,thanh5,0.07581786811351776,0.7337141631240109,0.174238074063475
thanh5+󱧝,thanh5,0.09743190556764603,0.606965510622897,0.09468663222379635
thanh5+𡚄,thanh5,0.0793154165148735,0.669504627827396,0.17364437346349024
thanh5+󰜡,thanh5,0.07269346714019775,0.7399055123898322,0.14345657112905136
thanh5+𠇕,thanh5,0.05968687683343887,0.7783432849841548,6.358383523772225
thanh5+𩠸,thanh5,0.11302871257066727,0.48354036383237614,0.14674061911194744
thanh5+𫫴,thanh5,0.08570276200771332,0.4705740539130111,0.15342049295048063
thanh5+𪺛,thanh5,0.09061983227729797,0.7492524786634126,0.7700719221643803
thanh5+󰧙,thanh5,0.08436870574951172,0.7075466139794121,0.07847405183140105
thanh5+𬑶,thanh5,0.08468025177717209,0.671833661907093,0.1777179763376672
thanh5+󱩳,thanh5,0.07971011102199554,0.5747723874037748,0.12577338013513012
thanh5+󱝗,thanh5,0.13347314298152924,0.4382284743271749,0.09886155799426893
thanh5+𡚝,thanh5,0.07051099836826324,0.7236632319491663,0.09202986191817293
thanh5+哠,thanh5,0.14129920303821564,0.6148271082317942,0.0980409449412278
thanh5+󰢉,thanh5,0.0767904594540596,0.6626836951938808,0.0930805356773865
thanh5+𫫛,thanh5,0.09633591026067734,0.7473077422119967,0.4118012932672057
thanh5+󱞝,thanh5,0.047199055552482605,0.7600961738517249,0.10826989891166118
thanh5+󱡉,thanh5,0.10839802026748657,0.6183344512481329,0.11893825956878107
thanh5+󱣂,thanh5,0.054621607065200806,0.7623571208559682,0.7099951457186005
thanh5+󱀄,thanh5,0.06947952508926392,0.7074502463020182,0.11227383531752926
thanh5+𭈖,thanh5,0.06633341312408447,0.7798174493658597,0.11094368296930916
thanh5+󱟝,thanh5,0.06019105389714241,0.7589129579117844,0.09645525430831155
thanh5+󰥉,thanh5,0.06509193032979965,0.7351391153711956,0.11124539179178272
thanh5+𡃎,thanh5,0.06857332587242126,0.7391823938390311,0.0998186605154558
thanh5+󱚰,thanh5,0.05158109962940216,0.7484221037317265,0.11025966686017265
thanh5+朠,thanh5,0.07237517088651657,0.6955157851809283,92.44965538647438
thanh5+󱟫,thanh5,0.06671036779880524,0.7514644025841134,0.07662557172623784
thanh5+𪸝,thanh5,0.07293716818094254,0.774779148927568,0.1922579392873223
thanh5+󰧺,thanh5,0.07826635986566544,0.7019988007935499,0.17592422196006588
thanh5+󱠳,thanh5,0.0914735421538353,0.6220428812588332,0.1321754873862866
thanh5+𠸯,thanh5,0.06807056069374084,0.7905138497528692,0.10456930777376888
thanh5+󱟈,thanh5,0.08070940524339676,0.5267639486297607,0.12346468724303265
thanh5+䓬,thanh5,0.08486954122781754,0.6890978255023529,0.07832677038390828
thanh5+󱠱,thanh5,0.06117968261241913,0.7517623565427819,0.10920928009361532
thanh5+𥌧,thanh5,0.056988779455423355,0.7865401250528853,0.7705920547200164
thanh5+𪟤,thanh5,0.04499007761478424,0.7656001958904884,0.19351402884822957
thanh5+󰬥,thanh5,0.07964277267456055,0.6603943120876286,0.10825660585728962
thanh5+𪢌,thanh5,0.11238628625869751,0.6512540152786587,0.09796408299452598
thanh5+𠺺,thanh5,0.05249141529202461,0.7990079097060304,0.0776653663954438
thanh5+𡦫,thanh5,0.07449585199356079,0.7780362673063163,0.1118127914274467
thanh5+𫫊,thanh5,0.06535439938306808,0.7933683926183485,0.08285098368299465
thanh5+𥊜,thanh5,0.07392357289791107,0.6126676852138728,0.12086879273624036
thanh5+𠿀,thanh5,0.05243542045354843,0.7665001816120047,0.12051518558607073
thanh5+𫊬,thanh5,0.06184926629066467,0.8034204557252165,0.09240323311094406
thanh5+󱟉,thanh5,0.06484192609786987,0.6926168471202602,1.8871486167053082
thanh5+𪸄,thanh5,0.062439799308776855,0.8035740503086197,0.09930085784857771
thanh5+󱞆,thanh5,0.058448247611522675,0.7201195360160815,0.11968592851501851
thanh5+𪻟,thanh5,0.08749200403690338,0.6649047319583908,0.2475104696318328
thanh5+󰬙,thanh5,0.059849947690963745,0.7515001963467494,0.08481206433019546
thanh5+𫲼,thanh5,0.08219234645366669,0.734380360379951,0.11084254794211203
thanh5+𫛈,thanh5,0.06942189484834671,0.6902494015830596,0.10335463263939726
thanh5+󰮁,thanh5,0.06623216718435287,0.6111309183134819,0.10484407789310703
thanh5+󰘵,thanh5,0.059300050139427185,0.7346597192709249,0.12706049067064
thanh5+𢴊,thanh5,0.0707990899682045,0.7205311699879196,0.4209035857031522
thanh5+󱌡,thanh5,0.0914723202586174,0.5475416826863297,0.18970751967732805
thanh5+󱦋,thanh5,0.05666579306125641,0.7741237040072366,0.09334097949469732
thanh5+𫪀,thanh5,0.07788196206092834,0.7086850031342402,0.10619447442154674
thanh5+󱰤,thanh5,0.11998152732849121,0.6169324316595095,0.19708845431340816
thanh5+󱟹,thanh5,0.08559347689151764,0.611127729308026,0.10224727424595663
thanh5+鎫,thanh5,0.05755944550037384,0.7200907947626425,0.44101521363436436
thanh5+𨅞,thanh5,0.08396153897047043,0.7560527644326303,0.11526609542734666
thanh5+󱞮,thanh5,0.06586261093616486,0.7855706571248953,0.12005662471188727
thanh5+󱯺,thanh5,0.09447707235813141,0.369581413710535,0.10513741002327422
thanh5+󱬑,thanh5,0.07419296354055405,0.6746428994470571,0.9509936210764017
thanh5+蝔,thanh5,0.06381897628307343,0.7474531139554998,0.13409966503669837
thanh5+󱎾,thanh5,0.06287478655576706,0.7439975426685574,0.09890823463550258
thanh5+𫢧,thanh5,0.07791561633348465,0.7826392545970463,0.10278684921113068
thanh5+󰌺,thanh5,0.04978254437446594,0.8240078307890564,0.1296775168095855
thanh5+篵,thanh5,0.09650911390781403,0.6340954208328522,0.11120549221668165
thanh5+󰤣,thanh5,0.08995756506919861,0.3928606849830912,4.950791581544852
thanh5+󱠧,thanh5,0.0627446249127388,0.7648487275323211,0.13126236854897036
thanh5+㘗,thanh5,0.08328687399625778,0.7371273052720417,0.11220534431064906
thanh5+𠲏,thanh5,0.054965339601039886,0.7935598277115685,0.0710698614007468
thanh5+󱡗,thanh5,0.0402538999915123,0.7993175330839366,0.09309055974661491
thanh5+𠮨,thanh5,0.0741681158542633,0.7778678320135389,0.10631134938643062
thanh5+󱞊,thanh5,0.07053111493587494,0.7520720468504241,0.1180389703181763
thanh5+𨆷,thanh5,0.08723625540733337,0.7523856789746797,0.18767854422622202
thanh5+󱩛,thanh5,0.07229107618331909,0.7253604601879003,0.14390641148724914
thanh5+𠼋,thanh5,0.09443037211894989,0.6282406986632865,0.19363353870780797
thanh5+𬖵,thanh5,0.06639847159385681,0.7877446366927895,0.11236246308807685
thanh5+󰍖,thanh5,0.05544685944914818,0.7653581347463752,0.13391294486451086
thanh5+𠴘,thanh5,0.06707512587308884,0.7127087894965944,0.09000792492538202
thanh5+󱦩,thanh5,0.11441856622695923,0.46064207125116774,0.27941379871762734
thanh5+𡔒,thanh5,0.09402982145547867,0.6431569707069257,0.1329280040565854
thanh5+󱰚,thanh5,0.06498752534389496,0.6656596726383783,0.10055475610301297
thanh5+𡃖,thanh5,0.09721812605857849,0.4677384322594406,0.19270442418100495
thanh5+󱡑,thanh5,0.08935289084911346,0.6158809950093259,45.589308906703444
thanh5+󱚳,thanh5,0.08821257948875427,0.7122025812961645,0.11488191178649192
thanh5+𡕩,thanh5,0.08831325173377991,0.784949868833977,0.09868985317695485
thanh5+𧎠,thanh5,0.12668761610984802,0.5980674894106534,3.2052578327017804
thanh5+𫲰,thanh5,0.0750475525856018,0.5851125092972009,0.152234712012404
thanh5+󰅲,thanh5,0.08251900970935822,0.7689784871241574,0.0709679000230078
thanh5+󱪼,thanh5,0.06925425678491592,0.6927858877731348,0.1303375646132738
thanh5+𢲾,thanh5,0.05893778055906296,0.70271309848508,0.11789337221439368
thanh5+𢆠,thanh5,0.057328417897224426,0.8298332189926727,0.11539559100841945
thanh5+啲,thanh5,0.05200546234846115,0.8025692801488588,0.09288512789620972
thanh5+𫅲,thanh5,0.0685332864522934,0.6755425699410177,0.1080922949365602
thanh5+姈,thanh5,0.06108440086245537,0.662299738242056,0.07871863588635176
thanh5+𪢘,thanh5,0.05907265841960907,0.6960840055537728,1.8680670171315201
thanh5+𥱰,thanh5,0.08292071521282196,0.5337304563527064,0.10398375076363409
thanh5+󱢏,thanh5,0.07225886732339859,0.6619561571710909,0.0976653657384336
thanh5+󱘠,thanh5,0.06264201551675797,0.7364499505395082,1.322130324985365
thanh5+𠿸,thanh5,0.07145354151725769,0.6827259618057803,0.13683696743827128
thanh5+󱦯,thanh5,0.08700919151306152,0.5871797139892704,3.3441729239615072
thanh5+湨,thanh5,0.10883491486310959,0.6586325915578163,0.16884758829310206
thanh5+󰋓,thanh5,0.07625240087509155,0.7523780065497719,0.08659320771799824
thanh5+𠸩,thanh5,0.09188291430473328,0.7469257250942621,0.08407995060403213
thanh5+󱝫,thanh5,0.10845977813005447,0.6751048654570247,0.10387016556631185
thanh5+󱬺,thanh5,0.07581383734941483,0.776072568771309,0.08960889635969106
thanh5+𫿟,thanh5,0.1096852496266365,0.5148034632902098,0.12092838931509131
thanh5+𪢜,thanh5,0.06832205504179001,0.6330228841757889,1.2899500993799802
thanh5+𣛦,thanh5,0.08229057490825653,0.7227338614555171,0.11844668967148086
thanh5+䰺,thanh5,0.07335525006055832,0.7356181155963972,0.10746623543581442
thanh5+󱜌,thanh5,0.07666905224323273,0.7785723952270448,0.06396899359840671
thanh5+󱝪,thanh5,0.09696486592292786,0.5014219748357505,0.11736495200994451
thanh5+󱳒,thanh5,0.0925709456205368,0.5992821990434509,0.13129231366891256
thanh5+󰮦,thanh5,0.09670905023813248,0.5891896299067035,0.11205793222866604
thanh5+𠶎,thanh5,0.08083280920982361,0.5799074524820623,0.13378024386241094
thanh5+侱,thanh5,0.06484707444906235,0.7964246207095669,0.06686644577404184
thanh5+𡏠,thanh5,0.06212744489312172,0.6763318332262972,0.09758475248119707
thanh5+󱨜,thanh5,0.088340163230896,0.6586103034464756,0.13685297991121267
thanh5+󱝧,thanh5,0.06909719109535217,0.6196942527892051,0.11340990206095375
thanh5+󱞁,thanh5,0.07082930207252502,0.6786495063035558,0.10159722867170429
thanh5+󱦾,thanh5,0.0927664116024971,0.6388637231544813,0.1388343309761785
thanh5+𡃳,thanh5,0.10941207408905029,0.623169099452672,1.0744980858356665
thanh5+𪴉,thanh5,0.10585502535104752,0.5947574032117741,0.11250473964014951
thanh5+𠽏,thanh5,0.08967756479978561,0.7358059708602955,0.09243449293513435
thanh5+𦟏,thanh5,0.08761853724718094,0.5182232963081368,0.13217858869552013
thanh5+󰬛,thanh5,0.0686144232749939,0.6360196371504473,0.07602357946005404
thanh5+𢶹,thanh5,0.08986446261405945,0.4298092459991904,0.34236676305226993
thanh5+𫉎,thanh5,0.05882297456264496,0.7783777629042579,0.11778327586271971
thanh5+𨪪,thanh5,0.05048225075006485,0.8035439798974016,0.09769791016397311
thanh5+𠏠,thanh5,0.09070523083209991,0.6081283505936329,0.08903848933663068
thanh5+𫱞,thanh5,0.0918566882610321,0.5418995994482327,0.17535501640404572
thanh5+󱯛,thanh5,0.13143542408943176,0.6317246823722295,0.12451425437698149
thanh5+𪥑,thanh5,0.11193482577800751,0.5231514248999887,0.1194905513587355
thanh5+𠲃,thanh5,0.06659140437841415,0.7111275410299986,0.07511212303786265
thanh5+󰛺,thanh5,0.05425316095352173,0.801767544881842,0.11248730385041401
thanh5+󱟟,thanh5,0.09414562582969666,0.6079818440536289,0.1302130792629321
thanh5+󱚛,thanh5,0.09317227452993393,0.7243164388955944,0.13335246003740336
thanh5+𪡍,thanh5,0.06893768161535263,0.7582456013426959,0.1047044322595056
thanh5+𠅐,thanh5,0.06153184175491333,0.666248965711253,0.10734458283129644
thanh5+莰,thanh5,0.07635858654975891,0.6920936839275852,0.09235068685651478
thanh5+󱙤,thanh5,0.06302595883607864,0.7828839798597524,0.66728510565344
thanh5+𠻇,thanh5,0.06994106620550156,0.6920007537866044,1.2414562375002969
thanh5+󱫷,thanh5,0.05492763593792915,0.8130304681314504,0.09743088702808855
thanh5+𡡇,thanh5,0.05966401845216751,0.7392360239853938,0.10936471337759208
thanh5+󰍱,thanh5,0.049358706921339035,0.7249347517247631,0.1087292426575226
thanh5+󱝟,thanh5,0.0857243612408638,0.6256214072751496,0.10622347421514046
thanh5+𡮨,thanh5,0.06925798952579498,0.7631044298454013,0.12509943255475595
thanh5+𡂷,thanh5,0.07813189923763275,0.6614373732570515,0.11383929363183788
thanh5+𡮛,thanh5,0.09744631499052048,0.5810225124066535,0.08198516797336698
thanh5+󱟰,thanh5,0.07586171478033066,0.731817248468149,0.0967453308256007
thanh5+󰝅,thanh5,0.13086585700511932,0.6821731639098455,0.07813111749788276
thanh5+󱋣,thanh5,0.07900284975767136,0.5539095630108474,0.11330240609420221
thanh5+󱩬,thanh5,0.07528287917375565,0.6846460923565736,0.10954157332250274
thanh5+𫫷,thanh5,0.14274482429027557,0.6171633071310365,0.12098100244265315
thanh5+𦞎,thanh5,0.0633629709482193,0.7226709894109123,0.13226846306595388
thanh5+𨇉,thanh5,0.05721601843833923,0.7769165789119106,0.08898514229506509
thanh5+𦘱,thanh5,0.09534560889005661,0.6357040819741927,0.09149359417461848
thanh5+𡫶,thanh5,0.08140991628170013,0.629742220188913,0.1149531271204276
thanh5+󱟲,thanh5,0.08128863573074341,0.5614878809781398,0.21829623832355202
thanh5+󱞜,thanh5,0.10259537398815155,0.471986216186671,0.16245100279578964
thanh5+𰊣,thanh5,0.09388753026723862,0.5351788558194588,0.07876426951941436
thanh5+𰓖,thanh5,0.0772230252623558,0.5472762976667507,0.11124264469478684
thanh5+𡅉,thanh5,0.06813245266675949,0.5754417995867509,0.1219919567113178
thanh5+󱜲,thanh5,0.0663190707564354,0.7753057191343457,0.08675990588943616
thanh5+󰁐,thanh5,0.05327726900577545,0.7032031749421991,0.10620839842652269
thanh5+󰺼,thanh5,0.05411960184574127,0.7391929934060814,0.1484436544824791
thanh5+𠿁,thanh5,0.06463994085788727,0.6543635525027985,0.10090058744105568
thanh5+󱩈,thanh5,0.09098032116889954,0.6708188281236428,0.10758761603077628
thanh5+󱦗,thanh5,0.10622698068618774,0.6447089096462828,0.12631294261815265
thanh5+󰬸,thanh5,0.0858754813671112,0.6984311136923557,0.538242420632446
thanh5+㗩,thanh5,0.12257888913154602,0.6418609264041822,0.1560043053941179
thanh5+󱟮,thanh5,0.06842897832393646,0.6325267631242636,0.115194128755567
thanh5+𠸽,thanh5,0.05570293962955475,0.7771502095358083,0.07959262045037473
thanh5+𩇆,thanh5,0.054836712777614594,0.7372918592437707,0.16086305667660303
thanh5+𮤭,thanh5,0.10095778852701187,0.6907985994749247,0.10804585951981459
thanh5+󱛳,thanh5,0.047916229814291,0.7847070158955354,0.17806621959461358
thanh5+𡉎,thanh5,0.11059661954641342,0.7383131498288794,0.057035808329272956
thanh5+󱝢,thanh5,0.07374531030654907,0.7731539631757315,0.519431962010745
thanh5+𥯉,thanh5,0.07248029857873917,0.7225715256064302,0.09939302345549235
thanh5+󱞎,thanh5,0.09069138765335083,0.7346377208233605,0.09199330700606284
thanh5+𬈗,thanh5,0.07024792581796646,0.7393547581133005,0.10048690845975151
thanh5+󱝸,thanh5,0.08593247085809708,0.7454962037839885,0.09006011754835568
thanh5+󰢽,thanh5,0.07236068695783615,0.7548823337909544,0.09364836507299577
thanh5+𪢖,thanh5,0.050395458936691284,0.7749050819210102,0.6233154926852608
thanh5+𠸄,thanh5,0.04960266500711441,0.8326255467091391,0.10422350336667861
thanh5+灆,thanh5,0.08031955361366272,0.7568156701993174,0.10923496804864062
thanh5+唥,thanh5,0.054661184549331665,0.8077278104359694,0.07641478100731902
thanh5+󰇵,thanh5,0.06931938230991364,0.6691156656059352,0.11449815684544125
thanh5+𣔧,thanh5,0.06735316663980484,0.5321575432085944,0.08883905387021941
thanh5+𩽈,thanh5,0.10341232270002365,0.45392552422465315,0.17964354019006978
thanh5+㖀,thanh5,0.06903520226478577,0.7900471825365635,0.09745263768100935
thanh5+󱟪,thanh5,0.059050142765045166,0.6846084905243143,0.1740014925431138
thanh5+󱜈,thanh5,0.05429665744304657,0.7732608852716496,0.11828616935417209
thanh5+󱚴,thanh5,0.1118786484003067,0.41067273594265924,0.15892783810632116
thanh5+󱣆,thanh5,0.06620170176029205,0.6752353196820748,1.811752288177021
thanh5+𪡎,thanh5,0.06462951004505157,0.6903907522015751,0.13739377502996974
thanh5+𨂚,thanh5,0.09879419207572937,0.6837703159622106,0.08993976333311797
thanh5+󱺈,thanh5,0.06550877541303635,0.7076097712989594,15.688081027072514
thanh5+𥴘,thanh5,0.06657939404249191,0.6366872567381054,0.09062130909341644
thanh5+𥶱,thanh5,0.09130746126174927,0.3771774344303672,0.10827141114699328
thanh5+󱰍,thanh5,0.07986519485712051,0.6743864409698003,8.362890334760626
thanh5+󱼓,thanh5,0.06431111693382263,0.7773704720909849,0.08490871296983697
thanh5+𪢠,thanh5,0.054039642214775085,0.7770370444378939,0.08931039234028039
thanh5+𤣡,thanh5,0.10346395522356033,0.6402973345499369,0.31913433146505804
thanh5+󰄼,thanh5,0.07796819508075714,0.6268515991799983,0.3059529533746757
thanh5+󱟦,thanh5,0.1045965701341629,0.6858655727759683,0.15181807113321935
thanh5+󰝎,thanh5,0.0878542885184288,0.660470754979693,0.10109783722918149
thanh5+󱘡,thanh5,0.0883730873465538,0.5267276990601818,0.14458175027166412
thanh5+𤞦,thanh5,0.046788960695266724,0.7698932168619389,0.10406799533437427
thanh5+󱝆,thanh5,0.09080855548381805,0.6464734764811243,0.09977628959967334
thanh5+󱝝,thanh5,0.06280159950256348,0.7223756457453833,0.07657953859547038
thanh5+󱛑,thanh5,0.10633067786693573,0.6328069600051285,0.14408668064076444
thanh5+𦟑,thanh5,0.10420852899551392,0.4352234413397123,0.1410371244693203
thanh5+㧪,thanh5,0.10786870867013931,0.4445403153232826,0.11365561724784518
thanh5+𭊳,thanh5,0.08012513816356659,0.6289041193297528,0.10371845061851502
thanh5+󰏏,thanh5,0.05567837134003639,0.7549029752665037,0.09535490278730165
thanh5+󱡇,thanh5,0.07664517313241959,0.6012198621246063,0.21058106114559597
thanh5+󱪚,thanh5,0.05971037223935127,0.7271987957778504,0.10239921228851907
thanh5+󱨕,thanh5,0.0772617906332016,0.5972410002188026,0.13644973086115791
thanh5+𫵊,thanh5,0.056652821600437164,0.7966972893832748,0.09283348105858687
thanh5+󱩫,thanh5,0.11538666486740112,0.5943763696522526,0.13613515187239783
thanh5+󱮮,thanh5,0.09369969367980957,0.7053302857602198,0.10049111895201468
thanh5+𮜲,thanh5,0.07950632274150848,0.6371782703959632,0.11146531178811118
thanh5+𪤲,thanh5,0.052242737263441086,0.8154452541181175,0.10322062233006409
thanh5+󱋠,thanh5,0.06952151656150818,0.7746152569481197,0.10247526028274752
thanh5+󱝙,thanh5,0.04663490876555443,0.8069170928236608,0.11414211705846855
thanh5+𩶽,thanh5,0.09344127774238586,0.5071859411305868,0.16109538095670575
thanh5+𠾺,thanh5,0.058864712715148926,0.8067113107414893,0.12464210391311036
thanh5+𠶊,thanh5,0.043289173394441605,0.7997738351020715,0.11929752746103851
thanh5+󱙭,thanh5,0.11009341478347778,0.6196217456112953,0.11464743639322049
thanh5+𠶅,thanh5,0.08462582528591156,0.7061569949913206,0.07638757860953867
thanh5+𪡗,thanh5,0.07279717922210693,0.5921001171163653,0.07422211250330532
thanh5+𫪁,thanh5,0.04887114092707634,0.796864290533542,0.1023883426588041
thanh5+𪡈,thanh5,0.09176046401262283,0.6902710418909154,0.10876059505334353
thanh5+𠜈,thanh5,0.10230712592601776,0.6560477449448657,0.19151624437838707
thanh5+𡄫,thanh5,0.06159559264779091,0.722070457552036,2.7271891609614065
thanh5+󱜆,thanh5,0.059511251747608185,0.7201712561290627,0.10098803867430328
thanh5+睈,thanh5,0.09638674557209015,0.5669241876293674,0.15180347554646723
thanh5+󱤈,thanh5,0.06810063868761063,0.634483666441259,0.1596674778764319
thanh5+𪢡,thanh5,0.07179322093725204,0.712537917212949,0.12730997955152126
thanh5+𥶂,thanh5,0.08954078704118729,0.6806236651376639,0.09657422982125792
thanh5+𢹊,thanh5,0.08214032649993896,0.6436859601985028,0.12372498577332197
thanh5+𭢌,thanh5,0.06465966254472733,0.7251558231964823,0.1066089556217099
thanh5+󰭙,thanh5,0.0814746841788292,0.6691884696006828,0.10586205683674811
thanh5+𤗹,thanh5,0.08510053902864456,0.5551370580802139,0.1670327159451861
thanh5+圚,thanh5,0.08129779994487762,0.6374963423211079,0.13132523154902817
thanh5+󱥑,thanh5,0.05342180281877518,0.6801202187380002,0.11819554449197767
thanh5+𡁝,thanh5,0.09010033309459686,0.6495458690728101,1.580961039737706
thanh5+𠷦,thanh5,0.06640955805778503,0.7369600489140322,0.12417253422403095
thanh5+𪡦,thanh5,0.0740356519818306,0.764320923422755,0.13956367871873288
thanh5+𬞑,thanh5,0.08781973272562027,0.60592919210672,0.10766861882242879
thanh5+𤄷,thanh5,0.09585448354482651,0.7184421108769448,0.3850032340286705
thanh5+󱉲,thanh5,0.0840243399143219,0.6013650890170739,0.15723547880927535
thanh5+󱚑,thanh5,0.12276478111743927,0.7757398594196249,0.13900926206920328
thanh5+𰋝,thanh5,0.11024956405162811,0.7244108762168976,0.08515085266191576
thanh5+𧿯,thanh5,0.07373984903097153,0.5919388011250878,0.09101535269286204
thanh5+𠳭,thanh5,0.08252201974391937,0.7379187825928061,0.15738259994738182
thanh5+󱙷,thanh5,0.07379889488220215,0.7545836662767926,0.10741052737793012
thanh5+󱳠,thanh5,0.0850723534822464,0.7348883963837296,0.10425694890586708
thanh5+󱝘,thanh5,0.07999059557914734,0.7399878371176918,0.091553964504606
thanh5+壉,thanh5,0.0999370887875557,0.5454008221761973,0.08747911038275906
thanh5+𣱿,thanh5,0.09244800359010696,0.7316067371316646,0.12314768463320803
thanh5+󱞀,thanh5,0.12982413172721863,0.4667816121126376,0.10577617704231512
thanh5+𡉖,thanh5,0.07091149687767029,0.7561006422804029,0.055956642671143676
thanh5+󱝳,thanh5,0.08615022897720337,0.7320605527463274,0.1351972419876035
thanh5+󰮯,thanh5,0.05730458348989487,0.7820454297167431,0.12336212705168574
thanh5+鯑,thanh5,0.07115219533443451,0.7112650105618837,0.13186558244522498
thanh5+󱧘,thanh5,0.0682433545589447,0.7831340336416239,0.10522377303632537
thanh5+󱬐,thanh5,0.07143008708953857,0.7463446870991896,0.09994188490595257
thanh5+㗴,thanh5,0.11983826011419296,0.4248834566996952,0.1671313387609462
thanh5+𥖑,thanh5,0.08789029717445374,0.4425967165229369,0.12348371146310803
thanh5+𪮽,thanh5,0.0764562264084816,0.6393815529028055,0.10977022223022583
thanh5+𬕷,thanh5,0.08692671358585358,0.6789977885707548,0.08446630794019368
thanh5+󰭠,thanh5,0.07413868606090546,0.6503081933958887,0.13253382622181484
thanh5+𫑺,thanh5,0.11503744125366211,0.633837927873283,0.30204427263099914
thanh5+󱟏,thanh5,0.09760221838951111,0.5695699297389312,2.043044097045113
thanh5+𨪷,thanh5,0.061805516481399536,0.7903299174208483,0.132223094835581
thanh5+󱡄,thanh5,0.05887783318758011,0.6931035765149394,0.13266414161113718
thanh5+㗶,thanh5,0.0798930749297142,0.5934572801256371,0.08458542801995518
thanh5+𫐹,thanh5,0.09809621423482895,0.63119752446063,0.13616758337548907
thanh5+󱌔,thanh5,0.053284984081983566,0.7905149016381274,0.09233470948176214
thanh5+𩂄,thanh5,0.08362860977649689,0.7725668262650021,0.09937832319995003
thanh5+𤉕,thanh5,0.08978104591369629,0.5989111412203876,0.09890783988144274
thanh5+󱟜,thanh5,0.049061790108680725,0.7463098765405352,0.09637880224154159
thanh5+󱛵,thanh5,0.05658893287181854,0.7530714015578254,0.10353488625379399
thanh5+󰺥,thanh5,0.07904136925935745,0.7281078993354404,0.10432260658539223
thanh5+𢠿,thanh5,0.06977002322673798,0.772573395838512,0.10082499674320018
thanh5+󱯧,thanh5,0.110686294734478,0.6310804750393715,0.1160948073084364
thanh5+𤲼,thanh5,0.0567648783326149,0.6792073729740224,0.10607459618984405
thanh5+󱫗,thanh5,0.0640750527381897,0.6638979541474265,0.12578921719665923
thanh5+󱯄,thanh5,0.07295066118240356,0.6839309986018244,0.44681254531543474
thanh5+𠊙,thanh5,0.06351964175701141,0.7442581488760031,0.11468306055785941
thanh5+󰴾,thanh5,0.07828271389007568,0.688191236300097,0.23001584697894972
thanh5+𨊌,thanh5,0.06723093241453171,0.650085390403156,0.12766445700444976
thanh5+󱨨,thanh5,0.0797969400882721,0.7045945332389252,0.15497125029050626
thanh5+𡌩,thanh5,0.05461234226822853,0.8077297389718927,0.08801034066318625
thanh5+𤁔,thanh5,0.060797832906246185,0.6470643297169961,0.10822116749249355
thanh5+𨆟,thanh5,0.08102121204137802,0.7312609528381447,0.13624680585425092
thanh5+󱣗,thanh5,0.05765722692012787,0.7688072447890159,0.09995879983507501
thanh5+𢲠,thanh5,0.04895653575658798,0.7938068975503031,0.10343507371720283
thanh5+𦝇,thanh5,0.10353721678256989,0.6717608946213196,0.13760028135564006
thanh5+𣒠,thanh5,0.07761476933956146,0.7449956689444369,0.09813738265395967
thanh5+󱫴,thanh5,0.07004354149103165,0.6876509830250221,3.550010214646776
thanh5+󱨿,thanh5,0.06723742187023163,0.6292104170185885,0.13522062959849546
thanh5+𬏇,thanh5,0.04869110509753227,0.8157077579083118,0.11366067897596888
thanh5+󱯑,thanh5,0.07771502435207367,0.7264781847753728,0.0832498864897669
thanh5+𩀳,thanh5,0.04823462292551994,0.7982228913608571,0.12427663429843554
thanh5+󱹿,thanh5,0.10219375789165497,0.3191432920274077,0.1706020284647789
thanh5+󱟎,thanh5,0.07183623313903809,0.6632181947248459,0.08684627944993227
thanh5+𢅄,thanh5,0.06999712437391281,0.637379077043841,0.14083865126177658
thanh5+𣖗,thanh5,0.0364239364862442,0.8124746101387512,0.10353700162521247
thanh5+㖵,thanh5,0.08916020393371582,0.7109098705130764,1.7120185948034765
thanh5+󱚚,thanh5,0.07587596029043198,0.5977053238657076,0.12360698651005257
thanh5+󱧨,thanh5,0.09204083681106567,0.6694624269254705,0.10477422930892867
thanh5+󱛣,thanh5,0.05896560847759247,0.7949213518016401,0.07770154380291934
thanh5+𫵞,thanh5,0.06567902863025665,0.7655329911337542,0.10492442557345609
thanh5+𫫜,thanh5,0.04458656534552574,0.8255265709426262,0.10731523781986248
thanh5+挒,thanh5,0.05574098974466324,0.7761989062075121,0.10080078253288945
thanh5+󰛈,thanh5,0.06746963411569595,0.6833403247122629,0.8473697087539648
thanh5+󱞖,thanh5,0.10229086875915527,0.739741515529782,0.09228852747450124
thanh5+𩂀,thanh5,0.10290300846099854,0.6832027466923092,0.07573335568590772
thanh5+󱙴,thanh5,0.06529729813337326,0.6877810169706127,0.10763663874399619
thanh5+𢷰,thanh5,0.06546352058649063,0.7385362883875177,0.10558297110480397
thanh5+𠿱,thanh5,0.08038191497325897,0.7258235311878845,0.10504054098267639
thanh5+󱞠,thanh5,0.07901360094547272,0.6469846866118067,0.09972846016856023
thanh5+󱞒,thanh5,0.10690604895353317,0.4689576150834359,0.08310890068238004
thanh5+󱜝,thanh5,0.0739322155714035,0.8150140809058899,0.09513272125060439
thanh5+𩸴,thanh5,0.05914836749434471,0.6246395443468474,0.13087045262967514
thanh5+𡂉,thanh5,0.0842532142996788,0.6650730242884709,0.07968476627814386
thanh5+洅,thanh5,0.06726351380348206,0.7777342088935388,0.08062722520113325
thanh5+󱛺,thanh5,0.08649584650993347,0.6155779363687753,0.10993617297748914
thanh5+㗌,thanh5,0.0543593168258667,0.7503610072961853,0.150262944846676
thanh5+𠺮,thanh5,0.12835410237312317,0.6560899939813475,0.08825911433806449
thanh5+󰮡,thanh5,0.11079812794923782,0.5685142050872437,0.19183035285355363
thanh5+𢢈,thanh5,0.09396515786647797,0.608336433543695,0.1567453444784667
thanh5+𤯱,thanh5,0.12206299602985382,0.4760125093591412,0.10647141432140513
thanh5+𠻱,thanh5,0.06778104603290558,0.7463765989988121,0.12000696704311091
thanh5+𡮥,thanh5,0.1278732717037201,0.41699969944535376,0.10225889531770367
thanh5+𦀌,thanh5,0.06340190023183823,0.6871791173821254,0.09128510623263679
thanh5+𤶹,thanh5,0.050761133432388306,0.7338547724463603,0.14234429484066874
thanh5+󱛆,thanh5,0.057026758790016174,0.8098894308623016,0.11709704875164788
thanh5+󱋭,thanh5,0.08100712299346924,0.7391128403267718,0.12099626439574872
thanh5+󱞅,thanh5,0.07914593815803528,0.6678389476998154,0.3824911726743017
thanh5+𬕻,thanh5,0.07496893405914307,0.6630509647937618,0.10985924999821206
thanh5+𬓓,thanh5,0.09284709393978119,0.458982240551553,0.10499701358170645
thanh5+𡃙,thanh5,0.06240503489971161,0.763977269310284,0.14549532604938012
thanh5+𡓾,thanh5,0.11679062992334366,0.7064976571087871,0.10534319593174891
thanh5+𠸬,thanh5,0.0870150476694107,0.649919465218621,0.09385201176102992
thanh5+𠻆,thanh5,0.07438835501670837,0.7208973075743372,0.1145991787321624
thanh5+󱤉,thanh5,0.08121093362569809,0.680250422181552,0.2425200427344054
thanh5+𬗏,thanh5,0.06669525057077408,0.7128898557840465,0.10302789870210612
thanh5+𡅍,thanh5,0.06598552316427231,0.7508799258196105,0.12375475083904013
thanh5+󱧀,thanh5,0.08237139135599136,0.49797409071762044,0.2068018806363222
thanh5+󰮝,thanh5,0.09539913386106491,0.394694092902033,0.09929930854943177
thanh5+𥮈,thanh5,0.10898323357105255,0.4006017452835691,0.10103855308867338
thanh5+󱫳,thanh5,0.10533097386360168,0.6550491692183603,0.08180153952930769
thanh5+𰦫,thanh5,0.05137552693486214,0.7722827293678551,0.08970050728002643
thanh5+𧋅,thanh5,0.06342379748821259,0.7458601707540865,0.09428647567510955
thanh5+󱬧,thanh5,0.06852053850889206,0.6870857821448818,0.15642364798430433
thanh5+𡅩,thanh5,0.06237824261188507,0.7606341014043291,0.12930161864311615
thanh5+󰂻,thanh5,0.05245364457368851,0.8151964048509742,0.08602998830231295
thanh5+𤬪,thanh5,0.0916932076215744,0.7386990216830339,0.0859860090467139
thanh5+𡜒,thanh5,0.054339390248060226,0.7340166229965238,0.08860503749438448
thanh5+󱞡,thanh5,0.0733167827129364,0.7492778730571674,0.14404352196686732
thanh5+𫏝,thanh5,0.05748531594872475,0.7151138730665993,0.15608701658537197
thanh5+啩,thanh5,0.05428231880068779,0.8374653552002044,0.08705668146926387
thanh5+𢴎,thanh5,0.049811653792858124,0.7848089583318169,0.1122796121499021
thanh5+󱎶,thanh5,0.10647587478160858,0.47199912383048526,0.11172442099377293
thanh5+𦛲,thanh5,0.09263390302658081,0.5786452249702944,0.14600493348219382
thanh5+󱜉,thanh5,0.046118102967739105,0.7788083103812053,0.41388928586380475
thanh5+󱝾,thanh5,0.06530699878931046,0.7292598670269064,0.0991961926557136
thanh5+󱗘,thanh5,0.08949549496173859,0.5389355354268274,0.21714651627862833
thanh5+󱜫,thanh5,0.06629418581724167,0.7281003904233553,0.12555199700538347
thanh5+󱡴,thanh5,0.0843852236866951,0.6239231130463921,0.09897476312812481
thanh5+󱛋,thanh5,0.09792298823595047,0.6271644168371026,0.1039351218252838
thanh5+𠿴,thanh5,0.07458445429801941,0.5937598176901744,0.0831887484142738
thanh5+𫅰,thanh5,0.052262406796216965,0.6067623150373134,0.1140941798790297
thanh5+𤳧,thanh5,0.05993735045194626,0.7665960050287807,0.11021632552889576
thanh5+󱛹,thanh5,0.06905422359704971,0.7785393752070907,0.11611145347631391
thanh5+󰊎,thanh5,0.04163126274943352,0.8199964851096058,0.09917759305186824
thanh5+󱱣,thanh5,0.07648394256830215,0.767574175111727,0.10673324041075065
thanh5+󱞼,thanh5,0.08814054727554321,0.6361449018641206,0.10394669064241428
thanh5+󱟬,thanh5,0.07749806344509125,0.7128796064081319,0.14877831233211117
thanh5+𬖩,thanh5,0.06791147589683533,0.6766317652544291,0.09426604594907305
thanh5+𠬖,thanh5,0.07688385248184204,0.6620781761788315,0.08724243108626993
thanh5+𬧡,thanh5,0.08980603516101837,0.6979902242215053,0.09187831291568362
thanh5+𪥾,thanh5,0.05925098806619644,0.8034597448287374,0.09121714844226608
thanh5+󱤥,thanh5,0.07933656126260757,0.7005397708676748,0.09283685535168533
thanh5+𠚐,thanh5,0.07207994908094406,0.7637467419979315,0.09424455856119744
thanh5+𨡨,thanh5,0.08025003969669342,0.6480700729567563,0.1543901636475625
thanh5+𬪽,thanh5,0.06109631806612015,0.7220205849770229,0.10057329545326306
thanh5+󱝞,thanh5,0.07536756247282028,0.6364460600834622,0.36337534782741754
thanh5+󱼒,thanh5,0.07995554059743881,0.6775383384919191,0.11853887933672809
thanh5+𦵠,thanh5,0.09882842004299164,0.5672454008759908,0.16753111252714692
thanh5+檤,thanh5,0.05234713852405548,0.7809967381442683,0.10944037336866953
thanh5+󱳬,thanh5,0.07501539587974548,0.7564497351476838,0.18702996224954674
thanh5+㖗,thanh5,0.06699547916650772,0.8200097736465072,0.0896084329308778
thanh5+𬓛,thanh5,0.10108710080385208,0.5397589295189761,0.15361880818446505
thanh5+󱙥,thanh5,0.05795169249176979,0.7775343145895616,0.11251893122426086
thanh5+𪦎,thanh5,0.1038835346698761,0.5037472498960797,0.11410941553488181
thanh5+㙩,thanh5,0.0918152928352356,0.6834619035924323,0.12674299133900394
thanh5+󱰺,thanh5,0.059251345694065094,0.7315475198549649,0.11503812142887827
thanh5+𡄾,thanh5,0.07115006446838379,0.7637804167076259,0.10406640831854863
thanh5+󱲰,thanh5,0.0935409665107727,0.7085601026943389,0.13698677579337115
thanh5+󱋙,thanh5,0.0732014924287796,0.6994614285148757,0.21524974071783243
thanh5+󱋇,thanh5,0.10185149312019348,0.5493253910803505,0.11699284018510359
thanh5+󱦙,thanh5,0.09087242186069489,0.5346602245400845,0.10175777385119146
thanh5+𪭟,thanh5,0.08408293128013611,0.7722973916163214,0.0884217631598862
thanh5+𠌊,thanh5,0.06603818386793137,0.6348446134177157,0.10233580549156283
thanh5+𪡿,thanh5,0.08645689487457275,0.583381135219588,0.10525475426627913
thanh5+𧞣,thanh5,0.0637245923280716,0.5907632847875999,0.20646754483436033
thanh5+𧜐,thanh5,0.09571222215890884,0.4695913485846959,0.15778645472356215
thanh5+󱓍,thanh5,0.06720607727766037,0.7286546823492321,0.12075031597331937
thanh5+𠾲,thanh5,0.07550159841775894,0.6664253566202729,0.23818544825928423
thanh5+𬉌,thanh5,0.054565537720918655,0.8133389983029748,0.10271975515895458
thanh5+𠵴,thanh5,0.10486123710870743,0.6036589756795199,0.20458743806376004
thanh5+󱞲,thanh5,0.0849563404917717,0.5883358752578114,0.15109661588668388
thanh5+󰤴,thanh5,0.06542734801769257,0.7525613928469042,0.0770880229482364
thanh5+𡖡,thanh5,0.06757008284330368,0.702187221131373,0.08959598323921582
thanh5+𫪄,thanh5,0.07715208828449249,0.7481764710449131,0.09257743909776821
thanh5+𫴇,thanh5,0.06964818388223648,0.7191100660408445,0.14371776879955034
thanh5+󱟡,thanh5,0.13316096365451813,0.5274278400815702,15.397446008080385
thanh5+󱀰,thanh5,0.0916404277086258,0.5464543679602525,0.46092497591511994
thanh5+󰌋,thanh5,0.04745310917496681,0.725854660889954,0.10645081160626241
thanh5+𪝪,thanh5,0.05596109479665756,0.7861117726872779,0.13819707438941917
thanh5+𢯝,thanh5,0.07250586897134781,0.642898637853384,0.11329639904745785
thanh5+𪱎,thanh5,0.06748105585575104,0.7200402928853257,0.13916013802697494
thanh5+󰬪,thanh5,0.0622214674949646,0.7397615748277059,0.11089515470177151
thanh5+𡑲,thanh5,0.08282676339149475,0.6380313946165159,0.11730887776082029
thanh5+𬃴,thanh5,0.055349141359329224,0.7698072120251732,0.10195855298876567
thanh5+𪢷,thanh5,0.06843456625938416,0.7826097771809041,0.06732519884258154
thanh5+𠶈,thanh5,0.06980451941490173,0.777848873369156,0.07281295316979565
thanh5+𪀆,thanh5,0.06836755573749542,0.6960218890349146,0.0984654797999381
thanh5+𦲹,thanh5,0.050463009625673294,0.7330763726712322,0.09026887200200297
thanh5+󱜶,thanh5,0.11195356398820877,0.7265367481451186,0.0849776254511612
thanh5+𡫡,thanh5,0.07214956730604172,0.692278286983815,0.16176699677357806
thanh5+󰁂,thanh5,0.1108739823102951,0.550512210830069,0.0714242400040967
thanh5+󰬽,thanh5,0.09823698550462723,0.6165644892447748,0.13356420963333668
thanh5+𡂄,thanh5,0.06352945417165756,0.7741749967287673,0.10290493940908381
thanh5+䐥,thanh5,0.09142296016216278,0.7183522008961666,0.11865958602847171
thanh5+𫮡,thanh5,0.07272816449403763,0.6891185424179139,0.10593702519320614
thanh5+𡚎,thanh5,0.056228768080472946,0.7161233768346917,0.19618999964901787
thanh5+󰊈,thanh5,0.05254887789487839,0.7837951031140644,0.0736368538027083
thanh5+󱪱,thanh5,0.059330616146326065,0.7580642240134818,0.2336306154005875
thanh5+󰢜,thanh5,0.07894068211317062,0.4966686116422648,0.12541287096472162
thanh5+𡃜,thanh5,0.07194959372282028,0.7700958005218387,0.13503860947349525
thanh5+󱓇,thanh5,0.10348708927631378,0.6193962043622384,0.10805265619606802
thanh5+󱫟,thanh5,0.09210004657506943,0.4813041376758409,0.1334310022082845
thanh5+󱮾,thanh5,0.09997788071632385,0.5092535799219493,0.14446234201349475
thanh5+󱠠,thanh5,0.09740784764289856,0.4320254129129586,0.15159578286498043
thanh5+𫽦,thanh5,0.07404888421297073,0.7849828475557272,0.13167077811303365
thanh5+㨲,thanh5,0.04698927327990532,0.8110917541582913,0.10364615982215204
thanh5+𬊭,thanh5,0.06771937757730484,0.747923595308582,0.09449766883645389
thanh5+󱩙,thanh5,0.09153430908918381,0.4763764947233743,0.08487256293054342
thanh5+󱟛,thanh5,0.10095841437578201,0.5473561639947784,0.08703200906696455
thanh5+󰬨,thanh5,0.04623579978942871,0.7830853947645509,0.1134249050966117
thanh5+󰛕,thanh5,0.09609350562095642,0.6681037605066061,0.14176668970988007
thanh5+𪢒,thanh5,0.046891383826732635,0.7629299573228269,0.08096990348088044
thanh5+󰬲,thanh5,0.06925778836011887,0.7251866186522714,0.11363791294211872
thanh5+𬄪,thanh5,0.101250559091568,0.4137640625269013,0.11340509750452982
thanh5+㘢,thanh5,0.13388898968696594,0.5829881830994588,0.21923714284914939
thanh5+𥵉,thanh5,0.07293581962585449,0.7412821995522477,0.16477453305049553
thanh5+𡃓,thanh5,0.09545677900314331,0.5197384933975778,0.1186699646069777
thanh5+𡑭,thanh5,0.06892506033182144,0.690833604072702,17.942298140793316
thanh5+𬡶,thanh5,0.07773536443710327,0.7458008486592383,0.12825710593312978
thanh5+鮗,thanh5,0.05897695571184158,0.7442181465888179,0.11204496809338499
thanh5+󱞔,thanh5,0.05147659033536911,0.7553534282792641,0.11494337172175519
thanh5+蓸,thanh5,0.05821448564529419,0.8100674128786337,0.09274362877255293
thanh5+󱜖,thanh5,0.12531888484954834,0.7185302990688748,0.069193776110355
thanh5+𪤠,thanh5,0.06528967618942261,0.7608457966369176,0.09139068601139884
thanh5+𡀲,thanh5,0.06969466805458069,0.8104187092348907,0.11241714346982712
thanh5+𪻋,thanh5,0.06168057397007942,0.5941616672253098,0.11219314749811622
thanh5+󰣡,thanh5,0.08182310312986374,0.7180255124664208,0.9007472432749438
thanh5+𪷘,thanh5,0.06861243396997452,0.6801386207916614,0.1303802278294981
thanh5+𪣮,thanh5,0.05368197709321976,0.7451034546648809,0.1259296466577683
thanh5+󱛦,thanh5,0.08733798563480377,0.699657541914411,0.10798605495820084
thanh5+󱱀,thanh5,0.07586637139320374,0.7070516213383282,0.11784351148774053
thanh5+𬄃,thanh5,0.058978959918022156,0.7885116867071772,0.09727319427998003
thanh5+𫮒,thanh5,0.06513095647096634,0.7563166896897091,0.09192011891014788
thanh5+𦨭,thanh5,0.06909754872322083,0.6424784017515902,0.11141718418512336
thanh5+𥙒,thanh5,0.09341122210025787,0.6102505977469879,0.12472792420413359
thanh5+𩠱,thanh5,0.08275774121284485,0.6247956859853382,0.14040493802281565
thanh5+㖏,thanh5,0.057450439780950546,0.785544727833464,0.0804151672759454
thanh5+󱘧,thanh5,0.07989121973514557,0.5944260526521689,0.12643217704640308
thanh5+𨨨,thanh5,0.06335248053073883,0.7454388647700452,0.10313505893682788
thanh5+󱤑,thanh5,0.05620577186346054,0.7430452506151294,0.09779497658290437
thanh5+𠾬,thanh5,0.05843411013484001,0.672498229370187,0.09704866004539126
thanh5+𫪦,thanh5,0.06629128754138947,0.7100567307006788,0.07848179930243503
thanh5+𤁯,thanh5,0.09451413154602051,0.6368024292430363,0.10726793441253551
thanh5+𦲼,thanh5,0.05460233986377716,0.7239079175828483,0.1388700933959798
thanh5+󰢷,thanh5,0.0708240494132042,0.7169181301315556,0.11044968988631874
thanh5+㖕,thanh5,0.05986804515123367,0.8003020108109428,0.08529788078790336
thanh5+𪞀,thanh5,0.06202135235071182,0.6955152390100146,0.09442840257659385
thanh5+𢀦,thanh5,0.056117039173841476,0.7860762313948568,0.09177090462341471
thanh5+󱞇,thanh5,0.0673721581697464,0.7630321910593876,0.09665705353739207
thanh5+𬠥,thanh5,0.07344229519367218,0.7807560556753266,0.1223730322187833
thanh5+𪡽,thanh5,0.06664575636386871,0.7312740622809522,0.09107462264604099
thanh5+𢭿,thanh5,0.06377191841602325,0.780832931807202,0.11293516582813905
thanh5+𠽇,thanh5,0.08529966324567795,0.7316640120628611,0.1140884986903433
thanh5+婫,thanh5,0.04900072515010834,0.7163216985500594,0.10753366934232432
thanh5+𣞄,thanh5,0.05187902972102165,0.8176457482886663,0.12402607674163763
thanh5+𠻉,thanh5,0.04616237059235573,0.8034918775956313,0.08837541366418666
thanh5+󱛱,thanh5,0.07414481043815613,0.7581306681591814,0.09491100125517525
thanh5+𩚧,thanh5,0.060001835227012634,0.7704947704124793,0.10199643416501074
thanh5+𥴙,thanh5,0.058922115713357925,0.7665001622402512,0.11130609616315917
thanh5+𰈏,thanh5,0.07827818393707275,0.612775828905143,0.07914469986516796
thanh5+󱮺,thanh5,0.057291265577077866,0.734735715774762,0.9239744839345952
thanh5+𡄰,thanh5,0.08426561206579208,0.6604773766448815,0.2067232424633908
thanh5+󰭂,thanh5,0.0838400200009346,0.6165131540938027,0.09485575496607185
thanh5+𫕹,thanh5,0.0760456770658493,0.7479404219701783,0.48312552609673753
thanh5+󱥥,thanh5,0.09067858010530472,0.7297262690072925,0.14079736782243493
thanh5+𪂱,thanh5,0.05342390760779381,0.7435105813694348,0.10645577714363935
thanh5+󱤍,thanh5,0.06827793270349503,0.7007052692071098,0.11191213560036602
thanh5+󱭘,thanh5,0.05997638776898384,0.7770195026814923,0.16481898343270227
thanh5+󰭔,thanh5,0.07218924909830093,0.6397936574030529,0.11235523992992298
thanh5+󱰭,thanh5,0.07572139799594879,0.6231800679066646,0.7827223973689267
thanh5+𤉓,thanh5,0.05404862016439438,0.8027598309687665,0.09876385957740307
thanh5+𨄿,thanh5,0.09672631323337555,0.5977299885875522,0.11223743755058524
thanh5+𪡫,thanh5,0.0586320236325264,0.7747260684179985,0.14115279321204718
thanh5+󱧖,thanh5,0.09086251258850098,0.5152415479513188,0.16809548735218383
thanh5+󱙉,thanh5,0.08848121017217636,0.6849485481712058,0.12056011500037249
thanh5+㷝,thanh5,0.05629897117614746,0.7839796739528381,0.08794412619580667
thanh5+抋,thanh5,0.07706266641616821,0.775717686982384,0.10280990912793404
thanh5+𫉮,thanh5,0.06351781636476517,0.7851629394253633,0.23829229786691283
thanh5+󱤗,thanh5,0.08805786818265915,0.5517332136668479,1.5481432893417273
thanh5+𪧺,thanh5,0.08838716149330139,0.718338776939014,0.09537827076906939
thanh5+𡎤,thanh5,0.09917422384023666,0.6258766252578968,0.11808471308128832
thanh5+󱥪,thanh5,0.06924399733543396,0.6480018878426794,0.0922239620058562
thanh5+󱦐,thanh5,0.07525523006916046,0.4717267445986777,0.11798074721848516
thanh5+󱟱,thanh5,0.11897608637809753,0.7359877646290345,0.07972777035762356
thanh5+𪰰,thanh5,0.07508048415184021,0.6927770514821489,0.08522144606515153
thanh5+堹,thanh5,0.045059990137815475,0.7832812995170054,0.10152346547689416
thanh5+𤏦,thanh5,0.069303959608078,0.6497944452547986,0.10638433088090615
thanh5+𪾭,thanh5,0.06622151285409927,0.8016211460045761,0.1143565104037374
thanh5+󱞗,thanh5,0.07164795696735382,0.7666925454171517,0.12578300295003278
thanh5+𫢖,thanh5,0.09291264414787292,0.5481235658565693,0.10961839402916479
thanh5+󱞴,thanh5,0.07539170235395432,0.6842122342085929,0.1429973347854817
thanh5+󱛲,thanh5,0.10174276679754257,0.6921590069770448,0.11006867164593355
thanh5+𦿄,thanh5,0.052007295191287994,0.7426341357919728,0.1180935625364244
thanh5+𪢤,thanh5,0.0760434940457344,0.6422369457838247,0.1317809871302321
thanh5+𧋸,thanh5,0.09959833323955536,0.6439214656822234,0.10423986114404715
thanh5+𠹍,thanh5,0.052723608911037445,0.8190803989426892,0.08872730146606013
thanh5+𠺚,thanh5,0.06491490453481674,0.7550952683203983,0.11169179017372544
thanh5+𩯁,thanh5,0.07904104143381119,0.6231925754794502,0.09152324257297949
thanh5+𬄹,thanh5,0.05191761255264282,0.793997567374233,0.5597348959107021
thanh5+溒,thanh5,0.061271585524082184,0.7524752914525824,0.13059165416579735
thanh5+𩝭,thanh5,0.07176873087882996,0.6673446496407128,0.1177654123976221
thanh5+𫪎,thanh5,0.0715777650475502,0.8134006269124137,0.10182841056913415
thanh5+󱛍,thanh5,0.10534513741731644,0.5757778645047368,0.08093175001523108
thanh5+󱝹,thanh5,0.07343350350856781,0.7090331766198509,0.09778965462174587
thanh5+㖪,thanh5,0.0895514190196991,0.7785948897140375,0.07265633052858997
thanh5+𭈙,thanh5,0.07993409782648087,0.6325509615420258,0.09625906514425982
thanh5+𠷇,thanh5,0.0634065642952919,0.5899299457848525,7.970542311591822
thanh5+䀭,thanh5,0.059086430817842484,0.7779633616730742,0.11567402953467036
thanh5+𭉷,thanh5,0.08244793862104416,0.6324040359989331,0.10227340807835118
thanh5+𠺼,thanh5,0.06753810495138168,0.6544011427348095,0.08403959987965821
thanh5+󱚫,thanh5,0.12493832409381866,0.38909134361808356,0.12030628835981705
thanh5+𫬪,thanh5,0.08487915247678757,0.727777167943042,0.12581414424698953
thanh5+𥋲,thanh5,0.04760979861021042,0.6971688202919916,0.1734143080159327
thanh5+󰢔,thanh5,0.06186080724000931,0.7233414188000192,0.0988322594307887
thanh5+󱝖,thanh5,0.07633347809314728,0.6452771522963172,0.10280956077682567
thanh5+𧟝,thanh5,0.08589974045753479,0.5679550130936002,0.14926966084619922
thanh5+󱦮,thanh5,0.05931393802165985,0.7538215955803369,0.08966281652013354
thanh5+󱮝,thanh5,0.0825296938419342,0.7197743154695893,0.12676228132497408
thanh5+𠴇,thanh5,0.08535633981227875,0.785813965514269,0.0855807658008728
thanh5+󱞈,thanh5,0.05665803700685501,0.7625437639616084,0.18468389134780674
thanh5+󱥓,thanh5,0.07102615386247635,0.7249413280159074,0.12179630278648133
thanh5+󱤒,thanh5,0.06096378713846207,0.7254413127271679,0.13102469134833847
thanh5+𬊐,thanh5,0.0654771700501442,0.6864428946316241,0.08407918220718573
thanh5+𪡱,thanh5,0.05297975242137909,0.7401620376263451,0.09142736547269607
thanh5+𡓯,thanh5,0.07202264666557312,0.7014965615281394,0.20792158714103992
thanh5+𡀫,thanh5,0.06826402246952057,0.7391494491451025,0.1194975024399652
thanh5+󱟂,thanh5,0.0789952203631401,0.5242598582721131,0.10157140156564548
thanh5+𦽎,thanh5,0.09544465690851212,0.4317185687613689,0.21549016065692037
thanh5+𫣝,thanh5,0.08422543853521347,0.5937210157727518,0.1433607341127355
thanh5+𡞗,thanh5,0.05470937117934227,0.7359836235823022,0.09170180220263159
thanh5+𩛸,thanh5,0.044331252574920654,0.829750730450766,0.0986324093161934
thanh5+𬟻,thanh5,0.06913400441408157,0.7997193984544274,0.07017715751280858
thanh5+𡝦,thanh5,0.07986661046743393,0.7998127917047672,0.13401686365219947
thanh5+𰈨,thanh5,0.07004325836896896,0.7322387938537449,0.19646170343390568
thanh5+𡁼,thanh5,0.09288375824689865,0.6458163260658625,5.8115219881856115
thanh5+󱢜,thanh5,0.07383203506469727,0.6245018679858431,0.09689039122554118
thanh5+󱹙,thanh5,0.04420287162065506,0.7475300453011718,0.11348416385540488
thanh5+囄,thanh5,0.11191298812627792,0.5798219943198496,0.12912849131577833
thanh5+󱢰,thanh5,0.06618072092533112,0.6977230285584519,24.670119385579557
thanh5+𦟋,thanh5,0.056677915155887604,0.8038095934881068,0.12285478341601219
thanh5+𡅫,thanh5,0.05217690020799637,0.7882936096328601,0.09258530303013714
thanh5+𡎡,thanh5,0.05665314570069313,0.7090440411679166,0.11768898784219811
thanh5+󱫂,thanh5,0.07107054442167282,0.6278820061447092,0.2530323017777872
thanh5+𠱜,thanh5,0.057824164628982544,0.7204015960662999,0.13492134010066964
thanh5+𨁋,thanh5,0.0956331342458725,0.7097799987132515,0.11060506536734853
thanh5+󱛴,thanh5,0.08723200857639313,0.5895605754416483,0.1137303622106579
thanh5+󱞃,thanh5,0.06685508787631989,0.6973949427328398,0.10832157047879097
thanh5+󱷿,thanh5,0.046551939100027084,0.8048740298120711,0.11303870791295256
thanh5+𫰄,thanh5,0.062108591198921204,0.754459272567556,0.12648593294355207
thanh5+󱳦,thanh5,0.13506104052066803,0.6950542270293574,0.07579392291081997
thanh5+󱪉,thanh5,0.07387025654315948,0.7296511464179659,0.1094323529554952
thanh5+𬕳,thanh5,0.09649454057216644,0.6559423815562737,0.12042719077892934
thanh5+𡐮,thanh5,0.044694866985082626,0.8021544898186793,0.10615462547598643
thanh5+󱙲,thanh5,0.05972590669989586,0.6992563053552379,0.12341050195360348
thanh5+𪮩,thanh5,0.05408872291445732,0.7336213946999226,0.12397704005881954
thanh5+󱰐,thanh5,0.0987851619720459,0.45961834587799694,0.15684864307455937
thanh5+𡫐,thanh5,0.09411776065826416,0.5288788826062403,6.7866995335422144
thanh5+󰞬,thanh5,0.08543281257152557,0.6322897882995261,0.1309172313512623
thanh5+𬏖,thanh5,0.05357891321182251,0.7328007551448427,2.3855767214529053
thanh5+𦩳,thanh5,0.07494539767503738,0.600413243575397,0.10382335776237722
thanh5+󱜺,thanh5,0.05361539125442505,0.801092071617102,0.10155790880532704
thanh5+㨫,thanh5,0.10375642776489258,0.6586549255929042,0.10149626286806361
thanh5+𬮷,thanh5,0.1064569354057312,0.5889029300714824,0.17847546094410902
thanh5+𧍆,thanh5,0.11587221920490265,0.6005457190595991,0.1134776669488831
thanh5+𫽠,thanh5,0.08009152859449387,0.6889538106610384,0.10490779930110655
thanh5+󱢉,thanh5,0.06326023489236832,0.7019705986255399,0.10371633370415101
thanh5+󱠢,thanh5,0.07383479177951813,0.6367919036071078,0.12038030762968659
thanh5+𩼁,thanh5,0.061865851283073425,0.7732182363676401,0.1553928799248653
thanh6+󱦗,thanh6,0.08759301900863647,0.5818580186128955,0.1109867007646816
thanh6+𫪀,thanh6,0.06673909723758698,0.7408344440249048,0.07186225367859155
thanh6+󱞜,thanh6,0.0715092271566391,0.7679891164409895,0.09465407353151474
thanh6+𡫫,thanh6,0.04400332272052765,0.8129516497276451,0.09998939394229879
thanh6+埨,thanh6,0.06235375255346298,0.7904451897506022,0.08608993055414882
thanh6+𦝺,thanh6,0.08137246966362,0.7835950835122406,0.13246730500356976
thanh6+𪝅,thanh6,0.049299206584692,0.8166724731517716,0.06969820965915942
thanh6+󱥄,thanh6,0.06693587452173233,0.7988818062747008,0.11631766805220389
thanh6+𪴉,thanh6,0.07828064262866974,0.7505041290850986,0.10462508742483201
thanh6+󱚕,thanh6,0.05535665154457092,0.783691086585155,0.09274032432438656
thanh6+𠲃,thanh6,0.07396391034126282,0.7833638729159439,0.08481886151386936
thanh6+󱝢,thanh6,0.05858461558818817,0.8260746389745637,0.10726706897504175
thanh6+󱩗,thanh6,0.0776282325387001,0.7486689499731894,0.11029592274274219
thanh6+𦵠,thanh6,0.09767845273017883,0.5442582764863036,0.13290568402231256
thanh6+睈,thanh6,0.09435268491506577,0.7603843845134834,0.08065778484138866
thanh6+𬞑,thanh6,0.0512516163289547,0.7913206129435699,0.12196358461569852
thanh6+𫪁,thanh6,0.056123342365026474,0.8562344688782545,0.09166854876854481
thanh6+󱝑,thanh6,0.07793407142162323,0.7353814137828912,0.09790414937081693
thanh6+𡉖,thanh6,0.04424027353525162,0.8578196269117943,0.06202681678551342
thanh6+󰴾,thanh6,0.054723240435123444,0.7265121106752604,0.09995899227709067
thanh6+󱝙,thanh6,0.06421049684286118,0.7805208662327888,0.09326942293789127
thanh6+𠲜,thanh6,0.09926653653383255,0.7021838811140423,3.313851361009805
thanh6+󱩸,thanh6,0.08880285173654556,0.6763370547215681,0.10586950058523759
thanh6+𠽂,thanh6,0.056471407413482666,0.8158774341129758,0.10653402617297586
thanh6+姈,thanh6,0.05965012311935425,0.8165748863832877,0.07873209521676461
thanh6+𢶹,thanh6,0.042518794536590576,0.8434555103173866,0.11394021874485132
thanh6+𥾸,thanh6,0.0584602952003479,0.8263530423037212,0.07932240307722534
thanh6+𠼇,thanh6,0.110114187002182,0.7398703295904636,0.10879138265977
thanh6+𪢘,thanh6,0.05337940901517868,0.7977886389620475,0.1119411719265438
thanh6+𧋸,thanh6,0.0762692242860794,0.7373718529489832,0.38071493132072104
thanh6+󱞣,thanh6,0.07025319337844849,0.6035631763725102,0.13497115236780852
thanh6+󱟁,thanh6,0.06380294263362885,0.6452900199843765,0.1159843763251907
thanh6+𫯐,thanh6,0.04609210789203644,0.8141479783670853,0.081610044746863
thanh6+㺜,thanh6,0.10478200763463974,0.6471317314636199,0.087571232439361
thanh6+󱓍,thanh6,0.08223647624254227,0.7020384174293544,0.09371196165576808
thanh6+𧒊,thanh6,0.07702869921922684,0.7674447221385285,0.09344131508281095
thanh6+󰠎,thanh6,0.07491625845432281,0.8136886814787365,0.10832782500848848
thanh6+󱋃,thanh6,0.05279575660824776,0.7129419027123336,0.09893614482494988
thanh6+󱲙,thanh6,0.07510222494602203,0.7358614974833393,0.08752586150141618
thanh6+󱠠,thanh6,0.06712999194860458,0.7448968273870586,0.09728760676997655
thanh6+𧍆,thanh6,0.11760298162698746,0.5122379212227465,0.1027403823503104
thanh6+󱋠,thanh6,0.05686713755130768,0.839648936815251,0.09397812151782643
thanh6+𡎤,thanh6,0.0731387510895729,0.6717264560522817,0.08583894331983832
thanh6+𪱴,thanh6,0.0821814015507698,0.6798099398143143,0.08147075960078635
thanh6+󰣿,thanh6,0.07642970234155655,0.7855982905128611,0.12580450732341877
thanh6+󱞿,thanh6,0.06943052262067795,0.7505115833302051,0.0893637452335722
thanh6+𠴖,thanh6,0.07282157242298126,0.7838773454057816,0.0757913514046101
thanh6+𪁄,thanh6,0.05372187867760658,0.7733638175602687,0.09699490454764391
thanh6+󱬊,thanh6,0.05564020574092865,0.750420598233178,0.10921980236290008
thanh6+󱞈,thanh6,0.06102346256375313,0.7516534226980984,0.11890842380964832
thanh6+𠲡,thanh6,0.05550885945558548,0.8060524756900661,0.08139463611982076
thanh6+𡁎,thanh6,0.10259398072957993,0.781726276773466,541.3963051494692
thanh6+󱟜,thanh6,0.04920187219977379,0.7308002134012322,0.07586863944402321
thanh6+𢰦,thanh6,0.057388901710510254,0.733184526453105,0.07273398061081322
thanh6+𪸄,thanh6,0.08752477914094925,0.7157773860410566,0.12098401191186225
thanh6+𧜐,thanh6,0.044405143707990646,0.8092833056343041,24.62385561205747
thanh6+󱤥,thanh6,0.06824018806219101,0.7992767147834757,0.0812434196655717
thanh6+𠅐,thanh6,0.06386937946081161,0.7564022196053956,0.072212412872245
thanh6+󱙤,thanh6,0.06407687067985535,0.8078606458961628,0.05755855037658947
thanh6+㖏,thanh6,0.07704215496778488,0.8211517224443654,0.09717784612742116
thanh6+𠶍,thanh6,0.051547832787036896,0.8600046151224534,1.464391269456801
thanh6+󱢏,thanh6,0.07430831342935562,0.7188000767027956,0.10170551656225939
thanh6+󰮦,thanh6,0.0756661593914032,0.7425370654069343,0.11931012925021872
thanh6+󱛣,thanh6,0.059432849287986755,0.7629767152636202,0.0971816089013015
thanh6+󱥯,thanh6,0.041494712233543396,0.8299898269242992,0.10623965267556357
thanh6+󱝞,thanh6,0.08248811960220337,0.6378906582247712,0.09818150687134075
thanh6+𠴌,thanh6,0.04051639884710312,0.8610842407169766,0.06609765526893502
thanh6+𬂨,thanh6,0.110912024974823,0.718230220156592,0.12869534607353028
thanh6+󱙥,thanh6,0.07817330211400986,0.7266220126363017,0.06888427582545463
thanh6+󰤣,thanh6,0.05958371236920357,0.7854599672812144,0.10832969038060307
thanh6+𪬪,thanh6,0.09527984261512756,0.769084208075352,0.10654264119335331
thanh6+󰯺,thanh6,0.047262899577617645,0.8004652196161806,0.09942383513343113
thanh6+𣎞,thanh6,0.06887540966272354,0.6648251965887024,0.10441562627502277
thanh6+𠸽,thanh6,0.07729840278625488,0.7458244185860323,0.11088977468302486
thanh6+󰁐,thanh6,0.0651681125164032,0.8001571282577558,0.12833231286172006
thanh6+𤲼,thanh6,0.06618588417768478,0.7219417405673327,5.659792923109403
thanh6+𡃖,thanh6,0.07466904073953629,0.7705799762993777,0.09763075857048321
thanh6+𡅫,thanh6,0.06465741246938705,0.7637466296340458,0.09315521493849842
thanh6+𢆠,thanh6,0.06468372046947479,0.7066321513886668,0.08717189456682063
thanh6+󱞲,thanh6,0.06664085388183594,0.6891632958609685,0.11843931443203169
thanh6+󱜆,thanh6,0.051541853696107864,0.833209125021835,0.10098742154398377
thanh6+󱬑,thanh6,0.06609919667243958,0.7505416915116415,0.09051399153464872
thanh6+󱱣,thanh6,0.0695061907172203,0.8350560798400569,0.13615956448669783
thanh6+󱤾,thanh6,0.061306800693273544,0.8132516808979879,0.09439065558420116
thanh6+󱫠,thanh6,0.08392354100942612,0.5192333163244137,0.11766465380472003
thanh6+𡃆,thanh6,0.06755068898200989,0.7526815456273342,0.10763968663136299
thanh6+󱞟,thanh6,0.0651111900806427,0.7497968048473902,0.11702180819989151
thanh6+𦩳,thanh6,0.07731395214796066,0.6160493724932712,0.10873657143967504
thanh6+󱝳,thanh6,0.06578843295574188,0.7711944382299555,0.07591759591495724
thanh6+𪰰,thanh6,0.07881098985671997,0.7452336996231284,0.07397556174462512
thanh6+挒,thanh6,0.05020412802696228,0.8115291408801003,0.10038625934619932
thanh6+𠵴,thanh6,0.054403599351644516,0.8106151443738534,0.0940561304955949
thanh6+󰸪,thanh6,0.10406223684549332,0.7091907904363473,0.10178583038421563
thanh6+𪖺,thanh6,0.07718345522880554,0.670343819769035,0.230749303263295
thanh6+󱙴,thanh6,0.07419953495264053,0.7265045215137778,0.15160447511195863
thanh6+󱛖,thanh6,0.035863135010004044,0.8883318358933839,0.08663912554377085
thanh6+󱝆,thanh6,0.04639037698507309,0.8626236009015349,0.10355638436262059
thanh6+𥮈,thanh6,0.09999329596757889,0.561615142428692,0.11745937511889702
thanh6+󱊚,thanh6,0.04652775079011917,0.8407278779117208,0.07235544404461598
thanh6+𬆅,thanh6,0.06657688319683075,0.7606194174068449,0.10028569462578442
thanh6+𭡏,thanh6,0.05828491598367691,0.7992476456580478,0.12322938633950042
thanh6+󱫷,thanh6,0.047926027327775955,0.82491665803523,0.09003196617374193
thanh6+抋,thanh6,0.06213383749127388,0.8428894376662012,0.0760057812614454
thanh6+󱬧,thanh6,0.07840009778738022,0.6345997696312202,0.10456389716479753
thanh6+𰈏,thanh6,0.07051564007997513,0.7756228447690728,0.2925695395769135
thanh6+󱺈,thanh6,0.04893045872449875,0.8397167295416307,0.10013557930757055
thanh6+󱭪,thanh6,0.075765460729599,0.7327932988777491,0.0903454303215302
thanh6+󱨇,thanh6,0.07503071427345276,0.7917275176069961,0.10036741804900597
thanh6+𪡽,thanh6,0.05012761801481247,0.8600025493627986,102.35206613000081
thanh6+𡏯,thanh6,0.05819835141301155,0.843620493752856,0.08723822878875909
thanh6+󱬎,thanh6,0.07352364808320999,0.6613036797475423,4.231019145228832
thanh6+󱜺,thanh6,0.0542280487716198,0.8007099382504257,0.10825368506395217
thanh6+󱛲,thanh6,0.06434789299964905,0.7809725940750926,0.0936854771677516
thanh6+𢶽,thanh6,0.06993129104375839,0.7377138438269456,0.14650476575844
thanh6+󱭧,thanh6,0.07479662448167801,0.748838426080763,0.13018926547921286
thanh6+𡅯,thanh6,0.06028679013252258,0.7799887049326634,0.14214190443390326
thanh6+󱝭,thanh6,0.08665533363819122,0.7643499362600181,0.1242138867833022
thanh6+𡁛,thanh6,0.073165163397789,0.647577530840339,0.13900015642296185
thanh6+𮜲,thanh6,0.08100217580795288,0.7695325303894501,0.09606397953540109
thanh6+𠷯,thanh6,0.06402355432510376,0.7986115319011228,0.08615637408567829
thanh6+𬕌,thanh6,0.06829441338777542,0.7762850754715606,0.0975243320873943
thanh6+𪮽,thanh6,0.09323428571224213,0.6317792161113209,0.10438541615386382
thanh6+𪦎,thanh6,0.07070887833833694,0.6060609171250817,0.12917089334228782
thanh6+𫬠,thanh6,0.061308853328228,0.7196446020056365,0.1254266321651921
thanh6+𨊌,thanh6,0.11779861152172089,0.38721159557718066,0.10224567489807672
thanh6+啩,thanh6,0.08673320710659027,0.7764334607701106,0.10453198178995045
thanh6+𫴬,thanh6,0.08393599838018417,0.7593717593870285,0.07643820378466924
thanh6+𭋙,thanh6,0.06698573380708694,0.6737916402381896,0.08804281209994082
thanh6+󱜲,thanh6,0.06933783739805222,0.757895001650958,0.07459953437330419
thanh6+󱝀,thanh6,0.08939161896705627,0.582651758663293,0.08986725027947075
thanh6+󱟟,thanh6,0.06523417681455612,0.743593120001953,0.1490101622443534
thanh6+莰,thanh6,0.07065410912036896,0.7807031794576139,0.11666941645350676
thanh6+𫵊,thanh6,0.07310093939304352,0.7690427438874142,0.7686200253773688
thanh6+𪸝,thanh6,0.05944284051656723,0.8198782629083685,0.0772422664943322
thanh6+󱰯,thanh6,0.07528287172317505,0.6579425971699197,0.11226204875384467
thanh6+鏙,thanh6,0.07273172587156296,0.7063524212930263,0.1304925018249267
thanh6+𣋇,thanh6,0.06473460048437119,0.7546538756512243,0.10945341511309532
thanh6+󱎾,thanh6,0.05578775703907013,0.772921468057319,0.11616857510256647
thanh6+𫣝,thanh6,0.05707317590713501,0.7562572398995335,0.08754764718257024
thanh6+󱘡,thanh6,0.060291312634944916,0.7053971070587631,0.15710553941557914
thanh6+󱖧,thanh6,0.08322703093290329,0.5956852681895067,0.11694010506640512
thanh6+𪻟,thanh6,0.07666552811861038,0.70386072117201,0.08704432606724344
thanh6+㙩,thanh6,0.08171658962965012,0.6535312745030688,0.07813809953720226
thanh6+𡮛,thanh6,0.09763255715370178,0.7575774362778038,0.09503615574357045
thanh6+𬕳,thanh6,0.054844290018081665,0.8086656855997691,0.09671150088640564
thanh6+󱟰,thanh6,0.06533752381801605,0.7261412174187123,0.09910380189812174
thanh6+𭉷,thanh6,0.05268651247024536,0.8015886010801763,0.09206479615990443
thanh6+󱫸,thanh6,0.09804417192935944,0.5344767617376145,0.10376392673121604
thanh6+𢀦,thanh6,0.08278480172157288,0.7997436316782727,0.0949724696461003
thanh6+󰢷,thanh6,0.06284431368112564,0.8331684828466224,0.09736720960563776
thanh6+󱞻,thanh6,0.10458220541477203,0.6352734431074465,0.09840898556492599
thanh6+𬂻,thanh6,0.08497379720211029,0.7171890607250453,0.11822323126753269
thanh6+𤗹,thanh6,0.08057543635368347,0.6214820428625882,0.10201519269564863
thanh6+𫴯,thanh6,0.12334968149662018,0.5336313044260478,0.10312386461070551
thanh6+󱷿,thanh6,0.07902009785175323,0.8043125678816182,0.1212426426392494
thanh6+󱛅,thanh6,0.06573141366243362,0.764953646515198,0.10930666525895132
thanh6+󰡊,thanh6,0.04581240192055702,0.8279944580924192,0.10497290906202127
thanh6+󱞝,thanh6,0.0613972507417202,0.7008476531338647,0.09681593409785268
thanh6+𡎡,thanh6,0.037644535303115845,0.8605228840548316,0.08753090977892132
thanh6+𡃜,thanh6,0.06562021374702454,0.7595505242987888,0.1268960357081086
thanh6+𢹾,thanh6,0.07557057589292526,0.7612385510915622,0.11688330341869639
thanh6+𪝪,thanh6,0.12751738727092743,0.550271556536548,0.14742284661965496
thanh6+𠻇,thanh6,0.03958858549594879,0.84254921665665,0.08608323315123136
thanh6+󱛕,thanh6,0.062292423099279404,0.6204360673372337,0.08942845168302298
thanh6+𭊳,thanh6,0.08405280858278275,0.7797820721851385,0.12448310441691714
thanh6+𫊬,thanh6,0.047076281160116196,0.8187993267538067,0.08508350269457664
thanh6+𧜗,thanh6,0.05656258389353752,0.7687998579219864,0.08238714944699861
thanh6+󱜈,thanh6,0.04522404819726944,0.7606374754259198,0.11436489971059882
thanh6+𡄡,thanh6,0.054129719734191895,0.831320847649313,0.11902435328692147
thanh6+󱭘,thanh6,0.06628654152154922,0.6663037822455053,0.480153176752079
thanh6+󱝒,thanh6,0.048982761800289154,0.8543062669036932,0.09153485225893354
thanh6+檤,thanh6,0.07613643258810043,0.8019891100188618,0.1755410419398166
thanh6+𡔒,thanh6,0.05938669294118881,0.6989483828699334,0.11207451365823114
thanh6+𥖑,thanh6,0.06453345715999603,0.7269078005764529,0.18568184412611988
thanh6+󰈠,thanh6,0.0768454372882843,0.684565706638268,0.10863162246299835
thanh6+𡁚,thanh6,0.04234626144170761,0.840941551505687,0.09165700207031995
thanh6+󱥭,thanh6,0.0828104019165039,0.718044166775555,0.10423851206078605
thanh6+𧒅,thanh6,0.08218909800052643,0.7291936836033014,0.10996852446084875
thanh6+𩝻,thanh6,0.05749131739139557,0.7362007385790691,0.11282290297395892
thanh6+𦿄,thanh6,0.055370256304740906,0.8024239555678813,0.1204994779526114
thanh6+󰊈,thanh6,0.07369828969240189,0.6934673375441398,0.07513765795901253
thanh6+𡂷,thanh6,0.04945993795990944,0.7731118881761071,0.10248657904423975
thanh6+𦞎,thanh6,0.04647015780210495,0.7697513726275443,0.12200121113858925
thanh6+󱨕,thanh6,0.047714993357658386,0.7910908342357477,0.10470264901191917
thanh6+󱘓,thanh6,0.07987937331199646,0.7514933385521425,0.12058839097394898
thanh6+𪢌,thanh6,0.07249963283538818,0.6985220340786638,0.11661095101578178
thanh6+󱫴,thanh6,0.08606412261724472,0.6363512062077599,0.12959615317540105
thanh6+𪡦,thanh6,0.06571927666664124,0.6730216501953822,0.08781437237346153
thanh6+󱫟,thanh6,0.0897352397441864,0.5898857722793625,0.10351404580029973
thanh6+𡃳,thanh6,0.09052543342113495,0.6861245714178305,0.11335003468361042
thanh6+𪥘,thanh6,0.11175866425037384,0.538574778094859,0.11484429107006207
thanh6+󱉲,thanh6,0.07221581041812897,0.7067682345710105,0.1621836967170035
thanh6+𥙒,thanh6,0.06418502330780029,0.721260686982338,0.09892505738963019
thanh6+󱠳,thanh6,0.07016585767269135,0.7371807127634921,0.0941252720899189
thanh6+󰢽,thanh6,0.08145972341299057,0.8511194247672051,58.40247062752673
thanh6+𩽈,thanh6,0.05674143508076668,0.7063351185515269,0.6754675042211128
thanh6+𮤭,thanh6,0.07096212357282639,0.7714766670932552,0.08439622999406482
thanh6+󰧺,thanh6,0.13777245581150055,0.5574493931745389,0.12605375826343315
thanh6+󱯧,thanh6,0.0605015754699707,0.7869653773681285,0.09603038291190814
thanh6+󱡑,thanh6,0.0654381811618805,0.8054413337666997,0.08613497273496253
thanh6+󱮧,thanh6,0.08062706142663956,0.5632432262064546,0.1136399947822378
thanh6+𠜈,thanh6,0.0820867270231247,0.6960151656270044,0.12810672325117062
thanh6+灆,thanh6,0.06573465466499329,0.7023637962373194,0.13348969024790014
thanh6+㖪,thanh6,0.04610689356923103,0.8339544155852606,0.07549428527636672
thanh6+𬮷,thanh6,0.11412255465984344,0.6848857887330657,0.11635437674348865
thanh6+󱜾,thanh6,0.06711704283952713,0.7703820812796773,0.09412044247798251
thanh6+𥱰,thanh6,0.049986906349658966,0.7520455042264678,0.09719825732244534
thanh6+𡫶,thanh6,0.06932111829519272,0.8100042744262208,0.1022170607862418
thanh6+𣱿,thanh6,0.08393031358718872,0.8356041574451781,0.05368565262038871
thanh6+󱝖,thanh6,0.10702058672904968,0.7445879820210017,0.1144962636826055
thanh6+󱚰,thanh6,0.04548876732587814,0.7718833660484413,0.10801698115304297
thanh6+𤳧,thanh6,0.0547216571867466,0.8024984739051435,0.09107782225921268
thanh6+󱮟,thanh6,0.06351132690906525,0.7800724833543408,0.0836508881400273
thanh6+𥌧,thanh6,0.060423508286476135,0.8215563471970596,0.11312742930649376
thanh6+𠴭,thanh6,0.053586844354867935,0.8089023676978747,0.07417079135278778
thanh6+󰮃,thanh6,0.06933851540088654,0.7586921958609518,0.09404711809106592
thanh6+󱝨,thanh6,0.05886629968881607,0.7680942427895592,0.1258957624892419
thanh6+𡮺,thanh6,0.06483714282512665,0.7698210498833367,0.11041999903825946
thanh6+𡉎,thanh6,0.0660405158996582,0.7713928438389532,0.07543912776956241
thanh6+𥯉,thanh6,0.088455431163311,0.6803545556018626,0.09659341073859641
thanh6+󱚴,thanh6,0.08725180476903915,0.706817974107137,252.6940255415141
thanh6+󱥻,thanh6,0.03216790780425072,0.8580954396146003,0.07898616450418493
thanh6+󱰪,thanh6,0.06212005019187927,0.7786082981105596,0.10201319161916966
thanh6+󱮺,thanh6,0.0773448646068573,0.7829093514230651,0.1430322789674895
thanh6+𥊜,thanh6,0.096796914935112,0.528666156523139,0.12492041392577606
thanh6+𬖩,thanh6,0.06826445460319519,0.7749902945228321,0.09314936646698309
thanh6+󱮮,thanh6,0.07851097732782364,0.6232489355154055,0.08112536751864512
thanh6+𫽠,thanh6,0.09670232981443405,0.7106431063012809,0.2153014098530711
thanh6+𤏦,thanh6,0.047611068934202194,0.8625770291591924,0.09010154329843044
thanh6+󱳠,thanh6,0.08369696140289307,0.7112221111263023,0.07949654018725702
thanh6+𡕩,thanh6,0.09535873681306839,0.7144129049550507,0.07688685449484949
thanh6+𡑭,thanh6,0.044811882078647614,0.8192331751191081,0.1105867490119742
thanh6+𬖵,thanh6,0.07193469256162643,0.6235862868192895,0.10967638115140861
thanh6+𪢖,thanh6,0.06051889806985855,0.729165409161724,0.1288382287486547
thanh6+𬄹,thanh6,0.09457006305456161,0.73270426881622,0.15340453199263662
thanh6+󱜌,thanh6,0.08581763505935669,0.7770782228719461,0.0611539853011408
thanh6+󱺂,thanh6,0.14911749958992004,0.7029184884996883,0.10531465751214313
thanh6+鎫,thanh6,0.0862804725766182,0.6502595557259776,79.72647804229122
thanh6+𫞡,thanh6,0.0693545788526535,0.7933631812814487,0.10280387264250264
thanh6+󱟏,thanh6,0.08671269565820694,0.6799806552138323,0.09405459459332442
thanh6+󱞾,thanh6,0.09543506056070328,0.589803827610496,0.09483899479501563
thanh6+󱞖,thanh6,0.060500919818878174,0.7919862301405354,0.09329642816956636
thanh6+󱰶,thanh6,0.12126036733388901,0.5153809391968399,0.10060602799734053
thanh6+𠺺,thanh6,0.06001506373286247,0.8013449735030524,0.1235043954328958
thanh6+󱛑,thanh6,0.10730645060539246,0.7076056689119825,0.12452592928905477
thanh6+𫲰,thanh6,0.06642122566699982,0.7324020270644788,0.09500166011427565
thanh6+𢭿,thanh6,0.04333742335438728,0.7937356140633074,0.08928735802626374
thanh6+󱩩,thanh6,0.06766156852245331,0.7728990689827946,0.12320914623236473
thanh6+𠺼,thanh6,0.07316615432500839,0.8291905897121242,0.1225506100506194
thanh6+𫛈,thanh6,0.09970693290233612,0.7214791169568827,0.12914011372175863
thanh6+𠳭,thanh6,0.06351359188556671,0.8483142362127308,0.09287108992619919
thanh6+𡁽,thanh6,0.08200234919786453,0.7502300211087095,0.11524872717106882
thanh6+𪉴,thanh6,0.07806682586669922,0.5591710981390631,0.11026797960564277
thanh6+󱛻,thanh6,0.0755879282951355,0.6812839206773799,0.10221568885956939
thanh6+󱍺,thanh6,0.09167926013469696,0.7744612465573378,0.09295785119689741
thanh6+󱨨,thanh6,0.08978527039289474,0.73369551645028,0.12789337080941413
thanh6+󱳴,thanh6,0.059058137238025665,0.7200263494797028,0.123792944782337
thanh6+𪥾,thanh6,0.061858631670475006,0.798682305990965,0.11532414678599345
thanh6+󰮝,thanh6,0.05993305891752243,0.7736669815195387,0.12108401528402685
thanh6+㗶,thanh6,0.06187141686677933,0.692943882564963,0.10111839181916521
thanh6+堹,thanh6,0.08204606920480728,0.7451223484856417,0.17833931998124805
thanh6+𰈨,thanh6,0.05226536840200424,0.806170002743002,0.10728916340788734
thanh6+󰢣,thanh6,0.0693691149353981,0.722143369632192,0.1376067414729146
thanh6+䐥,thanh6,0.08919501304626465,0.6522125311914205,0.10816483888752099
thanh6+󱝷,thanh6,0.08045531809329987,0.7243270640718036,0.14275775664969834
thanh6+󰅲,thanh6,0.07305686175823212,0.7804041561906737,0.0715634172551831
thanh6+󱯠,thanh6,0.08432011306285858,0.7710328670860408,1.5752197172598494
thanh6+󱓦,thanh6,0.06287427246570587,0.8119153526902507,0.10363434823882783
thanh6+𩠱,thanh6,0.09300648421049118,0.74483883023522,148.64459547858868
thanh6+𠱜,thanh6,0.05733950063586235,0.7690807884753456,0.10287373922152249
thanh6+𫫴,thanh6,0.0469234436750412,0.7956610390750034,0.09369719334245936
thanh6+󱣂,thanh6,0.0700441226363182,0.7672991979594062,0.1521644525300246
thanh6+󰞘,thanh6,0.08629675209522247,0.7400459118193278,0.062315971101063794
thanh6+󱯈,thanh6,0.07762908935546875,0.8023716571421082,0.12995466902248223
thanh6+󱟂,thanh6,0.0633019506931305,0.7465258851404594,0.1113295642527752
thanh6+𪞀,thanh6,0.06739605963230133,0.8086980077075824,0.09756135159983098
thanh6+𫼿,thanh6,0.052843354642391205,0.8322133147764573,0.0901084511018297
thanh6+𪤽,thanh6,0.05302833765745163,0.8365910381982232,0.08980102738102515
thanh6+𪡈,thanh6,0.06295929849147797,0.821692588391733,0.07346157896426374
thanh6+𪢡,thanh6,0.06916579604148865,0.7346357444666622,0.14551902458162902
thanh6+󱹡,thanh6,0.05726274847984314,0.8088666854123497,0.10532592465404116
thanh6+𥵖,thanh6,0.09261132031679153,0.7691448457857277,0.14125094421379028
thanh6+𤄮,thanh6,0.05800989270210266,0.7865662788949668,0.09907266424043398
thanh6+𪡫,thanh6,0.055401742458343506,0.8656313577426389,0.08859452435735182
thanh6+𠿀,thanh6,0.07499571889638901,0.6269483916929648,0.10902577767833303
thanh6+噃,thanh6,0.05291399359703064,0.8264906035706217,0.10461532753675545
thanh6+𡫡,thanh6,0.0666472390294075,0.675323554060665,0.10454717001382219
thanh6+𣌌,thanh6,0.09219254553318024,0.6257547460821509,0.0994953282167289
thanh6+󱟝,thanh6,0.1159110814332962,0.5213486376045624,0.08456860799419251
thanh6+𦄆,thanh6,0.07494752109050751,0.7074207897078828,2.343205611496384
thanh6+󱪼,thanh6,0.08238856494426727,0.643376224156182,0.1435351069570069
thanh6+󱪉,thanh6,0.08044473081827164,0.7182473905301265,0.11739689000486549
thanh6+㼫,thanh6,0.05500006303191185,0.7493734023033308,0.12881960561441558
thanh6+𣙯,thanh6,0.07151509076356888,0.8050710633088867,0.11379736343407726
thanh6+󱚚,thanh6,0.08022692799568176,0.4356767133837963,0.11680076443405756
thanh6+𣓾,thanh6,0.04689326509833336,0.765540745731834,0.08090619639243062
thanh6+󱢜,thanh6,0.06338266283273697,0.653413338797675,0.09226813524248283
thanh6+󱞙,thanh6,0.08406893163919449,0.5883160941415918,0.0750750319361604
thanh6+𢷰,thanh6,0.05838504061102867,0.7377678396909371,0.10307904356905974
thanh6+𠱻,thanh6,0.08584719896316528,0.6824462437273685,0.09888395149809219
thanh6+󱞒,thanh6,0.03962666168808937,0.8467879007243313,0.08326261671337691
thanh6+𡳳,thanh6,0.06813099980354309,0.7061123715932772,0.11529573703235753
thanh6+󱰖,thanh6,0.07177460193634033,0.6723232102985413,0.12296968936180974
thanh6+󱤍,thanh6,0.06385040283203125,0.7823573531860217,0.11458236220924699
thanh6+󱹻,thanh6,0.097697913646698,0.6434384158000491,0.18460351785434356
thanh6+𬛒,thanh6,0.05635202303528786,0.8127804024702694,0.0944942433961256
thanh6+𪢊,thanh6,0.03673681989312172,0.8758135132335411,0.08010932604983957
thanh6+󱝐,thanh6,0.07007250189781189,0.7903527003839739,0.1643691628729191
thanh6+𩝭,thanh6,0.0641523227095604,0.659799223609581,0.1090208453565354
thanh6+𡎜,thanh6,0.06352616846561432,0.7257495644273596,0.10331523851046076
thanh6+󱧝,thanh6,0.0638003721833229,0.774234845209304,0.1053407627424794
thanh6+󱞔,thanh6,0.07255998998880386,0.681663718642755,0.11340994689835919
thanh6+𠸯,thanh6,0.06057234853506088,0.7107878768572183,0.08920327049253701
thanh6+𢴊,thanh6,0.0503251850605011,0.7146628514735858,0.09696936869343303
thanh6+󱞠,thanh6,0.09447702020406723,0.6764908176250556,0.12234528790442782
thanh6+𬀦,thanh6,0.060313012450933456,0.8070065113226006,0.07166358859403112
thanh6+󱪎,thanh6,0.06153988465666771,0.7807962769153487,0.5736295851062702
thanh6+澿,thanh6,0.05406571552157402,0.7373478709843574,0.11189395868668989
thanh6+󱨿,thanh6,0.07720582187175751,0.7001132437247819,0.09081537278341494
thanh6+󱳭,thanh6,0.07642847299575806,0.658396751453784,0.1467244597564153
thanh6+󰋓,thanh6,0.060069285333156586,0.7367078583041186,0.09288122412358862
thanh6+󱰤,thanh6,0.06791883707046509,0.7781330459831417,0.11892273968654347
thanh6+󱯑,thanh6,0.05943382531404495,0.7151557446156651,0.10421603799429068
thanh6+𪢤,thanh6,0.07766535133123398,0.7122516815846134,0.0908384546270723
thanh6+󱥥,thanh6,0.08253002166748047,0.7801556393196659,0.1199128586070513
thanh6+𥶱,thanh6,0.06952142715454102,0.7737626469588816,0.12180720847187305
thanh6+𡌩,thanh6,0.06665372103452682,0.8142876926511969,0.08293540626407074
thanh6+𠴇,thanh6,0.07422684133052826,0.8029032264002781,0.07574923013980721
thanh6+𰓖,thanh6,0.06193408742547035,0.7102089247532738,0.08218110878285552
thanh6+𪣱,thanh6,0.08624851703643799,0.7727292138431326,0.09872577825035561
thanh6+𪤲,thanh6,0.06413155794143677,0.7589259342518205,0.06673427186649698
thanh6+󱮑,thanh6,0.06675460934638977,0.7863868638364997,0.09057274711163704
thanh6+𥶂,thanh6,0.06410256028175354,0.7869809297061122,0.11882198576453318
thanh6+𦟏,thanh6,0.06987233459949493,0.7454294420177189,0.11272212290600232
thanh6+󰃧,thanh6,0.05541158467531204,0.7753676848351926,0.13209335757059387
thanh6+󱛆,thanh6,0.06606999039649963,0.7520612003654292,0.07935185711855376
thanh6+𫉮,thanh6,0.07309983670711517,0.7154394296892697,0.10306449559234
thanh6+󱛢,thanh6,0.07353902608156204,0.6351616543694206,0.09261576362008088
thanh6+𠾲,thanh6,0.06490848958492279,0.8445563369043604,0.12201105392502883
thanh6+󱲝,thanh6,0.09296631813049316,0.7145748967924798,0.11378697798388888
thanh6+𦽎,thanh6,0.05797552317380905,0.7319115709717232,0.08882795328528383
thanh6+𦲹,thanh6,0.05069780349731445,0.7321342061844203,0.07452981407030268
thanh6+󰙘,thanh6,0.05526056885719299,0.7952042811022507,0.07567002138024723
thanh6+𠽇,thanh6,0.05404428020119667,0.8195735496858986,0.07462006262201716
thanh6+󱹽,thanh6,0.04595392569899559,0.7912562883697166,0.08028146859031776
thanh6+𠺮,thanh6,0.10175061225891113,0.5968208158551245,29.30563114549743
thanh6+𡮥,thanh6,0.08016510307788849,0.8345018830945927,0.11530842930903007
thanh6+󱯄,thanh6,0.08429078012704849,0.6459708963646863,0.09956834235328883
thanh6+󱌰,thanh6,0.0832904651761055,0.7830588970359105,0.10083357529608045
thanh6+󱚛,thanh6,0.08728715032339096,0.6856758445793915,0.14338008270964095
thanh6+󱫑,thanh6,0.05029018968343735,0.8356828460216468,0.11067613714680873
thanh6+𥋲,thanh6,0.0662255585193634,0.6746131785487023,0.14179342564511863
thanh6+𦲼,thanh6,0.07889053225517273,0.7430933271854564,0.09254608866011603
thanh6+󰤴,thanh6,0.08874136954545975,0.6838711113080728,0.09940309053570077
thanh6+󱠧,thanh6,0.07039903849363327,0.7578200337336235,0.08139680765224877
thanh6+𫡸,thanh6,0.06569748371839523,0.7639130150058142,0.11259222948082315
thanh6+󱞳,thanh6,0.06224435940384865,0.8191328894194654,0.06637003242121114
thanh6+󰂘,thanh6,0.05190829560160637,0.8107891749744975,0.07515118221592533
thanh6+𪡆,thanh6,0.04300468787550926,0.8153968534483449,0.09277524094275373
thanh6+󱟲,thanh6,0.0730922743678093,0.7216275950316717,0.15338715959583693
thanh6+󱋇,thanh6,0.08067147433757782,0.6269277706979005,0.08448555594122324
thanh6+󱠡,thanh6,0.08184308558702469,0.618488834173124,0.11890494822298033
thanh6+𡀲,thanh6,0.0704084187746048,0.8009332077438185,0.10250266979952467
thanh6+󱀄,thanh6,0.07640460878610611,0.6835648313828,0.10850209762006487
thanh6+𫧾,thanh6,0.07362597435712814,0.7655275112739115,0.10045545670570404
thanh6+󱣆,thanh6,0.044287316501140594,0.8312501758775672,0.09199583417328257
thanh6+𡁝,thanh6,0.12045487761497498,0.6628913696128892,0.19816484714203242
thanh6+󱤑,thanh6,0.03640671446919441,0.8241023504017533,0.09252714635751609
thanh6+𨡨,thanh6,0.08468696475028992,0.708778510467642,0.10306938515882534
thanh6+󱯏,thanh6,0.08016958832740784,0.7257980148868935,0.1313664828519124
thanh6+󱞆,thanh6,0.054994821548461914,0.7585141842961838,0.10340381062225272
thanh6+󰼀,thanh6,0.0656229704618454,0.8194438971134271,0.1411935317433131
thanh6+𨄮,thanh6,0.04830267280340195,0.824947722190321,0.09172072056521714
thanh6+󰅬,thanh6,0.04563908278942108,0.8198525924121904,0.10300641763294292
thanh6+𡓾,thanh6,0.12110373377799988,0.7784109809961547,0.12592128540968395
thanh6+圚,thanh6,0.07692508399486542,0.7548744694343895,0.08062265807160231
thanh6+󱟠,thanh6,0.06515582650899887,0.7845869150360415,0.1207652830039825
thanh6+󰭔,thanh6,0.07909286767244339,0.7526881988847186,0.06534907033439856
thanh6+𡜒,thanh6,0.0633922815322876,0.7036857597624884,0.10164610722124064
thanh6+𬏇,thanh6,0.056579507887363434,0.7978674301589251,0.13245856673849069
thanh6+󰂄,thanh6,0.05289313197135925,0.8299329578136255,0.07074949038877605
thanh6+󱛽,thanh6,0.04770655184984207,0.7793338683046779,0.08859321722218894
thanh6+㗭,thanh6,0.06120428442955017,0.7517029610580317,0.10080321573723085
thanh6+󱳒,thanh6,0.07929550111293793,0.5866487237222612,0.11398448760046205
thanh6+󱚇,thanh6,0.08722706139087677,0.6654272912423419,0.09556779293282879
thanh6+󱥪,thanh6,0.06651908159255981,0.7463544478377984,0.09317528895241418
thanh6+𫢧,thanh6,0.06674732267856598,0.8099146960310011,0.09377150441536665
thanh6+𦟑,thanh6,0.08403279632329941,0.8107002647599434,0.14686846756788297
thanh6+㘢,thanh6,0.11419174075126648,0.638161793182772,0.07951603134230213
thanh6+𨄿,thanh6,0.0403435155749321,0.8354182467463032,0.09830260773104095
thanh6+𪾭,thanh6,0.049469467252492905,0.8209150112364391,0.08438756892812382
thanh6+󱝾,thanh6,0.048693060874938965,0.8156744947880815,0.09874024582312442
thanh6+󰁂,thanh6,0.13866789638996124,0.6199657580625291,0.11501761507766357
thanh6+󱦔,thanh6,0.06022476404905319,0.8140731588865348,0.10565188375829447
thanh6+𩶽,thanh6,0.06435257196426392,0.781882029201953,0.4095443696033716
thanh6+󰭙,thanh6,0.059774912893772125,0.758858037665084,0.12106353793584561
thanh6+󱨱,thanh6,0.06020858883857727,0.7706436383483332,0.09957863012387995
thanh6+󱰺,thanh6,0.06120368093252182,0.6874125337540522,0.11123946143418996
thanh6+󰢉,thanh6,0.04547276720404625,0.8331241237787016,0.09674636733518531
thanh6+𡅍,thanh6,0.08224965631961823,0.6408689663797116,0.11089813223870655
thanh6+󰌋,thanh6,0.07416630536317825,0.7863296281470137,0.10099071223069618
thanh6+𡝦,thanh6,0.07623080909252167,0.8494010103644283,0.09229647759494948
thanh6+󱞗,thanh6,0.07886294275522232,0.7963157221033494,0.08674134736387162
thanh6+𡋦,thanh6,0.07168705761432648,0.7801527219340901,0.11366076905266437
thanh6+󱛹,thanh6,0.07946309447288513,0.8138521111768233,0.13167414624731638
thanh6+𰦫,thanh6,0.061665404587984085,0.8559784246189068,0.08164923630829438
thanh6+𠇕,thanh6,0.07232344150543213,0.831695415543328,0.06998461285564421
thanh6+𬡶,thanh6,0.066538967192173,0.7694775345610843,0.10750035122497392
thanh6+󱲥,thanh6,0.07153807580471039,0.8050606395945048,0.09761574215758295
thanh6+󱓇,thanh6,0.05423518270254135,0.7584237863823454,0.10895981064841465
thanh6+𫉎,thanh6,0.04845575615763664,0.8127505598380769,0.11106720088443535
thanh6+𪺛,thanh6,0.06699733436107635,0.8058207794789458,0.08565698840829444
thanh6+󱦾,thanh6,0.10464724898338318,0.639069168176233,0.1539343455285748
thanh6+󰶅,thanh6,0.05899336561560631,0.8152779052998678,0.0958786500192386
thanh6+󰬙,thanh6,0.05407996103167534,0.8354736955609583,0.0727641282872455
thanh6+𬏻,thanh6,0.07214175164699554,0.7761924630391882,0.11725385958109495
thanh6+𰋝,thanh6,0.05461468547582626,0.7227308079366954,0.1222747854638107
thanh6+󱪢,thanh6,0.06293123215436935,0.818580174562668,0.10656972567614763
thanh6+𫪦,thanh6,0.04539152607321739,0.8412330919067007,0.11142508510898708
thanh6+䰺,thanh6,0.05686090886592865,0.7745878123817634,477.5194939818579
thanh6+哠,thanh6,0.07695580273866653,0.8136587802454326,0.09714911438864232
thanh6+𠿴,thanh6,0.05333458259701729,0.7656695511749069,0.09144985193175807
thanh6+𫢖,thanh6,0.08958718180656433,0.6298587332834217,0.07793185306785293
thanh6+󱛵,thanh6,0.0559331439435482,0.7632642390987575,0.07780097650334483
thanh6+𫑺,thanh6,0.06621044129133224,0.6103091850572475,0.11035584930260665
thanh6+𠀿,thanh6,0.09343830496072769,0.7219257472281386,0.0772730221757867
thanh6+鯑,thanh6,0.05308488756418228,0.8228396449261683,0.110060880703096
thanh6+湳,thanh6,0.04992280527949333,0.7649123432404988,0.09984103375439013
thanh6+𡄫,thanh6,0.09653618931770325,0.6283577585775044,220.2455092690354
thanh6+𫅲,thanh6,0.09370479732751846,0.6381122963873769,0.12192688641400613
thanh6+󰘵,thanh6,0.06005765497684479,0.7682766691911788,0.18989841442672958
thanh6+唥,thanh6,0.06581439822912216,0.8245669214592795,0.060169063935574134
thanh6+󰬽,thanh6,0.11801769584417343,0.5655822400539317,0.12886823562950378
thanh6+󰥉,thanh6,0.08575215935707092,0.48622230643913533,0.1226983486286141
thanh6+𣒠,thanh6,0.05611937493085861,0.808913694409244,0.08589178989830182
thanh6+𬄪,thanh6,0.06197039410471916,0.8274005378867749,0.11986408265486409
thanh6+󱰚,thanh6,0.11076010018587112,0.5455654835701388,0.10501677775532951
thanh6+𠾾,thanh6,0.07277555763721466,0.7689822080772278,0.10342668645519881
thanh6+󱞕,thanh6,0.04880649223923683,0.8078767362136735,0.11140673239280507
thanh6+󱫪,thanh6,0.07519490271806717,0.6897396678340159,0.16256795338997312
thanh6+濧,thanh6,0.10221394896507263,0.7327595337596616,0.09951021534200599
thanh6+󱝪,thanh6,0.07903651148080826,0.6869813775330228,0.09922213690874333
thanh6+󱟬,thanh6,0.07320787012577057,0.6262156523752684,0.07759383364318517
thanh6+㷝,thanh6,0.08703431487083435,0.7826920058416097,0.10470081645733376
thanh6+𬔽,thanh6,0.07143399119377136,0.7792538875647612,0.06953633500124387
thanh6+𨨨,thanh6,0.07978573441505432,0.7509473571625755,4.552110494583668
thanh6+𡚝,thanh6,0.07937432825565338,0.6622009138049431,0.10330656786720087
thanh6+󱜴,thanh6,0.09138987213373184,0.6778821743883533,0.09827288658798723
thanh6+󰍱,thanh6,0.09661734849214554,0.6053208607987962,0.10661170544401592
thanh6+󱲰,thanh6,0.08155938982963562,0.6747423051825184,0.13813484411424895
thanh6+󱝝,thanh6,0.06630776822566986,0.6800696490580623,0.07876614494507263
thanh6+𣞄,thanh6,0.1022411435842514,0.7200226919659489,0.1368532704865435
thanh6+𡄾,thanh6,0.06693083047866821,0.6883576636736366,0.12137177408585557
thanh6+𡫐,thanh6,0.07467968016862869,0.7059872498081776,0.11990108851198018
thanh6+𦨭,thanh6,0.07501934468746185,0.6232803516137038,0.1154997469623329
thanh6+𤉕,thanh6,0.10970786958932877,0.6148380432894632,0.10953802496443853
thanh6+󱼒,thanh6,0.07091538608074188,0.7136661189539879,7.18257905296802
thanh6+𫪎,thanh6,0.07392732053995132,0.7439842459805233,0.07621717481176654
thanh6+𭈖,thanh6,0.05646543949842453,0.7649477156706297,0.10619640200617354
thanh6+𦼜,thanh6,0.07716227322816849,0.718471443890894,94.60303349207736
thanh6+𡀫,thanh6,0.05627709999680519,0.8447543397969587,0.14131378285446763
thanh6+𡑲,thanh6,0.05011757090687752,0.8446391596792978,0.12076670087766202
thanh6+󰙯,thanh6,0.07017332315444946,0.754837037791281,0.08269740576397357
thanh6+𭰺,thanh6,0.055917251855134964,0.7795465080778752,0.0862376423523498
thanh6+𩹹,thanh6,0.044922009110450745,0.8084738937846129,0.09504143937261467
thanh6+󰊫,thanh6,0.09800227731466293,0.5764617604241272,0.14661417711688632
thanh6+󱅒,thanh6,0.05143922567367554,0.780231859041096,0.11129367266635604
thanh6+󱡉,thanh6,0.1070723608136177,0.7303900063176222,0.06892980863940579
thanh6+󰐨,thanh6,0.08774472028017044,0.6911330207970378,0.08069859241120332
thanh6+𧋅,thanh6,0.0910438522696495,0.7951312358638656,0.08532604285905791
thanh6+󱛋,thanh6,0.0897897332906723,0.6206548551579554,0.10774782079346906
thanh6+𡂄,thanh6,0.056031111627817154,0.7541490919824039,0.12087719725802874
thanh6+𠏠,thanh6,0.058798544108867645,0.733820204876957,0.0836250595716279
thanh6+󱀰,thanh6,0.06572812795639038,0.6627093038353432,0.09207037350904523
thanh6+󱞀,thanh6,0.05934169888496399,0.7688283814173977,0.08282689701054745
thanh6+𤐠,thanh6,0.1347823590040207,0.48445512723028644,19.47443046986794
thanh6+󱩙,thanh6,0.058238908648490906,0.7925748382827168,0.13522927364074813
thanh6+󰣡,thanh6,0.06651640683412552,0.8063089286500418,0.09972135561637986
thanh6+𠼳,thanh6,0.03949347883462906,0.800981535908832,0.09355222956646177
thanh6+󰘓,thanh6,0.06751871854066849,0.6566784388109373,0.08733717571076936
thanh6+𪱎,thanh6,0.08239661157131195,0.7069807085513478,0.10602369000639318
thanh6+󰘇,thanh6,0.08793916553258896,0.7032207941038016,0.3051049936641715
thanh6+𠶎,thanh6,0.04964260011911392,0.8796253086931194,0.09150522591945444
thanh6+𪂱,thanh6,0.08115512877702713,0.6460294174399586,0.09215772356334849
thanh6+󱞢,thanh6,0.07173346728086472,0.7264256689670693,0.09415278365067771
thanh6+󰮡,thanh6,0.07516109943389893,0.6785068049106953,0.10550667095984188
thanh6+𡅩,thanh6,0.07992464303970337,0.6827241326827405,0.11796597337119903
thanh6+󱧨,thanh6,0.07804331183433533,0.7579532497058018,0.1080535167434506
thanh6+𨄸,thanh6,0.046717945486307144,0.8107319161409086,0.1179428917890792
thanh6+𫯲,thanh6,0.08678532391786575,0.6516820570045117,293.896162745264
thanh6+𡄰,thanh6,0.06837022304534912,0.7447808626098342,0.11073171831633599
thanh6+𪡎,thanh6,0.04743267968297005,0.7950169789225123,0.0744513816557843
thanh6+𪶩,thanh6,0.07596437633037567,0.7311711669065083,0.12948699072808734
thanh6+󱹓,thanh6,0.08287923783063889,0.6458714897695564,0.09323354431490012
thanh6+𪮩,thanh6,0.06903868168592453,0.798381561901384,0.1116636615144373
thanh6+𪡴,thanh6,0.07417801767587662,0.7715819287364424,0.19965618150403
thanh6+󱣶,thanh6,0.07252095639705658,0.716184502993508,0.09837204645025817
thanh6+󱦪,thanh6,0.07803033292293549,0.7069729706466733,0.13950121679263697
thanh6+𠊙,thanh6,0.04729452729225159,0.8315579671739329,0.10490200892713154
thanh6+𠹍,thanh6,0.05592826008796692,0.7564750713075628,0.06870820723664212
thanh6+󱫗,thanh6,0.06674353778362274,0.7835040106909532,0.10928657914805655
thanh6+𡮨,thanh6,0.0907694548368454,0.7584501613709568,0.11548319149603009
thanh6+󱟕,thanh6,0.0689932182431221,0.6742218917530632,0.11444954136447144
thanh6+󱼓,thanh6,0.08976910263299942,0.7050512888441993,0.11770877531768219
thanh6+𡇻,thanh6,0.1261557787656784,0.6174955085366833,0.08441436823069988
thanh6+𪺇,thanh6,0.07019324600696564,0.7331182799402218,0.1475277645828576
thanh6+𦨂,thanh6,0.07196205854415894,0.6514152227246527,0.11446565932365248
thanh6+󱥓,thanh6,0.08290152996778488,0.6355503741925581,0.2580526204166027
thanh6+𪢷,thanh6,0.04696251079440117,0.8482343417750324,0.06461213158216406
thanh6+𫠼,thanh6,0.08074101060628891,0.7936624378905884,0.1015593485697011
thanh6+𫏙,thanh6,0.048939138650894165,0.8237641550265357,0.11222726503459994
thanh6+𤻓,thanh6,0.06350179761648178,0.7790772457092751,0.11971737151856747
thanh6+𣛤,thanh6,0.06081859767436981,0.7260843485700574,0.10504659464808823
thanh6+󱫂,thanh6,0.06025511398911476,0.7162820042233755,0.11110644433157517
thanh6+𢅄,thanh6,0.054676808416843414,0.7701486519527837,0.09507689769120505
thanh6+󱝫,thanh6,0.10515911132097244,0.7025931196571819,0.07435669280612983
thanh6+󰬨,thanh6,0.05872095003724098,0.7925936010990849,0.0975132605830842
thanh6+󰛼,thanh6,0.04875650629401207,0.7524487671447962,0.08432747482038326
thanh6+󱤉,thanh6,0.08509310334920883,0.725357097341094,0.12546474563761525
thanh6+𠸩,thanh6,0.06389863044023514,0.8337681202523962,0.08047106435208641
thanh6+偖,thanh6,0.09381300210952759,0.5098297275013165,0.12076966394529122
thanh6+㗩,thanh6,0.08991343528032303,0.7778381622937285,0.0823884965908386
thanh6+𤣡,thanh6,0.07530627399682999,0.6756681761578305,0.11387881774587187
thanh6+𪣠,thanh6,0.05144330859184265,0.8566532840311631,0.08110890617135284
thanh6+篵,thanh6,0.06043139845132828,0.7979015596193209,0.08769547516140751
thanh6+𤬪,thanh6,0.11381195485591888,0.6849481253966293,0.08402968116718042
thanh6+𠲏,thanh6,0.06089954078197479,0.7993896659960326,0.10033078678086611
thanh6+󰭏,thanh6,0.06722656637430191,0.81584938765861,0.09852066478274392
thanh6+󱠰,thanh6,0.10218740999698639,0.4761379179007179,0.14521556417234793
thanh6+󱏛,thanh6,0.046113818883895874,0.8475985051594616,0.07308507897153653
thanh6+𩂄,thanh6,0.0848407968878746,0.7523969881397513,0.10681426826438865
thanh6+壉,thanh6,0.06971427798271179,0.7415393434530825,0.07871944985886821
thanh6+啲,thanh6,0.08608211576938629,0.6427096869123192,0.09604897785152405
thanh6+󱰗,thanh6,0.10283017158508301,0.5721811386267225,0.11571310565646124
thanh6+𬞰,thanh6,0.07516731321811676,0.6735634446977649,0.10744819408187482
thanh6+𡃙,thanh6,0.06423516571521759,0.780655822839826,0.1000809430062644
thanh6+𠶒,thanh6,0.09791553765535355,0.6695212794235744,0.12425098197651963
thanh6+󱗘,thanh6,0.08944825083017349,0.6632900611874368,0.08385466289393666
thanh6+𨁟,thanh6,0.0502406544983387,0.8443363621478807,0.11163120725147468
thanh6+󱦡,thanh6,0.08962932974100113,0.7216092377648328,0.1206481168725046
thanh6+󰏏,thanh6,0.04809339717030525,0.8042009934403717,0.11670595754367863
thanh6+𠸫,thanh6,0.06664308160543442,0.6771150355602282,0.08611525682408834
thanh6+𫼰,thanh6,0.07278144359588623,0.7792819818215408,0.3601795107839676
thanh6+𫴇,thanh6,0.08756893873214722,0.5831320941029006,0.1290751910547542
thanh6+𫱗,thanh6,0.05085667967796326,0.8044962297804309,0.0942673561729896
thanh6+󱩬,thanh6,0.07659811526536942,0.649644871747541,0.1087158757423976
thanh6+𥭑,thanh6,0.09527594596147537,0.7494376668380989,3.785490711787972
thanh6+󱜝,thanh6,0.07523506134748459,0.8483042749776845,0.10263753326890857
thanh6+𡅉,thanh6,0.05276811122894287,0.7162367478209445,0.14122955995221564
thanh6+󱟎,thanh6,0.07754615694284439,0.7542621682044254,0.08838159597519502
thanh6+󰞬,thanh6,0.09973287582397461,0.5500014065752726,0.10268335197741128
thanh6+󱝟,thanh6,0.05315769091248512,0.7985133455127997,0.11339585882481656
thanh6+󱟫,thanh6,0.10851407796144485,0.7031921408280271,0.10639872127518453
thanh6+𩯁,thanh6,0.09465266019105911,0.660752995415021,0.14542514783585683
thanh6+𠹰,thanh6,0.07176057994365692,0.7785176551032196,0.12432495018425428
thanh6+𫐹,thanh6,0.07643495500087738,0.7472641806797709,0.12879871941475587
thanh6+𧎠,thanh6,0.12596899271011353,0.4975823529130932,0.11645717223277467
thanh6+𬈗,thanh6,0.0809607058763504,0.7805655347331211,0.1070136623420072
thanh6+𫮲,thanh6,0.055203426629304886,0.7601591408567855,0.10767342232487286
thanh6+󰇵,thanh6,0.06091705709695816,0.7785765107562971,0.08739849636288866
thanh6+𪀆,thanh6,0.05622463300824165,0.7833994969352621,0.11479301611967901
thanh6+𦟟,thanh6,0.08670789003372192,0.764703608953226,0.09608822520077183
thanh6+侱,thanh6,0.048382390290498734,0.8244287461226811,0.09553560918834919
thanh6+𫏝,thanh6,0.07631950825452805,0.7020324883434451,0.09048930696888756
thanh6+󱧖,thanh6,0.1048852726817131,0.7083919429998679,0.14626797107651132
thanh6+󰢔,thanh6,0.0608891099691391,0.809971227384496,0.07642935432652344
thanh6+𦝇,thanh6,0.09239199012517929,0.6651349301029597,0.12446251202342827
thanh6+𪤻,thanh6,0.052843011915683746,0.7886458628078186,0.07931115084531488
thanh6+𠲹,thanh6,0.07724859565496445,0.7191666020470888,0.07908404764317047
thanh6+𫱞,thanh6,0.0848674327135086,0.6027802743501529,0.15241376137403592
thanh6+𢪭,thanh6,0.05407311022281647,0.8673419331111119,0.07888691627376408
thanh6+󱥑,thanh6,0.08799991756677628,0.6027698964601015,0.11300179487659943
thanh6+𫅰,thanh6,0.07125203311443329,0.7089677703461723,0.10879626411570069
thanh6+󱝸,thanh6,0.09549061954021454,0.7679420664867914,73.12336266683678
thanh6+𦛲,thanh6,0.07519445568323135,0.7828167453596284,0.11519796465219205
thanh6+󰄜,thanh6,0.12899687886238098,0.4431937968634116,0.12711342040917958
thanh6+㧪,thanh6,0.06125549226999283,0.7637173125805543,0.23084164833134838
thanh6+𫽦,thanh6,0.057593077421188354,0.7687923374792567,0.10761393317585972
thanh6+󱯛,thanh6,0.1105266734957695,0.6002674882292061,0.08244630380277009
thanh6+󰺥,thanh6,0.07512309402227402,0.653064270783924,5.503464442392726
thanh6+㖀,thanh6,0.05718652158975601,0.8526821935414675,0.0937774697289759
thanh6+𤄷,thanh6,0.056099846959114075,0.7334740875630223,0.11169985345080724
thanh6+𡍢,thanh6,0.1228051632642746,0.4510883528017952,0.11322692299908575
thanh6+𪩥,thanh6,0.07075502723455429,0.7988434040451605,0.08703853896134402
thanh6+󰛺,thanh6,0.06459194421768188,0.7771389010842886,0.086600719413514
thanh6+󱸠,thanh6,0.06291627138853073,0.7252111168337251,0.0904554027098009
thanh6+󱚳,thanh6,0.10416309535503387,0.4793018548001082,0.11004000852070821
thanh6+𡁞,thanh6,0.03968815132975578,0.8398931849542272,0.13223106500858242
thanh6+𪡍,thanh6,0.09311486780643463,0.7377434566308724,0.07896694882305218
thanh6+󱞎,thanh6,0.08038569986820221,0.7846545386504289,0.09825613803651684
thanh6+𠮙,thanh6,0.05419307202100754,0.7846946670237414,0.0571913471750961
thanh6+𠻆,thanh6,0.06748280674219131,0.8323043883488022,0.08534809754736733
thanh6+󱙌,thanh6,0.07542070746421814,0.7898703021237646,0.1101280247573767
thanh6+󰬛,thanh6,0.05062168091535568,0.8519322273325375,0.0966684517223854
thanh6+㗴,thanh6,0.06295286864042282,0.7863938074944307,0.1266555767279874
thanh6+𫿟,thanh6,0.0662350133061409,0.7223271268015057,0.10161715420878431
thanh6+㘗,thanh6,0.04581665247678757,0.8232499769599042,0.10097836421351743
thanh6+𪡗,thanh6,0.08503395318984985,0.6262786242891375,0.07987271369076072
thanh6+󱬔,thanh6,0.056967318058013916,0.6459680430223839,0.10650783459804886
thanh6+𫲼,thanh6,0.10882171243429184,0.7662176814122351,0.06700287162328093
thanh6+𠸙,thanh6,0.09038279950618744,0.6744967665991938,58.793956362644415
thanh6+󱤲,thanh6,0.05690852925181389,0.7662782389221163,0.12216079236070952
thanh6+捠,thanh6,0.05092661455273628,0.8096324600859488,0.06746941575547945
thanh6+󱡵,thanh6,0.0858829915523529,0.6043190475893877,0.1045848424847645
thanh6+𡄧,thanh6,0.05838920921087265,0.7735063633109264,0.11604587939417273
thanh6+󱝹,thanh6,0.07085279375314713,0.7152012327167434,0.11447031990655078
thanh6+󱠢,thanh6,0.07290059328079224,0.6084950560442469,0.13954032655484064
thanh6+㖗,thanh6,0.05428392440080643,0.8114943000017051,0.07666650345990143
thanh6+󰬟,thanh6,0.09413263946771622,0.5860214296183345,0.0976457441530557
thanh6+󱝂,thanh6,0.0723455473780632,0.744783276681339,0.0896008333068342
thanh6+󱟱,thanh6,0.12355092167854309,0.7988059746989596,0.061875670853613396
thanh6+𠴘,thanh6,0.09596838057041168,0.6228085701705939,0.08570447214347199
thanh6+𡓟,thanh6,0.07542100548744202,0.6565187935283722,1.590687191879492
thanh6+󱧘,thanh6,0.06867562979459763,0.7578671611706048,0.11441897041580955
thanh6+󱋣,thanh6,0.07218881696462631,0.6268879932408026,0.13269916124554548
thanh6+𠽙,thanh6,0.07823345810174942,0.7072617555266972,0.0943855943113433
thanh6+𡌡,thanh6,0.07267633080482483,0.7590802152457413,0.09622517082306876
thanh6+󱹪,thanh6,0.06530455499887466,0.7774415685993502,0.10197721234320205
thanh6+󱳦,thanh6,0.1289881318807602,0.655543130854316,0.08740323422682766
thanh6+𡡇,thanh6,0.06803679466247559,0.7922913230475801,0.11025307779152982
thanh6+𤯱,thanh6,0.07334586977958679,0.7787906119601652,0.09031197436193521
thanh6+𭈒,thanh6,0.11460579931735992,0.5297956311117139,78.14971130361802
thanh6+𠷥,thanh6,0.05324313044548035,0.8651632365878937,0.10026127106741008
thanh6+𡀦,thanh6,0.03598938509821892,0.8142563264603162,0.09254757427366288
thanh6+󱋭,thanh6,0.05202114209532738,0.7945696781019065,0.08830585553890036
thanh6+󱡇,thanh6,0.0850912407040596,0.5410961048942725,15.172621688044929
thanh6+󱰮,thanh6,0.04094880446791649,0.8158355450222001,0.10982594030302227
thanh6+婫,thanh6,0.05482812598347664,0.8450526330761445,0.09473645160871397
thanh6+𡦫,thanh6,0.06102247163653374,0.7181201011901742,0.11438535283803276
thanh6+󱦩,thanh6,0.07907643914222717,0.7198632994131237,0.1376577893695262
thanh6+󱰍,thanh6,0.10192561149597168,0.715463610751981,0.18939850710473483
thanh6+𪻋,thanh6,0.07860371470451355,0.5903579026354162,0.10178900619760006
thanh6+󱢰,thanh6,0.08969508111476898,0.7150167990071208,0.14435431141494823
thanh6+𩸴,thanh6,0.03624945878982544,0.8399275369968635,0.09295573840355022
thanh6+󱚫,thanh6,0.050023153424263,0.8397167534587429,0.07486389304198032
thanh6+𤹕,thanh6,0.08636438101530075,0.7386593702128234,0.10795034031805832
thanh6+𠽏,thanh6,0.07790802419185638,0.7537764459268688,0.09836050907203982
thanh6+󰄼,thanh6,0.0537930503487587,0.8178913354333395,0.0953444126301346
thanh6+𡓯,thanh6,0.09836850315332413,0.6801880763045572,0.1468585156798582
thanh6+𣘊,thanh6,0.06750504672527313,0.7216905402763566,0.08174589250933682
thanh6+󱝯,thanh6,0.058131612837314606,0.6749805502532754,0.10799953084676844
thanh6+󱥦,thanh6,0.07120620459318161,0.716522635776143,0.13225367836254703
thanh6+𪡿,thanh6,0.06018221750855446,0.788573654938399,0.1300889638766425
thanh6+堒,thanh6,0.04826541617512703,0.7745681475963272,0.08216693391695552
thanh6+𩵾,thanh6,0.07056432217359543,0.6665300752028225,0.1045602173110613
thanh6+𫯝,thanh6,0.08345872908830643,0.7375849295290232,0.09003708727787918
thanh6+󱞊,thanh6,0.044326260685920715,0.8290302799858371,0.1012480894184482
thanh6+𩚧,thanh6,0.11369697749614716,0.42992529965857795,0.0926382202678374
thanh6+𨅞,thanh6,0.05905293673276901,0.7850561762237604,0.12234850314366234
thanh6+󱠼,thanh6,0.11683767288923264,0.620521374364266,0.08695580348475039
thanh6+𬛀,thanh6,0.07561161369085312,0.6909075871883201,0.1372170329743282
thanh6+𬠥,thanh6,0.07162311673164368,0.7470573075249664,0.10199986051805336
thanh6+𡐮,thanh6,0.05635116621851921,0.8369423991727456,279.4727623962801
thanh6+󰭠,thanh6,0.05005212873220444,0.8074423582232079,0.1120976517081163
thanh6+󱞡,thanh6,0.0656406432390213,0.7370555438663879,0.1094368774104144
thanh6+𤞦,thanh6,0.046635501086711884,0.7940046832441858,0.10218825660192508
thanh6+囄,thanh6,0.05660441517829895,0.7689311244134772,0.1015305940649202
thanh6+𡚎,thanh6,0.054248981177806854,0.8000719086877628,3.566178574527214
thanh6+󰝎,thanh6,0.06691794097423553,0.7121285358870142,0.09335436064298165
thanh6+𠼸,thanh6,0.044239651411771774,0.8571421151896009,0.08540771227247872
thanh6+𥐨,thanh6,0.06960056722164154,0.7095218934496106,0.07683415613765655
thanh6+𬉌,thanh6,0.04976123943924904,0.7866745611925692,0.08590374829238433
thanh6+溒,thanh6,0.05455584451556206,0.7610641812915478,0.12611733776441833
thanh6+𤶹,thanh6,0.06444822996854782,0.7043476862643053,0.0902083043530123
thanh6+𧿯,thanh6,0.07798875123262405,0.5946510265256766,0.12140495778982979
thanh6+𠬖,thanh6,0.052625950425863266,0.7645161403958465,0.12590801471610233
thanh6+𠸬,thanh6,0.04818149283528328,0.7643684631300196,0.12115667196028575
thanh6+󱌔,thanh6,0.07992354780435562,0.8002033543159149,0.1303084128298242
thanh6+𨃌,thanh6,0.06378180533647537,0.7833633123818409,0.1289203240725881
thanh6+𠻅,thanh6,0.0491369292140007,0.7732053663160997,0.09291392644009137
thanh6+󱺃,thanh6,0.11011622846126556,0.5726878752365238,0.1788162313779198
thanh6+洅,thanh6,0.06562428176403046,0.7959634096265665,0.09169892452028028
thanh6+𪠉,thanh6,0.07148653268814087,0.7868753214135001,0.16092863580233072
thanh6+󱞇,thanh6,0.049617327749729156,0.8332222459100083,0.10693615054159705
thanh6+󱹜,thanh6,0.08844831585884094,0.6806097743215626,0.10362864943977869
thanh6+𡫨,thanh6,0.13756868243217468,0.4347183440307897,0.17882799281017905
thanh6+󱮝,thanh6,0.043213605880737305,0.7586912388397924,0.11519188780846477
thanh6+𠾺,thanh6,0.05103021860122681,0.813809434764839,0.09869521749941879
thanh6+󱦯,thanh6,0.07275715470314026,0.6323603182569825,0.09412019587616942
thanh6+󱝗,thanh6,0.0802890732884407,0.7224121400506048,0.10507017286093905
thanh6+𬓓,thanh6,0.08075089752674103,0.7547480881974181,0.1068808030529846
thanh6+󱙷,thanh6,0.0722581222653389,0.7331323461068686,0.11143882662451521
thanh6+𪢠,thanh6,0.0813063532114029,0.7202578201528212,0.14331194082464974
thanh6+𠻉,thanh6,0.05670405551791191,0.742422810363899,0.11198662619799582
thanh6+𤼞,thanh6,0.07146374136209488,0.6762836185786238,0.12548607303650328
thanh6+󱦋,thanh6,0.05275656282901764,0.788450584347398,0.09236269157677073
thanh6+𦟖,thanh6,0.06300339847803116,0.6770650113442207,0.12859942726621523
thanh6+𥴘,thanh6,0.05250970646739006,0.8284202798675705,0.10561866355953109
thanh6+󱞴,thanh6,0.09337590634822845,0.5198416796919323,0.09930618410197743
thanh6+󱡰,thanh6,0.10804063081741333,0.5394900274568869,0.10679224631408564
thanh6+𧞿,thanh6,0.08702654391527176,0.5250553050039862,0.12116320854579059
thanh6+𫬱,thanh6,0.054527487605810165,0.811860233855619,0.12113765514143564
thanh6+㖵,thanh6,0.10819528251886368,0.7606259813631336,0.13419034662527532
thanh6+󰌺,thanh6,0.07643131166696548,0.6990874627290827,0.08557960505980226
thanh6+𤋽,thanh6,0.041475310921669006,0.7890667021442437,0.08533572763216239
thanh6+󰝅,thanh6,0.12767930328845978,0.6912001894835285,0.07460176689628757
thanh6+䓬,thanh6,0.08416875451803207,0.6859169026073856,0.0831257037519262
thanh6+󱞦,thanh6,0.09948261082172394,0.6888121914884233,0.11960702017425151
thanh6+𰊣,thanh6,0.0761166661977768,0.7825191540571985,11.864261159507036
thanh6+󱟦,thanh6,0.08397260308265686,0.7267989850101685,0.10177576614405602
thanh6+𫕹,thanh6,0.055265527218580246,0.8232851645592397,0.09513862219809059
thanh6+鮗,thanh6,0.050812993198633194,0.7889214828500326,0.11236281815853659
thanh6+󰆐,thanh6,0.08001164346933365,0.7420203700572432,0.09395633974467514
thanh6+󱧔,thanh6,0.060668524354696274,0.8356220144854678,0.09757818817039031
thanh6+𫢶,thanh6,0.08154609799385071,0.6566505195416266,0.09843143554823118
thanh6+󱤗,thanh6,0.07152147591114044,0.7657995541670659,0.08218505877800415
thanh6+󱘠,thanh6,0.06280708312988281,0.7253936619187976,0.1156254988706948
thanh6+𡂉,thanh6,0.08131743222475052,0.748188113786591,0.11452706026864277
thanh6+𢲾,thanh6,0.08377181738615036,0.6108271806464444,0.11049282203379764
thanh6+湨,thanh6,0.07985813170671463,0.7236709801971816,0.09929585872670754
thanh6+󱤚,thanh6,0.08370698243379593,0.6622732219215719,0.10447325816306614
thanh6+󱣗,thanh6,0.05460526794195175,0.8197657596815332,0.10501542986623304
thanh6+󰬸,thanh6,0.08913805335760117,0.5746950486934366,0.11604299296291427
thanh6+󱞁,thanh6,0.06855528056621552,0.7869322093580099,0.10042656819536211
thanh6+󱚭,thanh6,0.07636292278766632,0.7760298486411679,0.1319260607693525
thanh6+𥴙,thanh6,0.0654335618019104,0.7976329183271994,0.08307787284995526
thanh6+𫔬,thanh6,0.06965911388397217,0.800247818360946,0.06528774090408804
thanh6+󱜖,thanh6,0.07654523104429245,0.816635715715779,0.09344504459546517
thanh6+𫫷,thanh6,0.1308119148015976,0.6947401574377718,0.09104536691558794
thanh6+𦷬,thanh6,0.061835382133722305,0.7290637749610265,0.13123492471215933
thanh6+𫟌,thanh6,0.09086626768112183,0.7804843669327578,0.06352773896650228
thanh6+󱞼,thanh6,0.08874864876270294,0.6567961775062832,0.11812889247567855
thanh6+󰬪,thanh6,0.07345353066921234,0.7663201697864391,0.09071262886634762
thanh6+󱢉,thanh6,0.07195096462965012,0.6995886800326908,0.09422908977066714
thanh6+𪢒,thanh6,0.06401184946298599,0.6941551519898199,0.16301720325167368
thanh6+󱹺,thanh6,0.04439690709114075,0.8243716498371432,0.09254403949937547
thanh6+󰧙,thanh6,0.07299485802650452,0.8344127257371274,0.0707987322781397
thanh6+󱲗,thanh6,0.1024324893951416,0.6562493371581218,0.1233640189004433
thanh6+𠸄,thanh6,0.06718632578849792,0.7375855878007682,0.09920784000664996
thanh6+㨲,thanh6,0.08095219731330872,0.7671111284918468,0.12054482724303835
thanh6+󱯺,thanh6,0.06753937155008316,0.6761979711377417,0.10491389795228885
thanh6+󱞃,thanh6,0.0708613321185112,0.7352378353618295,0.0961755408142128
thanh6+𠹌,thanh6,0.06680481135845184,0.6787157588864962,0.1095700524039664
thanh6+𠶅,thanh6,0.060576148331165314,0.6861877622167402,0.09298771683012791
thanh6+󱞽,thanh6,0.08011269569396973,0.6556919041611898,0.1119909023777564
thanh6+󱨫,thanh6,0.10877545922994614,0.7708620987594872,0.09122433435176468
thanh6+嘪,thanh6,0.06430571526288986,0.8095760289724677,0.09486485449316658
thanh6+𨆷,thanh6,0.06391562521457672,0.7626651382485806,0.1030396068063721
thanh6+𨂚,thanh6,0.04298413544893265,0.8389232945673781,0.07584948260448275
thanh6+𡀇,thanh6,0.05541473627090454,0.7442700804946029,0.08968665482876163
thanh6+󱩛,thanh6,0.08706708252429962,0.6890925113263167,0.10330813522042008
thanh6+𫇿,thanh6,0.0683942660689354,0.810104146969353,0.07377697308602142
thanh6+㤝,thanh6,0.056967444717884064,0.7441155743754068,0.09067756721732045
thanh6+󱹿,thanh6,0.07095251977443695,0.7796108888695057,0.10548343768217054
thanh6+󱚍,thanh6,0.06635813415050507,0.7600592921669428,0.09296514670537585
thanh6+𫪄,thanh6,0.062366798520088196,0.7941691703304233,0.08086379273357923
thanh6+󱟹,thanh6,0.07007762789726257,0.798368810365641,0.1315735778516285
thanh6+𠺚,thanh6,0.055033572018146515,0.8247189701339513,0.09271453888354893
thanh6+𪿀,thanh6,0.03983322158455849,0.8548481001155687,0.11813655128418087
thanh6+𨪷,thanh6,0.057606108486652374,0.8203378561000724,0.1204489574113821
thanh6+󱬺,thanh6,0.08026298880577087,0.7040417404939439,0.10974771343877403
thanh6+𪭟,thanh6,0.10274402052164078,0.8127396061591272,0.1138116700797455
thanh6+𠿁,thanh6,0.05293377861380577,0.7974799108130197,0.08822703177126283
thanh6+𠷦,thanh6,0.051820941269397736,0.8094965115528024,0.08531078516432226
thanh6+󱟛,thanh6,0.07194827497005463,0.7645191036943726,0.12310830816324252
thanh6+󱛴,thanh6,0.055075738579034805,0.7743467825415941,0.10575713024899332
thanh6+󱩫,thanh6,0.08508890867233276,0.6882764945532025,0.08739054280239282
thanh6+𫫊,thanh6,0.05660499259829521,0.803505484757941,0.1144355337160481
thanh6+󱟢,thanh6,0.0691794753074646,0.7997761079957265,0.08989917317330907
thanh6+𥱫,thanh6,0.07998637855052948,0.7829679713231491,0.08952745130667054
thanh6+𦘱,thanh6,0.08363597095012665,0.8166393743061781,0.06962805018211606
thanh6+󱙭,thanh6,0.07084150612354279,0.7187511867044722,1.141963016077717
thanh6+󱚂,thanh6,0.06327309459447861,0.8083385000212567,0.08637229213793318
thanh6+𭈙,thanh6,0.10376188904047012,0.6636776751599501,0.10325874184932653
thanh6+𠴹,thanh6,0.07343470305204391,0.7323658970357734,0.10895177574767727
thanh6+𩀳,thanh6,0.05728650838136673,0.7772786975101769,0.12868074871153365
thanh6+󱝧,thanh6,0.07763620465993881,0.7211270977864481,0.10047116667890349
thanh6+𪷘,thanh6,0.05529053881764412,0.7415151145694066,0.09720220902855174
thanh6+󰬲,thanh6,0.05933656543493271,0.8274113270571696,0.1087148960343358
thanh6+𤎓,thanh6,0.059452008455991745,0.6792091540827657,0.09948546769189533
thanh6+𬏖,thanh6,0.05203452333807945,0.7273381377472703,42.51132655288672
thanh6+蓸,thanh6,0.05889085680246353,0.7640686333496941,0.10705687750646416
thanh6+𫄉,thanh6,0.0585363395512104,0.8045525632454752,0.11714679227284487
thanh6+𬅷,thanh6,0.06994521617889404,0.7745705861582407,0.08433021093370761
thanh6+𫉩,thanh6,0.05448359251022339,0.7991851370749385,0.11159411543098625
thanh6+𩼁,thanh6,0.08422380685806274,0.7370001448597936,115.08213079036675
thanh6+󰢜,thanh6,0.08231934905052185,0.6483932922107167,0.10560144434151597
thanh6+𠷇,thanh6,0.05960817635059357,0.7664644055253542,0.130767014798602
thanh6+󱛙,thanh6,0.0618431530892849,0.8371811563918695,0.07981181833730346
thanh6+󰬥,thanh6,0.04425971955060959,0.8516439225100986,0.09610024904759988
thanh6+𬕷,thanh6,0.0968116968870163,0.7544916523415954,0.11509838708302583
thanh6+󱱀,thanh6,0.053223371505737305,0.8251096649564289,0.08995038160153392
thanh6+𫆶,thanh6,0.08036573231220245,0.5957902302919336,12.271957801014041
thanh6+𦀌,thanh6,0.05706186592578888,0.7648319010878245,0.11033925800528717
thanh6+󱘰,thanh6,0.07026150077581406,0.7431674664360205,0.08184014143813341
thanh6+𢯝,thanh6,0.06010790914297104,0.7645473041955941,0.09801135875727052
thanh6+𪧺,thanh6,0.07181431353092194,0.7899983512165331,0.09298910841911978
thanh6+𪣮,thanh6,0.0590721070766449,0.7361475738315687,0.09730079569274828
thanh6+𢴎,thanh6,0.056285131722688675,0.7259935642828038,0.14280970982527094
thanh6+𢠤,thanh6,0.05707700550556183,0.7671372065853377,0.09548870546131984
thanh6+𡏥,thanh6,0.05729459226131439,0.8195247583525117,0.09908131241403555
thanh6+󱚒,thanh6,0.059154000133275986,0.7969245323450633,0.09096136453835714
thanh6+𬦄,thanh6,0.07347537577152252,0.6514863057067325,0.13259231173053126
thanh6+𫬪,thanh6,0.07446210086345673,0.6459857254689002,0.1456228596488546
thanh6+𠞡,thanh6,0.08666257560253143,0.7873930107980822,0.11260984749707781
thanh6+󱛪,thanh6,0.06400143355131149,0.7462427090862136,0.10485058937930654
thanh6+𫄋,thanh6,0.07376706600189209,0.7894847712385521,0.09681674051478399
thanh6+𢠿,thanh6,0.06227102503180504,0.7876366577667389,0.07015444505035207
thanh6+𡏠,thanh6,0.06307704746723175,0.8172234216618524,0.105057087127926
thanh6+󱞄,thanh6,0.07229435443878174,0.6016099551347502,0.08606003111576259
thanh6+𩸮,thanh6,0.056316785514354706,0.8244196859624998,0.09840135369727632
thanh6+󱟮,thanh6,0.06192558631300926,0.7663319323783172,0.09400995757388936
thanh6+󱨈,thanh6,0.06881215423345566,0.7349474910094802,0.11507340607319172
thanh6+𠿸,thanh6,0.051565900444984436,0.8097659827892063,0.09074441269240717
thanh6+󱦙,thanh6,0.06390316784381866,0.7067891116422741,0.13336634603195915
thanh6+𡃎,thanh6,0.11297734826803207,0.5721889446130124,118.96631780732064
thanh6+𡚄,thanh6,0.06875015795230865,0.6977334118992211,0.09600578818423937
thanh6+𤁔,thanh6,0.0850859135389328,0.5205535340759491,0.10198507459218968
thanh6+𫥸,thanh6,0.10123813152313232,0.67637006660195,0.11641908764207998
thanh6+󱠱,thanh6,0.06232978403568268,0.7164404615654086,0.13109194426155804
thanh6+𢹊,thanh6,0.10483726859092712,0.6188505680389069,0.12205242475581794
thanh6+𨂗,thanh6,0.08055496960878372,0.5554750841621062,0.08927151371918668
thanh6+󱡴,thanh6,0.09360336512327194,0.5234115873046804,0.13689697882793506
thanh6+𡑪,thanh6,0.06217089295387268,0.8258296435927458,0.09802282291868236
thanh6+𫵞,thanh6,0.062056392431259155,0.7147964477585343,57.27156929078791
thanh6+𡮣,thanh6,0.060759399086236954,0.8154217616862465,0.0720658390009881
thanh6+󱘧,thanh6,0.0765986293554306,0.6982261815703598,0.18569148575210026
thanh6+𩠸,thanh6,0.07442653179168701,0.6787745755381521,0.11963322558932332
thanh6+𫪌,thanh6,0.041925761848688126,0.8217870510568712,0.07905534030506184
thanh6+𨁋,thanh6,0.07316305488348007,0.7450521023599029,0.11146008570068033
thanh6+𬓛,thanh6,0.06768077611923218,0.7932444938151249,0.10352942552981215
thanh6+𦟋,thanh6,0.0978454202413559,0.5763102348570278,0.1089164275647574
thanh6+𬗏,thanh6,0.06075780838727951,0.7502142550476775,0.07327492443266115
thanh6+𧟝,thanh6,0.07617051154375076,0.6643965991707875,0.11599479293252052
thanh6+㙘,thanh6,0.04932058975100517,0.7823868575893667,0.10449168755673749
thanh6+𫮒,thanh6,0.09180090576410294,0.5189691968653695,0.08722209962174877
thanh6+𩇆,thanh6,0.100625179708004,0.36976764289413416,0.2659838093732828
thanh6+𠚐,thanh6,0.05976831167936325,0.6956601530644334,0.07283118568905476
thanh6+󱫳,thanh6,0.14206822216510773,0.686194108635402,0.1259546474456487
thanh6+𬊭,thanh6,0.09140153974294662,0.7326328400941097,0.09509611235498576
thanh6+𫧟,thanh6,0.05443058907985687,0.8122935511873516,1179.056818525141
thanh6+𧞣,thanh6,0.056849751621484756,0.6761516813278442,0.11214938238998673
thanh6+𭢌,thanh6,0.10181407630443573,0.42193134752962425,0.13740500162747046
thanh6+󱬐,thanh6,0.07405360043048859,0.7917367228937328,0.15926859006198704
thanh6+𡄳,thanh6,0.05162574350833893,0.7541907955717246,0.12900206495830055
thanh6+󱙉,thanh6,0.08303012698888779,0.6837007314005082,0.07739529025116136
thanh6+󰂛,thanh6,0.05294584855437279,0.8378194350581496,0.9471502547006301
thanh6+󰮁,thanh6,0.05639759823679924,0.7933322754423852,0.13470425599369704
thanh6+𣖗,thanh6,0.04433678090572357,0.829768639516792,0.1122309130937298
thanh6+𤉓,thanh6,0.07023410499095917,0.7262794178033599,0.08161232745824827
thanh6+󱯗,thanh6,0.044329725205898285,0.8590003741546743,0.10991901904654584
thanh6+󱞐,thanh6,0.0948977917432785,0.6225220031154789,0.10576822245114127
thanh6+󱰐,thanh6,0.06810353696346283,0.8225438206719835,0.11818715853697526
thanh6+𠹖,thanh6,0.05916168540716171,0.7651882545140617,0.1195958254321074
thanh6+󱳪,thanh6,0.11420931667089462,0.4848549622516089,0.08657231945345606
thanh6+𬑶,thanh6,0.06594247370958328,0.7051900138513165,0.12409530556693978
thanh6+婻,thanh6,0.04483115300536156,0.8359109636296408,0.1050157712909614
thanh6+𫥿,thanh6,0.09857024252414703,0.7314108327259252,1016.7548270808783
thanh6+𣻢,thanh6,0.04556715488433838,0.7913059989915472,0.10700668819469639
thanh6+󰭂,thanh6,0.125963032245636,0.6695112433330117,0.10997476784017339
thanh6+𢲠,thanh6,0.07320059835910797,0.7044822649155517,0.2753503102767535
thanh6+𠻱,thanh6,0.07690410315990448,0.7751897212577445,0.09898150412158506
thanh6+󱧀,thanh6,0.0623808354139328,0.7116347953167496,0.10366642751555682
thanh6+󱦐,thanh6,0.05912957340478897,0.6522015326323947,0.0985174524046058
thanh6+󱳬,thanh6,0.0640018880367279,0.795861497727529,0.1179470976327655
thanh6+󰛈,thanh6,0.08189263939857483,0.5563231575535147,0.1144980545978173
thanh6+𡀬,thanh6,0.03928112983703613,0.8251326022612391,0.08917697502680888
thanh6+󱩻,thanh6,0.14573627710342407,0.4990787755661081,687.9108120599475
thanh6+󰜡,thanh6,0.06947331875562668,0.7903755897132205,0.08735279759419455
thanh6+呯,thanh6,0.06383661925792694,0.8128176057119028,0.07650563623991659
thanh6+𫫜,thanh6,0.048969872295856476,0.7832773982625573,0.11370766957025248
thanh6+朠,thanh6,0.07899438589811325,0.7245195967686373,0.10013583855206072
thanh6+󱟈,thanh6,0.06082494929432869,0.7663580837344842,0.08752780004184028
thanh6+胋,thanh6,0.09009022265672684,0.728663284641054,0.08712224381703555
thanh6+󱋰,thanh6,0.05837789922952652,0.7544687459969704,0.08724948296486433
thanh6+𪤸,thanh6,0.12105349451303482,0.5731141626961183,0.10681389605782461
thanh6+𪢜,thanh6,0.0713401660323143,0.64484820994458,0.10615598006146552
thanh6+𤊤,thanh6,0.09251805394887924,0.7001418874459733,0.08236097873956243
thanh6+󱜉,thanh6,0.06571764498949051,0.8171522759606933,0.10857902835686696
thanh6+𬃴,thanh6,0.053658802062273026,0.7616578377544785,0.10824382113223863
thanh6+󰮯,thanh6,0.07431599497795105,0.5496962077679184,0.11784507644770204
thanh6+𨆟,thanh6,0.04608610272407532,0.776708520679244,0.10552907660153482
thanh6+𡁼,thanh6,0.047775495797395706,0.8208390519086483,0.14109246817237334
thanh6+󱤠,thanh6,0.07504959404468536,0.7923112266427038,0.07966992225946737
thanh6+𠾬,thanh6,0.04864521697163582,0.8486644769596711,0.08813615764912931
thanh6+󱠑,thanh6,0.07319851219654083,0.6830417280217115,0.08244379754168167
thanh6+󱌡,thanh6,0.04748508706688881,0.7544696769432684,0.09660216284307155
thanh6+𨔌,thanh6,0.055798448622226715,0.7547239567667103,0.1027387230472483
thanh6+󱤒,thanh6,0.0636104866862297,0.6806820042090458,0.11517488487334648
thanh6+󱝻,thanh6,0.05606764554977417,0.7662922627393871,0.13185672816051
thanh6+𣛦,thanh6,0.06821224093437195,0.6496124404699378,0.10551525569363883
thanh6+𬈈,thanh6,0.052453264594078064,0.8390064235096666,0.09095702379047588
thanh6+󱛦,thanh6,0.08878684043884277,0.7030992469651007,0.1121358321028923
thanh6+𩛸,thanh6,0.04346428066492081,0.8336615136600178,0.1257534857191829
thanh6+𡖡,thanh6,0.095460906624794,0.6324246264484902,0.08128714202894512
thanh6+𥵉,thanh6,0.04763607680797577,0.8374060334968779,0.09904030957979004
thanh6+󰌗,thanh6,0.06966746598482132,0.7988053829294743,909.3919132707528
thanh6+𭉆,thanh6,0.06734541803598404,0.8337127560932763,0.10764517996235289
thanh6+󱨜,thanh6,0.04994066804647446,0.7519287209062123,0.10966763235594068
thanh6+󱛱,thanh6,0.06749432533979416,0.7999284022191838,0.08517804279429524
thanh6+󱎶,thanh6,0.07490003108978271,0.7252102624432588,0.12686965355512944
thanh6+󱤈,thanh6,0.04885512590408325,0.7528126933653819,0.27913554465850837
thanh6+󰛕,thanh6,0.0702366754412651,0.7539174519711086,0.13592977785512975
thanh6+𬧡,thanh6,0.07330546528100967,0.7908318699081269,0.08259144575441092
thanh6+󱙰,thanh6,0.0524442233145237,0.7500151559586294,0.10373089237266986
thanh6+󰊎,thanh6,0.04757342115044594,0.7903643153292159,0.10081757592878025
thanh6+𡃝,thanh6,0.08392909914255142,0.682608207680751,0.08757621696178529
thanh6+󱛺,thanh6,0.08647006005048752,0.5171562189723139,0.10268687533362013
thanh6+󰫽,thanh6,0.06963302940130234,0.8243559367303672,0.11632726827397057
thanh6+𩂀,thanh6,0.07154906541109085,0.8284861604198905,0.09155216506996701
thanh6+󱼖,thanh6,0.06222061440348625,0.7966534508161848,0.13265173125124294
thanh6+󱟡,thanh6,0.09334569424390793,0.7663317310698909,0.12544519798762924
thanh6+𠶊,thanh6,0.04769774526357651,0.860493909361724,0.09098102260697526
thanh6+𬟻,thanh6,0.052826233208179474,0.8061152640266751,0.07403149304849674
thanh6+蝔,thanh6,0.04871005937457085,0.848489210621246,0.10405182589633316
thanh6+𪢍,thanh6,0.06588972359895706,0.5965234195056269,0.11705970617329192
thanh6+𬄃,thanh6,0.05757288634777069,0.724570934710156,0.08057981586888419
thanh6+󱞮,thanh6,0.10617823153734207,0.7553136146750118,0.17288719528260554
thanh6+𨪪,thanh6,0.07064689695835114,0.6548078260856303,0.10663605344324106
thanh6+󱢣,thanh6,0.06410533934831619,0.7243145258505242,0.10621229323023836
thanh6+󱚑,thanh6,0.09763864427804947,0.7539498379632825,0.0943431958393706
thanh6+󰺼,thanh6,0.05279030650854111,0.8279518159868604,0.12498170474405357
thanh6+󱟪,thanh6,0.05778520926833153,0.6885598142943387,0.10374668337988564
thanh6+𢙬,thanh6,0.09380646795034409,0.6753517710949042,0.0997057398749786
thanh6+䈊,thanh6,0.04622668772935867,0.7470029967222438,0.09814913933103224
thanh6+𪤠,thanh6,0.0546477809548378,0.7663933152051219,0.10356514712540649
thanh6+𠶂,thanh6,0.056290216743946075,0.8179953181687674,0.06783443551006464
thanh6+󱛍,thanh6,0.06471805274486542,0.7640755624709085,0.08514771469586609
thanh6+𬕻,thanh6,0.09452817589044571,0.6938754064055973,13.253510525193834
thanh6+󱛥,thanh6,0.05253355950117111,0.8348197276958063,0.10594413911383187
thanh6+𬙛,thanh6,0.1148611381649971,0.7037473560648186,0.07646238791112492
thanh6+𫮡,thanh6,0.0716991052031517,0.6787110018005076,0.08049232700316161
thanh6+𢵻,thanh6,0.04021073877811432,0.8142354916957092,0.11865298930055375
thanh6+𪟤,thanh6,0.05682622641324997,0.7721287158329802,0.11606198100639638
thanh6+𩯂,thanh6,0.08938135951757431,0.7126864083916312,0.09769039059669227
thanh6+𥌈,thanh6,0.06784994900226593,0.7338078945389852,0.11303449571605344
thanh6+󰂻,thanh6,0.06431329250335693,0.8003201271988767,0.08865924841519823
thanh6+󱹙,thanh6,0.06788650155067444,0.6902502750518028,0.08469675269877303
thanh6+󱜷,thanh6,0.061635568737983704,0.8492127043926734,0.13032388755206845
thanh6+󱮾,thanh6,0.1016327291727066,0.5798639995538947,0.1352516312362178
thanh6+𡉁,thanh6,0.06510265171527863,0.7949648477192152,0.11369748542320186
thanh6+𫫛,thanh6,0.061269164085388184,0.7870381835899829,0.10106964388734106
thanh6+󱜫,thanh6,0.07227397710084915,0.6540480090802396,0.09116896720136387
thanh6+󱞑,thanh6,0.10918353497982025,0.6438329520101364,0.09006386934904285
thanh6+𤁯,thanh6,0.0842231810092926,0.686253947887793,0.12868127689588094
thanh6+𮫷,thanh6,0.11101798713207245,0.6394811441127107,0.1618012518298637
thanh6+𠼋,thanh6,0.05664587393403053,0.8441632378837184,0.08075604505850799
thanh6+𡗅,thanh6,0.0778704360127449,0.6505689946560577,0.15668791044936628
thanh6+󱩳,thanh6,0.07595525681972504,0.7622288412984132,0.16153396791093697
thanh6+󱝺,thanh6,0.08911414444446564,0.7211486879350344,0.1430359767342232
thanh6+󰍖,thanh6,0.05841321498155594,0.6893579118905248,0.12917388626928208
thanh6+󰙅,thanh6,0.06987020373344421,0.7726850203967112,0.1305954405041109
thanh6+𡅑,thanh6,0.05745397135615349,0.7187243479405109,0.10334797552732462
thanh6+𫭅,thanh6,0.11849343776702881,0.5471823482882016,0.13348562440826603
thanh6+𪥑,thanh6,0.06984725594520569,0.6963530347896791,0.08830701828754196
thanh6+󱟉,thanh6,0.04122954234480858,0.8176343185284259,0.09625245160541761
thanh6+𨇉,thanh6,0.059459079056978226,0.7949785266438583,0.12826419562528316
thanh6+㗌,thanh6,0.07140786945819855,0.7549813186959372,0.14301050792940315
thanh6+󱡄,thanh6,0.06264504790306091,0.7387689026244675,0.11599609741723853
thanh6+𫆮,thanh6,0.09103655815124512,0.6394751203682195,0.14245767011530874
thanh6+󰨑,thanh6,0.05933487042784691,0.7543545045920874,0.13589273161428747
thanh6+𪶵,thanh6,0.06050974875688553,0.7671577048916195,0.12322142115427064
thanh6+𣕞,thanh6,0.06509801000356674,0.7094482778089036,0.10461836265344517
thanh6+𡪦,thanh6,0.09054664522409439,0.71829560423743,0.16127649694785764
thanh6+㖕,thanh6,0.08689992129802704,0.6850297055329483,0.07370806811359194
thanh6+藞,thanh6,0.04366416856646538,0.8375323934369258,0.10342271288584882
thanh6+󱗳,thanh6,0.07930371165275574,0.7409793846424508,0.08911940388666988
thanh6+𬪽,thanh6,0.0679110735654831,0.8131759613402446,0.14555574133280028
thanh6+𠿵,thanh6,0.078072190284729,0.593291472511433,0.08563561733494311
thanh6+󱪚,thanh6,0.08662152290344238,0.7623197764009595,0.11194021836694913
thanh6+󱦅,thanh6,0.04762027785181999,0.8367014135343028,0.1311104785213707
thanh6+𧌂,thanh6,0.051545150578022,0.8338694944868955,0.07492622820008994
thanh6+󱦮,thanh6,0.052623916417360306,0.7801157152282839,0.11723923730550016
thanh6+󱙵,thanh6,0.0672091394662857,0.692662754874676,0.12098573784392469
thanh6+𬊐,thanh6,0.08163336664438248,0.6455941317204132,0.09512230530394905
thanh6+󱙲,thanh6,0.056359946727752686,0.7807111732283123,0.12047003798584988
thanh6+󱞅,thanh6,0.07450800389051437,0.7711884319395215,0.11831489239986649
thanh6+哖,thanh6,0.07436858862638474,0.7384992247178539,0.06493340815861422
thanh6+䀭,thanh6,0.07525255531072617,0.7362273429690003,1.333138377661822
thanh6+𣔧,thanh6,0.08478748798370361,0.6917417253813167,0.1094069605142441
thanh6+𠌊,thanh6,0.05884304270148277,0.8421582048573083,0.10313197931733649
thanh6+𧍇,thanh6,0.07933888584375381,0.6152247163685423,0.10088662767276656
thanh6+󱟨,thanh6,0.07308432459831238,0.7804643691860439,0.0847256653559626
thanh6+𠶈,thanh6,0.06625097990036011,0.7856668187219356,0.07299138414754298
thanh6+󱋙,thanh6,0.07438386231660843,0.6748007034693122,0.10428864978107044
thanh6+𠮨,thanh6,0.044259075075387955,0.7960970538706381,0.06505342910081631
thanh6+󱢅,thanh6,0.09643151611089706,0.46902086982977825,0.09331450057340523
thanh6+𨮉,thanh6,0.08870559930801392,0.6886850439580315,0.13970375272624788
thanh6+娫,thanh6,0.045386649668216705,0.8098119202020744,0.1023024922494792
thanh6+󱡗,thanh6,0.06065620481967926,0.7987464283824286,0.11063463026392029
thanh6+𫰄,thanh6,0.0671481043100357,0.7956367180262607,0.1324125079837262
thanh6+㨫,thanh6,0.048233721405267715,0.865228274280287,0.11347570148736286
thanh6+󱜶,thanh6,0.04969760403037071,0.8123474333424013,0.0931099696874495
thanh6+󱛳,thanh6,0.06868793070316315,0.7805988195781383,0.1256514352412987
thanh6+𢢈,thanh6,0.07339337468147278,0.7748399979676288,0.10878115343280903
thanh6+󱭷,thanh6,0.06076188012957573,0.7309005142681525,0.10982535184066379
thanh6+𰇵,thanh6,0.049306608736515045,0.8349690293757958,0.06854181925719836
thanh6+𡞗,thanh6,0.049390681087970734,0.8108013754407334,0.09398064439706659
thanh6+󱬻,thanh6,0.07658975571393967,0.6981932355584823,0.11033623952285417
thanh6+𪡱,thanh6,0.06856365501880646,0.7685840157419616,0.1300552943887807
thanh6+𡃓,thanh6,0.07013171166181564,0.7574683173439125,0.1085252490535445
thanh6+󱰭,thanh6,0.052311256527900696,0.7770817610010672,0.1056516073977916
thanh6+󱩈,thanh6,0.08541887998580933,0.5376333317410227,0.12251712297574668
thanh6+󱢥,thanh6,0.06978858262300491,0.7125538810330229,0.15056879146741864
thanh6+󱪱,thanh6,0.0550018772482872,0.7629453792331085,0.10872238740493524
thanh6+𢪥,thanh6,0.05178552865982056,0.6934777843741322,0.08385298552052341
thanh6+󱝘,thanh6,0.0673503428697586,0.7792348626731886,0.08295252370580385
thanh6+𠿱,thanh6,0.03960992768406868,0.835494111625206,0.09352244424268831
thanh6+𡎔,thanh6,0.05125904828310013,0.7614906256524265,0.10624820043894219
thanh7+圚,thanh7,0.08676309883594513,0.7875780825990887,0.09600793992087316
thanh7+𠞡,thanh7,0.09255921095609665,0.5845891563192628,0.09615341113558729
thanh7+󱞁,thanh7,0.04658334702253342,0.815571699722427,0.13302961716524966
thanh7+𪝅,thanh7,0.04738691821694374,0.8344156023589104,94.81001589122927
thanh7+𪢒,thanh7,0.054012760519981384,0.7814905622372933,0.08055834770847957
thanh7+𤣡,thanh7,0.09011705964803696,0.65268131160588,0.10377757381358525
thanh7+󱬊,thanh7,0.049898721277713776,0.7875218456760718,0.10681368436956114
thanh7+󱛺,thanh7,0.09823311120271683,0.607777772234382,0.8999801930488994
thanh7+𡅉,thanh7,0.07990118861198425,0.6872947411356698,0.10934110646557717
thanh7+󱦾,thanh7,0.08567646145820618,0.6475459081802543,0.0905899062437795
thanh7+𠶎,thanh7,0.1053113043308258,0.6847286315715913,0.12110301973079433
thanh7+𫧟,thanh7,0.060034822672605515,0.8110044318911448,0.09896537275697792
thanh7+𠿀,thanh7,0.06905411183834076,0.7688993506187772,0.10658875618873542
thanh7+𠷦,thanh7,0.05247917026281357,0.7900794431868964,0.09518076824020227
thanh7+𡃜,thanh7,0.09110195934772491,0.7722316239987003,0.134290106811883
thanh7+𣞄,thanh7,0.055626269429922104,0.7850271857828125,0.1193142509427355
thanh7+𫔬,thanh7,0.08687031269073486,0.7786824121080113,0.06011664102251769
thanh7+𨆟,thanh7,0.07898207753896713,0.7050559919554593,0.17241863793078702
thanh7+󱟪,thanh7,0.05945152789354324,0.6862429233428565,0.16639522164755471
thanh7+𠻅,thanh7,0.04418506845831871,0.8046419039188775,0.06593370456599694
thanh7+󱟮,thanh7,0.06681310385465622,0.7385447073305969,0.0931547770728538
thanh7+󱩫,thanh7,0.06673938035964966,0.8219957187868345,0.08932635800425698
thanh7+󱠰,thanh7,0.0834754928946495,0.6708712110266422,0.15010572851526732
thanh7+𪬪,thanh7,0.1326138824224472,0.6757668356504015,0.2449138958051469
thanh7+𤁯,thanh7,0.061504632234573364,0.7337005951169474,0.09207978876738386
thanh7+󱪚,thanh7,0.09841457009315491,0.6352013743669792,0.10487225214991946
thanh7+󱣗,thanh7,0.06900489330291748,0.5715562985382938,0.1109968160172643
thanh7+𡏯,thanh7,0.04697033017873764,0.8767843087060349,0.08971261442176685
thanh7+𫢶,thanh7,0.07182463258504868,0.7807341275387607,0.09396271295537865
thanh7+𦲹,thanh7,0.0875365287065506,0.6765952022987066,0.08708868689759978
thanh7+󰴾,thanh7,0.06533124297857285,0.7227698808192974,0.08051069833437789
thanh7+𫥸,thanh7,0.08366144448518753,0.798414014292586,0.09272800624132493
thanh7+󱞖,thanh7,0.054969463497400284,0.8118400182609178,0.12324908850733124
thanh7+𣓾,thanh7,0.04596678540110588,0.8252531264308907,0.09063650812619893
thanh7+󱥭,thanh7,0.06447482109069824,0.7432675481979372,0.1320808468626668
thanh7+󱦮,thanh7,0.07510421425104141,0.7727551352961918,0.10813555000657504
thanh7+󰞘,thanh7,0.09927062690258026,0.724411904069702,0.05714031597982963
thanh7+󱛳,thanh7,0.06216229125857353,0.8102523805706465,0.12360218226436033
thanh7+󱫑,thanh7,0.05874326080083847,0.8384019441378047,0.09412014380931398
thanh7+󱯺,thanh7,0.09135324507951736,0.640729418047805,0.11206032111553495
thanh7+󱼒,thanh7,0.058638013899326324,0.7142411898099941,0.08230323472360847
thanh7+𫢧,thanh7,0.07668567448854446,0.705259417321068,0.10173976423836457
thanh7+篵,thanh7,0.09224210679531097,0.5240756959370984,0.09730642402963403
thanh7+𦝇,thanh7,0.10004058480262756,0.6287035610180821,0.1140972494060154
thanh7+朠,thanh7,0.07172879576683044,0.7978058501406914,66.4678968700012
thanh7+󱨇,thanh7,0.05530257523059845,0.8255448694057316,0.08363023850565023
thanh7+𠻱,thanh7,0.09147170186042786,0.5977903003884323,0.09233498164728181
thanh7+󱰐,thanh7,0.07752445340156555,0.705173904966146,0.10036812934524775
thanh7+󱫷,thanh7,0.058027420192956924,0.7666862122351312,0.08778154255514962
thanh7+㤝,thanh7,0.06127869337797165,0.6748904674374461,0.0983303452369747
thanh7+𬄃,thanh7,0.0694255530834198,0.6433846477042859,0.09700694468064082
thanh7+𢠤,thanh7,0.07028183341026306,0.7625123309347132,0.09764261761997595
thanh7+𡑲,thanh7,0.05872910097241402,0.7496145877837189,0.10582274621250505
thanh7+󱥥,thanh7,0.06106918305158615,0.7650745132379301,0.10572169781054307
thanh7+㙘,thanh7,0.05477382615208626,0.8166537355020882,0.17890662795379952
thanh7+󱝳,thanh7,0.08167420327663422,0.7669729228661624,0.10071073533605503
thanh7+󰣡,thanh7,0.0608648955821991,0.7437543196263963,0.1080027947161349
thanh7+𣌌,thanh7,0.08224472403526306,0.6876095380463242,0.11503032159180211
thanh7+󱝨,thanh7,0.04914379492402077,0.8029044487957597,0.12827163185181725
thanh7+󰮡,thanh7,0.10672113299369812,0.4832078457120054,0.09813302496049826
thanh7+󱞙,thanh7,0.07409773766994476,0.7433434350339112,0.10337400181440613
thanh7+𠾺,thanh7,0.05158648639917374,0.7817733305675096,0.12182312035496219
thanh7+󱀰,thanh7,0.07172715663909912,0.6403682128744895,0.09432799589146772
thanh7+𡫐,thanh7,0.08743873238563538,0.5857949492541914,0.12639671176191278
thanh7+𢅄,thanh7,0.05098379775881767,0.7579868651161941,0.0910374543505267
thanh7+溒,thanh7,0.04252380505204201,0.7856589269188347,0.08723537826725652
thanh7+󱝟,thanh7,0.09186109900474548,0.6690265410257984,0.11519828142809219
thanh7+𥋲,thanh7,0.07833011448383331,0.7506579138179459,0.15603786872550712
thanh7+湨,thanh7,0.06863248348236084,0.7928692070094263,0.11059358348530668
thanh7+󱫗,thanh7,0.07812058180570602,0.5165400657324859,1.3054178180632094
thanh7+𧒊,thanh7,0.06759029626846313,0.7819656377876085,0.10185791522724981
thanh7+𮤭,thanh7,0.09724085032939911,0.7365356615994384,0.06055222111472699
thanh7+󱝪,thanh7,0.052873920649290085,0.8075791974680803,0.09452497005080157
thanh7+󱞝,thanh7,0.048146311193704605,0.7985954892060987,0.08118906327527264
thanh7+󱼖,thanh7,0.0784645825624466,0.7615597025243005,0.11429883794919167
thanh7+𡃆,thanh7,0.05772757902741432,0.7995819825991676,0.09143071002856039
thanh7+󰘵,thanh7,0.06034589931368828,0.723214254417584,0.10572925468850464
thanh7+𠶂,thanh7,0.06767357140779495,0.8187466484225795,0.07145509629316958
thanh7+󱓇,thanh7,0.060953181236982346,0.7659724732618287,0.10074466925274872
thanh7+𧍆,thanh7,0.10839756578207016,0.5057163890428388,7.0943353541083125
thanh7+󱤾,thanh7,0.06594113260507584,0.8200948505403828,0.10654337457559304
thanh7+𫏝,thanh7,0.05983413755893707,0.8174287634000129,0.11328550899804875
thanh7+𨨨,thanh7,0.07241258025169373,0.7070372897182686,0.29707550917990294
thanh7+灆,thanh7,0.06036122888326645,0.7344508023723122,0.1123172894322554
thanh7+𦨂,thanh7,0.06672561913728714,0.6982350707584312,0.21395395487252514
thanh7+𠴇,thanh7,0.09600147604942322,0.7882358541774207,0.0682061583184227
thanh7+𩶽,thanh7,0.049183961004018784,0.813816771377271,0.1049154275579211
thanh7+𪱎,thanh7,0.05875367298722267,0.801459199613437,0.11144981220217838
thanh7+󰆐,thanh7,0.07422251254320145,0.6851689788210792,0.10106647598719219
thanh7+𥯉,thanh7,0.07354140281677246,0.7909129312080846,0.08687118974132217
thanh7+𫉮,thanh7,0.06770394742488861,0.7884432308922205,0.13824874415724506
thanh7+󱚂,thanh7,0.06371812522411346,0.7939869542199761,0.07767427293464758
thanh7+𪤲,thanh7,0.055176250636577606,0.7978657283560923,0.4318179471878385
thanh7+󰛺,thanh7,0.0528964027762413,0.8172676358387199,0.10085672067656715
thanh7+󱰭,thanh7,0.07380110770463943,0.7732871802759296,0.10475128002742135
thanh7+󱨿,thanh7,0.07473166286945343,0.8141464152007901,0.13013124219639835
thanh7+󱯏,thanh7,0.05055404454469681,0.8272179276602742,0.11119030932404166
thanh7+󱛥,thanh7,0.05021150782704353,0.828200637996395,0.12543156218158472
thanh7+󱩈,thanh7,0.06534712016582489,0.7583666699872155,0.13743295033163824
thanh7+󰌺,thanh7,0.052800893783569336,0.8381304983596006,0.09615140915219385
thanh7+󰇵,thanh7,0.04710470885038376,0.8070923181677013,0.10369445843465132
thanh7+󱚕,thanh7,0.049432191997766495,0.7762529148918826,0.07606052860569686
thanh7+󰫽,thanh7,0.07084766030311584,0.7794693455937354,0.11650802220103958
thanh7+󱟰,thanh7,0.066621333360672,0.7741090264591222,0.12302274942660553
thanh7+𩂄,thanh7,0.08378421515226364,0.7658678506987702,0.0867399709493135
thanh7+󱛪,thanh7,0.06695818901062012,0.7741578164180433,0.10832169242859672
thanh7+𤞦,thanh7,0.03779340535402298,0.8164550371041792,0.08762205927762808
thanh7+󱳠,thanh7,0.08010189235210419,0.7733885526072325,0.10445539093325307
thanh7+󱝺,thanh7,0.07183637470006943,0.6870664552633954,0.1318291138101332
thanh7+𠼸,thanh7,0.06270530819892883,0.7338574279171552,0.10719257934050967
thanh7+󱟟,thanh7,0.0870826244354248,0.6954717059684281,0.1161090502377113
thanh7+󰙘,thanh7,0.0711083710193634,0.7743137938386647,366.9703605356151
thanh7+𬑶,thanh7,0.09057703614234924,0.6998681730289206,0.1446796837511359
thanh7+𩇆,thanh7,0.05189363285899162,0.7650130515502327,0.11839336371871405
thanh7+𫯝,thanh7,0.10746929794549942,0.6455294149548062,0.10027563661748341
thanh7+󱤗,thanh7,0.06775227189064026,0.7676023472516178,0.10885791312474487
thanh7+󱢥,thanh7,0.056360989809036255,0.6969415920593155,0.09708013328259303
thanh7+󱣂,thanh7,0.0577939972281456,0.7743260220797953,0.12252411462256184
thanh7+𠊙,thanh7,0.06093427911400795,0.8101515049854264,0.08818818424838698
thanh7+󱳦,thanh7,0.12417154759168625,0.6559184893222417,0.08643739318908827
thanh7+𦛲,thanh7,0.058045122772455215,0.7648014061818269,0.103417893709125
thanh7+󱰖,thanh7,0.08630405366420746,0.7655993746407229,0.1155355521519862
thanh7+𫊬,thanh7,0.06476027518510818,0.8397043605522696,0.13624852068252025
thanh7+󰁂,thanh7,0.14144845306873322,0.656199817201981,0.07142163017339662
thanh7+󰠎,thanh7,0.08227552473545074,0.8278082100057506,0.08486077686685684
thanh7+𬏇,thanh7,0.05477721989154816,0.8086703824631235,0.09161496632291062
thanh7+𥌈,thanh7,0.05627363175153732,0.766051742854353,0.1313735162195648
thanh7+󱫳,thanh7,0.10134068876504898,0.7271323113563962,0.09209022367742863
thanh7+𤐠,thanh7,0.07052996754646301,0.7424539064038306,0.10162099388740466
thanh7+𡫶,thanh7,0.06339378654956818,0.8202637889525557,0.10811927547280133
thanh7+󱖧,thanh7,0.09916863590478897,0.573972923942464,0.14186596170306862
thanh7+𪢌,thanh7,0.0965406596660614,0.5063141081874054,0.10269946800601178
thanh7+󱙤,thanh7,0.07308550179004669,0.7989921347511998,0.08812281474665494
thanh7+𡚎,thanh7,0.07599598914384842,0.5100846796721442,0.08960002690434961
thanh7+𬕌,thanh7,0.07091553509235382,0.8080943463066169,0.09428991732259105
thanh7+󱛑,thanh7,0.08596986532211304,0.6617703485168664,0.10205796684480319
thanh7+姈,thanh7,0.04438343271613121,0.7806172486576415,0.07845719071416753
thanh7+󱝆,thanh7,0.06529628485441208,0.7467263684023827,0.07615741853442294
thanh7+𠾬,thanh7,0.051704782992601395,0.8296410139209646,0.10484443954765575
thanh7+𬈈,thanh7,0.06364395469427109,0.7560146202801427,0.10068670959166748
thanh7+𡳳,thanh7,0.08103116601705551,0.6403100021319156,0.12268190328536781
thanh7+󱜴,thanh7,0.08636127412319183,0.7572503695912384,0.07426907391390976
thanh7+𰈏,thanh7,0.05371832102537155,0.8040893789062713,0.08183530767233789
thanh7+󱨈,thanh7,0.09266281872987747,0.6670107931400215,0.12097901420592634
thanh7+𢹾,thanh7,0.0684831365942955,0.8116148569745062,0.12217512400548321
thanh7+󱡴,thanh7,0.06360379606485367,0.700215653497148,0.1445216999776413
thanh7+󱹡,thanh7,0.05089317634701729,0.820165061459964,0.10828621545915633
thanh7+󱬔,thanh7,0.07809865474700928,0.7938107133960652,0.11259158539655152
thanh7+󰬙,thanh7,0.0699334591627121,0.7608406605987834,0.07376742144429745
thanh7+𦼜,thanh7,0.0667508915066719,0.7401459649369087,0.11114931853122649
thanh7+𡄳,thanh7,0.06957629323005676,0.7364858416502377,0.1149555773481206
thanh7+󱹺,thanh7,0.062044572085142136,0.7302976159417638,519.4075195367138
thanh7+󰂘,thanh7,0.046449944376945496,0.8372105775987055,0.06740537148587566
thanh7+𫫜,thanh7,0.03451888635754585,0.8682824335502283,0.09747247728505253
thanh7+𬞑,thanh7,0.0562434047460556,0.816466370313787,0.09754564884309047
thanh7+󱜾,thanh7,0.06717297434806824,0.6919473725571028,0.07951557682182989
thanh7+𡚄,thanh7,0.07061561942100525,0.7106169845201543,0.09492365786405792
thanh7+󱘰,thanh7,0.10801779478788376,0.5936839822649108,0.10363121489207479
thanh7+󱭘,thanh7,0.07253239303827286,0.6619709418776215,0.1186717674000644
thanh7+𫱗,thanh7,0.06716228276491165,0.7501652850333441,0.11907052676655694
thanh7+󱟬,thanh7,0.12431987375020981,0.6288957656573144,0.20143920572604648
thanh7+𫴯,thanh7,0.1147376224398613,0.7258734722749113,0.11724320028366612
thanh7+󱞴,thanh7,0.06943061947822571,0.5603313511001076,0.11866844093316908
thanh7+󱞣,thanh7,0.07045445591211319,0.5758405936377207,0.08110793983209741
thanh7+󱛆,thanh7,0.04592609778046608,0.8086275422958261,0.10382454613162086
thanh7+󱝝,thanh7,0.07048563659191132,0.8342186781246644,0.07966944999541309
thanh7+𫬠,thanh7,0.06830400973558426,0.6867605967285347,0.13722255251802937
thanh7+𠺺,thanh7,0.04474848136305809,0.8086343054890937,0.09100616554321321
thanh7+󰞬,thanh7,0.06867793947458267,0.6877835448628435,0.1104511190840362
thanh7+𬛀,thanh7,0.04804825037717819,0.8236728100700276,0.09512442226399104
thanh7+󱞎,thanh7,0.10547691583633423,0.5823954854147153,0.08584841922489318
thanh7+󱝒,thanh7,0.04612385109066963,0.8081026342886181,0.09562125946489995
thanh7+藞,thanh7,0.06103401631116867,0.7379414319979778,0.11227445976438977
thanh7+󱚛,thanh7,0.09719265252351761,0.5247480598701384,0.10140952754020487
thanh7+󱛕,thanh7,0.05682625621557236,0.7406369659573955,0.08540259972237581
thanh7+𠴭,thanh7,0.06170519068837166,0.7682950407763899,0.0792025754761006
thanh7+󰊈,thanh7,0.0885816290974617,0.7381846693884263,0.10758623288002346
thanh7+𬊐,thanh7,0.07408260554075241,0.7043533109469179,0.1240199141812491
thanh7+𦲼,thanh7,0.06116052716970444,0.7912649934841924,0.08194352769280329
thanh7+𥌧,thanh7,0.05007166415452957,0.8441436255340318,0.0979337748201289
thanh7+𡀲,thanh7,0.06080453842878342,0.7506448542920945,0.08766514164124088
thanh7+󱞼,thanh7,0.10228189826011658,0.6288857002657864,0.1040406516382056
thanh7+󰄼,thanh7,0.06220529228448868,0.7816396946803699,0.1042223884590685
thanh7+𠴌,thanh7,0.05966263264417648,0.8287520696509532,0.08185398115679256
thanh7+󱜺,thanh7,0.0768292099237442,0.7624683464255271,0.1242307521193451
thanh7+𡃙,thanh7,0.07727503776550293,0.8227979232388103,0.13199136659183355
thanh7+𡫫,thanh7,0.07829935848712921,0.6686932092127503,0.14267154594285444
thanh7+󱰍,thanh7,0.08006557822227478,0.6794114596157024,0.12409779073839351
thanh7+𬉌,thanh7,0.0429062582552433,0.8171690695585324,0.0988952926761661
thanh7+󰧙,thanh7,0.07398191094398499,0.7567665494982025,0.07694915476809883
thanh7+󱍺,thanh7,0.062197014689445496,0.7639855841525426,0.10866432531877886
thanh7+𢴎,thanh7,0.052536264061927795,0.8371279708377493,0.10168887897530443
thanh7+𪢊,thanh7,0.04270901158452034,0.8448433701461614,0.08440815751269844
thanh7+󰢜,thanh7,0.06469719856977463,0.7858235934580241,0.10068042190557129
thanh7+抋,thanh7,0.056396305561065674,0.8111555889397725,0.10395600418111094
thanh7+󱓍,thanh7,0.10059751570224762,0.651311116486442,0.11771126912903879
thanh7+󱝙,thanh7,0.09469253569841385,0.6628595631475908,0.08997627891014719
thanh7+𢶹,thanh7,0.04232439398765564,0.8629548754469377,0.13473245431561084
thanh7+𦟑,thanh7,0.08434849232435226,0.7939093545838446,0.12102866642955763
thanh7+𣛤,thanh7,0.08274970203638077,0.6571700712394872,1.2309679342635482
thanh7+󱨜,thanh7,0.08696938306093216,0.6811861331589333,0.1326420005819882
thanh7+󰣿,thanh7,0.07985468953847885,0.8058653123291196,0.11957183184091232
thanh7+󱞅,thanh7,0.07210125029087067,0.7749219372043126,0.1412007283129331
thanh7+𬊭,thanh7,0.053454481065273285,0.8510150872875767,0.0852125519575752
thanh7+𤏦,thanh7,0.056790754199028015,0.8260327714562461,0.09811773963853838
thanh7+󰘓,thanh7,0.08047529309988022,0.771182820182932,0.12120282889104576
thanh7+󱉲,thanh7,0.07590093463659286,0.7362058351057583,0.1388533073874458
thanh7+𫴬,thanh7,0.0722469687461853,0.8318804284284698,0.07159036215400628
thanh7+𡦫,thanh7,0.06730937957763672,0.7371154462429322,0.12089116827721176
thanh7+󱨫,thanh7,0.10848201811313629,0.7512444395709794,0.07858560380760495
thanh7+𦽎,thanh7,0.06802742183208466,0.7414867510068959,0.11283651447651488
thanh7+𨔌,thanh7,0.07198868691921234,0.693514413509528,0.1215423418084508
thanh7+󰬲,thanh7,0.06403317302465439,0.7732635837404863,0.12264088466206861
thanh7+󰬨,thanh7,0.05187098681926727,0.7931981012398465,0.1032533238619533
thanh7+󱼓,thanh7,0.08926937729120255,0.7184633110099894,0.10754144792961128
thanh7+𬪽,thanh7,0.0712285190820694,0.8086615806488204,0.10424699680310234
thanh7+㗌,thanh7,0.08389914035797119,0.8031855265589859,0.07225097742104376
thanh7+󱛲,thanh7,0.07653354108333588,0.7780069867511457,0.1417228767114966
thanh7+𥵖,thanh7,0.06736837327480316,0.8345694978928598,0.10850764962919397
thanh7+𬃴,thanh7,0.04540055990219116,0.803812485713223,0.10663838132140123
thanh7+󱜈,thanh7,0.04952169209718704,0.8322169076155091,0.09934219977829396
thanh7+噃,thanh7,0.053235724568367004,0.812370203507358,0.12022009768157745
thanh7+𡏥,thanh7,0.06990336626768112,0.6835498848002263,0.08927072960952796
thanh7+󱞡,thanh7,0.07744067162275314,0.7163959956161843,0.14043317288356272
thanh7+󰤣,thanh7,0.07994105666875839,0.6376816635719981,0.08596329197165649
thanh7+𡗅,thanh7,0.06798496842384338,0.7744946728180983,0.09762501886722841
thanh7+𦩳,thanh7,0.08920803666114807,0.5853105871319358,0.107177234850514
thanh7+𪢖,thanh7,0.06819645315408707,0.7731956694962406,0.14297382055262917
thanh7+𮫷,thanh7,0.07172387838363647,0.7568597349324899,0.10329767366582022
thanh7+󱋣,thanh7,0.07357817143201828,0.7805090408433072,0.12250465134943363
thanh7+𫪎,thanh7,0.1032973974943161,0.8008698346424623,0.138729802044974
thanh7+󱧖,thanh7,0.07068615406751633,0.7942113581736522,0.11303792642659617
thanh7+𠶈,thanh7,0.09233035147190094,0.6584179880785929,0.08552840222663884
thanh7+󱢅,thanh7,0.06987810879945755,0.7107333890261617,0.15068787240927037
thanh7+𤯱,thanh7,0.07981042563915253,0.7405751391614934,0.09237133402603843
thanh7+󱟕,thanh7,0.0796741247177124,0.763096501447823,0.13553413457391486
thanh7+𡁽,thanh7,0.05145762488245964,0.8087683920375907,0.09881689546469397
thanh7+󱭪,thanh7,0.09318818897008896,0.7864054015628267,0.15593482550610088
thanh7+󱙭,thanh7,0.056134067475795746,0.826142865450074,0.0934529088085479
thanh7+𣱿,thanh7,0.07997298985719681,0.8402602225045557,0.08600507330391217
thanh7+㺜,thanh7,0.06468384712934494,0.7620453414478111,0.11843151051178129
thanh7+𩠸,thanh7,0.04662780091166496,0.8115655521066762,0.11831642802024883
thanh7+𨁋,thanh7,0.07105256617069244,0.7493361842097767,0.10318186452156874
thanh7+󰄜,thanh7,0.15815310180187225,0.6072346501825717,0.4786342270988637
thanh7+󰍖,thanh7,0.10858558118343353,0.7403274020613861,0.1291930885947296
thanh7+𧞣,thanh7,0.05576538294553757,0.747715612526423,0.12205259683576847
thanh7+󱰺,thanh7,0.09293802827596664,0.6403825951404482,0.17658692805664122
thanh7+𦝺,thanh7,0.04872287064790726,0.7904900699417543,0.10819616642832537
thanh7+𬖵,thanh7,0.05030827969312668,0.7997227629796124,0.08938412622330816
thanh7+󱟉,thanh7,0.06373471766710281,0.7129634576440789,0.11569930154173068
thanh7+𢢈,thanh7,0.08610967546701431,0.652112430566485,0.09957072413098118
thanh7+𨃌,thanh7,0.10286027193069458,0.6080563085626761,0.26877848612514227
thanh7+󱛢,thanh7,0.04773329943418503,0.8621517062460744,0.11177924935783527
thanh7+󱲗,thanh7,0.1053348034620285,0.679873081756546,0.12829275712526036
thanh7+𪢜,thanh7,0.0544152706861496,0.7290239254422742,0.13743488182854063
thanh7+𢵻,thanh7,0.043835967779159546,0.8331790925870142,0.11879817028966293
thanh7+󰛕,thanh7,0.06701581925153732,0.612553282879614,0.10956462464030382
thanh7+壉,thanh7,0.062158890068531036,0.7773933344284456,0.0953175425492528
thanh7+𪰰,thanh7,0.06331340223550797,0.7315998818261779,0.09379166544916302
thanh7+𦿄,thanh7,0.054931413382291794,0.8205636281463453,0.1085266646038125
thanh7+𠴘,thanh7,0.08493048697710037,0.7415539585309006,0.09689256974140037
thanh7+󱱣,thanh7,0.06905630230903625,0.7847304990199627,0.11783900760984663
thanh7+鯑,thanh7,0.05413403362035751,0.6716001603461939,0.105250231857254
thanh7+𬅷,thanh7,0.05458856374025345,0.8323371181331451,0.06482560843120613
thanh7+𫫴,thanh7,0.06564100831747055,0.745115540559564,0.10604745588074764
thanh7+𠌊,thanh7,0.09135701507329941,0.6768743523195291,0.12457448617345829
thanh7+𬛒,thanh7,0.032581593841314316,0.8288292563569362,0.11066013108935276
thanh7+󱙌,thanh7,0.08285560458898544,0.7619873436911527,0.10620413015586305
thanh7+𪞀,thanh7,0.09884265065193176,0.7137468730036193,0.11066060668067046
thanh7+󱱀,thanh7,0.0627974197268486,0.7571633345639327,0.6365696961951323
thanh7+󱦗,thanh7,0.06255826354026794,0.7631102388961349,0.10261736607277543
thanh7+󰁐,thanh7,0.06511975079774857,0.8023753553828976,0.09116215720091847
thanh7+󱙴,thanh7,0.08099479973316193,0.6501397607086836,0.17180197662200114
thanh7+󱬐,thanh7,0.06332726776599884,0.7775891521884922,0.11776838105624225
thanh7+󱰯,thanh7,0.10147275030612946,0.5688556023781037,0.1400260422816658
thanh7+𪢤,thanh7,0.06334381550550461,0.7927248720029438,0.09905475868104259
thanh7+𫉩,thanh7,0.0772942453622818,0.7743108481633447,0.1310647635741248
thanh7+𠹍,thanh7,0.06751345098018646,0.75672383673066,0.09208404545355313
thanh7+𠜈,thanh7,0.05945408716797829,0.8029844866628844,0.10951132012551083
thanh7+鏙,thanh7,0.055071067065000534,0.8288192755698668,0.12370252610915704
thanh7+𬂻,thanh7,0.08935631811618805,0.780543414017076,0.15843668999196436
thanh7+𡐮,thanh7,0.061554960906505585,0.8206849672328788,0.09646638546785151
thanh7+𠻉,thanh7,0.0529291033744812,0.7548914220486431,0.07680627991398555
thanh7+𡃝,thanh7,0.09556896984577179,0.6376852803289754,0.10950085318609733
thanh7+󱚴,thanh7,0.11107037961483002,0.6107409353779435,0.16365531356979987
thanh7+𬞰,thanh7,0.09946583211421967,0.4762776598522975,0.1251241896893434
thanh7+唥,thanh7,0.04908673092722893,0.8435648677678323,0.07532407899256181
thanh7+𡅯,thanh7,0.055554889142513275,0.813073631657444,0.09256870629613295
thanh7+󱤠,thanh7,0.04830320551991463,0.819262682857209,0.07333398822553218
thanh7+哠,thanh7,0.108676016330719,0.6536517573080605,0.08640533541541469
thanh7+󱯑,thanh7,0.04736560210585594,0.8356985721839314,0.09479930704805405
thanh7+𦟖,thanh7,0.06640676409006119,0.6771362142201244,0.10717269889525856
thanh7+󱷿,thanh7,0.0804479569196701,0.7324720879717165,0.11294314336012638
thanh7+𠇕,thanh7,0.06954272836446762,0.7904521693306363,0.07757903565516068
thanh7+󱦡,thanh7,0.07866880297660828,0.7658353577085248,0.09441020585772668
thanh7+㖏,thanh7,0.07187917828559875,0.8549867259394737,0.06664143831694726
thanh7+𪱴,thanh7,0.06327435374259949,0.7697235931293386,0.07343087464854244
thanh7+𨊌,thanh7,0.08271213620901108,0.6864133817505876,0.12748078248035558
thanh7+𡅍,thanh7,0.0516379214823246,0.8386327845668341,0.1202749828752943
thanh7+啲,thanh7,0.07566916197538376,0.6636294017951934,0.11635999510386848
thanh7+󱧘,thanh7,0.08221922069787979,0.7697354552302407,0.1356386835556183
thanh7+𬀦,thanh7,0.04712008684873581,0.8425127677888384,0.06343325594042974
thanh7+𥱫,thanh7,0.07195445895195007,0.7225918541945019,0.1078163676307307
thanh7+󱝭,thanh7,0.08118170499801636,0.7148501391466846,0.08487486446466513
thanh7+󱝸,thanh7,0.07992907613515854,0.8183512559269425,0.29180514021934995
thanh7+𩽈,thanh7,0.06876035779714584,0.7313983452616907,0.15486510743325707
thanh7+󱜲,thanh7,0.05939752981066704,0.8427588233381813,0.08001686445384305
thanh7+𡜒,thanh7,0.04503210633993149,0.7549704899406185,0.0930500990266957
thanh7+󱩛,thanh7,0.1027604341506958,0.6289130799157145,0.12152207078051795
thanh7+𠹖,thanh7,0.0588705912232399,0.719298561384229,141.34787271313743
thanh7+𫼿,thanh7,0.0570078007876873,0.786238784383695,0.09488827467710718
thanh7+󱥓,thanh7,0.08542510867118835,0.5630625148709036,0.10384105880657901
thanh7+𬏖,thanh7,0.06451866030693054,0.7351174843916876,0.1315734655348645
thanh7+󰂻,thanh7,0.07791515439748764,0.6937228230721185,0.11605660787289444
thanh7+󱫪,thanh7,0.06633011996746063,0.7453425164800679,0.10706999402823819
thanh7+󰢔,thanh7,0.08198036253452301,0.5254527770488485,0.09818352722167328
thanh7+𬠥,thanh7,0.06628153473138809,0.7716666952422538,0.12434747740154735
thanh7+𪡈,thanh7,0.05055973678827286,0.8137507530080849,0.08680433876768334
thanh7+󱡉,thanh7,0.13277140259742737,0.6028094517734267,0.06972587270562622
thanh7+󱥄,thanh7,0.0690423995256424,0.8093167387825146,0.117281331721441
thanh7+󰊎,thanh7,0.05731916055083275,0.7448178877038548,0.11228646380033523
thanh7+䓬,thanh7,0.0687614232301712,0.8233335355865709,0.08662509631516026
thanh7+𫢖,thanh7,0.0919317752122879,0.5815739592313122,0.10622268100875691
thanh7+𨡨,thanh7,0.08676685392856598,0.7188767417560661,0.12419300842189114
thanh7+󱟛,thanh7,0.0797484815120697,0.6141550711737671,0.07541445732293968
thanh7+󱮧,thanh7,0.09166337549686432,0.6362587648707191,0.1377215934821303
thanh7+𭈒,thanh7,0.07497309148311615,0.8358725835939652,0.10306901674089919
thanh7+󱝀,thanh7,0.06843346357345581,0.7274262603643558,0.09172097506358246
thanh7+󱬑,thanh7,0.07411956042051315,0.651572364275599,0.10344053893506637
thanh7+󱞒,thanh7,0.05909901484847069,0.7311185711238755,0.08469174163960162
thanh7+𥴙,thanh7,0.08722864836454391,0.7717542465024115,0.12646329341888188
thanh7+󱞊,thanh7,0.063840851187706,0.7893372597320398,0.15564584077227
thanh7+󱛻,thanh7,0.049502648413181305,0.8219409113381242,0.11312455416549382
thanh7+𫪦,thanh7,0.04212307557463646,0.8515290836225788,0.07068056102676924
thanh7+蓸,thanh7,0.04143340513110161,0.8479088013174617,0.0792070418223882
thanh7+啩,thanh7,0.0756182000041008,0.7375544473123187,0.07277691967588269
thanh7+󰂛,thanh7,0.06338488310575485,0.7971237702140518,0.0948230963471639
thanh7+𠷇,thanh7,0.055090270936489105,0.7988482950428611,0.0991942592882739
thanh7+𡫡,thanh7,0.0739196166396141,0.7361584169257104,0.1048302761574949
thanh7+莰,thanh7,0.08940461277961731,0.6625814366588727,0.13519646450402314
thanh7+𤲼,thanh7,0.06576027721166611,0.7393941561181043,0.12196859992081321
thanh7+󱛙,thanh7,0.07537495344877243,0.7436628710934939,0.07192024875802194
thanh7+捠,thanh7,0.06873483210802078,0.8045385194836631,0.10438027378726035
thanh7+𪟤,thanh7,0.07629503309726715,0.7028633279288101,0.10404073162431748
thanh7+𫅲,thanh7,0.11620495468378067,0.6364678314870112,0.16761659245419266
thanh7+𡁞,thanh7,0.049559224396944046,0.8381515662538332,0.10470054631677488
thanh7+󱰪,thanh7,0.045427147299051285,0.84297406226149,0.09825229455139801
thanh7+󱋭,thanh7,0.0751706212759018,0.7251665452953843,0.13889776063796647
thanh7+𠴹,thanh7,0.05559922382235527,0.8474323923152386,0.07293495537781129
thanh7+󱟎,thanh7,0.07052358239889145,0.7284454489106355,0.12123713669498211
thanh7+𠼇,thanh7,0.113091841340065,0.6788977028880633,0.10565847043189369
thanh7+󱪉,thanh7,0.08611712604761124,0.7838450144167668,0.0820205066971607
thanh7+𠴖,thanh7,0.08617093414068222,0.7787430879293169,0.08484673987907859
thanh7+󱌔,thanh7,0.06933028250932693,0.7675198870913028,0.11106361193284632
thanh7+𰇵,thanh7,0.09294599294662476,0.6299606033820702,0.3686021983643897
thanh7+𠻆,thanh7,0.053322963416576385,0.7735846522863344,0.09055774110943081
thanh7+󱢜,thanh7,0.060801900923252106,0.790173132128717,0.09599067871071228
thanh7+㗭,thanh7,0.0812535211443901,0.6686683223224837,0.13725665659832573
thanh7+󰝅,thanh7,0.13885316252708435,0.7161464644926122,0.08244844338201071
thanh7+󱲥,thanh7,0.0680718794465065,0.7840729235875816,0.10285976374736176
thanh7+𫪌,thanh7,0.04928293824195862,0.8364622564897667,0.0702868040862029
thanh7+󱅒,thanh7,0.07284480333328247,0.7668319093339091,0.12654137829112463
thanh7+󱚇,thanh7,0.061600979417562485,0.8049137388746347,0.13871806177618348
thanh7+濧,thanh7,0.09829545766115189,0.75037882697739,0.112257683252226
thanh7+󱫂,thanh7,0.062218520790338516,0.7561380807543536,0.09769474175757277
thanh7+𢆠,thanh7,0.06011699512600899,0.7772111654511443,0.10471130140232543
thanh7+𫯲,thanh7,0.0728011205792427,0.6625916852667902,0.12251128265187101
thanh7+𢭿,thanh7,0.04624638333916664,0.7948285181430083,0.10471098774577836
thanh7+𣕞,thanh7,0.04480109363794327,0.7944315422312325,0.12053077712809283
thanh7+󱠳,thanh7,0.08520165830850601,0.6565905359753806,0.09113417176338272
thanh7+𡄧,thanh7,0.07196711003780365,0.7294471900684609,0.1727560134148929
thanh7+󰜡,thanh7,0.04233758896589279,0.7855425751596281,0.07705017505673073
thanh7+𫿟,thanh7,0.06509958952665329,0.7557980107458964,0.12078273817475882
thanh7+𢲠,thanh7,0.04397740215063095,0.799709115444493,0.11255986188380758
thanh7+󰺥,thanh7,0.08725416660308838,0.6561448235549717,0.13597987923656762
thanh7+󱎾,thanh7,0.048199884593486786,0.805213813280679,0.1310922871079884
thanh7+𠶍,thanh7,0.053913664072752,0.7919780701782755,0.08906486889233918
thanh7+𡄡,thanh7,0.07935713231563568,0.7942945595784885,0.09530288962086325
thanh7+󱜷,thanh7,0.051681749522686005,0.8316309736349119,0.1038964269338188
thanh7+󱬻,thanh7,0.06353133171796799,0.816687681495865,0.1040208123344857
thanh7+𠼳,thanh7,0.07287617027759552,0.7171127218977801,0.17347593830391586
thanh7+𦵠,thanh7,0.06534367054700851,0.7246005805261506,0.07761204491779737
thanh7+𩀳,thanh7,0.07437098026275635,0.6853958092287902,0.12034879160836652
thanh7+󱥯,thanh7,0.05834779888391495,0.777910319007164,0.13069308611358543
thanh7+󰌋,thanh7,0.10957710444927216,0.5873026497950772,0.08577406263441782
thanh7+𡀇,thanh7,0.06152702495455742,0.7076951622339377,0.16328025473357308
thanh7+󱤒,thanh7,0.053181521594524384,0.7926457238695124,0.12382981389802532
thanh7+󰮯,thanh7,0.04582095518708229,0.8465663316114114,0.12032542875487912
thanh7+𧟝,thanh7,0.06279143691062927,0.7335512955306447,0.12186582780550363
thanh7+󱪎,thanh7,0.07501202821731567,0.7539584449996453,0.12727009621476124
thanh7+󱦔,thanh7,0.08959674090147018,0.6753542616795487,0.182129777962195
thanh7+𠽇,thanh7,0.04780436307191849,0.8474571254356876,0.07948045064448471
thanh7+𥴘,thanh7,0.055056799203157425,0.7027864161075886,0.1002151998830048
thanh7+𣛦,thanh7,0.08906479179859161,0.7474029983913014,0.15017136555721458
thanh7+𡌡,thanh7,0.06971151381731033,0.7744939394091855,0.07700205000802061
thanh7+󱤉,thanh7,0.06525903940200806,0.763483450063736,313.6014091035952
thanh7+𡪦,thanh7,0.05789748579263687,0.8068802844225672,0.1202690451741271
thanh7+𧜗,thanh7,0.044030074030160904,0.7496986804098889,0.09521664926622538
thanh7+𫵊,thanh7,0.05253014340996742,0.8365003189602966,0.08555019783839084
thanh7+󰧺,thanh7,0.10464547574520111,0.6723133300190576,0.09520666430459306
thanh7+𩛸,thanh7,0.06956448405981064,0.7177505261709255,0.1058204295728587
thanh7+󰢉,thanh7,0.05486594885587692,0.7481271066090369,0.11294690433211818
thanh7+󱞟,thanh7,0.09604321420192719,0.6428907661031558,0.1411051351467984
thanh7+𠱻,thanh7,0.08225703239440918,0.7125437257624572,0.10943483447253421
thanh7+󰭂,thanh7,0.06627587229013443,0.8393276963563713,0.0865986577893665
thanh7+󱰚,thanh7,0.08023304492235184,0.7971927459130075,0.11768367219706151
thanh7+𠸙,thanh7,0.05405707657337189,0.806634545580768,0.10109025629941339
thanh7+󱟝,thanh7,0.04205361381173134,0.8498964831390896,0.09566181794861701
thanh7+嘪,thanh7,0.04962147772312164,0.8639169017944115,9.154209284736973
thanh7+𤻓,thanh7,0.07223690301179886,0.7645664488112285,0.1515092100842456
thanh7+𩼁,thanh7,0.05520258843898773,0.7802572255473297,0.1489386078080389
thanh7+󱚰,thanh7,0.043174244463443756,0.8300357938064481,0.09462961015762422
thanh7+𫆶,thanh7,0.056638557463884354,0.829221392579844,0.10754648532994199
thanh7+𬕻,thanh7,0.0916978120803833,0.7012629233208728,0.1002430980490006
thanh7+󱠑,thanh7,0.05877610296010971,0.7272702393922703,0.08970880562048984
thanh7+󱟁,thanh7,0.044937729835510254,0.8266676002113935,0.10603875567699135
thanh7+󱞜,thanh7,0.114247627556324,0.709290731449587,0.1179925499173858
thanh7+𠲡,thanh7,0.05895225331187248,0.7798932059343328,0.10529457086009124
thanh7+𡃓,thanh7,0.07838350534439087,0.6347387926488025,0.0920324272551567
thanh7+㨫,thanh7,0.06988546997308731,0.7160012390063348,0.0991430120813639
thanh7+𤬪,thanh7,0.1037760004401207,0.7601142739043035,0.11249530713409735
thanh7+𡏠,thanh7,0.06610964238643646,0.7526865072739892,0.16696257406590798
thanh7+󱟫,thanh7,0.10253964364528656,0.7289402973789952,0.09142217005636073
thanh7+󱝧,thanh7,0.06191520392894745,0.8008289573997688,0.08564019646419417
thanh7+󱜝,thanh7,0.07510104775428772,0.8094248160062688,0.0688819754966806
thanh7+𪥘,thanh7,0.13430282473564148,0.6298302599718064,0.13932307534657795
thanh7+𠿁,thanh7,0.04978456348180771,0.8149805442003688,0.08886421851876325
thanh7+𪶵,thanh7,0.06121523305773735,0.8309328644150551,0.12082554173614428
thanh7+𩠱,thanh7,0.08683854341506958,0.5575427333060469,0.11816038230548893
thanh7+󰂄,thanh7,0.047737784683704376,0.8369577163593751,0.08261743949472859
thanh7+𫄉,thanh7,0.05642520636320114,0.7900285828190489,0.09937090361602707
thanh7+𪸝,thanh7,0.041748952120542526,0.8558768565427892,0.06261165160378165
thanh7+󱛹,thanh7,0.05195667967200279,0.7752957216483509,0.10711279964918442
thanh7+󱙉,thanh7,0.08493738621473312,0.7126917632105272,0.0661439078131039
thanh7+𢷰,thanh7,0.05990356579422951,0.8004838136217521,34.439797868015496
thanh7+󱤑,thanh7,0.04504965990781784,0.7959742890777927,0.08162149296210043
thanh7+𫲰,thanh7,0.07433965802192688,0.7185093333782268,0.09395437385941192
thanh7+𠳭,thanh7,0.06820911914110184,0.7406769803363764,0.09666467426976166
thanh7+󱳴,thanh7,0.053894296288490295,0.7662788844534708,0.11813692242415114
thanh7+𢹊,thanh7,0.05516262352466583,0.8479922947443873,0.10893397099041034
thanh7+𪡽,thanh7,0.06769362092018127,0.819963344131533,0.10570446663946693
thanh7+𫮒,thanh7,0.09616878628730774,0.6057724520649158,0.11275580927227412
thanh7+𧜐,thanh7,0.09426559507846832,0.7444794721450733,0.09638020359964149
thanh7+󱬺,thanh7,0.09634360671043396,0.7075660822158786,0.09481357741903074
thanh7+󰬥,thanh7,0.05819091200828552,0.792600824776471,0.10287631690357424
thanh7+𦟋,thanh7,0.06138921156525612,0.7831632873206889,0.10510033158327835
thanh7+𧌂,thanh7,0.06127384677529335,0.8679275648197786,0.10063219470367617
thanh7+󱞀,thanh7,0.07549748569726944,0.6547216888034262,0.09933153940986517
thanh7+󰝎,thanh7,0.1010398119688034,0.6834054521897238,0.13837105272169667
thanh7+𩸴,thanh7,0.042039673775434494,0.8054170298619149,0.10257797984283863
thanh7+󱨱,thanh7,0.0779753029346466,0.7819731602805498,0.10719516401390126
thanh7+󱋙,thanh7,0.07889252156019211,0.6834701617065838,0.11982692779232999
thanh7+蝔,thanh7,0.08663301169872284,0.643655917556144,0.10593737112173567
thanh7+𠿴,thanh7,0.07035067677497864,0.6722079251886526,0.1188271861944125
thanh7+𣒠,thanh7,0.05418159067630768,0.8155280903253839,0.0926822368619644
thanh7+󰋓,thanh7,0.05621698871254921,0.7609272981354066,0.08655174153514976
thanh7+󱧀,thanh7,0.0801893100142479,0.5768963199355944,0.10109664608129687
thanh7+𫫛,thanh7,0.0663338452577591,0.7735847298700841,621.7137649434329
thanh7+𥶱,thanh7,0.0530734583735466,0.8130578288888611,0.12720081706864364
thanh7+𮜲,thanh7,0.08548583090305328,0.720524441514218,0.13814595181925726
thanh7+𤉕,thanh7,0.08905120939016342,0.7077855426441514,0.08696303089434014
thanh7+𬓓,thanh7,0.06192587688565254,0.8293179773064836,0.10511065828810316
thanh7+󱲰,thanh7,0.07305385172367096,0.6670869284162656,0.14412580633070254
thanh7+𠬖,thanh7,0.06260640174150467,0.7814281901239956,0.2436109514917392
thanh7+󰮦,thanh7,0.08571222424507141,0.7216361307225113,0.16482502319243283
thanh7+𠲹,thanh7,0.0660223513841629,0.701856919628759,0.07700626456735869
thanh7+𡃳,thanh7,0.08790040016174316,0.7203396950338481,0.09610038983600061
thanh7+𪢍,thanh7,0.06486444920301437,0.5969893347676746,0.11628520519489832
thanh7+󱟢,thanh7,0.07753509283065796,0.7484263482736273,0.11250075367659944
thanh7+𣎞,thanh7,0.04693477228283882,0.8101146772502222,0.09961536953240391
thanh7+㼫,thanh7,0.05776889622211456,0.7775611228699288,0.10553298638609744
thanh7+𫪀,thanh7,0.06470484286546707,0.8163904110271872,0.11087862260326521
thanh7+𢙬,thanh7,0.06768987327814102,0.8641468896968104,0.09134809851793337
thanh7+𰈨,thanh7,0.04357198625802994,0.8146537946823691,0.1539718206400331
thanh7+󱤲,thanh7,0.05283977463841438,0.788106222190443,0.1111203095802031
thanh7+𠶒,thanh7,0.13616715371608734,0.5979950141138007,0.18857580677497324
thanh7+󱛽,thanh7,0.04999179393053055,0.786831202588002,0.12843877531277884
thanh7+㖗,thanh7,0.09798293560743332,0.7752816859990669,0.10400619432452098
thanh7+𫰄,thanh7,0.09290262311697006,0.7811248367208153,0.1394766407566844
thanh7+𬙛,thanh7,0.11120434105396271,0.7088565675994779,0.08463451527598402
thanh7+𨇉,thanh7,0.08491135388612747,0.6054184808499701,0.11689345089972297
thanh7+𠺚,thanh7,0.08605090528726578,0.7973666450400252,0.10198794779564986
thanh7+𰓖,thanh7,0.06464893370866776,0.7076931726562253,0.10554811676300867
thanh7+𠹌,thanh7,0.0871649906039238,0.7394253689034411,0.10300630798761062
thanh7+󱞮,thanh7,0.117561474442482,0.8054401907963784,0.11863071226872783
thanh7+𫭅,thanh7,0.07168065011501312,0.8093689407352511,0.10574455273892334
thanh7+󱝹,thanh7,0.06702639162540436,0.7898163078669839,0.21389913153892395
thanh7+󱝾,thanh7,0.05242367461323738,0.7029944586120656,0.1014612592552012
thanh7+𫪄,thanh7,0.07465989887714386,0.7678261044996396,0.09922266520394331
thanh7+󱞃,thanh7,0.07603608071804047,0.7071758997625277,0.09403972624414987
thanh7+𪡍,thanh7,0.12448659539222717,0.8002169535423219,0.08681789538628833
thanh7+󱝘,thanh7,0.07931642979383469,0.6585476789288874,0.1044481655239868
thanh7+󱛴,thanh7,0.04922818765044212,0.7842043614918158,0.11465373491043725
thanh7+𠺮,thanh7,0.0679427832365036,0.7781253833127142,0.10934519365188444
thanh7+𠽂,thanh7,0.08408971130847931,0.8085921108284686,0.10257274222916489
thanh7+󱩗,thanh7,0.10694683343172073,0.5976663335272229,0.0824407681880649
thanh7+𡮺,thanh7,0.10818565636873245,0.586169102543507,0.12649066223956887
thanh7+󰬸,thanh7,0.07273416966199875,0.763147350415415,0.1090640168639566
thanh7+󱫠,thanh7,0.08618371188640594,0.604245656285937,0.10228867071543633
thanh7+𬈗,thanh7,0.0490131750702858,0.8257263388984031,0.11119523983957007
thanh7+󰙅,thanh7,0.07852122187614441,0.7740582337819818,0.14067034787926003
thanh7+𡀦,thanh7,0.08085150271654129,0.7099074029274949,0.09124143985034479
thanh7+𠽙,thanh7,0.06851943582296371,0.7274882741573669,0.07952361113331875
thanh7+󱟦,thanh7,0.09088382124900818,0.6465429624324099,0.12535282482908858
thanh7+𡖡,thanh7,0.056843630969524384,0.825038438104853,0.07334430679475298
thanh7+挒,thanh7,0.05577954649925232,0.7757084288085357,0.10088716250267094
thanh7+󱯄,thanh7,0.06761710345745087,0.7308202940996308,0.13926645861767117
thanh7+𨪪,thanh7,0.05643570423126221,0.7483919820067428,0.13229668947212253
thanh7+𨪷,thanh7,0.09243530035018921,0.5487836951301165,0.10144175981643687
thanh7+󱦪,thanh7,0.05342091619968414,0.8031716896543262,0.16022961247618442
thanh7+𬆅,thanh7,0.07334834337234497,0.723003501796948,0.08296283116360904
thanh7+𫽠,thanh7,0.05963968485593796,0.7780000314762012,0.11752773427865586
thanh7+󱸠,thanh7,0.07190490514039993,0.7321185992028131,0.13681949280890351
thanh7+𫫊,thanh7,0.052154842764139175,0.8260455273265915,0.08739210590789669
thanh7+󱹽,thanh7,0.05754150450229645,0.7981044119839212,0.09428289573597477
thanh7+𠸩,thanh7,0.062280137091875076,0.8227891595371772,0.14209800626545208
thanh7+󱪱,thanh7,0.06885175406932831,0.6982009136168469,0.1172729960201508
thanh7+𭋙,thanh7,0.07469243556261063,0.7551963206371145,0.11629004399796043
thanh7+󱰶,thanh7,0.08466272056102753,0.8123993243888642,0.12675007119213277
thanh7+󰬽,thanh7,0.059974342584609985,0.7417133694202984,0.09562768269249684
thanh7+鮗,thanh7,0.07877194881439209,0.6598601311694342,0.1130027071400651
thanh7+𬂨,thanh7,0.0962933823466301,0.7374971388475524,0.11160743398943833
thanh7+𨮉,thanh7,0.06402570754289627,0.7917435524379983,0.1324679259562577
thanh7+󱬧,thanh7,0.05809684097766876,0.734530922689906,0.10127875368790991
thanh7+󱲝,thanh7,0.05450825020670891,0.7846606612576476,0.08382700890702947
thanh7+𠸽,thanh7,0.05564340204000473,0.76521094068925,0.10734996400719776
thanh7+𫪁,thanh7,0.06820591539144516,0.8640383225188388,0.0718402542283194
thanh7+󱞠,thanh7,0.09910300374031067,0.5485397919561513,0.11761454808782341
thanh7+󰅲,thanh7,0.06980573385953903,0.743750435480795,0.08073906740769755
thanh7+婫,thanh7,0.04584073647856712,0.8169027931770819,0.09102795262576563
thanh7+󱰤,thanh7,0.06335944682359695,0.8109711323583116,0.10657082524681766
thanh7+𭉆,thanh7,0.07986985892057419,0.7671179726275235,237.97502981576943
thanh7+𠵴,thanh7,0.0548742413520813,0.8080843189807999,0.07136544268232863
thanh7+󱧨,thanh7,0.06544418632984161,0.7158159626547969,0.10863099222424533
thanh7+𧒅,thanh7,0.05765165388584137,0.7640431454637139,0.12946156687776972
thanh7+𫐹,thanh7,0.06348022818565369,0.7315559635043888,0.11486595874359935
thanh7+󰮝,thanh7,0.05329468101263046,0.781057162698092,0.11927924223336218
thanh7+𡁚,thanh7,0.06128058582544327,0.7520978682966704,0.1302683844434819
thanh7+𩵾,thanh7,0.07844535261392593,0.6897766009215567,0.12420184220879367
thanh7+󱦋,thanh7,0.0644960030913353,0.7851526848658292,0.10393710760470637
thanh7+󰙯,thanh7,0.11171875894069672,0.7473254667542182,0.10236934374296407
thanh7+𡁎,thanh7,0.08381274342536926,0.7847051201483651,220.42354461591444
thanh7+󱤍,thanh7,0.09543250501155853,0.5812092591929254,0.10007906001572946
thanh7+𪺛,thanh7,0.08045388758182526,0.7283794338834786,0.12200927035649188
thanh7+󱛖,thanh7,0.08603015542030334,0.7374006499200266,0.11989332326403572
thanh7+󰸪,thanh7,0.07994160801172256,0.7006964726471681,0.11384309607810816
thanh7+𡂷,thanh7,0.0486074835062027,0.8015698828767046,0.10187605679413864
thanh7+󱙵,thanh7,0.06641835719347,0.7656108487188666,0.13834091998271936
thanh7+󱘧,thanh7,0.052055083215236664,0.7742703526178515,0.11013878266821282
thanh7+𪩥,thanh7,0.08026766777038574,0.7457821718715777,0.1582635137264878
thanh7+𠚐,thanh7,0.05406687408685684,0.8281436815691804,0.08907112011114461
thanh7+𤉓,thanh7,0.09427213668823242,0.7849096050173827,0.09117182317941147
thanh7+󱮺,thanh7,0.09326397627592087,0.7546241793964513,8.384426567447726
thanh7+𡋦,thanh7,0.07418186962604523,0.7880296638867876,0.07475353159219132
thanh7+󱟨,thanh7,0.07601869106292725,0.6939694809252483,0.11324030879628699
thanh7+󱮾,thanh7,0.09374526888132095,0.7293089628503013,0.17953900174464443
thanh7+𡀫,thanh7,0.06203813478350639,0.7915818048420442,0.09108959391329352
thanh7+󱞢,thanh7,0.07510578632354736,0.7409593732109708,0.5365720958684653
thanh7+󱗘,thanh7,0.08246617019176483,0.7269790896325483,0.09704701057365561
thanh7+𡕩,thanh7,0.05294916033744812,0.8395761196710393,0.09266469093401535
thanh7+𬕷,thanh7,0.08989908546209335,0.758801643659311,0.10496094253296019
thanh7+𭢌,thanh7,0.07640714943408966,0.679026014041669,0.11972967616323645
thanh7+𪀆,thanh7,0.052933529019355774,0.7969445236494442,0.08516864713152177
thanh7+󱞿,thanh7,0.061972904950380325,0.7373925562293131,0.10183746259094228
thanh7+𪢘,thanh7,0.043584711849689484,0.8280105476952394,0.09947217040749767
thanh7+󰼀,thanh7,0.06662654131650925,0.7966955151024987,0.09987994903046982
thanh7+𠮨,thanh7,0.07871947437524796,0.790016948721277,0.0776645659016502
thanh7+𬮷,thanh7,0.08851175010204315,0.7281667367740444,0.10292473326667435
thanh7+𨁟,thanh7,0.09088121354579926,0.7711946866381586,4.2181920079145785
thanh7+𪭟,thanh7,0.0732661634683609,0.6966651482758014,0.06691197472770832
thanh7+󱋰,thanh7,0.06380747258663177,0.8142432742730827,0.10404367094072621
thanh7+󱰮,thanh7,0.07713237404823303,0.6805593108352574,0.14281464109435119
thanh7+󱥑,thanh7,0.05344168469309807,0.8312914813690915,0.0984512918624481
thanh7+𡓾,thanh7,0.07413315027952194,0.7437290729946613,0.1548090800934614
thanh7+𥶂,thanh7,0.06451678276062012,0.6534846471699295,0.1149529614535479
thanh7+󱚑,thanh7,0.07006442546844482,0.8056735945253881,0.10030194628070421
thanh7+𪴉,thanh7,0.08846700191497803,0.7469814742303282,0.10124227464986368
thanh7+𢪥,thanh7,0.05452114716172218,0.6996959894655463,0.07077661128571325
thanh7+󱝑,thanh7,0.03981799632310867,0.8700300366246807,0.08551484354238852
thanh7+𡮥,thanh7,0.0981844961643219,0.4673051309126663,0.10566387990682524
thanh7+睈,thanh7,0.058928605169057846,0.8131032307230377,0.09039438328222162
thanh7+󰢽,thanh7,0.047088030725717545,0.8314191573017776,0.09985659938636597
thanh7+󱹙,thanh7,0.04703991115093231,0.8089186481454981,0.10689786281503172
thanh7+𫏙,thanh7,0.07347628474235535,0.7274781616971442,0.12181919247130053
thanh7+𪡫,thanh7,0.08292275667190552,0.7562630196926298,0.1252575005267771
thanh7+󱠡,thanh7,0.06635864078998566,0.7404601776542552,0.11446179701683117
thanh7+󰭔,thanh7,0.0628698468208313,0.8345297378082828,0.07840491444910246
thanh7+󱌰,thanh7,0.06431621313095093,0.7859247828440759,0.06582036861207999
thanh7+䀭,thanh7,0.0758366510272026,0.7499735570013579,0.09967873714691687
thanh7+󱩩,thanh7,0.07472672313451767,0.7943022732186056,0.08460006381047379
thanh7+󱺂,thanh7,0.0746353268623352,0.7594121378994206,0.08348500322572024
thanh7+󱡄,thanh7,0.07167308032512665,0.7238603212451034,0.12623199268401009
thanh7+𠸬,thanh7,0.050028007477521896,0.7957810258170421,0.09689547869457149
thanh7+𫞡,thanh7,0.08986695110797882,0.7495657106509386,0.09577665960731647
thanh7+󱜆,thanh7,0.05898819491267204,0.7620734540410044,0.11456225924285424
thanh7+󱞐,thanh7,0.06990113854408264,0.7863970379345014,0.10848175671615369
thanh7+󱚒,thanh7,0.07667387276887894,0.6246159239919296,0.12564827400574574
thanh7+󱛣,thanh7,0.06004735082387924,0.7431578617879927,33.72272097058695
thanh7+󰨑,thanh7,0.07766328006982803,0.6711899472515083,0.10921616888905113
thanh7+𪖺,thanh7,0.0482112355530262,0.7595199535222908,0.10389199456344515
thanh7+󱋠,thanh7,0.04356095939874649,0.8409912170552933,0.09225468968590685
thanh7+𤄷,thanh7,0.06544691324234009,0.6944586349007575,0.1155674282313417
thanh7+󰃧,thanh7,0.06500950455665588,0.70340420576683,0.11282418667140037
thanh7+𥭑,thanh7,0.06715141981840134,0.7936851520234103,0.09588446123254964
thanh7+󱦯,thanh7,0.08471076935529709,0.4794024523767799,0.09746145987227824
thanh7+𨂚,thanh7,0.05477861315011978,0.7596108463656688,0.09517396084735975
thanh7+󱺃,thanh7,0.08037151396274567,0.7853415109494034,0.13939430417760587
thanh7+𠸯,thanh7,0.06254759430885315,0.7717126756179744,0.0785631517260369
thanh7+侱,thanh7,0.07512994110584259,0.819791332890436,0.07471395562586523
thanh7+󱟠,thanh7,0.08822768926620483,0.6212065614313623,0.10196087939969456
thanh7+󰊫,thanh7,0.09587317705154419,0.6945210556674698,0.10581095555757945
thanh7+䰺,thanh7,0.059139005839824677,0.804399933526473,0.09734074672976471
thanh7+󱯗,thanh7,0.04785455763339996,0.8398474370164091,0.12085066843281528
thanh7+𧋅,thanh7,0.09081292897462845,0.7962973002535086,0.11774333432117297
thanh7+𨄿,thanh7,0.06263604760169983,0.6510966868300707,0.08486810352102536
thanh7+󱝐,thanh7,0.07105350494384766,0.6285143295601908,0.10276021114050786
thanh7+𡉎,thanh7,0.10236718505620956,0.8030985826413788,0.05113488389596379
thanh7+𪢡,thanh7,0.07564689218997955,0.7450940858503228,0.11798681001695362
thanh7+𫕹,thanh7,0.09761238098144531,0.5623967915190239,0.07897570037994918
thanh7+󱙰,thanh7,0.08356636017560959,0.655061632604651,0.10785185400373194
thanh7+󱊚,thanh7,0.05387241020798683,0.8454281671975132,0.07300180830010965
thanh7+󰶅,thanh7,0.09257431328296661,0.618970733693124,0.11488778897377412
thanh7+󱭧,thanh7,0.060634419322013855,0.7501746422245197,0.10190079165701538
thanh7+𢠿,thanh7,0.07851308584213257,0.7114181715039738,0.11179702388852213
thanh7+𩯁,thanh7,0.09621696174144745,0.6423530646790906,0.10494686033164807
thanh7+𤳧,thanh7,0.061094410717487335,0.6514477468918172,0.08458133288520507
thanh7+󱞳,thanh7,0.08215245604515076,0.7812184039797749,0.10451629688918924
thanh7+󱞲,thanh7,0.0601089671254158,0.7941923056061356,0.1131166382499772
thanh7+𬄹,thanh7,0.09751494228839874,0.7500928554742985,0.14422273614437267
thanh7+𧋸,thanh7,0.06154949218034744,0.8071853609244964,0.1180518478980464
thanh7+堒,thanh7,0.0426165908575058,0.8543127722947704,0.07353446672496532
thanh7+𠸄,thanh7,0.042322609573602676,0.8554656659754141,0.09197037633024126
thanh7+㨲,thanh7,0.06447584182024002,0.7182017358394179,0.09593863724246489
thanh7+堹,thanh7,0.047773707658052444,0.807144551120392,0.08010147894637835
thanh7+𪡿,thanh7,0.07537084817886353,0.7814220502940922,0.1007150209525962
thanh7+𰦫,thanh7,0.06092240288853645,0.7541881839433837,0.09723232934829956
thanh7+𦄆,thanh7,0.052585963159799576,0.8143785639027571,0.13185438646682932
thanh7+󱙥,thanh7,0.06356672197580338,0.7908483073555159,0.0756214258865333
thanh7+𠼋,thanh7,0.06970202177762985,0.7924019194529743,0.10452848785205697
thanh7+󰮃,thanh7,0.0629471093416214,0.7976950859119704,0.1258175931270996
thanh7+𪡦,thanh7,0.05251097306609154,0.7468546881197072,0.08389199355863168
thanh7+󱏛,thanh7,0.07328680157661438,0.7503740501065662,65.08672912700662
thanh7+󱫟,thanh7,0.07274070382118225,0.6987185517670791,0.1298672209966987
thanh7+𣻢,thanh7,0.07755688577890396,0.7552382795908026,0.12719132543242118
thanh7+㧪,thanh7,0.062389787286520004,0.7607022313648267,0.11608038637449747
thanh7+󰌗,thanh7,0.08640085905790329,0.6839598067910222,0.09242950858944583
thanh7+󱛦,thanh7,0.06873027235269547,0.7633537746125821,0.0827721840355027
thanh7+𪢠,thanh7,0.0812690332531929,0.620600846213956,0.10471368296828859
thanh7+𤼞,thanh7,0.05349896475672722,0.7384415734778472,0.11889778066247793
thanh7+󱟂,thanh7,0.06968247145414352,0.7589684591676151,595.5570691173946
thanh7+𡎤,thanh7,0.09611314535140991,0.6237393239363425,0.10705427478125511
thanh7+𡁝,thanh7,0.09247149527072906,0.7201987506501852,0.11879246380663178
thanh7+𡫨,thanh7,0.07365143299102783,0.778093995682424,0.10434084150714056
thanh7+㙩,thanh7,0.06471876800060272,0.79465493761795,0.0935116390652651
thanh7+󱞻,thanh7,0.07848230004310608,0.7222188331035412,0.08848821942413813
thanh7+𪡆,thanh7,0.0832228884100914,0.591150654510499,0.08027472686637964
thanh7+𪡗,thanh7,0.039797283709049225,0.8392131422509485,0.08312796113521757
thanh7+󱜉,thanh7,0.06642816215753555,0.6942765751380723,0.11956589808086325
thanh7+󱓦,thanh7,0.05223401263356209,0.741247440839005,0.10053445679327118
thanh7+𬡶,thanh7,0.06884410977363586,0.7640177452249622,0.1186707461573641
thanh7+𠻇,thanh7,0.06152251362800598,0.7924839935445781,0.104192893566043
thanh7+𩸮,thanh7,0.053137220442295074,0.7742454875604443,0.1005756378234517
thanh7+𠾲,thanh7,0.05277843028306961,0.7965135835863307,0.11978119001550998
thanh7+𡮣,thanh7,0.08540401607751846,0.7722285861103639,0.08952264858892679
thanh7+𪡎,thanh7,0.0506536066532135,0.8081877356330907,0.07887559380598543
thanh7+𡑭,thanh7,0.05058129131793976,0.8321603702769491,0.11633310207840815
thanh7+𠽏,thanh7,0.07775088399648666,0.7670356166050376,0.1010770742872592
thanh7+󱦙,thanh7,0.0636359304189682,0.6743737059250725,0.11552046374975984
thanh7+𰊣,thanh7,0.058727677911520004,0.7936373896659336,0.09058874117379308
thanh7+𦘱,thanh7,0.1262514591217041,0.793441881009778,0.11959436033242059
thanh7+󱡵,thanh7,0.072369784116745,0.6238460022489241,0.09252242180099352
thanh7+𡁼,thanh7,0.06247900798916817,0.7447363295091269,0.1098002809636794
thanh7+󱨨,thanh7,0.055000193417072296,0.7835457286409799,0.11425093922428424
thanh7+󱛱,thanh7,0.07077056169509888,0.8099682843561103,0.0925220248550827
thanh7+𬗏,thanh7,0.05884474888443947,0.7803444200248218,0.1058898814490316
thanh7+󱫸,thanh7,0.08770643174648285,0.7556336325456222,0.14533718824180106
thanh7+𫮲,thanh7,0.05609320476651192,0.7289893273567496,0.4431136651906747
thanh7+𠶅,thanh7,0.07423131167888641,0.5907260170035382,0.07570180056257013
thanh7+󱦩,thanh7,0.07978460192680359,0.6356723243380749,0.09433570416507053
thanh7+𠲏,thanh7,0.04908120259642601,0.8267037406713377,0.10221510095568005
thanh7+󰯺,thanh7,0.03815319389104843,0.8255475281955775,0.09792067621436733
thanh7+𫣝,thanh7,0.045042943209409714,0.8298388901567109,0.09898588830542826
thanh7+󱠠,thanh7,0.06596284359693527,0.7326399537185617,0.11075354050269359
thanh7+󱞦,thanh7,0.04873133823275566,0.7764144451074072,0.08807602935197417
thanh7+󰅬,thanh7,0.09241737425327301,0.5725740334029409,0.08252917442329859
thanh7+󰍱,thanh7,0.09401176124811172,0.6305401819160609,0.09231496794509596
thanh7+𬕳,thanh7,0.07448220998048782,0.788880000872238,0.11109743067149992
thanh7+𡌩,thanh7,0.05938573181629181,0.8514533818816511,0.08720135086235163
thanh7+󰺼,thanh7,0.052214428782463074,0.8321451681527439,0.10452724697329409
thanh7+󱟈,thanh7,0.05773841217160225,0.7656346463136914,0.1253266494544866
thanh7+𦨭,thanh7,0.06078534573316574,0.78081930167023,0.11954600719419763
thanh7+𠾾,thanh7,0.04749765619635582,0.8377752357972547,0.08133977896332983
thanh7+𥐨,thanh7,0.07823751866817474,0.727109900586904,0.09747808048719171
thanh7+𡚝,thanh7,0.09627058357000351,0.6635009879953556,0.1312088243606435
thanh7+𪤽,thanh7,0.07316973805427551,0.6936281939723399,0.13726963843997855
thanh7+󰛼,thanh7,0.06068091839551926,0.8068937751462383,0.11237761675521861
thanh7+󱎶,thanh7,0.07176171988248825,0.7628512500508478,0.10568245994509488
thanh7+𫯐,thanh7,0.05345135182142258,0.7985639901863916,0.10622720928671205
thanh7+󱩳,thanh7,0.07362744212150574,0.7179515692086077,0.10359638767459363
thanh7+𪠉,thanh7,0.0690130665898323,0.8109906214616146,0.09926587502244388
thanh7+𡄾,thanh7,0.04648881405591965,0.8109375022036093,0.12155905748197277
thanh7+𪡱,thanh7,0.09455142915248871,0.5960811692024273,4.954075901176071
thanh7+𤶹,thanh7,0.04612572863698006,0.8081600478338683,0.08982363543317744
thanh7+󱚚,thanh7,0.06067057326436043,0.7646987709255902,0.10588244144863827
thanh7+𪥾,thanh7,0.049299705773591995,0.8261893389078228,0.10538940106445903
thanh7+㗶,thanh7,0.06324277073144913,0.7632491669519291,0.14945571979255337
thanh7+𡃖,thanh7,0.09528522938489914,0.66570610891204,0.1819730938291373
thanh7+𫅰,thanh7,0.08568751811981201,0.7092797801233048,0.12205568656884073
thanh7+󱗳,thanh7,0.10290465503931046,0.4380877817121213,0.12632856968661768
thanh7+𡓟,thanh7,0.058522582054138184,0.8062339820013368,0.12735908119163003
thanh7+𡄰,thanh7,0.05336660146713257,0.7858109117842462,0.11942664070637571
thanh7+𠹰,thanh7,0.041796695441007614,0.8693683436447134,0.08256410455803295
thanh7+󰛈,thanh7,0.0739026591181755,0.7588234977355306,0.10104749636052297
thanh7+󱝫,thanh7,0.09915956854820251,0.7099153672252836,0.10188129541061512
thanh7+󱝞,thanh7,0.08206935226917267,0.6862213099437563,0.1210444794539735
thanh7+𭉷,thanh7,0.06042332947254181,0.8473765615997161,0.1215501294552055
thanh7+𰋝,thanh7,0.08230719715356827,0.7276892333193926,0.10948016620046368
thanh7+󱰗,thanh7,0.04362843185663223,0.8222509669826432,0.1100158091250939
thanh7+󱮟,thanh7,0.06328094750642776,0.8405192304437357,0.097184135584708
thanh7+㗩,thanh7,0.08591725677251816,0.7969310655874623,0.07819705215483087
thanh7+𠺼,thanh7,0.05235343798995018,0.8236509808083985,0.09409529895481561
thanh7+󱧔,thanh7,0.05439161881804466,0.8353986378232606,0.07041613835823131
thanh7+𡂄,thanh7,0.046377163380384445,0.8148868823020159,0.11168324038101222
thanh7+𡅩,thanh7,0.06696508824825287,0.7823766753653275,0.1094937373749643
thanh7+󱮝,thanh7,0.05074369162321091,0.8259121117366288,0.10791854936906793
thanh7+󰬟,thanh7,0.08837151527404785,0.5954472508152644,0.09258888518136915
thanh7+婻,thanh7,0.05871644616127014,0.7017298030316107,0.1338427851275698
thanh7+󱢣,thanh7,0.07687374949455261,0.7085838082289346,0.10919853258350076
thanh7+󰘇,thanh7,0.07210533320903778,0.725665195199855,0.12932803315375999
thanh7+󱞔,thanh7,0.07857909053564072,0.6637909568389012,0.08361861599728322
thanh7+𡁛,thanh7,0.05409065634012222,0.8351445507304002,0.12226998746328348
thanh7+𡀬,thanh7,0.04491046071052551,0.8103769226247235,0.09803531490210411
thanh7+𡅑,thanh7,0.06857846677303314,0.6308933430154837,0.13103361598864474
thanh7+󰢣,thanh7,0.09423679113388062,0.7926100024905834,0.09566772314713806
thanh7+󱢉,thanh7,0.07112369686365128,0.765099116476904,0.11023432304607157
thanh7+𢴊,thanh7,0.06418903172016144,0.7311502181752431,0.12618620684000395
thanh7+㘗,thanh7,0.07643580436706543,0.7290878172972307,0.09641021849277609
thanh7+𤋽,thanh7,0.06257320195436478,0.7681034597070893,0.08064058759486496
thanh7+𫥿,thanh7,0.08317798376083374,0.7487922804291947,0.08868381150492118
thanh7+㖵,thanh7,0.0823766216635704,0.8258627103353232,0.07144988682787605
thanh7+󱞇,thanh7,0.061641789972782135,0.6907240124007699,1.3776596012743534
thanh7+𤊤,thanh7,0.0615144744515419,0.8121570643542464,0.0944247355803212
thanh7+𪮩,thanh7,0.05699000507593155,0.8125604538412442,0.10743738430050469
thanh7+𧎠,thanh7,0.07254902273416519,0.788350013907675,0.11727366602560478
thanh7+㗴,thanh7,0.06723096966743469,0.7949431569694669,0.09648224224672675
thanh7+𪉴,thanh7,0.06637366116046906,0.7976121092369004,0.12815673871283842
thanh7+𪺇,thanh7,0.06400496512651443,0.7834308242727797,0.12480451207675235
thanh7+𫱞,thanh7,0.07994553446769714,0.7854049988286906,0.09927517842046026
thanh7+𪤸,thanh7,0.12160703539848328,0.4331417993678763,0.09715480919727552
thanh7+󱟏,thanh7,0.07771088927984238,0.66305408045962,0.1255022376510098
thanh7+囄,thanh7,0.05192902311682701,0.7041107029986214,0.0961119091843771
thanh7+󱩙,thanh7,0.06845493614673615,0.6744719385307667,0.09637137286502528
thanh7+󰬛,thanh7,0.060081854462623596,0.8205575357270561,0.07727344972466667
thanh7+󱠢,thanh7,0.07171432673931122,0.7005528398310193,0.11353476904519944
thanh7+𦞎,thanh7,0.041683416813611984,0.8376347189058926,0.10741108508063339
thanh7+󱤥,thanh7,0.0535808727145195,0.8177186846312503,0.08234347980859731
thanh7+󱞗,thanh7,0.11661864817142487,0.7760623592279203,0.06501738782164813
thanh7+󱋃,thanh7,0.04460820183157921,0.8109722536389722,0.11078486016039453
thanh7+偖,thanh7,0.04711698740720749,0.8097061515943981,0.07994711550883878
thanh7+󱞾,thanh7,0.07513292133808136,0.6709079322476291,0.11838419409577483
thanh7+𪦎,thanh7,0.04263535887002945,0.8066482303279483,0.09481158153916848
thanh7+󱝷,thanh7,0.11310414224863052,0.43347650357908685,0.10933670455931423
thanh7+𡄫,thanh7,0.045144882053136826,0.7816601734788365,0.10564663969738654
thanh7+󰤴,thanh7,0.11829023063182831,0.7192295943938016,0.07538397158771948
thanh7+󱡗,thanh7,0.07017619162797928,0.7282356873095857,0.09147382706201916
thanh7+󰐨,thanh7,0.09032700955867767,0.7543665377327118,0.10650770362270394
thanh7+𣙯,thanh7,0.05581480264663696,0.8280650922592837,0.11066861566083246
thanh7+󱙲,thanh7,0.054348092526197433,0.7842092649019893,0.10874882328045787
thanh7+󱡇,thanh7,0.10150012373924255,0.44377114500526915,0.1438091355080722
thanh7+胋,thanh7,0.07123306393623352,0.7938331178199901,0.08101377833685441
thanh7+󱌡,thanh7,0.06474187970161438,0.8282369635136854,0.11306924074401938
thanh7+㖪,thanh7,0.05770976096391678,0.7493400699069382,0.08083422262263094
thanh7+𬖩,thanh7,0.07506292313337326,0.6939756922801267,0.10021968289518185
thanh7+󱥪,thanh7,0.04820318520069122,0.8709963571965075,0.10954297437875525
thanh7+󱛅,thanh7,0.09990349411964417,0.6675578438872222,0.12408486532733931
thanh7+󱨕,thanh7,0.08987434953451157,0.5499920993531848,0.13385478140370557
thanh7+湳,thanh7,0.06503991037607193,0.6926722457028323,0.10306242114933306
thanh7+𨅞,thanh7,0.06575440615415573,0.752514707434496,0.09503727753262566
thanh7+󱟲,thanh7,0.07544801384210587,0.8032437628750447,0.10551758708862512
thanh7+𪿀,thanh7,0.055135633796453476,0.8536776937846319,0.10602507439650512
thanh7+󱜫,thanh7,0.056220948696136475,0.7904794875829491,0.10875100978707115
thanh7+檤,thanh7,0.08997531235218048,0.7296185719718756,0.10237809072945044
thanh7+󱋇,thanh7,0.11289293318986893,0.7009448248094781,0.12910086493010656
thanh7+𪡴,thanh7,0.04993391036987305,0.8184415513336112,0.09486134700905637
thanh7+𡎜,thanh7,0.051109228283166885,0.7569894806632957,0.10598795869648951
thanh7+󱠼,thanh7,0.07103495299816132,0.8102869211020801,0.0754292956601391
thanh7+󱫴,thanh7,0.09286659955978394,0.6815311488155112,0.12036188822078388
thanh7+󱚍,thanh7,0.06401538848876953,0.7882257395050726,0.09379102832113174
thanh7+󰭏,thanh7,0.0797962099313736,0.7671580763821194,0.10467766495885777
thanh7+𪣠,thanh7,0.06703762710094452,0.8168423171547619,0.08698543417773047
thanh7+𫫷,thanh7,0.0916711762547493,0.7114600544698724,0.10005187899671997
thanh7+𠮙,thanh7,0.055542781949043274,0.7828249346313503,0.06065663267551147
thanh7+󱞽,thanh7,0.09158466011285782,0.7134537904022422,0.1436352731009318
thanh7+𡑪,thanh7,0.06090136617422104,0.7243943388889514,0.10488780666577918
thanh7+󱟹,thanh7,0.057618528604507446,0.8023240089875096,0.09296220420919281
thanh7+󰏏,thanh7,0.0504176989197731,0.7822882381245733,0.09966190252906192
thanh7+󱝖,thanh7,0.06089089810848236,0.839489509927723,0.11308553590583886
thanh7+𫮡,thanh7,0.07331722974777222,0.7084611267756481,0.10848922388253639
thanh7+󱢏,thanh7,0.07653163373470306,0.6310053302344362,0.0918002161755394
thanh7+󱤈,thanh7,0.11464056372642517,0.5848815027776625,0.13764292525886798
thanh7+󱠧,thanh7,0.07294755429029465,0.7484907983689794,0.09523333553739487
thanh7+𬟻,thanh7,0.08657889813184738,0.75638160362247,0.1362966796037761
thanh7+𪸄,thanh7,0.08032676577568054,0.6952810568800103,0.5300066444216912
thanh7+𪮽,thanh7,0.05704394727945328,0.8235725833469583,0.10211504200013055
thanh7+𫛈,thanh7,0.13315722346305847,0.6226811856740729,0.16650196228137312
thanh7+𥾸,thanh7,0.07234809547662735,0.7245410218164319,0.10679774949060095
thanh7+𪣱,thanh7,0.08037198334932327,0.7582076432500091,0.1194720702692557
thanh7+𡃎,thanh7,0.0592447929084301,0.7575667047010674,0.11454002977264795
thanh7+𪶩,thanh7,0.059491295367479324,0.777893141910146,0.09093125650330437
thanh7+𠷥,thanh7,0.06834104657173157,0.8509352197380385,0.07626420277581748
thanh7+𬄪,thanh7,0.04862518236041069,0.7757165276202242,0.10295677401490812
thanh7+䐥,thanh7,0.07421685755252838,0.7970878330825554,0.1022408962235239
thanh7+𭈖,thanh7,0.09308431297540665,0.5773042058680006,0.13270088163700122
thanh7+𠿱,thanh7,0.08312518894672394,0.7748784859582736,0.1493390889773226
thanh7+𡓯,thanh7,0.06663136184215546,0.8288800353640038,0.13558376294219643
thanh7+𢲾,thanh7,0.0591251403093338,0.7985073628154465,0.09514627619656228
thanh7+𤎓,thanh7,0.03828895837068558,0.847843826991804,0.10079476261283409
thanh7+𧿯,thanh7,0.07198955863714218,0.709997017761334,0.07852880204643903
thanh7+󱯈,thanh7,0.06931262463331223,0.7924883222637708,0.11009600878564751
thanh7+𫧾,thanh7,0.07681655883789062,0.7440692695443776,0.11533700022467232
thanh7+󱹓,thanh7,0.07321567833423615,0.7432123003616079,0.09661120055431129
thanh7+󱜶,thanh7,0.05697191134095192,0.8028643901352303,0.07618138854627789
thanh7+埨,thanh7,0.0830550566315651,0.7377688741806061,594.7509035360237
thanh7+󱳒,thanh7,0.07012519240379333,0.7213770825598887,0.14563004583523043
thanh7+󱥦,thanh7,0.0756223052740097,0.7062668855452949,0.11079250791850141
thanh7+󱹜,thanh7,0.08194883167743683,0.573707200178637,0.08776025020661316
thanh7+𠶊,thanh7,0.05536133795976639,0.8183122593775515,0.0820315273255879
thanh7+𥖑,thanh7,0.0641046091914177,0.6969487255069231,0.10958144210412187
thanh7+󱬎,thanh7,0.07433266937732697,0.7128924699892139,0.09764252496944352
thanh7+𡔒,thanh7,0.05540093779563904,0.7488561895456599,0.1187736104593186
thanh7+󱛋,thanh7,0.07825984805822372,0.7855702018674382,0.12510634950890015
thanh7+󱩬,thanh7,0.061973728239536285,0.7391438589489886,0.11551737335782115
thanh7+㖀,thanh7,0.07661881297826767,0.804377955842161,0.14357829515628895
thanh7+𠸫,thanh7,0.068821020424366,0.7421820220336486,0.10775595944448098
thanh7+󱞈,thanh7,0.0739293172955513,0.6821806765517889,0.12489021091023873
thanh7+𪢷,thanh7,0.09074532240629196,0.6138015883321211,0.08618381787106376
thanh7+󱝢,thanh7,0.061907295137643814,0.8195451485341568,0.11471335909485919
thanh7+󰈠,thanh7,0.06176096573472023,0.7645275639876744,0.13381584096374657
thanh7+󱩸,thanh7,0.08707854151725769,0.6683885433794752,0.10503930497099717
thanh7+𠀿,thanh7,0.06993019580841064,0.8044102780783651,0.7735270385164702
thanh7+𠏠,thanh7,0.05465714633464813,0.8284769404837796,0.08875241408895963
thanh7+𤁔,thanh7,0.0655248761177063,0.7140143842939667,0.10034362608878152
thanh7+󱟡,thanh7,0.0942264199256897,0.6610743222831942,0.12695564653677907
thanh7+󱛍,thanh7,0.05719291418790817,0.8086722535974943,0.08901726184455727
thanh7+󱜌,thanh7,0.06754666566848755,0.8257830646960664,0.13837456888718497
thanh7+𨂗,thanh7,0.07527007907629013,0.7080543281305883,0.09768815654169925
thanh7+𭰺,thanh7,0.07359683513641357,0.767978371820147,0.10850600491196993
thanh7+𫬪,thanh7,0.058847811073064804,0.7697122804298099,0.09805563484807828
thanh7+󱠱,thanh7,0.05810406059026718,0.763339793633826,0.12636741910641167
thanh7+𠿸,thanh7,0.040201567113399506,0.8216182896444266,0.0883138001171817
thanh7+󱳭,thanh7,0.05455099791288376,0.7300764001475112,0.11075500767194575
thanh7+𠷯,thanh7,0.06581239402294159,0.8054352454221739,0.12303580398891296
thanh7+𫴇,thanh7,0.07445148378610611,0.7548678734853567,0.08979040799458121
thanh7+󱀄,thanh7,0.08454631268978119,0.6519158349154958,0.13358585291094843
thanh7+𤄮,thanh7,0.08510152995586395,0.6333770191338938,0.10559338245928966
thanh7+𣔧,thanh7,0.04384565353393555,0.8451333113407921,0.09754818606765232
thanh7+𫽦,thanh7,0.0836157575249672,0.7377085074075809,0.16462608697116282
thanh7+𠿵,thanh7,0.06982626020908356,0.7773538573656164,0.10601346176948763
thanh7+󱳬,thanh7,0.055982377380132675,0.7893309704198777,0.11028028228406034
thanh7+𢰦,thanh7,0.056741539388895035,0.7905528666363937,0.09049782191787276
thanh7+𪣮,thanh7,0.0665779784321785,0.7441407645102138,0.1123093239908503
thanh7+哖,thanh7,0.0636109933257103,0.8096324863718574,0.08802979213171495
thanh7+𧍇,thanh7,0.06273923069238663,0.7068693064895392,0.11100130560775216
thanh7+𩯂,thanh7,0.07407451421022415,0.7130750883820423,0.13821291914616218
thanh7+󱤚,thanh7,0.08293379843235016,0.6855263274134089,0.09760819184868895
thanh7+𫆮,thanh7,0.07165441662073135,0.6773371861244031,0.10375757836667754
thanh7+󱞑,thanh7,0.06791333109140396,0.7889944151551832,0.06982790153662237
thanh7+𨄸,thanh7,0.05404071509838104,0.7272168676504185,0.17064341340983114
thanh7+󱳪,thanh7,0.14458583295345306,0.6740380721300221,0.14284174926313914
thanh7+𢶽,thanh7,0.07595767825841904,0.7370115909201912,1.6537197870398055
thanh7+󱡰,thanh7,0.07762265205383301,0.7958669159905315,0.10210533575765846
thanh7+𦟏,thanh7,0.04736393690109253,0.8146691990700664,0.13659920804557887
thanh7+󱘡,thanh7,0.058140601962804794,0.7106980495361993,0.11587030582372916
thanh7+󱞆,thanh7,0.09460864961147308,0.5949645099174374,0.12265369448679937
thanh7+𫠼,thanh7,0.08008965849876404,0.7915318726547381,0.10133921970037117
thanh7+󱞕,thanh7,0.07480519264936447,0.7890728683757111,0.12300900083943284
thanh7+𬧡,thanh7,0.11520090699195862,0.602511232360509,0.10265661902256891
thanh7+󱺈,thanh7,0.057410772889852524,0.8323684489713812,0.07638847390854407
thanh7+𣘊,thanh7,0.06269076466560364,0.7692453991989033,0.12613270050170566
thanh7+𠲜,thanh7,0.07717617601156235,0.7876669292672103,0.07868690371694485
thanh7+󱝗,thanh7,0.10057435929775238,0.5511467031421866,0.07706927557250488
thanh7+𥙒,thanh7,0.06462035328149796,0.6931295592667865,0.09449462415042115
thanh7+󱣶,thanh7,0.05607668310403824,0.734938125425701,0.09233057624677064
thanh7+𭈙,thanh7,0.05633816123008728,0.8354990523849158,0.10105874238706747
thanh7+𫵞,thanh7,0.1258689910173416,0.6357883453193347,0.41999890559353
thanh7+󰭠,thanh7,0.061011482030153275,0.7615949384615539,0.08057037571131498
thanh7+󱘓,thanh7,0.08130861073732376,0.6778979097877516,11.886336820759396
thanh7+󱢰,thanh7,0.07581909745931625,0.7225719374258478,0.10050282864785909
thanh7+𦀌,thanh7,0.06208469346165657,0.8324705433865712,0.12385701820578161
thanh7+呯,thanh7,0.05232181027531624,0.8527722218316987,0.06585215164359232
thanh7+澿,thanh7,0.05358651652932167,0.820007423810791,0.09833499279567527
thanh7+𢯝,thanh7,0.056250669062137604,0.802266581123742,0.11487888533263223
thanh7+𪤠,thanh7,0.06606818735599518,0.7772208970378257,0.10402336866863539
thanh7+𪻋,thanh7,0.05415807664394379,0.7707197956104874,0.11929240392098887
thanh7+𠱜,thanh7,0.06915564090013504,0.7716548544544813,0.11827199971264742
thanh7+󱝂,thanh7,0.06541986763477325,0.7134867030449091,0.08385084867544311
thanh7+𫼰,thanh7,0.05095744505524635,0.8475494589524273,0.1204779886120258
thanh7+󱝻,thanh7,0.04332107678055763,0.7910441186224583,0.0996095355802663
thanh7+𡍢,thanh7,0.07609240710735321,0.6910178211619485,0.14020867966670855
thanh7+󱟜,thanh7,0.044616471976041794,0.822466831094744,0.09180493589669053
thanh7+󱛵,thanh7,0.08019711077213287,0.6515217947811628,0.1119198416722094
thanh7+𫇿,thanh7,0.08144363760948181,0.7660293118856748,0.08410373803756517
thanh7+𫡸,thanh7,0.06843939423561096,0.6775785907616486,0.11189406790732866
thanh7+󰢷,thanh7,0.06049894541501999,0.7770115123362201,0.12370712758463538
thanh7+󰡊,thanh7,0.04551542550325394,0.8182858906444147,0.10329046835497853
thanh7+𡞗,thanh7,0.040224358439445496,0.8678548955450858,0.09376200707430345
thanh7+󱚭,thanh7,0.07568618655204773,0.7551907605663922,0.1036092404068223
thanh7+𪧺,thanh7,0.07236102968454361,0.795809855371986,0.1083001646743632
thanh7+娫,thanh7,0.061765074729919434,0.7180483304641402,0.08162804472160405
thanh7+𡉖,thanh7,0.042844031006097794,0.8388421600678355,0.05513195092607535
thanh7+𫟌,thanh7,0.07225287705659866,0.7219621694372506,0.07337270443351589
thanh7+󱮑,thanh7,0.06680010259151459,0.7316602717506745,0.11073975797418444
thanh7+𡮨,thanh7,0.07292357087135315,0.8142134263890058,0.09459319705822307
thanh7+󱚳,thanh7,0.10296630859375,0.6955952787864791,0.10614039651319364
thanh7+𥵉,thanh7,0.04218655079603195,0.8328147434072654,0.10037908208261342
thanh7+󱝯,thanh7,0.05348103493452072,0.7694527927363043,0.0998392969626795
thanh7+𢀦,thanh7,0.09719831496477127,0.7196561485119078,1.50035054016195
thanh7+𪻟,thanh7,0.06870623677968979,0.7475276233021011,0.09450590515710466
thanh7+𡂉,thanh7,0.058290380984544754,0.8001612585257625,0.1077746581541537
thanh7+𩝻,thanh7,0.0752631425857544,0.6666425220124922,0.09724431442924954
thanh7+󱥻,thanh7,0.04602000117301941,0.7698109475085221,0.0919480931058783
thanh7+䈊,thanh7,0.06043369323015213,0.8223618729522043,0.1261762043915812
thanh7+󱙷,thanh7,0.11683493107557297,0.612135615115572,0.12076120844075793
thanh7+󱟱,thanh7,0.12871092557907104,0.7426303990829259,0.0734433471419892
thanh7+𥮈,thanh7,0.08056595176458359,0.7366261395746596,0.09832595323612943
thanh7+󱭷,thanh7,0.07946623861789703,0.6105547548252771,6.700199770540814
thanh7+㖕,thanh7,0.10276810079813004,0.7467516766223097,0.117805424518566
thanh7+𡅫,thanh7,0.061856791377067566,0.7243954781272591,0.09957635766300073
thanh7+󱹪,thanh7,0.06165042892098427,0.798862189012472,0.09499025594534798
thanh7+𨄮,thanh7,0.05196578800678253,0.8493265335329345,0.11315383406964795
thanh7+𥱰,thanh7,0.07749215513467789,0.6477692365097667,0.08170168586941297
thanh7+󱜖,thanh7,0.06133450195193291,0.8046727912585571,0.06217762415715378
thanh7+𦟟,thanh7,0.05579115450382233,0.7692982841656331,0.12498944872486661
thanh7+󱯠,thanh7,0.08249690383672714,0.7923269616028492,0.1038853446922579
thanh7+𣖗,thanh7,0.06796161085367203,0.7562918672261401,0.10323802712610482
thanh7+𧞿,thanh7,0.08780725300312042,0.5837966673089009,0.9669750628813557
thanh7+𪾭,thanh7,0.050319261848926544,0.8342961093073178,0.07945346327531817
thanh7+㷝,thanh7,0.05854788050055504,0.8270992339384015,0.1003295950787707
thanh7+𬏻,thanh7,0.05700487643480301,0.8023479583848474,0.11486784541200316
thanh7+𥊜,thanh7,0.10932449251413345,0.5515438841341529,0.20057908789382714
thanh7+洅,thanh7,0.042262449860572815,0.8446839086558863,0.08083319398557015
thanh7+󰥉,thanh7,0.0859895572066307,0.5619968277975085,0.1132923060480464
thanh7+𩚧,thanh7,0.08486010134220123,0.7415929160140327,0.09971838052230003
thanh7+𫬱,thanh7,0.04825712367892265,0.8528188461811542,0.10691322492256079
thanh7+𣋇,thanh7,0.06933393329381943,0.6799248099118979,0.10600488067194454
thanh7+󱣆,thanh7,0.05569060146808624,0.7547423713497002,0.09732992365770358
thanh7+󱘠,thanh7,0.0710655227303505,0.6246112214872847,0.1240027739131218
thanh7+𤗹,thanh7,0.06853088736534119,0.7784175781654954,0.10852671795141448
thanh7+󱪼,thanh7,0.0649605393409729,0.6730924025760842,0.14806826453569966
thanh7+𬔽,thanh7,0.07676922529935837,0.610050510775448,0.11326557625867073
thanh7+𪤻,thanh7,0.06191086769104004,0.7941798307236712,0.07694126535678132
thanh7+𡮛,thanh7,0.05972052365541458,0.7687676832860579,0.07679953363069673
thanh7+󱮮,thanh7,0.07623671740293503,0.6671575589475993,0.09192535709157292
thanh7+𡇻,thanh7,0.07562163472175598,0.7973510390827369,0.09293071555186368
thanh7+󱹻,thanh7,0.08284668624401093,0.5475852892690031,0.12981181249815052
thanh7+𪷘,thanh7,0.07083407789468765,0.6494442370127043,0.11960247070721765
thanh7+𫉎,thanh7,0.04746115207672119,0.8263542924205625,0.10694242226419214
thanh7+𪂱,thanh7,0.07270024716854095,0.6923261402176579,0.10808952587300318
thanh7+𦷬,thanh7,0.07530935853719711,0.7967736915890865,0.11485897180482296
thanh7+󱲙,thanh7,0.08998103439807892,0.7661164200504934,0.11158398323854946
thanh7+𪝪,thanh7,0.0837433785200119,0.6745359241761694,0.08805950436470748
thanh7+𩂀,thanh7,0.05818343907594681,0.8560770672104611,12.869899743372203
thanh7+𡎡,thanh7,0.061318837106227875,0.7753163860610018,0.10849886366748278
thanh7+𫲼,thanh7,0.05772846192121506,0.7785385176048927,0.08172099943299432
thanh7+󱦅,thanh7,0.060308776795864105,0.7978354681979793,0.10757434533135606
thanh7+㘢,thanh7,0.10503843426704407,0.7538156194376698,0.08040284850348448
thanh7+󱩻,thanh7,0.11026705801486969,0.7153103823269946,0.07916855832342706
thanh7+𬦄,thanh7,0.05500267446041107,0.7685151271434089,0.12496963059764142
thanh7+󱡑,thanh7,0.1035553589463234,0.7231431818981292,0.14169800795324916
thanh7+󱦐,thanh7,0.05878007784485817,0.6919409855446927,0.08883034807981456
thanh7+𭊳,thanh7,0.08959835767745972,0.5943774611014615,0.10902971501788865
thanh7+𪁄,thanh7,0.0697331503033638,0.7747347609911729,0.08448197124246697
thanh7+𡎔,thanh7,0.052035171538591385,0.8097514848540044,0.08259905867712201
thanh7+𪥑,thanh7,0.06219377741217613,0.7041506646206588,0.08691465561463824
thanh7+𠲃,thanh7,0.05292952433228493,0.85362501050743,0.09740489746412105
thanh7+𩹹,thanh7,0.04765860736370087,0.8294701763165379,0.11635692318900108
thanh7+󱯛,thanh7,0.10472149401903152,0.6060525620693276,0.09563754524249883
thanh7+𠅐,thanh7,0.09051086008548737,0.6333563134102089,0.0966049056752875
thanh7+󱞄,thanh7,0.07476387172937393,0.7104962618474598,0.1319760746169519
thanh7+𩝭,thanh7,0.09832655638456345,0.6751974549175348,0.14170987013818945
thanh7+𫄋,thanh7,0.0730324313044548,0.7640319749609072,0.09913326406269009
thanh7+𤹕,thanh7,0.06720967590808868,0.7200023518979962,0.09716098336875051
thanh7+𬓛,thanh7,0.0575200691819191,0.8370165083589666,0.1150820281435207
thanh7+󰬪,thanh7,0.07522138953208923,0.6801320307700068,0.13223343227519224
thanh7+𡉁,thanh7,0.05362815037369728,0.8516389176577962,0.06545969184010268
thanh7+󱧝,thanh7,0.08286429196596146,0.7151587288314967,0.10333491836213844
thanh7+𨆷,thanh7,0.05451458692550659,0.7894708296397317,0.11071713964722764
thanh7+󱯧,thanh7,0.07515408098697662,0.6721521697127743,0.08826528494072733
thanh7+𢪭,thanh7,0.048858001828193665,0.8538183708217995,0.06265327299715685
thanh7+󰮁,thanh7,0.052571848034858704,0.7945831364400968,0.1113187272557311
thanh7+󱚫,thanh7,0.07930906116962433,0.615587993478518,0.08954224824885633
thanh7+𫑺,thanh7,0.09943924844264984,0.49392446515832356,0.11564637872102553
thanh7+鎫,thanh7,0.056697286665439606,0.82228037153439,0.12012941927603171
thanh7+𡝦,thanh7,0.10315633565187454,0.6380115032094245,0.09795630702019165
thanh7+󱹿,thanh7,0.06275411695241928,0.7628040696635253,0.10290450856072215
thanh7+󱪢,thanh7,0.0724392905831337,0.7797019639971483,4.51304593355957
thanh7+󰭙,thanh7,0.0812552273273468,0.6202616220992382,0.09884317106700634
thanh7+𡡇,thanh7,0.06876056641340256,0.6263653694985468,0.10023605480070728
thanh7+𭡏,thanh7,0.03994147107005119,0.8256539815539656,0.10431316230583243
thanh8+𠴭,thanh8,0.04897366464138031,0.8472508303550194,0.06993080771500187
thanh8+𢴎,thanh8,0.09545987844467163,0.7151893743646786,0.11005189352868561
thanh8+𰈏,thanh8,0.07138391584157944,0.7420861376961437,0.07346017438925678
thanh8+󱯏,thanh8,0.05321957916021347,0.7597587297576627,0.11252011543387809
thanh8+𫯝,thanh8,0.07819697260856628,0.6941496745576236,0.10152120116675083
thanh8+𠷯,thanh8,0.09049787372350693,0.6389422566788248,0.09524648177986562
thanh8+𡄫,thanh8,0.0457344576716423,0.8264242549151676,0.0912503628358499
thanh8+𥵖,thanh8,0.07658858597278595,0.7879993237506947,0.12470666901184983
thanh8+𠺼,thanh8,0.10581716150045395,0.739881398755317,0.13235299280793958
thanh8+󱜌,thanh8,0.07640737295150757,0.7638977361956625,0.060417560869804064
thanh8+󱟉,thanh8,0.06812629848718643,0.7842844170977907,0.09229483838506763
thanh8+𠽙,thanh8,0.06070590391755104,0.7949442379115731,0.10979939112993346
thanh8+󱰮,thanh8,0.05767982453107834,0.7382986140715734,0.13979770384129386
thanh8+󱙉,thanh8,0.10579198598861694,0.6322915925232719,0.07787079030557598
thanh8+𠼇,thanh8,0.10358846187591553,0.7270203234449195,0.09741544469040929
thanh8+𪱴,thanh8,0.0833587497472763,0.7019126942203775,0.13538543966210928
thanh8+𫬠,thanh8,0.04975583031773567,0.7500806347321809,0.10385631628953756
thanh8+󰘵,thanh8,0.04946387931704521,0.6982408633804339,0.10936816577610083
thanh8+󱞇,thanh8,0.05688120424747467,0.8103323745889787,0.12318586740329739
thanh8+𫉩,thanh8,0.09524405002593994,0.7709309941631364,0.18725435568858262
thanh8+󱪱,thanh8,0.05000997334718704,0.8219603915312438,0.12952027110445197
thanh8+𠾲,thanh8,0.05890826880931854,0.8327779246855984,0.10174625225506634
thanh8+󱳪,thanh8,0.09481161087751389,0.7743675744112548,0.1238666879003395
thanh8+󱙰,thanh8,0.05838177353143692,0.7822403078969254,0.10458957172019866
thanh8+𫮲,thanh8,0.05357245355844498,0.8197958829165125,0.10001255074984228
thanh8+𣕞,thanh8,0.06148790195584297,0.7688236626824383,0.10745675782996672
thanh8+󱞳,thanh8,0.06942551583051682,0.7318417527255163,0.12506216819964497
thanh8+󱚫,thanh8,0.044914957135915756,0.830979755097656,0.07931504309725074
thanh8+濧,thanh8,0.07861937582492828,0.7497637885730509,0.0908174585266127
thanh8+󱤥,thanh8,0.06571055948734283,0.6961361991199276,0.0897619924805728
thanh8+𡁽,thanh8,0.0810193121433258,0.7808996626143414,9.477121168220291
thanh8+󱦔,thanh8,0.0692959874868393,0.8216916834242716,0.15296439108095525
thanh8+𪢖,thanh8,0.05514030158519745,0.7528849753547642,0.12940860706415433
thanh8+󱛲,thanh8,0.08755456656217575,0.7326480996376988,0.11000159411913367
thanh8+𡄧,thanh8,0.05656028166413307,0.667798778714581,0.12640831523793417
thanh8+𡅯,thanh8,0.047321904450654984,0.7878778788328822,0.11736491724180487
thanh8+娫,thanh8,0.05296975374221802,0.7797111656499942,0.09853038023792564
thanh8+󱛍,thanh8,0.10233654081821442,0.6801213280820776,0.16050989078590847
thanh8+𩠱,thanh8,0.06438229978084564,0.7962075136038855,0.13744127013134122
thanh8+𥵉,thanh8,0.0516381710767746,0.8221509603445942,0.10622179293281013
thanh8+𪡴,thanh8,0.047175418585538864,0.8250598308194698,0.12132366526322952
thanh8+󱬎,thanh8,0.07394182682037354,0.7554444001361822,0.1095155347032234
thanh8+󱝸,thanh8,0.0549309104681015,0.7978953471968799,0.09222505381567701
thanh8+󱡄,thanh8,0.0584530308842659,0.6652800184821954,0.11863298096664258
thanh8+𬉌,thanh8,0.06509437412023544,0.6917013163744947,0.10782578209019726
thanh8+𫲰,thanh8,0.06822854280471802,0.7386931584512815,0.11144863883790007
thanh8+󱯑,thanh8,0.07200860232114792,0.8099835288613185,0.09216831169609296
thanh8+𪥾,thanh8,0.07898537814617157,0.7442197930402744,0.10696231909549551
thanh8+󱌰,thanh8,0.06067821756005287,0.7911786407250847,0.06803932327361206
thanh8+𡃖,thanh8,0.10017459839582443,0.6020173326473535,0.11880993021625881
thanh8+𡏠,thanh8,0.08774147927761078,0.6806744094178921,0.12469505230209743
thanh8+󱲗,thanh8,0.09221555292606354,0.7122054822311762,0.08959698742337856
thanh8+󱙤,thanh8,0.09435994923114777,0.6288279773161015,0.07678939137101609
thanh8+󱋰,thanh8,0.07959169149398804,0.6995179651796034,0.12210023682541782
thanh8+󱱣,thanh8,0.05313650891184807,0.846600979101787,0.10742750037515524
thanh8+𡄰,thanh8,0.04621129855513573,0.8192257347720369,0.12018795850514247
thanh8+󱟹,thanh8,0.09613776206970215,0.6609233642331176,0.13178665215896143
thanh8+󱲝,thanh8,0.062256455421447754,0.763601919581562,0.10521258596820428
thanh8+󱟮,thanh8,0.08394359797239304,0.5939503703777069,0.1027889695680817
thanh8+󱦅,thanh8,0.05008532479405403,0.8356305354379316,0.11266012536077774
thanh8+𡚄,thanh8,0.06661549210548401,0.7603100318263364,0.12209090387549815
thanh8+󱋠,thanh8,0.04825017973780632,0.8224173462435269,0.12717031605659918
thanh8+󱨿,thanh8,0.06643908470869064,0.8367221241275219,83.72145108961044
thanh8+𪡎,thanh8,0.048943500965833664,0.706292938741932,0.10272398309090496
thanh8+󱟫,thanh8,0.08139493316411972,0.7748289804543939,0.09334454279155774
thanh8+𬊭,thanh8,0.0773162767291069,0.7889777257293463,0.09933874332147062
thanh8+𢭿,thanh8,0.04996834322810173,0.8033951138281938,0.10146612706943177
thanh8+𠅐,thanh8,0.08428478240966797,0.6533045805269352,0.11772796328085429
thanh8+󱭘,thanh8,0.07119069248437881,0.7603061657080836,0.112239249093488
thanh8+𠿵,thanh8,0.09689508378505707,0.7289176331574403,0.18189085000756192
thanh8+𡮥,thanh8,0.096339151263237,0.7115574562063876,0.10229744347041343
thanh8+󱘰,thanh8,0.08970518410205841,0.7175655705583994,0.095479428001773
thanh8+㖗,thanh8,0.06672640889883041,0.7068933645897183,0.09043915041922757
thanh8+𠻇,thanh8,0.05052011460065842,0.8282421566159156,0.10530544029991644
thanh8+𫴯,thanh8,0.0807206854224205,0.6938252377502784,0.08910855996171559
thanh8+𭈒,thanh8,0.0693800076842308,0.8459384047811492,0.1243008773067034
thanh8+󱚂,thanh8,0.0894385278224945,0.6996501935866055,0.10595692638850973
thanh8+󱚛,thanh8,0.06948794424533844,0.7327694388132131,0.1442047636449797
thanh8+󱛅,thanh8,0.06911976635456085,0.7900993228144714,0.10336448612812106
thanh8+󰮝,thanh8,0.07689986377954483,0.738731068671381,0.10925627187634479
thanh8+𫏙,thanh8,0.07408788055181503,0.6345289949018693,0.11233582424041012
thanh8+󱞃,thanh8,0.08082959055900574,0.7623188657244785,0.10155639503752627
thanh8+󰫽,thanh8,0.056935057044029236,0.7510455063197143,40.79802120183827
thanh8+𭢌,thanh8,0.048779167234897614,0.8287433127097763,0.12056057139878823
thanh8+󱦗,thanh8,0.07672267407178879,0.6718397111866306,0.1311055219362656
thanh8+󱨜,thanh8,0.07723227143287659,0.7198037549275291,0.12210051389654891
thanh8+𪡿,thanh8,0.07546602189540863,0.7287395614004729,0.1245190565133809
thanh8+󱳴,thanh8,0.05565239489078522,0.7322918407037493,0.10701816039674578
thanh8+𠚐,thanh8,0.07260790467262268,0.7834913665960004,0.08325577392665155
thanh8+𫪁,thanh8,0.035959392786026,0.8803002188265863,0.07626221010478129
thanh8+󱛋,thanh8,0.08696858584880829,0.7011206754728286,0.09889945628636043
thanh8+󰊫,thanh8,0.07080110907554626,0.8053606231379553,0.09508692469010264
thanh8+󱩬,thanh8,0.08074835687875748,0.8196349677181469,0.11197239795919077
thanh8+𪡍,thanh8,0.06076548621058464,0.7483497296766982,0.06999786250978773
thanh8+󱣂,thanh8,0.05651310086250305,0.7807549753745389,13.055568458962616
thanh8+𥌧,thanh8,0.05184882879257202,0.8476575081461201,0.08702092468972068
thanh8+𡁛,thanh8,0.07576866447925568,0.6510248860519302,0.13107786109861283
thanh8+󱫑,thanh8,0.053991228342056274,0.7808247569656792,0.11235857143314992
thanh8+𨁟,thanh8,0.05779232829809189,0.7861898860226588,0.10189763513316513
thanh8+󱮾,thanh8,0.07790875434875488,0.6791273462743349,0.1237660885614436
thanh8+󱚰,thanh8,0.07032164931297302,0.7370891250362573,0.10108901769752426
thanh8+󱫳,thanh8,0.12549695372581482,0.6528676456796795,0.102074100725266
thanh8+𠿁,thanh8,0.0548655167222023,0.798293333040666,0.10998840742756257
thanh8+𠸩,thanh8,0.039260491728782654,0.8668043684950801,0.07496120850368408
thanh8+󱟂,thanh8,0.06274180114269257,0.8290984980227684,0.13059566651347743
thanh8+𦟟,thanh8,0.07413400709629059,0.8023856721143328,0.1112841442700843
thanh8+𪠉,thanh8,0.08554502576589584,0.7286538535244133,0.1386320798665851
thanh8+󱏛,thanh8,0.05193418264389038,0.8333774792442322,131.88081008317113
thanh8+󱓦,thanh8,0.057057254016399384,0.6446953592506312,0.09326618866529009
thanh8+󱠑,thanh8,0.04539959132671356,0.8070944722472105,0.17497539955230043
thanh8+󱋙,thanh8,0.08642910420894623,0.5876713750751221,0.07737267069141995
thanh8+𣔧,thanh8,0.052329011261463165,0.7726267708949427,0.10238901121934058
thanh8+𪢘,thanh8,0.06047523021697998,0.7413828405238735,0.10943367472098049
thanh8+󱰭,thanh8,0.06411022692918777,0.7390319159030782,0.11413799887399186
thanh8+󱝭,thanh8,0.07062853872776031,0.8167602791644281,0.09754905346661552
thanh8+󱞆,thanh8,0.07655733078718185,0.6823376628630065,0.11359855672536691
thanh8+𫥿,thanh8,0.06960328668355942,0.8183964881373611,1.982398258486192
thanh8+𫧾,thanh8,0.0926322489976883,0.731142034866485,0.17167221165217653
thanh8+𣋇,thanh8,0.06671121716499329,0.7583408062998677,0.13296535442399804
thanh8+𧋸,thanh8,0.10266545414924622,0.6663341862317422,618.9979943447639
thanh8+㗌,thanh8,0.08894899487495422,0.717426718812245,0.07775021015205247
thanh8+𬞰,thanh8,0.06589498370885849,0.7061824835817346,0.10602294905006975
thanh8+𠾬,thanh8,0.043037764728069305,0.8313484610390337,0.08417327585123852
thanh8+󱀰,thanh8,0.04654769226908684,0.8110221072543256,0.10300984102023798
thanh8+󱞟,thanh8,0.08389599621295929,0.5508266503999787,0.14853674018490629
thanh8+𬀦,thanh8,0.07478301227092743,0.7015868931487022,0.07307262954791971
thanh8+𠸬,thanh8,0.055043257772922516,0.8031984211321278,0.08950007828820732
thanh8+󱬻,thanh8,0.08749058097600937,0.6936851568789457,0.16014058440772846
thanh8+囄,thanh8,0.06994060426950455,0.7308510647285532,0.11513548057839468
thanh8+𩝻,thanh8,0.05741547420620918,0.7385888482480211,0.11212854634122016
thanh8+𪡆,thanh8,0.09250052273273468,0.5826706104196836,0.08988666081250103
thanh8+𥱰,thanh8,0.049266517162323,0.8155341598598177,0.10100798467052408
thanh8+𩠸,thanh8,0.06066389009356499,0.7335620791169727,0.11574319331977172
thanh8+𢢈,thanh8,0.0904318243265152,0.6842872368263783,0.16592877925819535
thanh8+挒,thanh8,0.05631186068058014,0.8268136939491944,0.09546552476873109
thanh8+󱩗,thanh8,0.09489253163337708,0.7117313227087001,0.1058273318980504
thanh8+󱦩,thanh8,0.06944764405488968,0.7057951292401844,0.13122416819373445
thanh8+󱝙,thanh8,0.07572032511234283,0.794239682598774,0.1809171011243809
thanh8+𫧟,thanh8,0.05770762264728546,0.8292001913527712,0.09587879774247338
thanh8+𡑭,thanh8,0.049076393246650696,0.822347462116415,0.125797667970818
thanh8+󰭙,thanh8,0.08458705246448517,0.6909736137412517,0.11432340649780122
thanh8+𠽂,thanh8,0.09513144940137863,0.6187914320404589,0.11701578299422903
thanh8+𪀆,thanh8,0.03335874155163765,0.8273375461134324,0.0901563376609621
thanh8+󱝑,thanh8,0.05662287771701813,0.7571254517069805,0.08125430869119041
thanh8+𩼁,thanh8,0.09322269260883331,0.712661665698074,0.1433873446125611
thanh8+󱝝,thanh8,0.08602336049079895,0.6696081066611459,0.06800017207268293
thanh8+𣘊,thanh8,0.1149761974811554,0.48773032455593734,0.09656330094449926
thanh8+󱟨,thanh8,0.06641808152198792,0.7673883398203373,0.09335677240926392
thanh8+󱦐,thanh8,0.05437059700489044,0.7676884864009738,0.10349932224108378
thanh8+𠿱,thanh8,0.07407472282648087,0.7881052072233367,0.19591592797896076
thanh8+󱞎,thanh8,0.057054124772548676,0.8193346092891675,0.07141351595787554
thanh8+𢀦,thanh8,0.06721340119838715,0.7820654266457331,0.15762852121980508
thanh8+󱥭,thanh8,0.06997998058795929,0.7770413925776015,0.10514259593777193
thanh8+𠾾,thanh8,0.06646578758955002,0.7865685568688996,0.14419997715577412
thanh8+𦝺,thanh8,0.05418141186237335,0.7533421462084688,0.10911663003873806
thanh8+󱜈,thanh8,0.05661260336637497,0.8092748640642875,0.13238518269319569
thanh8+𫱗,thanh8,0.056526362895965576,0.7734459513383121,0.08471433692280876
thanh8+𡅉,thanh8,0.0619640126824379,0.7731441343905436,0.08900421354191716
thanh8+󱓍,thanh8,0.08074252307415009,0.6727149084722556,0.10363548775109195
thanh8+𠸄,thanh8,0.05913662165403366,0.7722848814738238,0.12939522682190063
thanh8+󱢅,thanh8,0.0979485884308815,0.6695069626411101,0.10720247360500995
thanh8+𥖑,thanh8,0.06402100622653961,0.7956289110711787,0.11649954611162588
thanh8+󰬟,thanh8,0.08044753968715668,0.703415245574361,0.08528643753143315
thanh8+󱜺,thanh8,0.07114097476005554,0.7485128272079337,0.08019319149933446
thanh8+󰬸,thanh8,0.06216472387313843,0.754739273125387,0.10981823986510986
thanh8+󱀄,thanh8,0.08820325136184692,0.6578278160712281,0.12151241669286722
thanh8+𦵠,thanh8,0.05942507088184357,0.7641729702461666,0.09887721288233287
thanh8+󱝷,thanh8,0.09956038743257523,0.576792301095127,0.11784610064112626
thanh8+󱞣,thanh8,0.05348760634660721,0.7657392315552899,0.11451234614913143
thanh8+󱞢,thanh8,0.0846203938126564,0.6833127115679992,0.11804146895177552
thanh8+𠱜,thanh8,0.06277284026145935,0.7857668895128713,0.10789287691991273
thanh8+󱗘,thanh8,0.07872287929058075,0.5933085034337118,0.09344697346195911
thanh8+󱠡,thanh8,0.05766736716032028,0.7259060073326921,0.13146209325675837
thanh8+󰬽,thanh8,0.0714821070432663,0.662155907988724,0.08875497155457938
thanh8+󱋣,thanh8,0.054654162377119064,0.8049403582705955,0.09729222108210771
thanh8+𠲏,thanh8,0.058668773621320724,0.8030638331095065,0.12045057421580228
thanh8+󱤒,thanh8,0.05907490849494934,0.7254056582095212,0.10348627481082835
thanh8+𤗹,thanh8,0.0775485411286354,0.7400879428013989,0.10907110192944747
thanh8+󰌗,thanh8,0.07729717344045639,0.7736684009597966,0.5489821130671247
thanh8+𠼋,thanh8,0.12743507325649261,0.7992101625328056,0.125702412320274
thanh8+󰢜,thanh8,0.08593297004699707,0.5568977987087834,0.11878904530691199
thanh8+󰮯,thanh8,0.0626165121793747,0.7323485469064163,0.11647983933288308
thanh8+󰭂,thanh8,0.07746696472167969,0.836678722446873,0.07375445528777722
thanh8+姈,thanh8,0.09883508086204529,0.7200562265681884,8.441184204160818
thanh8+󱝪,thanh8,0.06386809051036835,0.8311050227316888,0.12747118291600598
thanh8+𡃓,thanh8,0.07064878195524216,0.7990529826149577,0.11370766602565453
thanh8+𤹕,thanh8,0.06914451718330383,0.7373092899118392,0.12381314190814896
thanh8+󱟬,thanh8,0.06524941325187683,0.7624128444012759,0.09305368541434106
thanh8+󱟢,thanh8,0.06366372853517532,0.7530263012401455,0.10381197205090255
thanh8+𪤸,thanh8,0.1084991842508316,0.7641083353154287,0.0919682391923375
thanh8+𡖡,thanh8,0.07030690461397171,0.8452679458363472,0.06857912244599892
thanh8+󱩛,thanh8,0.0778181329369545,0.7562653393516462,0.14879285680882826
thanh8+𪢒,thanh8,0.060197316110134125,0.6660868508736184,0.22141698777754107
thanh8+𤬪,thanh8,0.0831013098359108,0.7765053008873047,0.09256187329562575
thanh8+󱞦,thanh8,0.06127949059009552,0.7830621547359073,0.0977066192220115
thanh8+󱫂,thanh8,0.05699550732970238,0.7334224003592988,0.1008415008106841
thanh8+𠶂,thanh8,0.06963377445936203,0.7867780364157686,0.09202392568072533
thanh8+𪬪,thanh8,0.10782645642757416,0.6413700882370529,0.12862690181542694
thanh8+󰄜,thanh8,0.12678927183151245,0.5286522212955063,0.7186893829512084
thanh8+󱞈,thanh8,0.07172170281410217,0.7359034167529779,0.15591593687740235
thanh8+󱞻,thanh8,0.07580399513244629,0.7510642118978607,0.10985908272508861
thanh8+󱨈,thanh8,0.059019915759563446,0.7524532422986656,0.1067140608025427
thanh8+󰛈,thanh8,0.06625200808048248,0.7411323641837114,0.12000734637924931
thanh8+𡄡,thanh8,0.07928965985774994,0.8116509560415192,0.11838078765028358
thanh8+檤,thanh8,0.06758765876293182,0.8133804033836258,0.106596057267509
thanh8+󱸠,thanh8,0.07232720404863358,0.7269814080422131,0.09300727469352447
thanh8+󱢥,thanh8,0.05577975884079933,0.7785901141026549,0.10338465019057996
thanh8+㙩,thanh8,0.056182920932769775,0.8036362703056278,0.11445850418040986
thanh8+𡮺,thanh8,0.08618900924921036,0.7565029794645738,11.004264083077636
thanh8+󱙲,thanh8,0.06216196343302727,0.7332385296422536,2.427517540512051
thanh8+󱯗,thanh8,0.06734174489974976,0.820875798862741,0.10299626367125765
thanh8+󱦋,thanh8,0.07694137841463089,0.7161114331901823,0.11964820619068174
thanh8+󱹽,thanh8,0.04005979374051094,0.8442862637759135,0.10747516064209912
thanh8+𪮩,thanh8,0.05563662573695183,0.7766862234114864,0.09774167602350829
thanh8+𫪦,thanh8,0.06693929433822632,0.8222533727675909,0.10135882421390213
thanh8+𡅫,thanh8,0.04881788045167923,0.7728380717725825,0.1160778387193963
thanh8+𡏥,thanh8,0.0720570981502533,0.7585612089621796,0.08877069079156819
thanh8+󱟟,thanh8,0.07447197288274765,0.7641409476447723,0.15220742188275613
thanh8+𪸄,thanh8,0.0724230706691742,0.7728228222169347,0.12732812702717178
thanh8+𫟌,thanh8,0.0775916650891304,0.7742920895675162,0.0716507081618852
thanh8+󱲙,thanh8,0.07740693539381027,0.7133518569013185,2.7361933243186978
thanh8+𩛸,thanh8,0.08263364434242249,0.7079491235441323,0.13545928629047854
thanh8+𡃙,thanh8,0.07949157059192657,0.7312560843662872,0.09501723657220044
thanh8+󱮟,thanh8,0.07656698673963547,0.7657128645792955,0.11041900514064788
thanh8+󱙷,thanh8,0.12594839930534363,0.6056021118677308,0.09378639437822966
thanh8+𨆷,thanh8,0.08791756629943848,0.7772333115625553,0.12628152645396631
thanh8+𨄿,thanh8,0.052640289068222046,0.7515116404713267,0.11497415950459415
thanh8+𥶱,thanh8,0.06130031868815422,0.8202187682397704,0.12010869059208956
thanh8+󰊈,thanh8,0.0710131824016571,0.7451810811025846,0.09907653300615475
thanh8+𠏠,thanh8,0.057255085557699203,0.6796246153437675,0.0858063569154397
thanh8+󱋇,thanh8,0.05500360205769539,0.8057523949439747,0.09584790344578313
thanh8+䐥,thanh8,0.07230667024850845,0.7349953468078977,0.10833919986836625
thanh8+𦟑,thanh8,0.08758269995450974,0.7547528053444699,0.13020292376040896
thanh8+󰌺,thanh8,0.0822908952832222,0.7411787170098463,0.1124505938602719
thanh8+𠶊,thanh8,0.06925960630178452,0.7868620758871839,0.10581214488951292
thanh8+㧪,thanh8,0.06025327742099762,0.6881390190523373,0.09124996238649319
thanh8+篵,thanh8,0.06337553262710571,0.8139860360995732,0.08752039683359303
thanh8+󱟎,thanh8,0.07586431503295898,0.7383288017231585,0.15374686220065156
thanh8+𪧺,thanh8,0.059766873717308044,0.8329282730214217,0.08881143424808179
thanh8+𫆶,thanh8,0.05997554957866669,0.8012611929127568,0.09528296001031222
thanh8+󱹿,thanh8,0.092246413230896,0.5644235478065583,0.08738464750510307
thanh8+󱝧,thanh8,0.07237322628498077,0.7520087295613447,0.10301917012963104
thanh8+𡫫,thanh8,0.07439099997282028,0.7072972505165487,0.12351600294533176
thanh8+𥴘,thanh8,0.06620403379201889,0.7438187178580742,0.1324100744064063
thanh8+󱩻,thanh8,0.10240766406059265,0.7804195799522052,0.1503924456028939
thanh8+󱰖,thanh8,0.07215725630521774,0.6970689718727916,0.10845718868157588
thanh8+𡅍,thanh8,0.04909958690404892,0.8396950038112672,0.12324631996297879
thanh8+𭰺,thanh8,0.043641798198223114,0.8381470229652135,0.07814653207465248
thanh8+𬛀,thanh8,0.0482882484793663,0.8372259344590102,0.0935853405183751
thanh8+𰈨,thanh8,0.08021658658981323,0.7764690877412688,0.14268509430941131
thanh8+𫴬,thanh8,0.0656621903181076,0.824538329227192,0.08506328440061334
thanh8+󰍖,thanh8,0.08594411611557007,0.7673371252357521,0.12045529600549416
thanh8+󰭠,thanh8,0.04928920418024063,0.8444076152163812,0.10925612506384251
thanh8+𠹰,thanh8,0.057284317910671234,0.814684960259899,0.12417071258469525
thanh8+󱙵,thanh8,0.05653080344200134,0.7970694748623748,0.1286871108884808
thanh8+𤄷,thanh8,0.051814209669828415,0.785339040381421,0.13003978518654863
thanh8+𡦫,thanh8,0.07608640193939209,0.5977603689318317,0.10897586456576767
thanh8+𠾺,thanh8,0.047585856169462204,0.840351572727612,0.1005707784186309
thanh8+󱼓,thanh8,0.10430246591567993,0.6582462079723255,0.11642975085421607
thanh8+󱙴,thanh8,0.09979590773582458,0.5857450841152647,0.11016876689612454
thanh8+𬄪,thanh8,0.05786586552858353,0.7909264384153804,0.1345806813322721
thanh8+𬔽,thanh8,0.08270314335823059,0.622749188030619,0.07550116169744363
thanh8+󰙯,thanh8,0.09149372577667236,0.6866219850146861,0.06633988530905344
thanh8+𬮷,thanh8,0.12211421132087708,0.6659222576024667,0.10527200770912352
thanh8+󱞡,thanh8,0.06280513852834702,0.6827698688272237,0.10216815197260111
thanh8+󱞽,thanh8,0.13858793675899506,0.6887544370610726,0.18246900495285745
thanh8+𢹊,thanh8,0.07949744164943695,0.8119617618608229,0.11466724807896067
thanh8+𢶹,thanh8,0.04824679717421532,0.8445956073777472,0.10087770762405805
thanh8+𫢶,thanh8,0.0769154280424118,0.7253912107195912,0.07767238726566218
thanh8+𥾸,thanh8,0.08776377141475677,0.7322326283429865,0.1600255852421202
thanh8+𣛦,thanh8,0.060385338962078094,0.7631719036152296,0.20080813724998717
thanh8+𠳭,thanh8,0.06821252405643463,0.7156797466790397,0.08257123554431821
thanh8+𡑪,thanh8,0.0955534428358078,0.6160961799720978,0.09408331147865867
thanh8+𡁎,thanh8,0.10074261575937271,0.7680999862263722,0.09681935257628736
thanh8+𫼿,thanh8,0.0762353241443634,0.6926368728990961,0.11817467103391414
thanh8+𬊐,thanh8,0.09219750761985779,0.6435876022734517,0.10453220078084562
thanh8+𪢡,thanh8,0.05532986670732498,0.780029465121295,0.11769204732096362
thanh8+󰝎,thanh8,0.05175594240427017,0.8112652049263298,0.07454534105207113
thanh8+󱬑,thanh8,0.04529101401567459,0.8307691249853696,0.09792255267396678
thanh8+󱟠,thanh8,0.08906524628400803,0.7269743678292744,0.141818932510583
thanh8+𩹹,thanh8,0.05777207016944885,0.792617151235913,0.14901735418641984
thanh8+𫮡,thanh8,0.052076734602451324,0.7849970082772968,0.0873378289753171
thanh8+𦘱,thanh8,0.09245973825454712,0.745449395762111,0.0812986652468604
thanh8+󱝂,thanh8,0.06679742783308029,0.7714360712372595,0.11558513051539447
thanh8+𬦄,thanh8,0.07404711842536926,0.6634248609399235,0.15995949972334972
thanh8+󱮺,thanh8,0.08814404904842377,0.556353188292982,0.13110901059529767
thanh8+𡋦,thanh8,0.07395896315574646,0.7525121711824512,0.0728247269926132
thanh8+𪻟,thanh8,0.061969272792339325,0.7014247649192938,3.774744437714149
thanh8+𩸴,thanh8,0.057217974215745926,0.7194921980419626,0.11111133473148123
thanh8+𫵊,thanh8,0.05806981027126312,0.7937889026179343,0.12423256855433612
thanh8+𫢖,thanh8,0.07099480926990509,0.7181558443117674,0.10823042723728354
thanh8+󱮮,thanh8,0.06986858695745468,0.6890090518267593,0.09366904308117897
thanh8+󱤾,thanh8,0.08130931854248047,0.7139642165573498,0.11043099510813371
thanh8+𠀿,thanh8,0.08616819232702255,0.6550311869945391,0.07129958776959994
thanh8+󰺼,thanh8,0.10509130358695984,0.56961409421162,0.15606524909421274
thanh8+󱍺,thanh8,0.07138170301914215,0.7723813197054109,0.09737890968803953
thanh8+睈,thanh8,0.05620849132537842,0.7902621876271868,0.0892988584714201
thanh8+󰙅,thanh8,0.051913268864154816,0.7714903163114402,0.1108271156226203
thanh8+𪡫,thanh8,0.06337615847587585,0.8330317558760504,0.08747765783601684
thanh8+𤊤,thanh8,0.05743015184998512,0.7638407153158288,0.11037902224765332
thanh8+󰂛,thanh8,0.05871075391769409,0.7995640190765911,0.09227529625734032
thanh8+𫉎,thanh8,0.06824441254138947,0.7106893287231238,73.10159079950336
thanh8+鯑,thanh8,0.05071951448917389,0.8015203002294244,0.09957986899688735
thanh8+󱙌,thanh8,0.08129136264324188,0.7945941145323422,0.08616706385482793
thanh8+󰭔,thanh8,0.055712103843688965,0.8348113505851937,0.08303450999065769
thanh8+𣛤,thanh8,0.06762704253196716,0.7572999496297038,20.68072190832061
thanh8+𫮒,thanh8,0.08438748121261597,0.5336003132373743,0.09344466111199345
thanh8+󰝅,thanh8,0.10206450521945953,0.6753173082073709,0.1110719987417937
thanh8+朠,thanh8,0.041035961359739304,0.8315254485676051,0.12321095252013615
thanh8+󱢏,thanh8,0.05750983953475952,0.7625517408368291,0.12994805418074676
thanh8+𥋲,thanh8,0.0654442310333252,0.7153426133703643,0.14949705933579524
thanh8+胋,thanh8,0.05901939794421196,0.8203283645470422,0.09521471120165521
thanh8+𭉆,thanh8,0.07535379379987717,0.7853759763352921,0.1277331782533283
thanh8+󱝨,thanh8,0.0745348334312439,0.762966626427809,0.1528317778093838
thanh8+𫪌,thanh8,0.035509996116161346,0.8608247673384994,0.07684657536016616
thanh8+𠵴,thanh8,0.06140999495983124,0.7995112114889754,0.08010563695550428
thanh8+𭋙,thanh8,0.04872085899114609,0.8192526135553173,0.10476112937766906
thanh8+𫞡,thanh8,0.07063367962837219,0.8062355303815347,0.11774546638575134
thanh8+鎫,thanh8,0.06723370403051376,0.8005053175498401,0.11306037477721415
thanh8+󱟪,thanh8,0.06019778549671173,0.6786210928561951,0.08517174768766056
thanh8+𢴊,thanh8,0.05487849935889244,0.729365441578372,29.98156452828455
thanh8+𧞣,thanh8,0.06189374253153801,0.7674552137786358,0.09894532928951534
thanh8+󱛪,thanh8,0.05192318186163902,0.8446668434973624,0.11844210829581077
thanh8+埨,thanh8,0.054131168872117996,0.8122705007427713,0.08194644274175483
thanh8+󰢽,thanh8,0.041727159172296524,0.8507337559865603,0.08431170029381808
thanh8+󱬐,thanh8,0.07934805750846863,0.7529268380194516,0.1008089159224201
thanh8+󱦯,thanh8,0.10636841505765915,0.34929263757946893,0.10601860672874087
thanh8+𪢊,thanh8,0.048027556389570236,0.8611837630568071,0.08146469643880495
thanh8+㘢,thanh8,0.10303670912981033,0.7629472401291378,0.12568201865543416
thanh8+󱟦,thanh8,0.07050946354866028,0.7333865707972196,0.11135354223838163
thanh8+󱖧,thanh8,0.08306466042995453,0.68979513937351,0.13625326756792108
thanh8+󰊎,thanh8,0.035899918526411057,0.8511604592915577,0.09005280248715096
thanh8+𦀌,thanh8,0.07557730376720428,0.7279480114572041,0.11849079880590806
thanh8+󰂻,thanh8,0.08034913241863251,0.684387119828976,0.07824795493434214
thanh8+󱨇,thanh8,0.07892128080129623,0.7717063292049051,0.08881027483400807
thanh8+啩,thanh8,0.09187574684619904,0.6781523646272644,0.05968358724286344
thanh8+𡫐,thanh8,0.08196962624788284,0.7274927492514011,0.170985654148214
thanh8+󱝘,thanh8,0.060157954692840576,0.8095896023447213,0.08419583445040986
thanh8+𦨂,thanh8,0.06572601199150085,0.7629430561004417,0.16356411861477863
thanh8+󱞕,thanh8,0.07122241705656052,0.8063917804784626,0.1562140521360785
thanh8+𬧡,thanh8,0.10690810531377792,0.5826211919251906,0.0928867039289154
thanh8+𬂻,thanh8,0.06989941745996475,0.7479200699941234,0.10723075916178075
thanh8+𫅲,thanh8,0.08417447656393051,0.6340424139857265,0.11562273873691094
thanh8+𩀳,thanh8,0.08715742826461792,0.684233609625684,0.17655511642021438
thanh8+𡂄,thanh8,0.06500600278377533,0.7754510323273296,0.11189009107015291
thanh8+󱟛,thanh8,0.08470909297466278,0.7206339410566165,0.09199642931567174
thanh8+𪡱,thanh8,0.11326484382152557,0.7358781445536277,32.7722573952992
thanh8+𧜗,thanh8,0.06283579766750336,0.7310299062501866,0.08464599056189692
thanh8+󱞿,thanh8,0.06789714097976685,0.768036183968438,0.08199636234807267
thanh8+㗭,thanh8,0.056155622005462646,0.7539976177950385,0.08864888777502633
thanh8+󱦮,thanh8,0.056956153362989426,0.7135657723223139,0.1070265942826814
thanh8+󱞑,thanh8,0.12078716605901718,0.7130339908419142,0.08937079222834747
thanh8+𨇉,thanh8,0.06728485971689224,0.7834573255088567,0.11400455605746147
thanh8+𫬱,thanh8,0.056243039667606354,0.8215491991107199,0.11320368551884881
thanh8+𥭑,thanh8,0.08023018389940262,0.716123989611456,0.09154118972766334
thanh8+󱼖,thanh8,0.08837846666574478,0.7493226635681696,0.10763250116577029
thanh8+󱛑,thanh8,0.08754115551710129,0.7371013007713897,0.10574237715295137
thanh8+𪉴,thanh8,0.06762005388736725,0.7629949730744013,0.10992188982693141
thanh8+󱝹,thanh8,0.0839703232049942,0.7203609000421595,0.11432124978158509
thanh8+󱫴,thanh8,0.08339472115039825,0.6811613059673967,0.11097927499657027
thanh8+󱫠,thanh8,0.11455605924129486,0.40335284680856054,0.13681887530220097
thanh8+󱧔,thanh8,0.08858684450387955,0.7845346751608357,0.09771950618798146
thanh8+㷝,thanh8,0.1025342121720314,0.6295643846543432,0.09259166150265379
thanh8+𪱎,thanh8,0.05518035590648651,0.7070744351586241,0.14264303160268135
thanh8+𡡇,thanh8,0.06745723634958267,0.7353137642388937,0.10059464746435927
thanh8+㖪,thanh8,0.04641855135560036,0.7862490315243519,162.39599592878588
thanh8+󱞼,thanh8,0.08217815309762955,0.654402587062439,0.10817596998795292
thanh8+𬄹,thanh8,0.0759773850440979,0.7744761922842249,0.09554661445917835
thanh8+𫲼,thanh8,0.0680161565542221,0.7667161343180277,0.11002572511012161
thanh8+󰬲,thanh8,0.09477929770946503,0.6349112990847072,0.1391895702479986
thanh8+󱗳,thanh8,0.07733482122421265,0.6782308441755092,0.1295859345717855
thanh8+𠲜,thanh8,0.12452539056539536,0.7271337696362957,0.10201195213494578
thanh8+𪩥,thanh8,0.05850747972726822,0.8572827165958671,0.08212037843939872
thanh8+𫔬,thanh8,0.06074850261211395,0.8256648693965726,0.08880188995063147
thanh8+󱭪,thanh8,0.0794190764427185,0.6887413486096925,0.09890137637193104
thanh8+𠻆,thanh8,0.0646575316786766,0.8192035476578692,0.12531998518816154
thanh8+󱩩,thanh8,0.08344615995883942,0.697933931159038,0.09833988391029114
thanh8+󱧀,thanh8,0.053201619535684586,0.6844560262828174,0.10807094700931281
thanh8+𨁋,thanh8,0.05291572958230972,0.8124195353341311,0.08412869345985785
thanh8+󰇵,thanh8,0.045240163803100586,0.8425211055234891,0.1152362973795974
thanh8+󱬊,thanh8,0.06617187708616257,0.6673301752566765,0.09757568806813512
thanh8+𪤽,thanh8,0.06053575873374939,0.6679114591274622,0.08447808508098496
thanh8+󱟕,thanh8,0.07400806248188019,0.5676279541907875,0.11065878445109319
thanh8+󱳬,thanh8,0.06136089935898781,0.8439441308922986,0.0870537061558857
thanh8+𨨨,thanh8,0.0714770257472992,0.6974667777158485,0.09493263717798069
thanh8+𡮣,thanh8,0.08666148036718369,0.723175535968944,0.10632238470942383
thanh8+𠴇,thanh8,0.0637373998761177,0.7669167748923305,0.07171828391197366
thanh8+𢪭,thanh8,0.09374446421861649,0.7583224253724762,0.08287513363834242
thanh8+󱓇,thanh8,0.057912830263376236,0.8281255220867181,13.59064652045425
thanh8+󱛥,thanh8,0.0540829561650753,0.8406362698231016,0.10303588340729086
thanh8+𡁝,thanh8,0.09195549041032791,0.7031001484790009,0.12517653351887584
thanh8+𬙛,thanh8,0.11056466400623322,0.6662854904427249,0.1079844625583855
thanh8+󱚇,thanh8,0.06498043239116669,0.6423580575226465,0.1311482589080016
thanh8+󱨫,thanh8,0.10188708454370499,0.7160385216270475,0.1837140828974563
thanh8+󰮁,thanh8,0.06599127501249313,0.7529229087185373,0.11140015875758574
thanh8+󱮝,thanh8,0.10304400324821472,0.7622739556885091,0.13192161990682802
thanh8+𫆮,thanh8,0.05088309198617935,0.7384044493508785,0.13042870698097964
thanh8+𫠼,thanh8,0.0838741809129715,0.7273468972523736,0.11830139561844961
thanh8+󰺥,thanh8,0.062272097915410995,0.7730489559674101,0.12166854714449284
thanh8+𤐠,thanh8,0.10237716138362885,0.5772843607557115,0.12407595211412926
thanh8+𦝇,thanh8,0.08042728900909424,0.753394449684149,0.10158038704680679
thanh8+𠴖,thanh8,0.067013680934906,0.8262634908167326,0.07232445858136606
thanh8+𤉓,thanh8,0.0680406242609024,0.7660114799376544,0.0979783067290379
thanh8+󱜷,thanh8,0.07211695611476898,0.8097005691482455,0.10382740478575431
thanh8+𬞑,thanh8,0.048347149044275284,0.8104937834519436,0.09307088383054196
thanh8+𡮨,thanh8,0.08551309257745743,0.7982791801073383,0.10770792812303735
thanh8+𢰦,thanh8,0.06576047837734222,0.757480730998867,0.10821735681489292
thanh8+唥,thanh8,0.04542660713195801,0.8595493560000129,0.05491415443014639
thanh8+𪷘,thanh8,0.07479949295520782,0.7024447966102173,0.10311095499001173
thanh8+󱫸,thanh8,0.0766294002532959,0.7498686699405271,0.09892600107733525
thanh8+𡓯,thanh8,0.05094939097762108,0.8466192151755693,0.10519397143168463
thanh8+𠷥,thanh8,0.09349514544010162,0.7374961828399593,0.1429927149434597
thanh8+𡁼,thanh8,0.055866826325654984,0.7869822641513871,0.09923134994195992
thanh8+𧍇,thanh8,0.054800715297460556,0.8031257554515455,0.13837912067037195
thanh8+󰴾,thanh8,0.054587554186582565,0.7849099968655037,0.13231815336131306
thanh8+󱤠,thanh8,0.0916145071387291,0.6903197332909174,0.13357596045475253
thanh8+󱘧,thanh8,0.04604743421077728,0.8020332025311585,0.11597595294700248
thanh8+󰜡,thanh8,0.05290639027953148,0.7924727198519953,0.08750498170497795
thanh8+䀭,thanh8,0.06494951993227005,0.7608330458798511,0.09765533009416776
thanh8+󱞔,thanh8,0.05732335150241852,0.8148719461669763,0.12824177314313456
thanh8+𧒅,thanh8,0.04739424213767052,0.8390016746944278,0.10501291975743071
thanh8+𡀇,thanh8,0.052310992032289505,0.8047041017377452,0.11996397230451823
thanh8+𤼞,thanh8,0.09744437038898468,0.5350862611574806,0.16521571142410138
thanh8+哖,thanh8,0.07201766967773438,0.7646906635359575,0.0925749541881712
thanh8+󱟰,thanh8,0.06584391742944717,0.7450010098160029,0.09200975504346202
thanh8+󱣗,thanh8,0.06085812672972679,0.7823074427235608,0.1121351184631491
thanh8+󱥪,thanh8,0.04937520623207092,0.8328007877332169,0.08209299868355723
thanh8+𠮨,thanh8,0.059124186635017395,0.8271115674815682,0.05453085010103045
thanh8+󰍱,thanh8,0.07457737624645233,0.7150241851515099,0.12614934803694622
thanh8+溒,thanh8,0.05649763345718384,0.7761726884856152,0.09467016623097457
thanh8+𡃳,thanh8,0.08713720738887787,0.7066904702627528,0.09238447285571978
thanh8+𣓾,thanh8,0.0653490349650383,0.6598624838352924,0.10911673532292894
thanh8+㖵,thanh8,0.06116025894880295,0.8566978609511761,0.08992807036116379
thanh8+𡌡,thanh8,0.07559150457382202,0.7613476959110858,0.10168647424532845
thanh8+󱞝,thanh8,0.054837703704833984,0.7846224491131571,0.10763333776865387
thanh8+𦟖,thanh8,0.08414791524410248,0.6645524487168941,0.1174946712353606
thanh8+󱜴,thanh8,0.09488523006439209,0.7384370859522208,0.09030468118000162
thanh8+󱅒,thanh8,0.07160960137844086,0.7337744384701383,0.1329709765642417
thanh8+󱺃,thanh8,0.06809896230697632,0.7213709050386939,0.09831683291518024
thanh8+󱯈,thanh8,0.0979907363653183,0.7003807276940709,0.09842715651070506
thanh8+𬏻,thanh8,0.08857366442680359,0.7752580670722141,0.09758905135611746
thanh8+𪭟,thanh8,0.0940786674618721,0.7006586162053667,0.06801673404007637
thanh8+𥊜,thanh8,0.056560445576906204,0.8142251622854614,0.12729406483470448
thanh8+󰅬,thanh8,0.06934437155723572,0.6909722385741321,0.10406983685692293
thanh8+󱝯,thanh8,0.05641868710517883,0.8167864600423134,0.1068535061663513
thanh8+󱛴,thanh8,0.031079260632395744,0.829880336750637,0.11776430031639691
thanh8+󰢷,thanh8,0.05876970291137695,0.8178569142837177,0.10509837248327077
thanh8+𤯱,thanh8,0.057557765394449234,0.8228971395022154,0.08184642489915887
thanh8+󱜖,thanh8,0.09554538875818253,0.8287395598224542,0.09197138867104858
thanh8+󰮦,thanh8,0.07081371545791626,0.7655074232252257,0.1357076953829726
thanh8+󱰚,thanh8,0.07291184365749359,0.7250876174676233,2.0897451393464794
thanh8+𪻋,thanh8,0.09661629050970078,0.6398014997327496,0.13341794819599465
thanh8+𡔒,thanh8,0.07896314561367035,0.6343701227344907,0.12110270143448333
thanh8+󱚕,thanh8,0.08206111937761307,0.7493154344729728,0.1309137660828146
thanh8+㗩,thanh8,0.09369222074747086,0.720534980428116,0.14890884638552757
thanh8+𩇆,thanh8,0.07276203483343124,0.7221859407586291,0.13385222379364187
thanh8+󰠎,thanh8,0.07997752726078033,0.8216238573474265,0.07718346330533361
thanh8+堹,thanh8,0.04851439222693443,0.7632329070104664,0.08161902378215048
thanh8+𬟻,thanh8,0.09885364770889282,0.6374903352098501,0.07169577711150656
thanh8+󱣶,thanh8,0.05499056354165077,0.7627440314832145,0.117978631723554
thanh8+󱠼,thanh8,0.09136570990085602,0.7055629388902647,0.07960543145321487
thanh8+󱩫,thanh8,0.06831203401088715,0.7809103631000781,0.09282744740885973
thanh8+󰄼,thanh8,0.08539919555187225,0.7186361900620128,592.9106192136236
thanh8+𢵻,thanh8,0.07542094588279724,0.6713532068079686,0.10028457439112554
thanh8+𭊳,thanh8,0.07982034236192703,0.7917651166251244,0.12630871592716386
thanh8+𬖵,thanh8,0.06013566255569458,0.7124169512529945,0.09350406843054478
thanh8+嘪,thanh8,0.06203611195087433,0.7846733255938976,0.08230511602619965
thanh8+𢠿,thanh8,0.08261246979236603,0.718886344598439,0.10051495268717586
thanh8+󰣡,thanh8,0.07592320442199707,0.6621542713429281,0.105916667858947
thanh8+𰊣,thanh8,0.07371330261230469,0.6639085272415236,0.10597441015526969
thanh8+󱝫,thanh8,0.11378369480371475,0.6291173826870423,0.12105094352744268
thanh8+󱎶,thanh8,0.07197970151901245,0.7156142594169466,0.09736444148108803
thanh8+𫫴,thanh8,0.05879450961947441,0.7743678938580855,0.10534685505886288
thanh8+𬑶,thanh8,0.07051169872283936,0.7373742343520658,0.13324440684364644
thanh8+󱝾,thanh8,0.07493756711483002,0.6235546804429313,0.11059923536461931
thanh8+𪶵,thanh8,0.05021494999527931,0.7862582401757235,0.09361771917729637
thanh8+𢷰,thanh8,0.06984463334083557,0.656142658408354,0.109845438633724
thanh8+󱎾,thanh8,0.05792129784822464,0.6858353265717347,0.10201205079188654
thanh8+𢲠,thanh8,0.08433326333761215,0.7680582072188731,0.18656852370688617
thanh8+𪢜,thanh8,0.0567285418510437,0.6547530573369952,119.69054758765799
thanh8+󰬪,thanh8,0.0885811299085617,0.7836378992985821,1.3235958723182673
thanh8+󱙭,thanh8,0.0575641430914402,0.8028289779115293,0.08914363910843452
thanh8+𡪦,thanh8,0.0669228583574295,0.6817028335725791,0.0996048698105778
thanh8+𧿯,thanh8,0.0580601841211319,0.7527069801781999,0.09888343864422959
thanh8+𪡗,thanh8,0.0650901049375534,0.8219100359751109,0.09571961246562266
thanh8+𢅄,thanh8,0.057166263461112976,0.7833121338876955,0.09071765000023017
thanh8+󰆐,thanh8,0.10162961483001709,0.5149213262285696,0.10105412033986909
thanh8+󱠧,thanh8,0.08443011343479156,0.7539925867042063,0.12477426491165455
thanh8+𬓓,thanh8,0.11084206402301788,0.5544858812905726,0.13181677527005
thanh8+𪁄,thanh8,0.06902990490198135,0.7852367406879097,0.10195800180731557
thanh8+󱹜,thanh8,0.09191744029521942,0.7705766254991123,0.10357790158928176
thanh8+󱞜,thanh8,0.06311825662851334,0.6888698503025018,0.08850142837731988
thanh8+󰬨,thanh8,0.06538337469100952,0.7240349677160459,0.11876378915017378
thanh8+𡉎,thanh8,0.05745716392993927,0.8477899089418685,0.06253067862523505
thanh8+𪤲,thanh8,0.09263958781957626,0.684340861482614,0.1030539689644299
thanh8+𦛲,thanh8,0.06535899639129639,0.7967298655225826,18.841775925477634
thanh8+𫄋,thanh8,0.06348016113042831,0.812308393137922,0.09733646895632492
thanh8+𥯉,thanh8,0.06723582744598389,0.748081264196044,0.12631813671445458
thanh8+𫫊,thanh8,0.04721009358763695,0.8343756156828315,0.09874546020854824
thanh8+𩽈,thanh8,0.05780194699764252,0.7925308732057245,0.16804692259857265
thanh8+󱩳,thanh8,0.04681362956762314,0.8046566591334158,0.13122294535615597
thanh8+𡄾,thanh8,0.049248360097408295,0.8187449049383776,0.15333584353818894
thanh8+󱝀,thanh8,0.056124791502952576,0.7719930750352196,0.09244313245800795
thanh8+𬕷,thanh8,0.07461845129728317,0.7365631233818156,0.12043356702355801
thanh8+藞,thanh8,0.05015186965465546,0.8152211451223029,0.11865368403900972
thanh8+𦞎,thanh8,0.03579363971948624,0.856484969101975,0.11730350804725222
thanh8+𣎞,thanh8,0.053792815655469894,0.8009747665361123,0.34440304459428867
thanh8+𫑺,thanh8,0.07231924682855606,0.7190154064360958,86.5855860261647
thanh8+󰬥,thanh8,0.04705313965678215,0.8685306751600406,0.10015238392360987
thanh8+𪤻,thanh8,0.04977778345346451,0.8205034258465143,0.12993946277322418
thanh8+㖀,thanh8,0.04782818257808685,0.8468639223227127,0.08447523955733598
thanh8+𩂄,thanh8,0.09905852377414703,0.6816797846525383,0.10989918887661439
thanh8+󱰍,thanh8,0.07481463998556137,0.71965804395522,144.6558388549111
thanh8+𠱻,thanh8,0.103955939412117,0.621939350810772,0.08298388150208033
thanh8+鮗,thanh8,0.051740631461143494,0.7646607111326692,0.10346147084608381
thanh8+󱡰,thanh8,0.08417264372110367,0.7373538071744329,0.09726666040515707
thanh8+󱪉,thanh8,0.07324757426977158,0.6989108424505465,0.10315958545168537
thanh8+𡗅,thanh8,0.07558563351631165,0.7420855192571291,0.09764803236667363
thanh8+𡓟,thanh8,0.056029945611953735,0.769000598231804,0.10770610042961663
thanh8+𪢍,thanh8,0.05424884706735611,0.7598014399464825,0.1362987919359874
thanh8+𪺛,thanh8,0.08929979801177979,0.7279588378955044,0.08693243751482303
thanh8+𡫨,thanh8,0.0696621686220169,0.7835735149170836,0.08976919131549121
thanh8+䰺,thanh8,0.06490523368120193,0.7589589282323294,0.09443017425985906
thanh8+󱨱,thanh8,0.05847346410155296,0.827201190455736,0.08580256791066156
thanh8+㖕,thanh8,0.09321314841508865,0.7710313130658535,0.5088964164199236
thanh8+󱳒,thanh8,0.09227384626865387,0.6283401329894847,0.12034472189531949
thanh8+󱞾,thanh8,0.07526367902755737,0.7882914389667475,0.11893057520876209
thanh8+󰛼,thanh8,0.06250898540019989,0.8129213360543626,0.23166589292971482
thanh8+󱡇,thanh8,0.09150838106870651,0.5097571810848716,0.15160619610731152
thanh8+󱦾,thanh8,0.1034030169248581,0.7003475706344918,0.12535398294719355
thanh8+𫊬,thanh8,0.06017213314771652,0.8122233270015581,0.10173432100950956
thanh8+堒,thanh8,0.04243040829896927,0.8333557838317034,0.08872208896841761
thanh8+󰬛,thanh8,0.05185507610440254,0.8381155740821424,0.08776115447037353
thanh8+󱝟,thanh8,0.06628754734992981,0.7944366680938053,0.11815893871346128
thanh8+𫫷,thanh8,0.10039093345403671,0.7441900493213487,0.0830476796727577
thanh8+𨡨,thanh8,0.07764172554016113,0.6954069371436278,0.11641967302700201
thanh8+𥐨,thanh8,0.07591323554515839,0.7189998332310842,0.11624321166918283
thanh8+󱩈,thanh8,0.07002374529838562,0.6945760821446744,0.10374578810486539
thanh8+呯,thanh8,0.07892197370529175,0.8035315443949945,0.06800890252607113
thanh8+󱰶,thanh8,0.05985032021999359,0.8071772990040578,0.1277876504135437
thanh8+𢶽,thanh8,0.05501483008265495,0.7986977622935525,0.1205752530591726
thanh8+𠮙,thanh8,0.08523821830749512,0.7710886881579198,0.10160350385001099
thanh8+䓬,thanh8,0.10716228187084198,0.7231085446014366,0.10363307308005965
thanh8+𡳳,thanh8,0.06426511704921722,0.717945734645906,0.14144531632215607
thanh8+󱢣,thanh8,0.07093285024166107,0.7251537030218655,0.13194108594100315
thanh8+󱥦,thanh8,0.09354567527770996,0.7183104815338978,0.11361006491569008
thanh8+󱩸,thanh8,0.08006605505943298,0.7189928412114737,0.10879250350618534
thanh8+𪡦,thanh8,0.08663056045770645,0.719909235038139,0.09514812772428698
thanh8+𪝪,thanh8,0.07072274386882782,0.7140326530425319,0.11840421239865344
thanh8+𢹾,thanh8,0.0752594843506813,0.7816919096845975,0.1483948126615698
thanh8+𡃜,thanh8,0.05467783659696579,0.799108792346547,0.1333354146885363
thanh8+𰇵,thanh8,0.06678824126720428,0.8592508806591923,0.1343325389011901
thanh8+󱹙,thanh8,0.05014803633093834,0.8032175964228802,0.10955756097077496
thanh8+𪢷,thanh8,0.07163900136947632,0.7420558361150529,0.07498948754284918
thanh8+󱨕,thanh8,0.057858213782310486,0.8506416383769755,0.12937655686278324
thanh8+捠,thanh8,0.050273388624191284,0.7907529493631782,0.0972972516549086
thanh8+󱘠,thanh8,0.06321534514427185,0.6813878389027094,0.11373882923178673
thanh8+𠴘,thanh8,0.06374984979629517,0.808917909473546,0.07472235912554454
thanh8+󰃧,thanh8,0.06601254642009735,0.7444380027021777,0.1260934469209489
thanh8+𪿀,thanh8,0.054555729031562805,0.8101986794636958,0.1357799739335019
thanh8+㗶,thanh8,0.05971507355570793,0.8235487098523784,0.09907666923160514
thanh8+𫪄,thanh8,0.04669751971960068,0.8207819190433943,0.06551621654338298
thanh8+𭈙,thanh8,0.06131706014275551,0.8137494407841509,0.10041203369232686
thanh8+㖏,thanh8,0.05888929218053818,0.8107853934728328,0.0837456499966089
thanh8+󰼀,thanh8,0.04742725193500519,0.8644674855843051,0.12731159679935758
thanh8+𩯂,thanh8,0.09081985801458359,0.6119940170705092,0.1190123880645451
thanh8+󰡊,thanh8,0.047861043363809586,0.7622224941737478,0.10139675265132538
thanh8+󱜝,thanh8,0.06996539235115051,0.8395286714889061,0.05953782689437995
thanh8+󱝢,thanh8,0.0543951690196991,0.8281233538574027,0.12593683907026135
thanh8+󱜾,thanh8,0.05493665486574173,0.778494162655312,0.08736416136107561
thanh8+󱚒,thanh8,0.07124417275190353,0.7440690170382938,0.1050145534287316
thanh8+󱣆,thanh8,0.06856055557727814,0.8026713926742314,0.1144370792300083
thanh8+󱧨,thanh8,0.06488950550556183,0.692476212668534,0.09760502906659574
thanh8+󱳦,thanh8,0.12402317672967911,0.5862099452046774,0.09883639703717369
thanh8+𡃎,thanh8,0.055658526718616486,0.828363225719069,0.11409096355758884
thanh8+𡎤,thanh8,0.08354464173316956,0.697379420613705,0.11681550816817175
thanh8+𤣡,thanh8,0.0996972993016243,0.6019288498043708,0.11806597692080134
thanh8+𪤠,thanh8,0.08551245927810669,0.687341148186636,7.13786963942383
thanh8+󰧙,thanh8,0.08661269396543503,0.8026171375216201,0.08166014605973008
thanh8+󱚴,thanh8,0.06655862182378769,0.730464954611467,0.10812684959766546
thanh8+󱟜,thanh8,0.055210795253515244,0.7801257745944601,0.12325023927700883
thanh8+󱛺,thanh8,0.07186935096979141,0.5308232584945658,0.15401867622060475
thanh8+𠸽,thanh8,0.0646614357829094,0.6992496636598208,0.08535292532019367
thanh8+𢲾,thanh8,0.10232525318861008,0.6277220986256676,0.1205015240230231
thanh8+󱰯,thanh8,0.09455523639917374,0.5471832335055198,0.14357622681937812
thanh8+󱠰,thanh8,0.06323681026697159,0.7867004039116534,0.13220598124875602
thanh8+𡂷,thanh8,0.05478841811418533,0.793749980536499,0.0935858334190028
thanh8+󱜶,thanh8,0.06886440515518188,0.7957319405029962,0.10381071294493756
thanh8+𤻓,thanh8,0.0581267811357975,0.7756445277743546,0.12029740947301154
thanh8+𧌂,thanh8,0.08262714743614197,0.6688565125361334,0.10100351128188546
thanh8+蝔,thanh8,0.06553299725055695,0.7798151505806433,0.11825690209949262
thanh8+𡄳,thanh8,0.05692435801029205,0.7317445693231941,0.2143390037767641
thanh8+澿,thanh8,0.04713396728038788,0.7896889992549292,0.11899529119701606
thanh8+𢪥,thanh8,0.06794773787260056,0.645006657590722,0.08067016125719001
thanh8+𧋅,thanh8,0.05369162559509277,0.8550625615846322,0.09221785164111185
thanh8+𪡈,thanh8,0.048706818372011185,0.86841659580461,0.08749070413565102
thanh8+𠿀,thanh8,0.06591226160526276,0.8186659776123,0.11538394198497738
thanh8+𤎓,thanh8,0.06414265185594559,0.7599419946777416,0.12337091517678304
thanh8+𦩳,thanh8,0.04894721135497093,0.8395498888538556,0.09484542906020559
thanh8+𤞦,thanh8,0.08732465654611588,0.6811764019085206,0.11018216877380595
thanh8+󰌋,thanh8,0.08409969508647919,0.6685031247195113,0.08909623039242442
thanh8+󱫗,thanh8,0.07348494231700897,0.6746588529263263,0.13148349055504568
thanh8+󱚑,thanh8,0.07043659687042236,0.7744454477075685,0.10369754700495078
thanh8+󱳠,thanh8,0.07257717102766037,0.7145411063917345,0.07247896139955615
thanh8+𠸫,thanh8,0.06855234503746033,0.7679370208877957,91.8368429418452
thanh8+𪺇,thanh8,0.07586672902107239,0.769315121697709,0.6641606431730688
thanh8+󱞙,thanh8,0.07065751403570175,0.7586123728063954,0.10625010733003136
thanh8+𤶹,thanh8,0.04230838641524315,0.7943103821157008,0.09275606772900051
thanh8+󰘓,thanh8,0.06195012480020523,0.7630338055926389,0.09849915907786977
thanh8+𬕌,thanh8,0.057460881769657135,0.8017896654639592,0.10218084457748688
thanh8+󱺈,thanh8,0.042113516479730606,0.8488937160402017,0.07711977203558672
thanh8+󱹡,thanh8,0.05034320056438446,0.7929441016658554,0.1352550125592361
thanh8+󱠳,thanh8,0.0908346101641655,0.742267206463721,0.1169437911147125
thanh8+𪢤,thanh8,0.07191281020641327,0.6458315174255298,0.1157534535864302
thanh8+𪰰,thanh8,0.07392119616270065,0.8085717623535823,0.08919216951137654
thanh8+𮫷,thanh8,0.08156582713127136,0.7344704685060954,0.09827874125473435
thanh8+𬓛,thanh8,0.06801629066467285,0.7596108717616425,0.11227967778320776
thanh8+󱥄,thanh8,0.05745365843176842,0.8186851136585657,0.11335300249876412
thanh8+𩵾,thanh8,0.07221922278404236,0.7076525960540128,0.11832260532634688
thanh8+𨂗,thanh8,0.06545405834913254,0.7623764060943958,0.10376525628496962
thanh8+𠺚,thanh8,0.07037170231342316,0.7612929829842091,0.1091332288171501
thanh8+𬠥,thanh8,0.09188901633024216,0.745998501016189,0.1448801243628132
thanh8+𬂨,thanh8,0.1283019632101059,0.7182138810965455,0.10104513005302394
thanh8+𫯲,thanh8,0.07768762111663818,0.7429807296178691,0.16970325600583713
thanh8+󱟡,thanh8,0.05918871983885765,0.8088775608050727,0.10077145536934039
thanh8+㗴,thanh8,0.056789759546518326,0.8172798153702925,0.1300057683349344
thanh8+𫫛,thanh8,0.05657393857836723,0.8205592295552524,0.10406183111939614
thanh8+𬛒,thanh8,0.04707162082195282,0.8279547463237027,0.12014190294861678
thanh8+󱭧,thanh8,0.05131503939628601,0.825345199609931,0.10693180730351605
thanh8+󱤑,thanh8,0.06743435561656952,0.8152694819822118,0.1710336286904288
thanh8+󱛳,thanh8,0.0659872367978096,0.8055468428586657,0.11587898731162562
thanh8+𡐮,thanh8,0.06464627385139465,0.7939152779060876,0.11006696528714795
thanh8+𦲹,thanh8,0.05194583907723427,0.816141575552412,0.092353794535671
thanh8+𥱫,thanh8,0.06530363857746124,0.7694471310446794,0.10521503675160437
thanh8+󱳭,thanh8,0.06362105906009674,0.7298646706635481,0.1035167297614012
thanh8+󱥯,thanh8,0.04903693497180939,0.8231493181806595,0.12517396204470244
thanh8+𨪷,thanh8,0.07819345593452454,0.6838659954087157,0.11326818733679285
thanh8+𫕹,thanh8,0.056469470262527466,0.8448399389031563,0.13354145658634062
thanh8+󱭷,thanh8,0.11077599227428436,0.4871639949040078,0.13882757475618276
thanh8+󰅲,thanh8,0.06968461722135544,0.7780920480595541,0.12795854625590206
thanh8+𦽎,thanh8,0.0655730739235878,0.8027704922557751,0.1369004088530351
thanh8+󱚚,thanh8,0.07142360508441925,0.5510430212740443,0.113691173260275
thanh8+𡜒,thanh8,0.0813763216137886,0.6696459660470361,0.19690814465987774
thanh8+𠶒,thanh8,0.09278328716754913,0.7554733017904629,0.10252465207101986
thanh8+󱤈,thanh8,0.09030181169509888,0.632755014745059,526.7344333771078
thanh8+󱞀,thanh8,0.08519408851861954,0.6031429540105475,0.11114812950958587
thanh8+𬕻,thanh8,0.10097168385982513,0.6575224271342368,0.10722423776736588
thanh8+󱛙,thanh8,0.05570923909544945,0.8376670882014345,0.0758077873045075
thanh8+𫿟,thanh8,0.07100887596607208,0.7295949349080286,0.12744889244246474
thanh8+󰂄,thanh8,0.07473528385162354,0.8116101369157155,0.11838559793041163
thanh8+𦟋,thanh8,0.07089100778102875,0.7703734113568815,0.1170169128123123
thanh8+󱬧,thanh8,0.09259103983640671,0.6037165311692261,0.10410642475664
thanh8+𤳧,thanh8,0.0738750547170639,0.7767017824690007,0.0997559745607054
thanh8+󱞠,thanh8,0.0554620660841465,0.8044912329196885,0.13216126729404912
thanh8+󱮧,thanh8,0.07091522216796875,0.6972118485285862,0.12590662273562706
thanh8+󱝻,thanh8,0.0648128092288971,0.7904944694782211,0.07148528520384577
thanh8+𪝅,thanh8,0.06436848640441895,0.842904239867557,0.11424442465211125
thanh8+𫄉,thanh8,0.06150656193494797,0.815009292827385,0.0994089443572413
thanh8+𡫶,thanh8,0.08447295427322388,0.5633228462621765,0.08645642150765294
thanh8+𢯝,thanh8,0.05485769733786583,0.8140641772776018,0.1311589151630827
thanh8+󱞲,thanh8,0.09054315090179443,0.5964995355891268,0.11452813576791511
thanh8+𡂉,thanh8,0.07642228901386261,0.7880683613050894,0.10940207085603827
thanh8+𤋽,thanh8,0.08296145498752594,0.7229106845803953,0.12872863496978115
thanh8+𠶅,thanh8,0.07279583811759949,0.7665833672935553,0.12189995567055036
thanh8+𠲡,thanh8,0.05350522696971893,0.8187829005755256,0.09526685052260109
thanh8+𭡏,thanh8,0.057940661907196045,0.8199299723035884,0.11299189783138096
thanh8+𬖩,thanh8,0.06960764527320862,0.7367447120827438,0.11806709856316928
thanh8+𪸝,thanh8,0.05824023857712746,0.817119874638206,0.07363985862486282
thanh8+󱋃,thanh8,0.05109646916389465,0.7517549262229529,0.10140913022352223
thanh8+󰁂,thanh8,0.08738525211811066,0.7445642563517306,0.09139272108139758
thanh8+𧒊,thanh8,0.06787847727537155,0.7780464331183535,14.486874022283333
thanh8+󱟱,thanh8,0.11716586351394653,0.7342452948367223,0.037048626662884006
thanh8+󱦡,thanh8,0.07749530673027039,0.7494068361463568,0.12426940126603013
thanh8+啲,thanh8,0.045703113079071045,0.8298949355127113,0.0745927709940516
thanh8+𠺮,thanh8,0.08937671780586243,0.7019160546185839,0.5751848145694237
thanh8+侱,thanh8,0.06885231286287308,0.8122917658496398,0.072706026860957
thanh8+󱝒,thanh8,0.0503704771399498,0.8539823760793981,0.09144886114118106
thanh8+𠷦,thanh8,0.06592785567045212,0.6909225974696253,0.10348810020282678
thanh8+𪥑,thanh8,0.07250513136386871,0.6589032008314787,0.11580774235424159
thanh8+𡑲,thanh8,0.05246864631772041,0.710980699924933,0.1103625843346623
thanh8+󱨨,thanh8,0.06541825830936432,0.7774640352000913,0.13566521044621596
thanh8+𤏦,thanh8,0.04537118226289749,0.8583687406917057,0.1106480186900808
thanh8+󱊚,thanh8,0.05096505954861641,0.8005811832317574,0.09085422696711458
thanh8+󱹻,thanh8,0.12319482862949371,0.6029723419011808,0.12747045025891635
thanh8+󱜲,thanh8,0.059595514088869095,0.8310019427163756,0.07805227982503402
thanh8+󱬺,thanh8,0.08018830418586731,0.801415364490331,0.12004745048415073
thanh8+󱡑,thanh8,0.12420395016670227,0.5585231406820999,0.12314676881196555
thanh8+㘗,thanh8,0.07962571829557419,0.6596848335076109,0.10211178742222603
thanh8+󱩙,thanh8,0.05395285040140152,0.7701982398273948,0.09567142340889366
thanh8+𠜈,thanh8,0.06312267482280731,0.7578565471580323,0.14192620195913455
thanh8+𦟏,thanh8,0.034189533442258835,0.8418105803816638,0.1380424592851132
thanh8+抋,thanh8,0.10025397688150406,0.7017648214040391,0.16592488499546734
thanh8+󰶅,thanh8,0.05312950536608696,0.8299543285080752,0.12370492219168128
thanh8+󱠱,thanh8,0.07224676012992859,0.7673874958261319,403.963366013888
thanh8+𪢠,thanh8,0.07474206387996674,0.652717628739452,0.13815411963407387
thanh8+𣖗,thanh8,0.045852307230234146,0.8408318384673498,0.10977936777807613
thanh8+󰤴,thanh8,0.1431339681148529,0.6564711675595137,0.11606747009291396
thanh8+𫢧,thanh8,0.0675002709031105,0.7878287779126208,0.09725590468448127
thanh8+󰣿,thanh8,0.06905626505613327,0.8187821246172556,0.09173003129890633
thanh8+𬈈,thanh8,0.07643017917871475,0.8139229672895939,0.16036369771842593
thanh8+𫽠,thanh8,0.07627298682928085,0.7156614197639525,0.09986923752894172
thanh8+󱞅,thanh8,0.07019541412591934,0.7261278965897474,0.11907853143353492
thanh8+𥴙,thanh8,0.07595375180244446,0.756503887938529,0.10786786128175412
thanh8+󱰤,thanh8,0.07215724885463715,0.7649977981298288,0.15975715304478622
thanh8+󱟁,thanh8,0.042212072759866714,0.8045581292000112,0.10282356035025286
thanh8+𡃝,thanh8,0.08361154794692993,0.7042390536226742,0.08225583258361295
thanh8+𠺺,thanh8,0.04818999394774437,0.8468781475084789,0.09555319439670405
thanh8+󱛻,thanh8,0.041953980922698975,0.8400297074951908,0.09409802168013552
thanh8+婻,thanh8,0.04476088285446167,0.8241729491709879,0.10821428371014585
thanh8+𠌊,thanh8,0.05210452526807785,0.8316403743732773,0.10480900120195334
thanh8+󱥑,thanh8,0.06167646497488022,0.781066300522196,0.8434779031783085
thanh8+𡇻,thanh8,0.12780265510082245,0.663826022279369,0.0998047962056076
thanh8+𠹖,thanh8,0.04762827977538109,0.8037921987016233,0.11001024968228286
thanh8+𪞀,thanh8,0.07809726148843765,0.5875845801172045,0.1003081835990725
thanh8+𠊙,thanh8,0.07585663348436356,0.7501028848545429,0.12125234049320645
thanh8+𡞗,thanh8,0.05696246773004532,0.7269868279073312,0.11160820588847414
thanh8+𡀦,thanh8,0.053472571074962616,0.8301439904236224,0.14893660238697037
thanh8+𤁔,thanh8,0.06523152440786362,0.7195196470784115,0.32572010052483913
thanh8+󱞮,thanh8,0.1415245085954666,0.60245720925542,0.10079088307640528
thanh8+𬕳,thanh8,0.061051733791828156,0.7898196033979681,0.4826786507760578
thanh8+𪶩,thanh8,0.05744558200240135,0.7613575999926155,0.09719265665991954
thanh8+𫬪,thanh8,0.06324688345193863,0.7464015239576275,0.08437825777598262
thanh8+󱫟,thanh8,0.0803898274898529,0.6834984426913464,0.12550816213886412
thanh8+󱛽,thanh8,0.05292360112071037,0.8063867098905645,0.09512589394288147
thanh8+洅,thanh8,0.05385742709040642,0.7994560748711288,0.08178531418283103
thanh8+𦲼,thanh8,0.06690886616706848,0.7532714175103634,0.11060259180386665
thanh8+󱥓,thanh8,0.06948737055063248,0.7016877531690097,0.11598548908330253
thanh8+𡮛,thanh8,0.04311240464448929,0.8166571603795745,0.0664689479273259
thanh8+𫼰,thanh8,0.052121851593256,0.8491033961146944,0.08278376168955903
thanh8+𦼜,thanh8,0.036358460783958435,0.8238427694677963,0.08954351232861951
thanh8+󱟲,thanh8,0.07901816070079803,0.709679751701036,0.14358122827821618
thanh8+𠇕,thanh8,0.09143730252981186,0.7023365489580429,0.06974685646665882
thanh8+󱲰,thanh8,0.09725428372621536,0.6980693179225639,0.3420476921305582
thanh8+𠶎,thanh8,0.04171488434076309,0.8811659126888689,0.0884139445864676
thanh8+𨄮,thanh8,0.054406411945819855,0.7635295674312007,0.10269929948511651
thanh8+𦿄,thanh8,0.07372897863388062,0.6876185589761818,0.12355258059910852
thanh8+𥌈,thanh8,0.09191116690635681,0.5986149982656397,0.12637050026078478
thanh8+𪢌,thanh8,0.050485577434301376,0.8097438041643754,0.0899695757397337
thanh8+󱡴,thanh8,0.10454102605581284,0.500691272071833,0.1260633923855082
thanh8+󱠢,thanh8,0.07792772352695465,0.6085324822885855,0.12096320771762646
thanh8+𰓖,thanh8,0.07132133841514587,0.6959770885068748,0.093132129294415
thanh8+󱜉,thanh8,0.08008316159248352,0.6067936254424624,0.09289045507294515
thanh8+𫯐,thanh8,0.060801006853580475,0.7741403576495698,0.09112426909753095
thanh8+圚,thanh8,0.08742346614599228,0.7874681484033731,0.08636899893006811
thanh8+𦷬,thanh8,0.05413145199418068,0.7839703898858733,0.12233389665342449
thanh8+󱟈,thanh8,0.07216751575469971,0.7584151541431746,0.12294256256612424
thanh8+𫭅,thanh8,0.10339997708797455,0.6753003280152644,0.08216609145144403
thanh8+󱉲,thanh8,0.08973425626754761,0.6981727178188005,0.1688829410332466
thanh8+莰,thanh8,0.0859542191028595,0.7685714602259595,0.12249753879210873
thanh8+󰥉,thanh8,0.08576372265815735,0.6245554074126914,0.7251686062226135
thanh8+𰦫,thanh8,0.050888024270534515,0.8347559375292419,0.0850724819846156
thanh8+󱪢,thanh8,0.04839961230754852,0.8467042822856353,0.10401800124696893
thanh8+󰛺,thanh8,0.052122168242931366,0.8307645184960397,0.10725706082690471
thanh8+󱹪,thanh8,0.054583676159381866,0.7851195193597384,0.09385732062763358
thanh8+󱞐,thanh8,0.09237532317638397,0.7248230112676698,0.20520515264877023
thanh8+𣻢,thanh8,0.05784520506858826,0.8141205485304387,0.11767472831519964
thanh8+󰞘,thanh8,0.09703879058361053,0.762379474544313,0.08763077040862859
thanh8+𡎜,thanh8,0.054915811866521835,0.8034819318354676,0.09742581454526777
thanh8+󱞖,thanh8,0.0630367323756218,0.7255670103469171,55.789464136255305
thanh8+󱤍,thanh8,0.07901166379451752,0.7699848618163742,0.15216322842982008
thanh8+󰬙,thanh8,0.07630143314599991,0.7609403410079522,0.08571838349465666
thanh8+󱝺,thanh8,0.07445225119590759,0.7711366290093786,0.10707032364796261
thanh8+󱪎,thanh8,0.05855918675661087,0.7618027674006732,0.10893727119460467
thanh8+󱛹,thanh8,0.04599404335021973,0.856063601939415,0.1191807364629839
thanh8+󱪚,thanh8,0.07622110098600388,0.636423266106651,0.10976641109223673
thanh8+𨃌,thanh8,0.07119277119636536,0.6284010355402957,0.10378437069287866
thanh8+湨,thanh8,0.07670415937900543,0.6513289651993629,0.09964317248977174
thanh8+󱯠,thanh8,0.08731326460838318,0.6817856414194546,0.10951093462229121
thanh8+󱛕,thanh8,0.07980285584926605,0.6074076298665061,0.1049027984199301
thanh8+󱡵,thanh8,0.08634566515684128,0.5483304847968766,0.10679527676702537
thanh8+󰸪,thanh8,0.09899847209453583,0.7485561624547293,0.09357377247527392
thanh8+󰛕,thanh8,0.05288846045732498,0.7802631164063206,1.3844542513379512
thanh8+󱧝,thanh8,0.06086571514606476,0.7679135949223316,0.11481305614823639
thanh8+󱥥,thanh8,0.07153075933456421,0.7764873431220972,0.12123167930080585
thanh8+󱝗,thanh8,0.08020198345184326,0.6283594387157313,0.0847811801701865
thanh8+𪟤,thanh8,0.06981527805328369,0.6245286041366092,0.11218180279391783
thanh8+𬏖,thanh8,0.05456535518169403,0.7233100845699952,0.10513219681683127
thanh8+𠻉,thanh8,0.038805052638053894,0.7989941781432219,0.08743005555854373
thanh8+𡀫,thanh8,0.04335063323378563,0.8329333035446713,0.09240271033542162
thanh8+㤝,thanh8,0.05259308964014053,0.7464049062718614,0.08638268496181817
thanh8+󰙘,thanh8,0.057482048869132996,0.8042367634392482,0.4697552850511848
thanh8+𦄆,thanh8,0.04863442853093147,0.8469099786981641,0.10611700764438557
thanh8+󱟏,thanh8,0.0709412544965744,0.7205023497362648,0.18633074716836698
thanh8+󰧺,thanh8,0.13321945071220398,0.6044290220450124,0.09395719267898617
thanh8+𬄃,thanh8,0.04570487514138222,0.7968007621512326,0.30512395349544247
thanh8+㼫,thanh8,0.046375975012779236,0.7629897817362085,0.09596943269359352
thanh8+󱤲,thanh8,0.0738639310002327,0.7640075012026977,0.12387383241300659
thanh8+蓸,thanh8,0.06323367357254028,0.7819026092526256,0.08189668978567743
thanh8+𫪀,thanh8,0.03864208236336708,0.8433352290267405,0.06857757102498628
thanh8+𠸯,thanh8,0.05290394276380539,0.8266176624172463,0.24806464069390066
thanh8+󱰗,thanh8,0.09956149756908417,0.5314198568952371,0.13760773436390492
thanh8+𪥘,thanh8,0.0938957929611206,0.6954566512243973,0.11940883955472574
thanh8+󰤣,thanh8,0.0662296861410141,0.7737794315512683,0.1086861069609447
thanh8+𪮽,thanh8,0.046416446566581726,0.825668506025549,0.1252113358577556
thanh8+𣌌,thanh8,0.06899210065603256,0.6650777256841475,0.11569423249856814
thanh8+󱡉,thanh8,0.09400534629821777,0.7738281846081697,0.06828466946196264
thanh8+󱞗,thanh8,0.09163475781679153,0.8079339643217369,0.07622354792558371
thanh8+𫛈,thanh8,0.09126240760087967,0.6667173978031373,0.11833744639655075
thanh8+󱌔,thanh8,0.08706764876842499,0.7700005451823598,0.1736084292911957
thanh8+󱞄,thanh8,0.07011015713214874,0.7427905165126469,0.12747418659287715
thanh8+󱰪,thanh8,0.06239497661590576,0.8432907241705149,0.08853859751031329
thanh8+𦨭,thanh8,0.04163984954357147,0.8484996969751649,0.09460129283851464
thanh8+󱤗,thanh8,0.06611056625843048,0.7843206779813683,0.09294647243422995
thanh8+󱞁,thanh8,0.05989411845803261,0.7435857600080829,0.0813706035880134
thanh8+𫫜,thanh8,0.0660792738199234,0.7812332294999998,0.09522655603715713
thanh8+䈊,thanh8,0.04136907681822777,0.82029546940907,0.10267020999786301
thanh8+𠼳,thanh8,0.050881966948509216,0.7755675115149647,0.17352798089828067
thanh8+𪾭,thanh8,0.06097101420164108,0.8059782934310538,0.11682236087540017
thanh8+󱢉,thanh8,0.07937812060117722,0.6740823578594566,0.09193797647700708
thanh8+󱢜,thanh8,0.06713291257619858,0.6116165305142204,0.10338477173189477
thanh8+󱦙,thanh8,0.08158425986766815,0.6863658989782867,0.16072985486901417
thanh8+󱼒,thanh8,0.07411637902259827,0.6143044060039973,0.11759901559225445
thanh8+󰞬,thanh8,0.10802777856588364,0.5688656829246959,0.11266652515415032
thanh8+𰋝,thanh8,0.08577468246221542,0.6815697565642678,0.10555456240114396
thanh8+󰨑,thanh8,0.05983622372150421,0.7774109262495568,0.09607416794083996
thanh8+𧟝,thanh8,0.06691339612007141,0.7162184944708353,0.1309723193904987
thanh8+𠿸,thanh8,0.04300897940993309,0.8563232959279746,0.07521821629419173
thanh8+󱫪,thanh8,0.0650920420885086,0.7052553104137353,0.11172707121481269
thanh8+𫵞,thanh8,0.06906599551439285,0.7481528600149787,0.11537277029964559
thanh8+𠽇,thanh8,0.05853981897234917,0.8275537330355437,0.09167061933720701
thanh8+𠬖,thanh8,0.09152683615684509,0.7094542576556825,0.21572574720208007
thanh8+󱡗,thanh8,0.07135473191738129,0.7498905410237332,0.13278340019290566
thanh8+󰯺,thanh8,0.05547349154949188,0.7837508985981833,0.11421491512855143
thanh8+󱟝,thanh8,0.0650106817483902,0.7780747478230594,0.0737556851210648
thanh8+󰐨,thanh8,0.06949091702699661,0.7746339034759859,0.09607708214985204
thanh8+𫐹,thanh8,0.05721485614776611,0.856158099290314,0.12128117899577069
thanh8+𡉁,thanh8,0.08468177914619446,0.77867168508394,0.1548407309816243
thanh8+𠽏,thanh8,0.08232343941926956,0.7562180928393283,0.12115302999185153
thanh8+𡎔,thanh8,0.047848932445049286,0.7684523267531934,0.10085380890258853
thanh8+𬃴,thanh8,0.06112663820385933,0.8010953794098543,0.13407427672967706
thanh8+𪦎,thanh8,0.04980045184493065,0.6871284993417011,0.13303128827581934
thanh8+𠲃,thanh8,0.04974144324660301,0.8631370775736145,0.08717492829355271
thanh8+偖,thanh8,0.05344821885228157,0.7733272408209574,0.10230364245815282
thanh8+𥙒,thanh8,0.09508056193590164,0.570121581516977,0.11593014503370318
thanh8+󱷿,thanh8,0.06429526954889297,0.789356908231867,0.10994365042183037
thanh8+𩂀,thanh8,0.05537145584821701,0.8160686385844661,0.09036516913880456
thanh8+𨆟,thanh8,0.06387317180633545,0.6893081343189673,171.5380171683116
thanh8+𩶽,thanh8,0.08465111255645752,0.6434330365126977,0.11914183271379915
thanh8+󱛵,thanh8,0.06817425787448883,0.7731803905153296,0.13373749692432843
thanh8+󰏏,thanh8,0.07167787849903107,0.7020131031635031,100.16709028015867
thanh8+𡝦,thanh8,0.11473054438829422,0.5875200394359007,0.10396352755081724
thanh8+𬏇,thanh8,0.06320113688707352,0.7254563690525776,0.07542467861908556
thanh8+󱛆,thanh8,0.08634220063686371,0.6905485727909857,0.1373927183821773
thanh8+󱪼,thanh8,0.10074198991060257,0.5163680861120039,0.2035329164817056
thanh8+󱮑,thanh8,0.06300919502973557,0.7840490608232578,0.08306241462569647
thanh8+𤄮,thanh8,0.05419645458459854,0.8198967325574615,0.12237441759801575
thanh8+㙘,thanh8,0.07026760280132294,0.7776369139479214,0.11269662795776653
thanh8+𧜐,thanh8,0.08455431461334229,0.7718509645420789,0.09826959108810625
thanh8+𣒠,thanh8,0.053926125168800354,0.7732139353375581,0.14050115181558925
thanh8+󱌡,thanh8,0.045429181307554245,0.8250178792960985,0.09526878430332474
thanh8+𢙬,thanh8,0.0586635023355484,0.8481936059193899,0.08846997846012832
thanh8+𡀲,thanh8,0.06935268640518188,0.7757201227730132,0.12755805520428454
thanh8+󱱀,thanh8,0.057319581508636475,0.803978193076676,0.09436269598702436
thanh8+󱦪,thanh8,0.06725843250751495,0.7632630801797926,0.11730477876325128
thanh8+灆,thanh8,0.06333114951848984,0.7807197916505634,0.10958904388525965
thanh8+󱥻,thanh8,0.05854995548725128,0.8272225925093825,0.10174798168112342
thanh8+𩝭,thanh8,0.09703116118907928,0.6644315706121694,0.10749650211622234
thanh8+𠷇,thanh8,0.05843915045261383,0.7082202461498507,0.1152457804973994
thanh8+𧍆,thanh8,0.0939582884311676,0.6011487466052245,0.11845239881590285
thanh8+𡁞,thanh8,0.06939031183719635,0.6836210609249974,0.09865985773287826
thanh8+𡫡,thanh8,0.06315760314464569,0.817702163767263,0.1275367867947797
thanh8+󱞒,thanh8,0.06854565441608429,0.6913147856488225,0.11958050540713965
thanh8+𭈖,thanh8,0.05152454227209091,0.8075290403062729,0.11876699617552916
thanh8+𨂚,thanh8,0.04965375363826752,0.7987740056891103,0.09042882523311609
thanh8+𬆅,thanh8,0.07840827852487564,0.5636719862643104,0.07687776150159514
thanh8+𫣝,thanh8,0.04946077987551689,0.8315648326694285,0.09729083639609455
thanh8+𮜲,thanh8,0.0725724995136261,0.7594923980286123,0.13373605724557958
thanh8+󱘡,thanh8,0.046088702976703644,0.8190134597155626,0.14763918887903596
thanh8+𡉖,thanh8,0.03747246786952019,0.8158056523697019,0.06277488608807394
thanh8+󱛖,thanh8,0.07721352577209473,0.7143946229339028,0.09217700478926098
thanh8+𤲼,thanh8,0.07356491684913635,0.7113946154685503,0.6381284204392966
thanh8+㺜,thanh8,0.10334531217813492,0.654708259832334,0.17759959466567
thanh8+󱝳,thanh8,0.08210411667823792,0.7706605449437812,0.08257855430427373
thanh8+𤉕,thanh8,0.12673059105873108,0.5375306427602052,0.09668559505277992
thanh8+㨲,thanh8,0.04766915366053581,0.860297668830396,0.1035261338063142
thanh8+𣙯,thanh8,0.06893469393253326,0.7323720679514516,0.10436608999554997
thanh8+󱚭,thanh8,0.05996070057153702,0.8245678425842554,0.1198760901055148
thanh8+𫰄,thanh8,0.05566053465008736,0.7836660474812877,0.10415081611757909
thanh8+哠,thanh8,0.08787829428911209,0.7155225796162058,0.89063303272559
thanh8+𠿴,thanh8,0.059970274567604065,0.7746829483962282,0.09975741558357658
thanh8+󱤉,thanh8,0.07096714526414871,0.8274178885748722,0.08902736660278775
thanh8+𬈗,thanh8,0.05528390780091286,0.7483108655035866,0.11634133560463723
thanh8+鏙,thanh8,0.06890525668859482,0.7064591111349523,0.11193968109896113
thanh8+󱝆,thanh8,0.05572967976331711,0.885560306373638,0.09998611036962611
thanh8+󱢰,thanh8,0.0828963965177536,0.6545733351766803,0.09304070023213978
thanh8+𡓾,thanh8,0.11173959076404572,0.7495705705711762,0.14034191701508492
thanh8+𬪽,thanh8,0.0586918480694294,0.8546272002864715,3.5961734415432822
thanh8+󱛢,thanh8,0.0747721940279007,0.7694071643732279,0.1661715324426455
thanh8+󰢉,thanh8,0.04518113285303116,0.863067995867614,0.11855082929786831
thanh8+󱺂,thanh8,0.09188234061002731,0.7179693984306448,0.09600872587621245
thanh8+󰮃,thanh8,0.09143749624490738,0.7240583144153984,0.19368446379932794
thanh8+𪂱,thanh8,0.08291268348693848,0.6197268767426913,0.09368535814756156
thanh8+󱫷,thanh8,0.041877638548612595,0.8555586336372267,0.08612075122233293
thanh8+𨔌,thanh8,0.0687907338142395,0.7125147600016252,0.09801945794703255
thanh8+𪣠,thanh8,0.05977165699005127,0.8317559531142796,0.10155140104210462
thanh8+𢆠,thanh8,0.06270851939916611,0.8362152812532831,0.09629574967438698
thanh8+󱜫,thanh8,0.05282771587371826,0.8146729747914124,0.0808657326005489
thanh8+𡎡,thanh8,0.05466483533382416,0.80332439114508,0.1294867736146936
thanh8+𩯁,thanh8,0.12939420342445374,0.6597818045747172,0.19877503004801675
thanh8+𠻱,thanh8,0.09232254326343536,0.7586476284676629,0.15207197289615623
thanh8+󱞊,thanh8,0.04835156351327896,0.7887361271249432,0.11957828667111081
thanh8+󱋭,thanh8,0.0505872406065464,0.8220195858220125,0.11178988633761944
thanh8+󰈠,thanh8,0.08938752859830856,0.526935064952444,0.12090831558731407
thanh8+󱞴,thanh8,0.046816255897283554,0.7852357824050901,0.1024519527790016
thanh8+󱠠,thanh8,0.10052814334630966,0.6172012722307364,0.13731759189425655
thanh8+󰢔,thanh8,0.07193166017532349,0.7767436034666741,0.12648736648101824
thanh8+𠞡,thanh8,0.06170296669006348,0.7953890729185361,0.09375348069383461
thanh8+󰂘,thanh8,0.062433090060949326,0.7785691513657491,0.09647422747586394
thanh8+𫇿,thanh8,0.06352340430021286,0.8194235909261456,0.09305735707342004
thanh8+𬅷,thanh8,0.0860113874077797,0.7115127965429581,0.09930910209908057
thanh8+𡚝,thanh8,0.06071506813168526,0.7250909104781733,0.09957048886399039
thanh8+𠹍,thanh8,0.06021161377429962,0.8153851416831037,0.09173097805705804
thanh8+𫥸,thanh8,0.07706774771213531,0.8105507666589065,0.11072268407444248
thanh8+󱝞,thanh8,0.07310377061367035,0.7214075621180577,0.11306668561913662
thanh8+𬡶,thanh8,0.06379616260528564,0.7773926475576265,0.09773910257060979
thanh8+󱯛,thanh8,0.08481654524803162,0.8168637095874365,0.08716658244946014
thanh8+𨮉,thanh8,0.07653026282787323,0.5911310389243689,0.12584411770315737
thanh8+𧞿,thanh8,0.09754776954650879,0.6470411132507036,0.12249195451021454
thanh8+󱛦,thanh8,0.04292476177215576,0.8698011560071488,0.10292585745484746
thanh8+𡏯,thanh8,0.04909812659025192,0.7904347979980427,0.10546209251082994
thanh8+󱬔,thanh8,0.07389571517705917,0.6928381524088815,0.10572979734160322
thanh8+󱯄,thanh8,0.06243979185819626,0.7046531399632469,0.14650326945934444
thanh8+𨅞,thanh8,0.06273920834064484,0.7534009715906579,0.10307521317373196
thanh8+𠴹,thanh8,0.07080906629562378,0.7417141405847453,0.06451521698539812
thanh8+󱜆,thanh8,0.05196323245763779,0.7291653698441336,0.09966809644572144
thanh8+󱙥,thanh8,0.07870461046695709,0.7699537182351457,0.07408925052909394
thanh8+𠶈,thanh8,0.05529056489467621,0.861058748359271,0.07330852793183056
thanh8+󰁐,thanh8,0.05805598944425583,0.7889085764274897,0.14366474426420237
thanh8+𫪎,thanh8,0.0636257529258728,0.7836623582676224,0.0936485582639021
thanh8+󱯺,thanh8,0.07274389266967773,0.6038701850983796,0.10138614436236353
thanh8+𬗏,thanh8,0.07743798941373825,0.7696981410445307,0.13367795340842523
thanh8+𠸙,thanh8,0.0826900377869606,0.679410612859766,0.0961920252331692
thanh8+𫏝,thanh8,0.05033190920948982,0.837945277879219,0.126610460000564
thanh8+𨪪,thanh8,0.050726279616355896,0.7938990405976643,0.12102426398990869
thanh8+噃,thanh8,0.054671600461006165,0.7836531250550579,0.15129079297870926
thanh8+󱹺,thanh8,0.05952366441488266,0.8141977941480961,0.07961401534980429
thanh8+󱧖,thanh8,0.07713350653648376,0.7765153007725396,0.1027740418504486
thanh8+𡃆,thanh8,0.05866961553692818,0.8030250595113255,0.08464285730369821
thanh8+壉,thanh8,0.06489486992359161,0.7330452587093059,0.12123622340261388
thanh8+𠲹,thanh8,0.10181599855422974,0.6314434157143904,0.12079623009886775
thanh8+󱰐,thanh8,0.05450274795293808,0.7998339562170782,0.11116273523943204
thanh8+𪣮,thanh8,0.08088373392820358,0.7003035309644355,0.08378956272463002
thanh8+󰢣,thanh8,0.06520918756723404,0.7625199136372552,0.11239270969605682
thanh8+𡁚,thanh8,0.06682496517896652,0.8247138770147077,0.10669566118349604
thanh8+󱚳,thanh8,0.10152719169855118,0.7359705588915996,0.13755131902251763
thanh8+󱛣,thanh8,0.04940629377961159,0.7804357194999727,0.1147107878387456
thanh8+湳,thanh8,0.06057857722043991,0.7737236282126713,0.08521676321713482
thanh8+󱤚,thanh8,0.08244992792606354,0.7099334159990764,0.12648033375736967
thanh8+𪖺,thanh8,0.059661515057086945,0.7604474087537259,0.1079571850601392
thanh8+𡍢,thanh8,0.09081407636404037,0.6138636782156038,0.14626151193844494
thanh8+󱯧,thanh8,0.09448418021202087,0.5421390366149885,0.0831174916976919
thanh8+󰘇,thanh8,0.06631258875131607,0.788016060650609,0.11636049721251067
thanh8+𡚎,thanh8,0.05577201023697853,0.7264280350192216,0.11324336705358905
thanh8+󰮡,thanh8,0.07339617609977722,0.6708660509698484,0.10077537196396062
thanh8+󱹓,thanh8,0.1354282796382904,0.7133622408329826,0.1554188910888646
thanh8+𫅰,thanh8,0.10807143151760101,0.6932393876195255,0.15950228411728748
thanh8+𥮈,thanh8,0.08782210201025009,0.6196339477405007,0.1051826230909965
thanh8+𫱞,thanh8,0.06591775268316269,0.6900367229472945,0.09647495627958262
thanh8+𠻅,thanh8,0.044724851846694946,0.8137294297285195,0.07671344607647168
thanh8+󰋓,thanh8,0.08911449462175369,0.7114696420148695,0.1130624222218109
thanh8+𡅑,thanh8,0.10315234959125519,0.4876924270447387,0.526477133408655
thanh8+𩚧,thanh8,0.05420941859483719,0.793398693855438,0.10223389931539116
thanh8+𮤭,thanh8,0.12069457769393921,0.6391166906677939,0.07783373100008796
thanh8+𫉮,thanh8,0.06450936943292618,0.7903411633470504,0.09747443174977838
thanh8+𪴉,thanh8,0.0694272592663765,0.7314424311573643,0.11629111742017333
thanh8+𩸮,thanh8,0.06238606199622154,0.7822011971851266,0.14594880789965312
thanh8+𡅩,thanh8,0.08405686169862747,0.7113837055914858,0.1584036514895536
thanh8+𣞄,thanh8,0.0771319642663002,0.7736568229379454,0.11081797517477047
thanh8+󱝖,thanh8,0.112169548869133,0.6621092169970252,0.15047059198376647
thanh8+𪡽,thanh8,0.08519760519266129,0.7811140058118838,0.10849126328973714
thanh8+󰭏,thanh8,0.061717431992292404,0.8471769664231058,0.18750117044495487
thanh8+󱘓,thanh8,0.06081528589129448,0.7670246077524028,0.11664444539032935
thanh8+𫽦,thanh8,0.047872353345155716,0.7986544526208176,0.11120980812741281
thanh8+𥶂,thanh8,0.06758636236190796,0.6628786790571213,0.09719274799305967
thanh8+𢠤,thanh8,0.07894396781921387,0.6860759496611358,0.10290197880911807
thanh8+𤁯,thanh8,0.062218353152275085,0.7179412044018378,0.08919230494125692
thanh8+󱝐,thanh8,0.08411361277103424,0.7101293039276827,0.11115957319527675
thanh8+𫴇,thanh8,0.07910062372684479,0.6359717912299315,0.10418556675698493
thanh8+𪣱,thanh8,0.07767760753631592,0.7427783452944491,0.09391264754667998
thanh8+𭉷,thanh8,0.08646619319915771,0.6485452855410873,0.07107341818597078
thanh8+󱰺,thanh8,0.07585588842630386,0.7063464157126614,0.16879940760481418
thanh8+󱚍,thanh8,0.07197419553995132,0.7431670711711754,0.08372644222750608
thanh8+𨄸,thanh8,0.06350304186344147,0.6428343287310185,0.13045391024963535
thanh8+婫,thanh8,0.06010499969124794,0.7997747079339691,0.14480747582985345
thanh8+𣱿,thanh8,0.07780721783638,0.8399203386007309,0.06982014110680124
thanh8+𡀬,thanh8,0.1266421228647232,0.6154796485682686,6.049557074124761
thanh8+𨊌,thanh8,0.08554071187973022,0.6162088185474159,0.1210874756272697
thanh8+𠴌,thanh8,0.059637486934661865,0.8272962909117623,0.06306895603918386
thanh8+𡕩,thanh8,0.07221771031618118,0.7267448039226649,0.1169736960945505
thanh8+𠼸,thanh8,0.056343916803598404,0.7789344867358065,0.10988520384344162
thanh8+󱛱,thanh8,0.04730526730418205,0.8237699730836456,0.08128574573262452
thanh8+㨫,thanh8,0.04903332144021988,0.839802477957791,0.09009795859210094
thanh8+𠶍,thanh8,0.0737033411860466,0.7724658961203059,0.10947115861101264
thanh8+𡌩,thanh8,0.06382119655609131,0.789002793803441,0.08254026474282672
thanh8+𠹌,thanh8,0.08446041494607925,0.5676461128372507,0.12943323228031944
thanh8+󱧘,thanh8,0.06533444672822952,0.7738375698225504,0.10277596646895942
thanh8+𧎠,thanh8,0.09926116466522217,0.7800170977194848,0.137148071837722
thanh8+𫡸,thanh8,0.07795809209346771,0.7205095859133079,0.11245690163127375
thanh8+󱲥,thanh8,0.06423135846853256,0.8212847301910217,0.09721690645626348
