stem,style,lpips,ssim,histogram_distance
thanh1+𣌌,thanh1,0.0886949747800827,0.6743235518364762,17.826858217263172
thanh1+𪢌,thanh1,0.10254290699958801,0.6170538298356365,0.09382906777085782
thanh1+𡎜,thanh1,0.06856686621904373,0.7540476188670058,0.10131736607394237
thanh1+󱞈,thanh1,0.08328129351139069,0.7395281157749708,0.10320163378220791
thanh1+𫼿,thanh1,0.07651627063751221,0.7311211642848453,0.14366828207047402
thanh1+󱢉,thanh1,0.07534375041723251,0.7347374891594967,0.09072608369929175
thanh1+𠴌,thanh1,0.10756909847259521,0.6302186277626473,0.11891781918165935
thanh1+󱢅,thanh1,0.07494976371526718,0.590945665811004,0.10801613795135663
thanh1+󱹻,thanh1,0.10086711496114731,0.5988674813012094,0.13520550397167497
thanh1+湳,thanh1,0.07325950264930725,0.7557195145785,0.09838264026717385
thanh1+𬧡,thanh1,0.09540748596191406,0.7641308456544956,0.12110003807080183
thanh1+󰮁,thanh1,0.06791272014379501,0.7097302694325515,0.14445830879756139
thanh1+𠸬,thanh1,0.08856286853551865,0.666593993276153,0.2047474866453314
thanh1+󱜺,thanh1,0.0964517816901207,0.6279127384503744,0.08644179943461829
thanh1+𫄋,thanh1,0.0719989538192749,0.7359306752214198,0.14828320426509753
thanh1+囄,thanh1,0.07415652275085449,0.6322753663389834,0.09005547336241514
thanh1+󱥯,thanh1,0.10966536402702332,0.48027481701419567,0.18593713068960083
thanh1+䓬,thanh1,0.06442852318286896,0.819583804190896,0.08385620007643785
thanh1+󱰍,thanh1,0.10588106513023376,0.4423075891329346,0.13778200447487896
thanh1+𡚝,thanh1,0.10332034528255463,0.5812803692708566,0.20154032330951588
thanh1+𤄷,thanh1,0.09986326843500137,0.7757642995803997,0.11881421373445183
thanh1+󱤚,thanh1,0.10448779165744781,0.6202294086446726,0.1554647612366501
thanh1+𢪭,thanh1,0.08581772446632385,0.7300281723971511,259.330282409507
thanh1+𫴇,thanh1,0.08234307169914246,0.6928557380254007,0.1435517286214267
thanh1+𠸫,thanh1,0.09278884530067444,0.642106802477323,70.23195425487987
thanh1+𬅷,thanh1,0.09313984215259552,0.6066034791102816,92.67484131036457
thanh1+𡎤,thanh1,0.10400153696537018,0.5305557405471516,0.17546419354444598
thanh1+󱊚,thanh1,0.08887208998203278,0.7135926334411429,0.0803247892147191
thanh1+𢀦,thanh1,0.07064436376094818,0.7130745772054288,0.11139473743549762
thanh1+𦨂,thanh1,0.08209262788295746,0.689672703972429,0.19878566953503504
thanh1+𨄮,thanh1,0.05757278949022293,0.6884049628063302,0.09973049436382715
thanh1+𧿯,thanh1,0.09510571509599686,0.7083400025948057,0.077948338718971
thanh1+󱰯,thanh1,0.08291572332382202,0.6998978961864104,0.09584267147640228
thanh1+󱮝,thanh1,0.1151769757270813,0.4913463476383513,0.25954388555285685
thanh1+𡅩,thanh1,0.13262279331684113,0.4204907085252799,0.1367726041098756
thanh1+󰄜,thanh1,0.09807364642620087,0.6209806592701168,0.1445726750779089
thanh1+𦨭,thanh1,0.055159758776426315,0.7298261918420597,0.0893270513332859
thanh1+𬄪,thanh1,0.07661586999893188,0.7685398247201259,0.15377423512044222
thanh1+󱜉,thanh1,0.0756380707025528,0.7169323174596365,0.2553342285886056
thanh1+󰂻,thanh1,0.11073434352874756,0.5748487796312708,0.08223922084526736
thanh1+󱟫,thanh1,0.0849999412894249,0.7318877978112314,0.1011067233299706
thanh1+𬮷,thanh1,0.11437449604272842,0.5737348718336348,0.3641755552465867
thanh1+𡮣,thanh1,0.11357573419809341,0.7457577909830937,0.1260750621581495
thanh1+󱧖,thanh1,0.11613225936889648,0.7091346292633445,0.07132838676993065
thanh1+㧪,thanh1,0.09035040438175201,0.5037073512784775,0.09853594930320865
thanh1+󱬔,thanh1,0.07313563674688339,0.5610033797766512,0.11275813213457392
thanh1+𪢊,thanh1,0.06448116898536682,0.7760310420568733,0.12405759350573568
thanh1+󰭂,thanh1,0.07145722955465317,0.7881001212624688,0.07023619735492889
thanh1+𢅄,thanh1,0.08069735765457153,0.5527169225749295,0.10732623914549198
thanh1+𥶱,thanh1,0.11095943301916122,0.5103993663541064,0.16163642436116518
thanh1+啲,thanh1,0.09080396592617035,0.5959592504933875,114.11273270760927
thanh1+𩯂,thanh1,0.093755342066288,0.6376636248076201,0.22786090215128163
thanh1+𩼁,thanh1,0.07067844271659851,0.7652593755079585,0.13711381823019222
thanh1+𫟌,thanh1,0.0979146659374237,0.6897252675791605,0.07158959792979076
thanh1+㗩,thanh1,0.13675709068775177,0.683054334622002,0.19956673342029038
thanh1+󱛍,thanh1,0.056580301374197006,0.7254776944952892,0.07264167280382948
thanh1+𫆮,thanh1,0.055429860949516296,0.7588972270510613,0.13931638401520288
thanh1+𪡿,thanh1,0.06534121185541153,0.7421367805527527,0.13990284530088481
thanh1+𢹊,thanh1,0.07937581837177277,0.7182855266569224,0.13102740697833068
thanh1+󰧙,thanh1,0.07131000608205795,0.7483740199320107,0.3203841543009592
thanh1+󱘧,thanh1,0.08868177980184555,0.4728448412869804,0.10122211756845657
thanh1+𦷬,thanh1,0.05553001910448074,0.7042353080429705,0.10253248892376843
thanh1+󱞕,thanh1,0.08572641015052795,0.5230292129738361,0.07723383223000178
thanh1+𠼸,thanh1,0.1056874543428421,0.5466590202146545,0.13355582123627308
thanh1+𤉓,thanh1,0.06600714474916458,0.7866341991153961,0.08626320759768352
thanh1+𤯱,thanh1,0.10501448810100555,0.6359575469495856,0.08162018069556297
thanh1+𧒅,thanh1,0.06421484798192978,0.7896231844258705,0.10288073841005574
thanh1+󱟉,thanh1,0.06911361217498779,0.6515634180828511,0.07775801483366074
thanh1+𡪦,thanh1,0.06582513451576233,0.7721366621394549,0.09555589070587638
thanh1+󰊫,thanh1,0.10934785008430481,0.5885268954604842,0.17863062181180026
thanh1+𪝅,thanh1,0.07239226996898651,0.7350791813380684,0.0939551046873592
thanh1+𫪎,thanh1,0.06739622354507446,0.7869990184333999,0.09882980325655223
thanh1+󱳴,thanh1,0.07132168114185333,0.6720617284022522,0.12741375915481531
thanh1+󰢽,thanh1,0.05049620568752289,0.8152611018825113,0.09546003101604199
thanh1+𩵾,thanh1,0.06670188158750534,0.7785543631580534,0.08891284706719337
thanh1+󱼓,thanh1,0.09154699742794037,0.7362984037203292,0.16503930235210557
thanh1+𫫜,thanh1,0.0929286926984787,0.6207665925441344,0.10476333652289331
thanh1+󰮯,thanh1,0.07851869612932205,0.7027790682567285,0.1244570637786615
thanh1+𡁝,thanh1,0.11406585574150085,0.6545645819209133,0.13194566700427374
thanh1+𠴭,thanh1,0.052660029381513596,0.796980698575575,0.2963470370437542
thanh1+󱫗,thanh1,0.09299567341804504,0.6388578154157679,4.394107828136211
thanh1+𪻋,thanh1,0.08329198509454727,0.6343996959287809,0.15010334430007524
thanh1+𬟻,thanh1,0.06464311480522156,0.7706484037195604,0.0823977153895158
thanh1+󰢣,thanh1,0.07777941226959229,0.7149691470831353,0.14017254425046546
thanh1+捠,thanh1,0.07260972261428833,0.7748094003213614,0.07497583863089745
thanh1+𪡎,thanh1,0.06599674373865128,0.6674449298036387,0.08889199844963924
thanh1+𡫶,thanh1,0.061484284698963165,0.7603004446499891,0.12363399242001338
thanh1+󱫠,thanh1,0.14112518727779388,0.4036187972756909,0.11305384630045208
thanh1+𰈏,thanh1,0.07654307782649994,0.7814397191276093,0.09293400199442424
thanh1+篵,thanh1,0.09431345760822296,0.5834840295003942,0.11987593961994103
thanh1+󰊎,thanh1,0.08917012810707092,0.5832634862738147,0.09259758536378247
thanh1+󱪢,thanh1,0.0700337141752243,0.6805607985127753,0.1540032081089835
thanh1+𡮛,thanh1,0.08705458045005798,0.7172568145111983,0.11527619385455833
thanh1+𨁟,thanh1,0.06755511462688446,0.7321503368126336,0.09541481013767195
thanh1+󱛹,thanh1,0.07353784143924713,0.7673507064680215,0.0871223548448115
thanh1+𫑺,thanh1,0.1303710788488388,0.5910868006768641,11.775592966623998
thanh1+𠶈,thanh1,0.08042013645172119,0.6242367561972557,0.08806459168309727
thanh1+𡎡,thanh1,0.061658091843128204,0.8198962558366053,0.08400612355842961
thanh1+󰼀,thanh1,0.0879761278629303,0.6492360399366339,0.18405719450382807
thanh1+󱟢,thanh1,0.08523312211036682,0.6167402529896884,0.09458572180634006
thanh1+𡄧,thanh1,0.13722258806228638,0.3894271328552805,2.3009406182103915
thanh1+󱦩,thanh1,0.09400681406259537,0.6520754774921198,0.16099753797958913
thanh1+󱥦,thanh1,0.09654911607503891,0.6834083797265236,0.20605662692058313
thanh1+𫪄,thanh1,0.07721514999866486,0.7537105010013483,0.07437259418961263
thanh1+𬡶,thanh1,0.09190189838409424,0.6388777667446569,1.2664480010891512
thanh1+󱩳,thanh1,0.10440707951784134,0.5719677459915122,0.08581170357954576
thanh1+𪭟,thanh1,0.1062377542257309,0.8124611230248953,13.968742935362627
thanh1+󱦯,thanh1,0.06047207489609718,0.7763569228742743,0.10946753589048346
thanh1+󱤠,thanh1,0.08001478761434555,0.739969824315616,0.09551790747607507
thanh1+󱝺,thanh1,0.12578460574150085,0.5758208326102303,6.670302893344822
thanh1+𢠤,thanh1,0.11226155608892441,0.4946117446557783,0.12290161828327582
thanh1+𫧟,thanh1,0.06446664780378342,0.7584154016542577,0.07494757100974607
thanh1+󱛪,thanh1,0.10562931001186371,0.5984430685239042,0.20133722279768418
thanh1+𤗹,thanh1,0.09471707046031952,0.6693178900076627,0.4091243786699177
thanh1+󱞻,thanh1,0.06897240877151489,0.7650127016824817,0.09797890107377571
thanh1+󰍱,thanh1,0.0728195309638977,0.7174110587358448,0.1337972556707358
thanh1+󰄼,thanh1,0.075037881731987,0.708844980563173,0.11833758731644127
thanh1+𫢶,thanh1,0.060769785195589066,0.8056889143744238,0.07386765414198808
thanh1+𦟏,thanh1,0.11019537597894669,0.35752412837401654,0.5905012140210317
thanh1+𪴉,thanh1,0.10473426431417465,0.5583606828686815,0.23707271160481072
thanh1+𧞣,thanh1,0.07667344063520432,0.7067343600047786,0.16014821473607815
thanh1+󱏛,thanh1,0.10103397071361542,0.6608125615310699,0.13759474814264094
thanh1+󱛳,thanh1,0.12791535258293152,0.6580133292640676,0.20979532654285074
thanh1+󱥑,thanh1,0.07641706615686417,0.6819661909714826,0.12044313746859603
thanh1+𠌊,thanh1,0.10478509962558746,0.5639180450774465,0.24490829771699993
thanh1+𫵊,thanh1,0.07584629952907562,0.6958596936531345,0.14059068237337238
thanh1+󱩻,thanh1,0.08739933371543884,0.6981501351580407,0.08652302266804611
thanh1+𪺇,thanh1,0.07860821485519409,0.6866261508050673,0.19668916388926483
thanh1+𡂉,thanh1,0.11689990013837814,0.6831717086845941,0.11597697151007808
thanh1+󰌋,thanh1,0.07698798924684525,0.6417851310564637,0.07595449118324966
thanh1+󱟠,thanh1,0.08855924010276794,0.7108886694344795,0.12894778811442578
thanh1+𡉎,thanh1,0.05980394408106804,0.8252675402460204,0.07652436850472588
thanh1+挒,thanh1,0.07492581754922867,0.7595753321811837,0.099677502692374
thanh1+㙘,thanh1,0.08006886392831802,0.5929187631322161,0.07585624961462047
thanh1+𧋅,thanh1,0.09103832393884659,0.7228910882896407,0.08365424468015464
thanh1+𪩥,thanh1,0.10516097396612167,0.6098391285350688,4.933401640819422
thanh1+󱭪,thanh1,0.09927785396575928,0.5915554851696513,0.1388230717427942
thanh1+𪥑,thanh1,0.08505824208259583,0.5493708417074366,0.10477862783008346
thanh1+𫛈,thanh1,0.11360551416873932,0.6066144369564251,0.19952978457726925
thanh1+󱡑,thanh1,0.08021173626184464,0.6983327131696754,0.10903794323511755
thanh1+𬆅,thanh1,0.05251293256878853,0.8322651116576167,0.0908968336179579
thanh1+𬖵,thanh1,0.07828512042760849,0.63247957028981,0.15346684478986972
thanh1+𰇵,thanh1,0.0672692134976387,0.7391124766188424,0.06894949562308406
thanh1+󰂛,thanh1,0.05999739468097687,0.7868985864639895,0.09000235435638011
thanh1+𪡱,thanh1,0.05363517999649048,0.7915639201114124,0.10734780498371484
thanh1+󱥪,thanh1,0.04714576154947281,0.8305385240100401,0.09834542189676454
thanh1+󱭷,thanh1,0.11737791448831558,0.5786173349675149,0.26443861516615197
thanh1+󱪎,thanh1,0.10114352405071259,0.7103014210999892,0.1361280684984513
thanh1+𠵴,thanh1,0.06690826267004013,0.813386259707483,0.08956789083392212
thanh1+󱰐,thanh1,0.09179035574197769,0.5615370396631694,0.1346706279182742
thanh1+󱚑,thanh1,0.08661814779043198,0.7729576757232691,0.10733884412858713
thanh1+󱝑,thanh1,0.07581920921802521,0.7479430954883479,0.07860870624722267
thanh1+𠶒,thanh1,0.11329872906208038,0.7796662114035224,0.10383440924862793
thanh1+󱝷,thanh1,0.10664236545562744,0.6375301880403972,0.1857958396248949
thanh1+󱛕,thanh1,0.06397907435894012,0.7688944506775801,0.11757836754013451
thanh1+𠷦,thanh1,0.07737510651350021,0.6707808545781584,0.09167404741566652
thanh1+󱦗,thanh1,0.12232985347509384,0.5697708379642626,0.18712735251785997
thanh1+𫧾,thanh1,0.10603868961334229,0.5571276365995463,0.118461957302653
thanh1+󱜲,thanh1,0.05630161985754967,0.7867181249182399,0.07811495378111843
thanh1+𢲠,thanh1,0.07977060973644257,0.7045858716066432,0.12795914079150048
thanh1+󱳒,thanh1,0.08389481902122498,0.6347062844058153,0.1476430237618469
thanh1+𪡈,thanh1,0.0646338015794754,0.8120953201874209,0.08543641709256207
thanh1+𬄹,thanh1,0.06934894621372223,0.7714919737835687,0.1221472190411496
thanh1+󱯠,thanh1,0.08483125269412994,0.6390682298920459,0.1517943179310627
thanh1+󱞟,thanh1,0.09299986064434052,0.556853091901688,0.14412855925740498
thanh1+𪤲,thanh1,0.071877621114254,0.6895410830048836,0.09190479168794984
thanh1+𬞰,thanh1,0.08986970782279968,0.6062648939874241,0.16616945716584286
thanh1+󱋠,thanh1,0.11812299489974976,0.5004262457285396,0.16491602636203026
thanh1+𬂨,thanh1,0.07037930935621262,0.7932508626226763,0.11122808039972666
thanh1+󱟱,thanh1,0.0926181972026825,0.7553192893985967,0.06083876410309421
thanh1+𢲾,thanh1,0.17167308926582336,0.5362268360210849,36.95252817519705
thanh1+󱰶,thanh1,0.09787507355213165,0.6487870436561014,0.1828294133117392
thanh1+󰮦,thanh1,0.10984544456005096,0.6454017836700647,0.20221136438606366
thanh1+𰈨,thanh1,0.07134608924388885,0.7559803020048556,0.1455365075740456
thanh1+𪖺,thanh1,0.11381693929433823,0.6257317711967073,0.33189449030360824
thanh1+󱝗,thanh1,0.10693684220314026,0.587216002481805,0.20183753618921318
thanh1+󰨑,thanh1,0.0773950070142746,0.7363747005939205,0.11767369095553908
thanh1+󰣡,thanh1,0.08551283925771713,0.7181177018940474,0.30145761220517503
thanh1+𠹰,thanh1,0.09348661452531815,0.5245004613100474,0.1890958866115988
thanh1+𫵞,thanh1,0.07931835949420929,0.7607063491866015,0.09286159579794284
thanh1+󱧨,thanh1,0.09789085388183594,0.6373200920317849,0.23199416019962013
thanh1+𪶩,thanh1,0.09121514856815338,0.7080580845944502,0.13071904957400318
thanh1+𡫐,thanh1,0.09636832028627396,0.6292756816694699,0.22264126652614924
thanh1+󱡴,thanh1,0.11360584199428558,0.5980117674983847,0.11002414335167997
thanh1+𡀲,thanh1,0.061673734337091446,0.7936276858153468,0.10057265013565127
thanh1+𦘱,thanh1,0.0658813938498497,0.8115682560183443,0.09402655603335146
thanh1+󱭘,thanh1,0.08944201469421387,0.6478570642401204,0.11558619309985983
thanh1+󱞀,thanh1,0.10317489504814148,0.5638600159330559,0.2661584321874492
thanh1+𪢠,thanh1,0.08113773167133331,0.6730803022130475,0.10268820968329317
thanh1+󰭠,thanh1,0.12031587958335876,0.541419793870127,0.20350257413019388
thanh1+󱛦,thanh1,0.07119334489107132,0.746310748974463,0.09495506008741623
thanh1+𪢒,thanh1,0.07322973757982254,0.6791239254071806,0.10806871243101857
thanh1+󱞄,thanh1,0.07890114188194275,0.6952103674257332,0.11663585368517337
thanh1+󱫟,thanh1,0.09988592565059662,0.6485543098131487,0.13536183352791087
thanh1+𩽈,thanh1,0.06010683625936508,0.6951939646177494,0.12720002478504708
thanh1+󱀰,thanh1,0.07617727667093277,0.7146375877869307,0.12451903413361043
thanh1+󱜴,thanh1,0.07303781807422638,0.8191990149876022,0.07638828104541645
thanh1+𠀿,thanh1,0.10773497819900513,0.5422649929316278,0.08026044655628417
thanh1+𣞄,thanh1,0.0926981195807457,0.7002717079062861,0.11842502504810049
thanh1+𪥘,thanh1,0.06675461679697037,0.6680363303416968,0.08161521158840916
thanh1+𭉷,thanh1,0.09249304980039597,0.6791627532682083,2.340019333958663
thanh1+𫔬,thanh1,0.07968532294034958,0.7430231713993246,0.14469333673696758
thanh1+𫴬,thanh1,0.0812816470861435,0.7029526179284568,0.08940645134221965
thanh1+󱥻,thanh1,0.07326575368642807,0.6315004809849278,0.11387571196869335
thanh1+󱟏,thanh1,0.12719863653182983,0.6462668705091966,3.0424699073780537
thanh1+𤬪,thanh1,0.06882242858409882,0.769355667910182,0.08126067243375487
thanh1+𬃴,thanh1,0.08417835831642151,0.6390582597083075,0.12232539878537614
thanh1+󱙴,thanh1,0.10264788568019867,0.7094572760475323,0.15113492789264787
thanh1+𤎓,thanh1,0.08086012303829193,0.6770885457336034,0.14456957677360446
thanh1+𪢡,thanh1,0.09077845513820648,0.6822897378898355,0.09825702906100187
thanh1+󱘡,thanh1,0.07088091224431992,0.7192159803013896,0.08469088480627353
thanh1+󱲝,thanh1,0.07467212527990341,0.7274355906705479,0.08457457231475927
thanh1+𬏻,thanh1,0.07068565487861633,0.6775921012674404,0.09945214848277861
thanh1+𫢖,thanh1,0.0985640212893486,0.5897366938611828,0.11153504349610029
thanh1+𫢧,thanh1,0.0798816978931427,0.7510004335425451,0.09129662313863436
thanh1+㖪,thanh1,0.04429899528622627,0.7792367138840998,0.09435280173217275
thanh1+𪾭,thanh1,0.09043470025062561,0.5604344263482123,0.09899988068265157
thanh1+𠼳,thanh1,0.07566293329000473,0.6946956415232045,0.6113506095534023
thanh1+𦞎,thanh1,0.06489104777574539,0.7879055089617806,0.09660395558886219
thanh1+󱟕,thanh1,0.061214156448841095,0.7339468433505079,0.12083751297398497
thanh1+𠾺,thanh1,0.0837860107421875,0.7474314018575179,0.12410625596561387
thanh1+󱞡,thanh1,0.0887196883559227,0.6103622933176933,0.1760810232222307
thanh1+𡄳,thanh1,0.07367632538080215,0.6442391904786038,0.12615357369845695
thanh1+𫫴,thanh1,0.06162359565496445,0.6543322215055519,0.10620911106862763
thanh1+󱘓,thanh1,0.14489996433258057,0.4990347026666821,0.1218200638324158
thanh1+󰜡,thanh1,0.06817455589771271,0.7768167063417094,0.08703613425181182
thanh1+󱍺,thanh1,0.10259944945573807,0.6103974038901687,0.07727631906880718
thanh1+𤋽,thanh1,0.059663861989974976,0.6919415845178165,0.08291514954400235
thanh1+󰴾,thanh1,0.07918766885995865,0.5784443222576873,0.11974982534116953
thanh1+󱢰,thanh1,0.07649838179349899,0.7528187957009468,0.13149284463909758
thanh1+𣋇,thanh1,0.08897075057029724,0.588290970684059,0.11801414187533181
thanh1+󰢔,thanh1,0.09853892773389816,0.6657960541369786,41.046204388760934
thanh1+㼫,thanh1,0.06491585075855255,0.7736939336490187,0.1249635329062088
thanh1+𪝪,thanh1,0.07864554226398468,0.672289160614322,0.14839632885863205
thanh1+𢰦,thanh1,0.0737779289484024,0.7498930648180078,0.10028779509729031
thanh1+󱢥,thanh1,0.09480072557926178,0.5533250038243588,0.2808558564942824
thanh1+𬈈,thanh1,0.1028817892074585,0.6156623962759334,0.16489055418459084
thanh1+󱗳,thanh1,0.08909229934215546,0.6970923004419564,0.10514851827601762
thanh1+󱼒,thanh1,0.08915597945451736,0.7004636860733998,0.17755493643281758
thanh1+𡏠,thanh1,0.06330244243144989,0.7400340980503901,0.14618774082210895
thanh1+󱟂,thanh1,0.11736059188842773,0.4350689864768248,63.85208688090472
thanh1+𭈖,thanh1,0.07215888798236847,0.7597548918439156,0.1404441004596969
thanh1+䐥,thanh1,0.0638393685221672,0.7551885621699722,0.12829345929914468
thanh1+𬓓,thanh1,0.09019589424133301,0.5375636785042087,0.20991738196274343
thanh1+󱞇,thanh1,0.0969996526837349,0.6602734418522686,0.20784198456840905
thanh1+𥙒,thanh1,0.10116696357727051,0.6850758616235739,0.13008254186402157
thanh1+𣛦,thanh1,0.08005335927009583,0.6890131959470639,0.1324514252330768
thanh1+𡚄,thanh1,0.07353703677654266,0.7553700608115796,0.12043695679343673
thanh1+𭰺,thanh1,0.08386071026325226,0.667881512946413,0.08601534231672493
thanh1+𡄫,thanh1,0.07083447277545929,0.7131789121004227,0.18075391705166485
thanh1+濧,thanh1,0.0991065576672554,0.6762665929816858,0.09005281792963554
thanh1+󱤈,thanh1,0.07928624749183655,0.766948645817281,0.1073728530130277
thanh1+󱬑,thanh1,0.08511490374803543,0.6913056381118962,0.20071350999535842
thanh1+󱰮,thanh1,0.06929529458284378,0.7176138614138099,0.11953229717456038
thanh1+𠶍,thanh1,0.06494909524917603,0.764471738375511,0.06974951642244784
thanh1+𨨨,thanh1,0.08175139129161835,0.6960088379636591,0.13115087857097008
thanh1+𡄡,thanh1,0.11605791747570038,0.46700478235083775,0.13656144507717047
thanh1+󱟲,thanh1,0.07318508625030518,0.7474482513127855,0.13790734972743882
thanh1+𥴙,thanh1,0.09182953834533691,0.6556167943923573,0.12002462267391996
thanh1+󰅬,thanh1,0.1149337887763977,0.5713159295149633,0.1428653322649922
thanh1+󰬥,thanh1,0.1151985451579094,0.6475970782953833,0.1716472794659578
thanh1+𬠥,thanh1,0.08843735605478287,0.5465729023418014,0.35674543090816696
thanh1+󱚕,thanh1,0.0742184966802597,0.7323782243839221,0.06945747517854156
thanh1+󱤗,thanh1,0.0883486345410347,0.7011421059582862,0.11009126429297549
thanh1+󱀄,thanh1,0.11106603592634201,0.6739273734321933,0.1638085324642852
thanh1+𬉌,thanh1,0.08617488294839859,0.6952841899844444,0.1063957667624017
thanh1+𤁯,thanh1,0.10138343274593353,0.6074113777139731,0.15723058299097564
thanh1+󰮡,thanh1,0.11731960624456406,0.38414698862629965,0.1205495733933623
thanh1+󱯗,thanh1,0.07390392571687698,0.7587161787935657,0.12910437799463312
thanh1+𤼞,thanh1,0.09511201083660126,0.46625382435540247,0.14974145210446332
thanh1+𪰰,thanh1,0.08302458375692368,0.7974454661871302,0.10191173690139493
thanh1+󱠑,thanh1,0.08693200349807739,0.6352691926970113,0.12874099956109672
thanh1+𤶹,thanh1,0.04216928035020828,0.809553596610264,0.09573880094015629
thanh1+𡅉,thanh1,0.10078652203083038,0.6732542540383997,0.14002336471338261
thanh1+𫣝,thanh1,0.06631703674793243,0.745188988735803,0.08025923937855065
thanh1+󱠠,thanh1,0.08476556092500687,0.6645110505568601,0.11658666427778326
thanh1+󱜖,thanh1,0.0753685012459755,0.745084938536088,0.07828715157223409
thanh1+󱦾,thanh1,0.08204953372478485,0.6946968362253467,0.12998332436685509
thanh1+𤲼,thanh1,0.06739373505115509,0.732899234927548,0.1256963637922803
thanh1+󰇵,thanh1,0.09195715188980103,0.5151132877812613,0.08771775391867521
thanh1+𤣡,thanh1,0.11783085763454437,0.6044773475614842,0.12604875778735355
thanh1+𡁽,thanh1,0.08967981487512589,0.6429619899985565,0.3560262383858184
thanh1+𡁚,thanh1,0.09899085760116577,0.6819062780203486,0.1524637715174553
thanh1+溒,thanh1,0.06606899201869965,0.7856567038889293,0.08660022037013763
thanh1+󱛺,thanh1,0.07907642424106598,0.6362576496507658,0.1866597355911672
thanh1+𦄆,thanh1,0.07056874781847,0.7952055152407639,0.08655528186863477
thanh1+𠼋,thanh1,0.08220665156841278,0.7837338472427173,0.11024063780818368
thanh1+𡑪,thanh1,0.06757869571447372,0.7900453703801876,0.11768824861940379
thanh1+𫫊,thanh1,0.05141567066311836,0.8088707007713882,0.08860291664792079
thanh1+𤻓,thanh1,0.12353795766830444,0.46867224906881677,8.424729526061592
thanh1+󱟟,thanh1,0.08760619908571243,0.6346182874695689,0.12022697809397885
thanh1+󰙅,thanh1,0.08215396851301193,0.6193294408560099,0.1508270983873168
thanh1+𠇕,thanh1,0.07709617912769318,0.7694703261408334,0.08104401989515063
thanh1+𫥸,thanh1,0.06031166762113571,0.7689264532265766,0.08553366543383728
thanh1+𪢷,thanh1,0.07199325412511826,0.7552307705007875,0.07083066250553124
thanh1+𪢍,thanh1,0.08167573064565659,0.6141800551650644,0.1091566458987192
thanh1+󰣿,thanh1,0.08436164259910583,0.7809626453443707,0.13577450501850918
thanh1+𠾬,thanh1,0.08326652646064758,0.687508165136551,0.09575691614424003
thanh1+𡓟,thanh1,0.08930756896734238,0.680570391335344,0.18596588164563688
thanh1+󱚰,thanh1,0.07467592507600784,0.7051488830770107,0.38910970030772746
thanh1+󱯈,thanh1,0.08726778626441956,0.7275690330458368,0.11700940927765117
thanh1+𠿀,thanh1,0.07319455593824387,0.7737515692998485,0.08859805835156982
thanh1+𦲼,thanh1,0.06877519190311432,0.7262903685332968,0.08897991360204803
thanh1+𨄿,thanh1,0.08279579132795334,0.6838587256488589,0.10957509517564527
thanh1+󱛴,thanh1,0.07740896940231323,0.6519299370551185,0.9575625928387432
thanh1+𣘊,thanh1,0.08991146832704544,0.4718136096599311,0.08659787377168558
thanh1+𫐹,thanh1,0.0873471274971962,0.7351102434995851,0.09060061473352615
thanh1+𬓛,thanh1,0.11103105545043945,0.5144459753738222,0.18714226645161924
thanh1+𠽙,thanh1,0.09639909863471985,0.6593834677932752,0.21147658002829592
thanh1+𠮨,thanh1,0.06354007124900818,0.8135559427122142,0.06598306778293933
thanh1+𬕳,thanh1,0.058064550161361694,0.7951700787248289,0.08709113788186822
thanh1+󱪱,thanh1,0.06893551349639893,0.6398740103533888,0.16261591052584135
thanh1+堹,thanh1,0.05815033242106438,0.7721175163154388,0.9951243106869465
thanh1+󱨨,thanh1,0.07793737202882767,0.5848951646582924,0.1015975136142258
thanh1+𠽂,thanh1,0.06722107529640198,0.7348439908085986,0.11556343709950191
thanh1+󱞴,thanh1,0.0629047080874443,0.7651089795963998,0.1032954105430512
thanh1+𫄉,thanh1,0.10990433394908905,0.6477838505505277,0.12602799735715023
thanh1+𠽇,thanh1,0.06897339969873428,0.7694450024200995,0.09000274660131986
thanh1+哖,thanh1,0.05019116401672363,0.8288365185935211,0.07729843749059229
thanh1+𥶂,thanh1,0.09715989232063293,0.7269662205359037,0.16426759771149674
thanh1+𠶂,thanh1,0.09459004551172256,0.7485957769121786,0.11053996050244781
thanh1+𦛲,thanh1,0.08745328336954117,0.5956668314700109,0.08341955144045145
thanh1+哠,thanh1,0.07731550186872482,0.7428540284911421,0.09437883656891659
thanh1+󱞔,thanh1,0.055819038301706314,0.8110814518026628,0.08549581600400069
thanh1+𠸯,thanh1,0.09384258836507797,0.694714530775413,58.7709812522316
thanh1+𦟑,thanh1,0.08929120004177094,0.7677616980893112,0.09907777910540767
thanh1+󱙥,thanh1,0.08625225722789764,0.5580365502165857,0.07959292256048746
thanh1+𪡴,thanh1,0.07134265452623367,0.7729511843019883,0.10728918267296905
thanh1+𬔽,thanh1,0.0985003113746643,0.5101693257310552,0.08306367474083502
thanh1+󱞙,thanh1,0.058883704245090485,0.7637223489318696,0.08389077415094526
thanh1+󱞾,thanh1,0.09325684607028961,0.7172010161949457,0.14890813718173307
thanh1+𣻢,thanh1,0.07218894362449646,0.7442373049411918,0.11044699163862033
thanh1+󰁐,thanh1,0.09781493246555328,0.7217366145170403,0.0818151412776534
thanh1+󱩩,thanh1,0.11693140864372253,0.5029834704701249,0.16347117444952888
thanh1+𪢤,thanh1,0.13461147248744965,0.6191287500323595,0.28214823522147886
thanh1+󱛑,thanh1,0.105106420814991,0.6307613672167249,0.13508910366884921
thanh1+𡌡,thanh1,0.11555569618940353,0.6286215474079621,0.11686379802687895
thanh1+󱛻,thanh1,0.07015936076641083,0.604080434911013,0.08826059767393722
thanh1+󱛣,thanh1,0.05464506894350052,0.705635545737777,0.08935151149616381
thanh1+󱯺,thanh1,0.11059638857841492,0.513130096891862,1.9390813392302697
thanh1+𩀳,thanh1,0.08299733698368073,0.6789706561898637,0.13741146755829733
thanh1+𥋲,thanh1,0.06957103312015533,0.7205625753255746,0.190878269687303
thanh1+󱜌,thanh1,0.07039636373519897,0.7819908249414932,0.0585958786721675
thanh1+𫭅,thanh1,0.11362195014953613,0.7398977540464835,0.4686650784518041
thanh1+󱅒,thanh1,0.11387689411640167,0.4953613582464841,0.24175593211129667
thanh1+𠜈,thanh1,0.08510762453079224,0.7353241561167351,0.08071074307799565
thanh1+𬊭,thanh1,0.06662539392709732,0.7745503460294975,0.08790787365667645
thanh1+㗴,thanh1,0.11156535148620605,0.3983532490636189,0.10619099619996775
thanh1+𡋦,thanh1,0.0810178741812706,0.7060476220693315,0.16005681637521282
thanh1+㙩,thanh1,0.062322501093149185,0.7939945787159495,0.1077922497023323
thanh1+𪢜,thanh1,0.06053777411580086,0.7766384318298599,0.11662333283370174
thanh1+󱚒,thanh1,0.0779542624950409,0.7203936498965434,0.24304372279356679
thanh1+󰬲,thanh1,0.09307406842708588,0.7198957076046847,0.2011592237467221
thanh1+󱛱,thanh1,0.12746229767799377,0.6840792128100437,0.6255073719729212
thanh1+󱝪,thanh1,0.09410712867975235,0.47685219164431997,0.15377054889007039
thanh1+𢯝,thanh1,0.11193589866161346,0.6107681798052549,0.11169012592453692
thanh1+󱥥,thanh1,0.0723467543721199,0.697983397101339,6.9558549890568075
thanh1+󰶅,thanh1,0.06503874808549881,0.7859716029751506,0.09792866169775642
thanh1+𫱞,thanh1,0.08137829601764679,0.7191649538203384,0.23896856953381695
thanh1+檤,thanh1,0.08614356070756912,0.735102104681603,0.14469982595397143
thanh1+𠱜,thanh1,0.09156197309494019,0.6417644348350984,0.09355050861165264
thanh1+󱞼,thanh1,0.11260637640953064,0.6735721851952249,0.17981107860444132
thanh1+󱙰,thanh1,0.08117746561765671,0.7168894396141453,0.1437176238106773
thanh1+鎫,thanh1,0.07867705821990967,0.6055483100743143,0.1056238764716609
thanh1+󱚂,thanh1,0.1266128122806549,0.6100500896307863,0.169512411737017
thanh1+𧌂,thanh1,0.07393620908260345,0.7885036571201072,0.08792168514335515
thanh1+𢠿,thanh1,0.09167372435331345,0.6162768190429606,37.9056885721091
thanh1+󱞆,thanh1,0.10136935114860535,0.6098354114875671,0.14917489900872316
thanh1+󱝖,thanh1,0.0886252373456955,0.7801488036650784,0.08624069066552548
thanh1+𦟋,thanh1,0.12351855635643005,0.4970821133597184,33.825009741946
thanh1+󱜆,thanh1,0.0867878645658493,0.7237627762290118,0.11821495570235285
thanh1+𡅍,thanh1,0.1096949651837349,0.656049525641539,0.1812296142430061
thanh1+󰯺,thanh1,0.08786337822675705,0.5933260675428874,0.12155543213294319
thanh1+𬈗,thanh1,0.06954268366098404,0.7565242001020743,0.07679741904830739
thanh1+𠳭,thanh1,0.05995616316795349,0.792182478389015,0.06711306405551554
thanh1+𮫷,thanh1,0.07757145166397095,0.6397516017523202,0.07734062993915301
thanh1+𠺼,thanh1,0.05125453323125839,0.7817391730681429,0.09677754681618884
thanh1+󱡉,thanh1,0.08054248988628387,0.6539613374344457,0.07947062862367112
thanh1+𠺺,thanh1,0.06300849467515945,0.8005777163308011,0.10110991314554085
thanh1+󰤴,thanh1,0.07279124855995178,0.8025257840876626,0.07772148875998199
thanh1+󰺼,thanh1,0.11575179547071457,0.47619871839749095,0.09408732482734077
thanh1+𬙛,thanh1,0.11583054810762405,0.5950160510978517,0.08374732903670895
thanh1+𡑭,thanh1,0.08636945486068726,0.7218354742965942,1.3322264919910456
thanh1+󱙌,thanh1,0.06968507170677185,0.7289793890585091,0.11164021309813384
thanh1+𠸄,thanh1,0.05722353234887123,0.7912039680103944,0.0748342776505263
thanh1+󱡰,thanh1,0.0915631651878357,0.7501742740640319,0.10684489519575795
thanh1+󱦙,thanh1,0.0714971125125885,0.6368252055122143,0.1301112821722369
thanh1+𠿸,thanh1,0.051686130464076996,0.7990866460789635,0.09652278220704553
thanh1+抋,thanh1,0.07665134966373444,0.7201477712675365,0.0865755296008497
thanh1+𫅲,thanh1,0.13505035638809204,0.5568867266714311,0.16749153959041152
thanh1+唥,thanh1,0.05475814640522003,0.8358826491184751,0.07499321941837163
thanh1+𩶽,thanh1,0.07413917034864426,0.6814441952959194,0.6828021654585409
thanh1+󱣂,thanh1,0.0670311227440834,0.6844366618951376,0.10375942911370377
thanh1+󱪚,thanh1,0.07508240640163422,0.5579275820754575,0.1366815226438715
thanh1+󱲥,thanh1,0.09749510139226913,0.7523219810746455,1.7256200594501827
thanh1+󱜝,thanh1,0.07312791049480438,0.8010285812463227,0.06489578432573893
thanh1+󱨇,thanh1,0.06838466227054596,0.748120775643967,0.08182106263853485
thanh1+𪡗,thanh1,0.05002909526228905,0.8129214534686523,0.0733198744441355
thanh1+󰧺,thanh1,0.13596424460411072,0.3809017671912744,0.11753260287321499
thanh1+𠿱,thanh1,0.06983643770217896,0.729592790679102,0.20024006045233542
thanh1+󱠰,thanh1,0.11139591038227081,0.6383341301221981,0.07927094742296557
thanh1+󱺂,thanh1,0.08650310337543488,0.6267649643875698,0.10581938177541929
thanh1+𮜲,thanh1,0.10386799275875092,0.5350127860372358,0.17857167223363044
thanh1+𩯁,thanh1,0.12842799723148346,0.5562637063158438,0.13364327725140512
thanh1+󱯛,thanh1,0.14631438255310059,0.7169999047269097,0.1412812550266851
thanh1+𠲏,thanh1,0.06449984759092331,0.791692128310048,0.06873894241431366
thanh1+󱝭,thanh1,0.08469312638044357,0.7551182681923707,0.08504986222585141
thanh1+𡀫,thanh1,0.08179546147584915,0.7893076984781755,0.09232224445037233
thanh1+󱞒,thanh1,0.12102769315242767,0.596021593651205,0.09908300458853779
thanh1+󱝞,thanh1,0.09023681282997131,0.6838234715725285,0.150424497107057
thanh1+󱞜,thanh1,0.10416862368583679,0.6688690330660839,0.18621232360392323
thanh1+󰸪,thanh1,0.08228696137666702,0.7779301010807772,0.090732794938245
thanh1+𫪀,thanh1,0.0732712373137474,0.7624116350414691,0.0785258491277505
thanh1+𪤻,thanh1,0.06642001867294312,0.6876448487963486,0.10207848418573938
thanh1+󱮺,thanh1,0.08960467576980591,0.6678547751467225,0.13482489671134804
thanh1+󱦐,thanh1,0.10671477764844894,0.49568113054016477,0.1650004059463052
thanh1+𭉆,thanh1,0.06268379092216492,0.8073843977994183,0.09714105519253285
thanh1+󱜫,thanh1,0.07027727365493774,0.7482351703110058,19.895027922215345
thanh1+𡃙,thanh1,0.060014501214027405,0.8099023366142539,0.08620583980520748
thanh1+󱡗,thanh1,0.06426036357879639,0.7130146642733051,0.11017862010296232
thanh1+朠,thanh1,0.08627430349588394,0.5658161454371916,0.5089297565191783
thanh1+𡃝,thanh1,0.06078550964593887,0.7961608898827047,0.07705434954774132
thanh1+󱜾,thanh1,0.06682644039392471,0.7458976909294639,0.08406426009587431
thanh1+󱚫,thanh1,0.0626618042588234,0.7162220403291693,0.07950276516586896
thanh1+󱞲,thanh1,0.08505533635616302,0.6753504334164302,0.16907561472817276
thanh1+󱟁,thanh1,0.06584791839122772,0.6483943643370591,0.11922619431500336
thanh1+󱫸,thanh1,0.0764801874756813,0.711307378352614,0.16380877930687573
thanh1+𫯝,thanh1,0.0970614030957222,0.6643791171703192,0.11773086186173413
thanh1+𧎠,thanh1,0.1555476188659668,0.4088118330966937,0.150405470266327
thanh1+㨲,thanh1,0.0930526852607727,0.6744757108862146,0.11755429401365076
thanh1+𪟤,thanh1,0.08053763955831528,0.6497238379666395,0.235887445324953
thanh1+󰙯,thanh1,0.09014642983675003,0.7250346067615571,0.07731915298724985
thanh1+𦩳,thanh1,0.0858861580491066,0.6979822322120045,0.21496060430794775
thanh1+𪢖,thanh1,0.0776340588927269,0.5762364051228415,0.09914269216480265
thanh1+󱢜,thanh1,0.1055271103978157,0.42547716991414875,0.1648338797971892
thanh1+󱓍,thanh1,0.12899671494960785,0.43132969433657903,0.13810054873689875
thanh1+𫪁,thanh1,0.06406363844871521,0.8010974443664893,0.07880406493662095
thanh1+𡀦,thanh1,0.08789846301078796,0.5732066485264791,3.5063180893905272
thanh1+󱛅,thanh1,0.07859604060649872,0.6031449654059163,0.38109477716850876
thanh1+󰏏,thanh1,0.08180475980043411,0.512782558876733,0.09020531348271889
thanh1+𦟟,thanh1,0.09350999444723129,0.5953393745618248,0.10865258380246523
thanh1+󱺃,thanh1,0.08437351137399673,0.7163085816349518,2.5052553957547503
thanh1+𢴎,thanh1,0.084311842918396,0.7883295003537155,0.11771175728372375
thanh1+󰌺,thanh1,0.056482549756765366,0.8176545553138937,0.08594126156470584
thanh1+𬗏,thanh1,0.09242327511310577,0.45959958377891386,0.10419027129504525
thanh1+𪡆,thanh1,0.06342610716819763,0.7896222039798504,0.09082360708967706
thanh1+󱟮,thanh1,0.07594877481460571,0.6793219040217205,0.10526518260260798
thanh1+󱫂,thanh1,0.08755764365196228,0.6827048849170555,0.1384079204303962
thanh1+󱝝,thanh1,0.08234808593988419,0.6085098877680435,0.08668228745750793
thanh1+󱹜,thanh1,0.1068292036652565,0.7166797617281861,0.09616970239294319
thanh1+󱝆,thanh1,0.08576800674200058,0.6815698987803882,0.08304442711558187
thanh1+󱞃,thanh1,0.08979420363903046,0.705299004885886,0.17960692464026018
thanh1+󱞁,thanh1,0.09106472134590149,0.5949054620051855,0.6563407653966987
thanh1+𫽦,thanh1,0.08819543570280075,0.7099730760743297,0.2111360802630794
thanh1+󱬧,thanh1,0.05337703600525856,0.7421825276229166,0.08243528964658196
thanh1+󰃧,thanh1,0.08413144946098328,0.7509013769761834,0.12178495687739643
thanh1+𧍆,thanh1,0.07243819534778595,0.7630368111545608,0.1433738120318002
thanh1+湨,thanh1,0.13286179304122925,0.6768421329946783,31.189892266476622
thanh1+󱰖,thanh1,0.11585021764039993,0.48752154545508725,0.24577516233217409
thanh1+󱜶,thanh1,0.04222753643989563,0.7986368009462541,0.09335479616227567
thanh1+𨂚,thanh1,0.08296460658311844,0.6349005210371867,0.08101552473322378
thanh1+󱮮,thanh1,0.11940158158540726,0.6173141050225552,0.109988698969263
thanh1+󱨈,thanh1,0.08719757944345474,0.6806877975686048,0.12313508133732876
thanh1+𡃜,thanh1,0.07434061169624329,0.7393286195027056,0.0873846374930274
thanh1+𡃳,thanh1,0.17656560242176056,0.5558071307789031,1.0366907499634175
thanh1+󱞽,thanh1,0.08597728610038757,0.7195796212509924,0.17772380809218677
thanh1+󱘰,thanh1,0.10820171236991882,0.6021412084955509,0.38247099718239325
thanh1+𪡦,thanh1,0.06567077338695526,0.7079489735306504,0.07809474159578449
thanh1+𡮥,thanh1,0.13348864018917084,0.5568457362833554,0.34173768241920005
thanh1+𪿀,thanh1,0.07479934394359589,0.6181664309479962,0.12045876145265418
thanh1+󱬊,thanh1,0.0875057578086853,0.6311185127204361,0.20336570136655854
thanh1+𤄮,thanh1,0.08855985850095749,0.7308442344438121,0.1630053674508752
thanh1+󱛲,thanh1,0.07409834861755371,0.7341400301291582,0.09143247996591448
thanh1+𡞗,thanh1,0.06412752717733383,0.8261438796842727,0.08982867107280552
thanh1+𡓾,thanh1,0.13111871480941772,0.6896244948860764,0.12861007592418222
thanh1+㨫,thanh1,0.07291130721569061,0.754088716155112,0.10355820771717318
thanh1+󱟪,thanh1,0.12054898589849472,0.5529388154910523,0.0910391688949671
thanh1+󱩛,thanh1,0.06858526915311813,0.7311769323511784,0.3945785696732984
thanh1+𪣱,thanh1,0.09940822422504425,0.5844592976280115,0.091822655989319
thanh1+󱯑,thanh1,0.10955339670181274,0.6919644951732964,0.08592332949538983
thanh1+𤳧,thanh1,0.08189931511878967,0.7739356377710462,0.11744722358592437
thanh1+𥵉,thanh1,0.10015024244785309,0.5868180238643383,0.11719891212265539
thanh1+𠲃,thanh1,0.07355355471372604,0.8117740873955004,0.07549758649585081
thanh1+󱦅,thanh1,0.12335137277841568,0.43355371774912393,0.09317033970877829
thanh1+鮗,thanh1,0.10464729368686676,0.6030455595552389,0.15278197054495699
thanh1+󱥓,thanh1,0.044323720037937164,0.7912665065912494,0.11061311840063287
thanh1+𦿄,thanh1,0.05737148970365524,0.8085945697368861,0.09403106285814895
thanh1+󱞦,thanh1,0.07802161574363708,0.5620834329748271,0.14528719371520618
thanh1+𠸽,thanh1,0.08343253284692764,0.681766398078679,0.16352019303577323
thanh1+𡮺,thanh1,0.11131572723388672,0.6132945988901504,0.2612287151462775
thanh1+𡔒,thanh1,0.12741954624652863,0.7137518806894331,0.18039501927810384
thanh1+󱣗,thanh1,0.08955852687358856,0.7176345347845935,0.20349565803216282
thanh1+𡁞,thanh1,0.08711937069892883,0.7593535694232091,0.11284100262477359
thanh1+𩝻,thanh1,0.07292558252811432,0.5847920098358337,0.09166263543821662
thanh1+󱰭,thanh1,0.09002754092216492,0.5998330722739073,0.14876492506857464
thanh1+󱞅,thanh1,0.11091383546590805,0.5503991583096302,0.11996724877049342
thanh1+󱣶,thanh1,0.11338180303573608,0.5347432592956618,0.11985113033963128
thanh1+𥭑,thanh1,0.10504493862390518,0.46969982541044175,0.08973349949496738
thanh1+𠸙,thanh1,0.07459206134080887,0.7191990589258292,0.10658483092016462
thanh1+󱣆,thanh1,0.10478609055280685,0.57599214899526,34.70334841380612
thanh1+󰞘,thanh1,0.07975005358457565,0.8038036462471473,0.06632851629363655
thanh1+󱠼,thanh1,0.07902669161558151,0.7145923828886066,0.08298599782219235
thanh1+𩠱,thanh1,0.1326970010995865,0.6333186697471866,0.24193910969140883
thanh1+𡡇,thanh1,0.07247395813465118,0.7281586945344068,0.10066722776258157
thanh1+𪸄,thanh1,0.1169399619102478,0.49939282678000957,0.1360304452689642
thanh1+𨅞,thanh1,0.09460466355085373,0.6631213658732101,0.44640110492644863
thanh1+𠿁,thanh1,0.05519472435116768,0.8187183532243875,0.09143556463656176
thanh1+𤏦,thanh1,0.08317550271749496,0.6758237394058829,0.07488103543336742
thanh1+𫊬,thanh1,0.05936843901872635,0.73716436168804,0.08692530384965175
thanh1+󰢜,thanh1,0.06752721220254898,0.7412326509040891,0.13755183883781166
thanh1+󱟈,thanh1,0.0872543528676033,0.6886089230371695,0.08058580405271469
thanh1+󱹽,thanh1,0.0804220661520958,0.7119583348795115,0.0956307776545912
thanh1+婫,thanh1,0.0515897311270237,0.8137656281197437,0.084069032937309
thanh1+𡉁,thanh1,0.04986503720283508,0.8046122510683403,0.08641549824022794
thanh1+𥐨,thanh1,0.08840438723564148,0.7038788932054388,0.1788705503488186
thanh1+𡓯,thanh1,0.10410214215517044,0.647002453565064,3.0873012776527435
thanh1+𤊤,thanh1,0.06249400973320007,0.6987150538274145,0.11452884919828991
thanh1+𥴘,thanh1,0.07964949309825897,0.7293715709265387,0.16661500068840915
thanh1+𠶊,thanh1,0.05589396879076958,0.7764228356178962,0.08137087063460428
thanh1+𠅐,thanh1,0.09608640521764755,0.7295117983906487,0.16658781711911433
thanh1+𫬠,thanh1,0.09037234634160995,0.6771063644249913,0.13372334457641075
thanh1+󱟎,thanh1,0.09146129339933395,0.5029736681501336,0.18205153486210637
thanh1+󱷿,thanh1,0.07314760982990265,0.7023365848589453,102.62440642177211
thanh1+󱦪,thanh1,0.11968570947647095,0.5754860390291667,0.24601973637924215
thanh1+𠮙,thanh1,0.07736708223819733,0.8291453155185352,0.06234983724512965
thanh1+󱓦,thanh1,0.07400830090045929,0.7366666604256012,0.14559478103291468
thanh1+󱹓,thanh1,0.1131293848156929,0.6982648651250444,0.14266743107608928
thanh1+娫,thanh1,0.08336810022592545,0.62739816197615,0.1943301314553004
thanh1+󱖧,thanh1,0.10112408548593521,0.6370236969500702,0.26455070446372053
thanh1+𫰄,thanh1,0.09208137542009354,0.530797814855968,0.1215609114483495
thanh1+𫏙,thanh1,0.0849001482129097,0.6165816038232494,0.119960530111753
thanh1+󰐨,thanh1,0.09326659888029099,0.7348631530900313,0.09340261431211494
thanh1+󱝻,thanh1,0.12862615287303925,0.585469629994509,16.94906130739604
thanh1+󱝢,thanh1,0.06307975947856903,0.755701071150978,0.11560940126360568
thanh1+󱠱,thanh1,0.08068806678056717,0.6250627506170708,0.11564620098879459
thanh1+󱢏,thanh1,0.1350831836462021,0.6452286251560945,0.16636346659938253
thanh1+󱓇,thanh1,0.08384180814027786,0.7542107946558739,0.12772472986259856
thanh1+𠏠,thanh1,0.0640001893043518,0.7928369797758561,0.11451706054597192
thanh1+󱲗,thanh1,0.06853608042001724,0.6983144436109336,0.11045780625106962
thanh1+𥾸,thanh1,0.06643229722976685,0.7573761773312914,0.13478435159815413
thanh1+𭡏,thanh1,0.08774993568658829,0.7524355153711226,0.08396040997533372
thanh1+偖,thanh1,0.06826171278953552,0.7324242520261629,0.09873260236613875
thanh1+󱛥,thanh1,0.0873725637793541,0.647315377536592,0.09040729603070304
thanh1+󱟹,thanh1,0.11354980617761612,0.6026234902040937,0.23874562562825274
thanh1+󱝟,thanh1,0.08537334203720093,0.7096513970955552,0.13899989986849362
thanh1+󱜷,thanh1,0.07649198919534683,0.6844896338557868,0.10992699375542975
thanh1+󱫴,thanh1,0.07614312320947647,0.6478861374191469,0.16703474266158913
thanh1+𢙬,thanh1,0.08870933949947357,0.6248031591530447,0.1857575364589764
thanh1+󱟬,thanh1,0.10573462396860123,0.7010055086242892,0.08942296398521075
thanh1+󱳭,thanh1,0.1008291244506836,0.5435419117285418,0.1640022919845401
thanh1+󱬻,thanh1,0.08040659874677658,0.7529678138303242,0.12695933496800355
thanh1+𠲜,thanh1,0.07151345908641815,0.7149903691386712,0.10074094461530414
thanh1+󰌗,thanh1,0.06620115041732788,0.7268863980991582,0.12032094047212144
thanh1+𨆷,thanh1,0.10191614925861359,0.6149596171978353,0.18470157253275543
thanh1+𠻉,thanh1,0.0952763631939888,0.7165050599940818,0.23675460905077883
thanh1+𠷯,thanh1,0.08043557405471802,0.7094219773494559,0.09049204969356184
thanh1+𡦫,thanh1,0.09207527339458466,0.6537226015657485,0.19092327661907635
thanh1+󱝫,thanh1,0.1251775175333023,0.7070294182364926,0.11119760581674148
thanh1+𪣠,thanh1,0.07461904734373093,0.7937536466375915,0.08887614637272045
thanh1+𠴹,thanh1,0.09061829745769501,0.6192492919203748,0.08850976349943306
thanh1+󱳦,thanh1,0.07836071401834488,0.7268847432604265,0.08177836547774586
thanh1+𢵻,thanh1,0.07736044377088547,0.7449211452252462,0.08634963542478323
thanh1+𧋸,thanh1,0.0819607749581337,0.7386592987199156,0.1640884515804749
thanh1+𬕻,thanh1,0.08040539920330048,0.6972235564861512,0.12916249074437028
thanh1+𪶵,thanh1,0.09082061797380447,0.6174658343059826,0.08344709680337403
thanh1+𧜗,thanh1,0.08338065445423126,0.6625376933498947,0.08527017602115126
thanh1+𬊐,thanh1,0.08126164972782135,0.7059526938558788,0.13117466826790639
thanh1+𡁎,thanh1,0.0862378403544426,0.7011984674141264,0.0977859936216728
thanh1+󱩗,thanh1,0.09767977893352509,0.762175562123589,0.0829533520739067
thanh1+𭈙,thanh1,0.07264545559883118,0.8016171668440607,0.1092684222217372
thanh1+𡁼,thanh1,0.058810845017433167,0.7830120753388918,0.08117938213199537
thanh1+󱫳,thanh1,0.08663426339626312,0.699064617740993,0.13855204935598717
thanh1+𡅑,thanh1,0.06824266910552979,0.6452099147413818,0.10659190573671255
thanh1+埨,thanh1,0.07097367942333221,0.7846204963464731,0.08270325204155259
thanh1+𢶽,thanh1,0.08880333602428436,0.6764301373389269,0.12398810736572839
thanh1+󱠡,thanh1,0.12861411273479462,0.5313348737292308,0.17792218846603966
thanh1+𡂷,thanh1,0.08884889632463455,0.7264322143566659,0.17076067539385673
thanh1+󱝙,thanh1,0.06817259639501572,0.7646187419191136,0.0802536692514307
thanh1+󰮃,thanh1,0.08319950103759766,0.7445789760244472,0.11302603411802763
thanh1+𰓖,thanh1,0.07816963642835617,0.7307457254046368,0.11227596998528015
thanh1+鏙,thanh1,0.09752790629863739,0.6664662253422001,0.16844515328839763
thanh1+󱰪,thanh1,0.07321285456418991,0.7181103676962315,0.12721251622934618
thanh1+󱥄,thanh1,0.0752016082406044,0.7129927456919815,0.11674470143630515
thanh1+㗌,thanh1,0.061856646090745926,0.7737364371957202,0.25527420113954485
thanh1+󱦡,thanh1,0.0862492024898529,0.7365444225838563,0.18496444375616675
thanh1+胋,thanh1,0.0748668760061264,0.7537375712532834,0.13413827529560512
thanh1+𠾲,thanh1,0.08383984118700027,0.7431629600060354,5.225891029002579
thanh1+啩,thanh1,0.06640531867742538,0.7966957905997486,0.08241941034343951
thanh1+壉,thanh1,0.08309274911880493,0.6857683835777003,0.10375186279655703
thanh1+𢹾,thanh1,0.08320766687393188,0.6669023371024909,0.11047848295677624
thanh1+󱙷,thanh1,0.07170483469963074,0.7411862964914245,0.08346814177362201
thanh1+𬏇,thanh1,0.0659889280796051,0.8132301831878948,0.09050593200921118
thanh1+𪢘,thanh1,0.07667401432991028,0.7131509791909794,0.14643449428698405
thanh1+󰛈,thanh1,0.09322407096624374,0.6608333733330459,0.1063168840999927
thanh1+󱚚,thanh1,0.11534608900547028,0.6081038349607718,0.257733964549464
thanh1+󱩸,thanh1,0.09514865279197693,0.7263929397815853,0.09729183394861653
thanh1+𤁔,thanh1,0.1255023330450058,0.537679030017208,0.15525838643280257
thanh1+󱉲,thanh1,0.10256442427635193,0.5626014022715641,0.2086420858813917
thanh1+󱚴,thanh1,0.06492085009813309,0.6877739595971814,0.12555645677179073
thanh1+𠽏,thanh1,0.08012499660253525,0.7280485468483664,0.14531226001152586
thanh1+𪡽,thanh1,0.1052301749587059,0.6259326787032999,0.1080838763668131
thanh1+󱛢,thanh1,0.09406189620494843,0.6865501417065961,0.12707470827411146
thanh1+𭋙,thanh1,0.07282937318086624,0.7393427471951096,0.08145989976929875
thanh1+𪞀,thanh1,0.07682113349437714,0.7619837713044266,0.09534684663703767
thanh1+𪂱,thanh1,0.07718242704868317,0.7758657268568324,0.16964662770370445
thanh1+𣕞,thanh1,0.05866469442844391,0.7555991060225783,0.09661679105893932
thanh1+󱰤,thanh1,0.09794927388429642,0.4182626772929178,0.20303050126350586
thanh1+󰙘,thanh1,0.08353967219591141,0.6014516539190659,0.09937110372615254
thanh1+󱚇,thanh1,0.08843721449375153,0.6131268712688764,0.11795316071218372
thanh1+𡏯,thanh1,0.06880830228328705,0.7275939638289655,0.16044069935634475
thanh1+鯑,thanh1,0.09359423816204071,0.6727667867386317,2.1298716311271693
thanh1+󱡄,thanh1,0.09568579494953156,0.5650159332181952,0.1260284401072226
thanh1+𫬱,thanh1,0.054416950792074203,0.7940633573168773,0.11134164862326627
thanh1+󱟛,thanh1,0.09570995718240738,0.6683410796561281,0.09514901524390157
thanh1+󰺥,thanh1,0.11647631227970123,0.6240996059594796,0.14027281326090388
thanh1+𡅫,thanh1,0.12133150547742844,0.44994204548080746,0.24407468773196958
thanh1+𫮒,thanh1,0.08107804507017136,0.6702478817814362,0.22101284659529044
thanh1+𠲹,thanh1,0.127232164144516,0.6353142520129214,0.10603658313718928
thanh1+󱜈,thanh1,0.06807061284780502,0.7187113614342509,0.09687131577286333
thanh1+󱹪,thanh1,0.11207759380340576,0.5275343438417063,0.20260281189319684
thanh1+𣛤,thanh1,0.07683220505714417,0.6108490207211162,0.12994881558930452
thanh1+𪱴,thanh1,0.09313510358333588,0.6218649934249495,0.08386316626637937
thanh1+㗶,thanh1,0.056509505957365036,0.7829876071666763,0.11376123591697707
thanh1+𡚎,thanh1,0.07058915495872498,0.6811543871338382,0.10295605069401365
thanh1+󱧀,thanh1,0.10749122500419617,0.6487506860111225,0.097744186265131
thanh1+󱛽,thanh1,0.06405667960643768,0.7660341832768939,0.08986397940954839
thanh1+󱙤,thanh1,0.08640239387750626,0.7396863874794288,0.07433081185296729
thanh1+𡮨,thanh1,0.10914208739995956,0.5124963715840832,0.19711171704890293
thanh1+𠷥,thanh1,0.07610634714365005,0.7174955609474214,0.07166317654792444
thanh1+𨪷,thanh1,0.09047013521194458,0.5995725813729665,0.15186198443190416
thanh1+󱬎,thanh1,0.08600305020809174,0.6820678090552781,0.13562786880589991
thanh1+𬖩,thanh1,0.13187237083911896,0.6172752912414495,0.16054710002563588
thanh1+𪥾,thanh1,0.10498206317424774,0.5695997207515775,0.09036574604459258
thanh1+󱬐,thanh1,0.10076893866062164,0.578671744843744,0.11165226320540529
thanh1+󱙭,thanh1,0.09677695482969284,0.7348239744309214,0.15192906710344267
thanh1+𢪥,thanh1,0.05326962098479271,0.7727204364540283,0.09401538956157489
thanh1+󱟨,thanh1,0.10868131369352341,0.5589157080807811,0.12953091191436156
thanh1+𫉎,thanh1,0.0660218745470047,0.7215900463516873,0.11224904487410693
thanh1+󰬽,thanh1,0.0669238418340683,0.7642997562270331,0.09790611254840718
thanh1+𪧺,thanh1,0.0799231007695198,0.7697270579398903,0.10962152154622425
thanh1+󰠎,thanh1,0.0880289077758789,0.7895147221824023,0.11107365246513971
thanh1+𫉩,thanh1,0.058329541236162186,0.7830000178415112,0.09376301869057713
thanh1+󱝘,thanh1,0.09748290479183197,0.7704598901885862,0.35699691418940005
thanh1+󱋣,thanh1,0.1154082715511322,0.533969205961183,0.14658704002580503
thanh1+𰦫,thanh1,0.06901755928993225,0.7488682678960377,0.11989548057699656
thanh1+𠹖,thanh1,0.10019455850124359,0.697108709492572,0.08615033960203577
thanh1+󱦋,thanh1,0.07025761157274246,0.7081175548644945,0.10672062435104575
thanh1+󰛺,thanh1,0.06958779692649841,0.795841281584993,0.11629566473184345
thanh1+𫇿,thanh1,0.14491865038871765,0.49917484107242815,0.09112966341995214
thanh1+󰝅,thanh1,0.11453022062778473,0.620317913232686,0.2107101527569557
thanh1+𮤭,thanh1,0.11256298422813416,0.699469043262944,0.10650977873212908
thanh1+󱱀,thanh1,0.09892696142196655,0.6322544877594326,0.09964393884253671
thanh1+󱩫,thanh1,0.11033854633569717,0.6842713098053254,0.14879386392592592
thanh1+󰥉,thanh1,0.08214840292930603,0.6783859259496399,0.12963308370040985
thanh1+󱚍,thanh1,0.10257553309202194,0.64873556415928,0.12203920014428778
thanh1+㘢,thanh1,0.14422573149204254,0.6520415318454692,0.42577336440189645
thanh1+󱩬,thanh1,0.08583367615938187,0.6043692467017484,0.10782998795057093
thanh1+𫪌,thanh1,0.08329880237579346,0.6305498418014133,0.10682724780469721
thanh1+𦀌,thanh1,0.05044696480035782,0.7889304489251312,0.07559249862022287
thanh1+󰢷,thanh1,0.07593302428722382,0.7341266914168467,0.11977213764143685
thanh1+󱚭,thanh1,0.0649174153804779,0.7602120638420569,0.13060249683895345
thanh1+𫅰,thanh1,0.13177093863487244,0.32990173504895876,1.0065393540764942
thanh1+󱟦,thanh1,0.07667335122823715,0.5177045931508371,0.14138676102469008
thanh1+󱰚,thanh1,0.11386672407388687,0.3825622438839447,0.27187702415902465
thanh1+󱤾,thanh1,0.09306086599826813,0.6996722960140688,0.13956209440159514
thanh1+䀭,thanh1,0.07687175273895264,0.775731776434817,0.13158192588328518
thanh1+󱞿,thanh1,0.12004716694355011,0.5847294058864472,1.6418974413253669
thanh1+𡜒,thanh1,0.08435391634702682,0.49426977650689713,0.0938489142785776
thanh1+󱝂,thanh1,0.07807929813861847,0.7637236781057966,0.0787667782478542
thanh1+𠴇,thanh1,0.07342733442783356,0.6822250554636125,0.078002697576729
thanh1+𦟖,thanh1,0.08300946652889252,0.7271765644611312,0.10947671904869412
thanh1+𬏖,thanh1,0.06931088119745255,0.7232282535630162,0.1358107316687481
thanh1+𡐮,thanh1,0.05679173767566681,0.7838503693628447,0.11966709144062304
thanh1+𣎞,thanh1,0.10176999866962433,0.5486882987340825,2.2537080488889933
thanh1+󱯄,thanh1,0.08205228298902512,0.6866899965616183,0.21465603983411574
thanh1+󱹙,thanh1,0.06362084299325943,0.7501305239075282,0.1344172751777933
thanh1+噃,thanh1,0.09545950591564178,0.7206245606975903,0.08021025483027958
thanh1+圚,thanh1,0.09439443051815033,0.6511931533043258,0.127195541752424
thanh1+𫯲,thanh1,0.06776227802038193,0.7193663205699231,0.10048828210239176
thanh1+󱙉,thanh1,0.08133060485124588,0.7243301751814573,6.705408216063813
thanh1+𪤽,thanh1,0.07661405205726624,0.7670105454721888,0.12458802384874253
thanh1+𡝦,thanh1,0.09269680082798004,0.5868285222184321,0.12029652690117544
thanh1+堒,thanh1,0.08401180803775787,0.5428038570970456,0.09494560082565388
thanh1+𪸝,thanh1,0.05593903735280037,0.8256852978223277,0.07346283508208167
thanh1+󱋃,thanh1,0.04875951632857323,0.817986380374374,0.0847785640923585
thanh1+㖵,thanh1,0.08356137573719025,0.8023753661377155,0.0926827454636072
thanh1+󱫷,thanh1,0.05791949853301048,0.7919616109787609,0.08215938339189988
thanh1+㖕,thanh1,0.08166921138763428,0.6787566019013332,0.07775827650967032
thanh1+󱞳,thanh1,0.06574350595474243,0.706504933174432,0.07281484442518815
thanh1+𫼰,thanh1,0.057004839181900024,0.69495415428426,0.08399902931481851
thanh1+󱝸,thanh1,0.07324827462434769,0.6790133436764054,0.09296093373884166
thanh1+𪺛,thanh1,0.10395145416259766,0.5964525271484294,0.08331760387837504
thanh1+𫮲,thanh1,0.09646229445934296,0.6942777852930148,0.15988270558865023
thanh1+𡖡,thanh1,0.05047169327735901,0.8467361003161119,0.08817317650441114
thanh1+󱲰,thanh1,0.11562946438789368,0.5695384056407189,0.16743024433758827
thanh1+󱙵,thanh1,0.08404526114463806,0.6693832422314953,0.18045411027072686
thanh1+󱯏,thanh1,0.07728258520364761,0.576576167227598,0.14405479327199008
thanh1+󰋓,thanh1,0.10832639783620834,0.6689805387674578,0.1924950574665356
thanh1+𨪪,thanh1,0.06696973741054535,0.7668890872095397,0.09471360421962575
thanh1+𫕹,thanh1,0.06283009797334671,0.8099496031550456,0.09239204906799074
thanh1+𩠸,thanh1,0.0830778256058693,0.6854314947478402,0.19368819972438278
thanh1+𬕌,thanh1,0.08508215099573135,0.6750848160873948,0.1112691132560455
thanh1+𠷇,thanh1,0.07604087889194489,0.7348549499357263,0.13335214232171086
thanh1+󱬺,thanh1,0.09036044776439667,0.623469490794321,0.14767505506326892
thanh1+㗭,thanh1,0.06978334486484528,0.7819166767617426,0.0995448606875895
thanh1+󱚛,thanh1,0.118304044008255,0.5403354336043452,0.15129923055270075
thanh1+󱟜,thanh1,0.08740410953760147,0.6644535747063822,80.33786296810281
thanh1+𡃖,thanh1,0.12399657070636749,0.4142479862141309,88.83271104127539
thanh1+𡗅,thanh1,0.1265886276960373,0.4955320210917588,0.18539850368765173
thanh1+𠹍,thanh1,0.073288694024086,0.7830731543250283,0.09083329235769048
thanh1+󰭔,thanh1,0.07709622383117676,0.6706786038397452,0.06942695493909651
thanh1+𫥿,thanh1,0.06372091919183731,0.6589227819178307,0.1100433965568199
thanh1+󰝎,thanh1,0.07148387283086777,0.7343760852669619,0.10467357327250883
thanh1+󱹺,thanh1,0.057749953120946884,0.7678441503664513,0.07869421910214149
thanh1+𠻅,thanh1,0.08506876230239868,0.7041138223567782,0.15266714207348728
thanh1+𢶹,thanh1,0.06341198831796646,0.7525948522449735,0.10797813600271632
thanh1+󱱣,thanh1,0.12039216607809067,0.5761685426520641,0.13272164774991765
thanh1+󱝧,thanh1,0.07700452208518982,0.6223330974036861,0.15242246133345672
thanh1+𡎔,thanh1,0.0660136267542839,0.7018095729811864,0.28023242580645114
thanh1+𢷰,thanh1,0.08298718184232712,0.6962649947903717,0.1851050306924863
thanh1+𭈒,thanh1,0.09946778416633606,0.5257061588484202,0.08478007959704514
thanh1+󰛕,thanh1,0.0936368778347969,0.5967900060285738,0.14445957898185127
thanh1+󱛵,thanh1,0.07245627790689468,0.7253550059310722,0.11684627717628344
thanh1+󱳪,thanh1,0.10838156193494797,0.7170994257501022,0.11915188566385637
thanh1+𢢈,thanh1,0.07009590417146683,0.742953807596993,0.1290557869246083
thanh1+𪮽,thanh1,0.10338859260082245,0.7034127939657808,0.1271589523090946
thanh1+󱝐,thanh1,0.07181379199028015,0.7391495307517676,0.07926099814155303
thanh1+󰘵,thanh1,0.08016994595527649,0.5738147905999518,0.08993597684269723
thanh1+󱨿,thanh1,0.08900810778141022,0.6578241509862044,46.01144728728363
thanh1+𫫷,thanh1,0.11857497692108154,0.545888858006927,0.15668369686494604
thanh1+𡉖,thanh1,0.06171320378780365,0.7721901553459276,0.0736437511409866
thanh1+󰡊,thanh1,0.08055102825164795,0.6925375382280523,0.12422807748458535
thanh1+󱝒,thanh1,0.07480502128601074,0.6825931787190566,0.09496810709637256
thanh1+侱,thanh1,0.0808119997382164,0.6484260102121356,0.06977116122465434
thanh1+󱝨,thanh1,0.08754537999629974,0.7166321834404565,0.18322239857820147
thanh1+󱋇,thanh1,0.07906444370746613,0.7770678201130953,0.10596685754098877
thanh1+𡫡,thanh1,0.12562189996242523,0.4048681646484551,0.36553069311828873
thanh1+𰊣,thanh1,0.146954745054245,0.5798391856620413,0.19077185514331008
thanh1+睈,thanh1,0.08727280795574188,0.7055023748201815,0.15337137112792384
thanh1+󱞑,thanh1,0.09342357516288757,0.7080399001760952,0.08308534522038552
thanh1+󱞗,thanh1,0.0651572048664093,0.7498379973461432,0.06970823784904012
thanh1+𨡨,thanh1,0.10308903455734253,0.671898466267176,0.2313452114270247
thanh1+𪡫,thanh1,0.07451459020376205,0.7912838933938261,0.10408317846830449
thanh1+󱤲,thanh1,0.10710519552230835,0.731860288818149,0.21501079403756942
thanh1+󱞊,thanh1,0.153225839138031,0.3681829390312352,6.402662686859691
thanh1+󱰺,thanh1,0.08285193145275116,0.5830036759208002,0.20303218323987207
thanh1+󱎾,thanh1,0.05023801699280739,0.7558380312382119,0.09846489758628056
thanh1+𡃓,thanh1,0.08716457337141037,0.5567258600218955,0.20033280535657993
thanh1+𤹕,thanh1,0.06794245541095734,0.6938546383286418,0.08680930492035281
thanh1+󱝳,thanh1,0.13094905018806458,0.6709531010178994,24.703873300137605
thanh1+𣖗,thanh1,0.0908367931842804,0.6887716368236315,0.2106809485399044
thanh1+󱪼,thanh1,0.08462205529212952,0.6603366775156749,0.27719769100728997
thanh1+𧍇,thanh1,0.0650152936577797,0.7676566626180331,0.08841208678775343
thanh1+󰬪,thanh1,0.08690670877695084,0.6655190644519308,0.11143497791575091
thanh1+󱨜,thanh1,0.09218110144138336,0.7437821179644215,0.1674684048001819
thanh1+𩇆,thanh1,0.10290547460317612,0.6485586003033816,0.26181413968749645
thanh1+󱋭,thanh1,0.11052398383617401,0.6770812924822254,0.9107832611206628
thanh1+𨮉,thanh1,0.09559619426727295,0.6395671604237629,0.1199919484085847
thanh1+𪉴,thanh1,0.07154867053031921,0.7510748494398671,0.15837558280628702
thanh1+𠻱,thanh1,0.08485928922891617,0.5868520266495749,0.1021770050802322
thanh1+𧟝,thanh1,0.11989572644233704,0.45900485023832127,0.40113828830367343
thanh1+𥖑,thanh1,0.11180274188518524,0.6228215541563047,0.1045188770246886
thanh1+藞,thanh1,0.09284529089927673,0.7580074388066342,0.15667379548279567
thanh1+󱝾,thanh1,0.06279657036066055,0.7464273291550753,0.13275991820561936
thanh1+󱹡,thanh1,0.1074352115392685,0.7196147510005207,3.3454691690282754
thanh1+䈊,thanh1,0.0804937556385994,0.576632128156902,0.08027608819347286
thanh1+𡁛,thanh1,0.06519019603729248,0.7495684253114171,0.10515975374518134
thanh1+𠻆,thanh1,0.07485567033290863,0.8205561666544577,0.08556637680439538
thanh1+𨆟,thanh1,0.08602961897850037,0.7077431176576413,0.2628881540572557
thanh1+𥱫,thanh1,0.10779352486133575,0.6755224865004738,0.1426844057571223
thanh1+󰬸,thanh1,0.06822927296161652,0.8092747363279696,0.08359902298377843
thanh1+蓸,thanh1,0.05992671847343445,0.7028032148322974,0.08798760974858628
thanh1+𡀇,thanh1,0.05417467653751373,0.7853211257303591,0.09325524238052176
thanh1+𪷘,thanh1,0.10868752002716064,0.6060312610845947,0.12050852912807024
thanh1+󱛙,thanh1,0.07809001207351685,0.7309014028812479,0.09793671643413752
thanh1+𠼇,thanh1,0.10394059866666794,0.6885650774178347,0.2295193052371247
thanh1+󱝀,thanh1,0.06357721984386444,0.8362708716701509,0.0790054909367044
thanh1+𡌩,thanh1,0.09247652441263199,0.7020343173124256,0.11485112457559965
thanh1+󰮝,thanh1,0.05420950800180435,0.7850552255416262,0.09188506456701943
thanh1+𦽎,thanh1,0.07264219224452972,0.7950159025142526,0.1186867945096246
thanh1+󱹿,thanh1,0.0783708468079567,0.6151277464286601,0.12491320126453394
thanh1+󱤍,thanh1,0.09021737426519394,0.4323346111749526,0.13263311086129018
thanh1+𭊳,thanh1,0.09978930652141571,0.7305753393007033,0.17302805804550503
thanh1+𠞡,thanh1,0.08322858065366745,0.7343900708818241,0.13593611572733677
thanh1+䰺,thanh1,0.06304667145013809,0.752764553247398,0.09187481734233628
thanh1+莰,thanh1,0.07213908433914185,0.7765856568818131,0.07927247078410588
thanh1+󱞢,thanh1,0.15013624727725983,0.5421147046876004,0.15095957156692827
thanh1+𬄃,thanh1,0.08095963299274445,0.6732414190184998,0.21868001484413382
thanh1+𡀬,thanh1,0.0880127102136612,0.716308248477024,0.08530342650082123
thanh1+󰞬,thanh1,0.08659490942955017,0.7292402441664397,0.09062980597047625
thanh1+󱨱,thanh1,0.09288884699344635,0.6948560306229697,0.09597013406049183
thanh1+𫯐,thanh1,0.06724006682634354,0.650035777625043,0.07993609746001751
thanh1+𥵖,thanh1,0.08983871340751648,0.578473844528648,0.11630267057686229
thanh1+󱌡,thanh1,0.07722242176532745,0.6582836120089692,0.11784633461176552
thanh1+𠬖,thanh1,0.0804659053683281,0.7264958138420254,0.14074870357047786
thanh1+󱼖,thanh1,0.10203248262405396,0.47678887921566176,0.1902150793780586
thanh1+𡄰,thanh1,0.08556468039751053,0.6934860446161643,0.09919535501323522
thanh1+𫱗,thanh1,0.05678732320666313,0.765799716906428,0.12167621970077287
thanh1+󰈠,thanh1,0.08887328207492828,0.540694173041636,0.15476120100161483
thanh1+𫿟,thanh1,0.1468224972486496,0.5546222083687905,0.49156171432941814
thanh1+󱠳,thanh1,0.06198274344205856,0.8074635086863565,0.10095137627639801
thanh1+𪱎,thanh1,0.11023975163698196,0.4775723644197634,0.19443859949490583
thanh1+𡄾,thanh1,0.09408985078334808,0.7749011919554125,0.09474325283187339
thanh1+󱯧,thanh1,0.07866746932268143,0.7948467998318833,0.07995747511670824
thanh1+𣱿,thanh1,0.08273963630199432,0.8040561485796258,0.08254393191365957
thanh1+󰊈,thanh1,0.045089203864336014,0.8327122881928122,0.08722578933418755
thanh1+嘪,thanh1,0.08375877141952515,0.7494743348851337,0.08623760484769498
thanh1+洅,thanh1,0.11396297067403793,0.6350642869147006,0.1406033441944836
thanh1+󱎶,thanh1,0.09148117899894714,0.7420505773136655,0.09783053960005537
thanh1+𠱻,thanh1,0.05821439251303673,0.7422471723427643,0.06847840710021104
thanh1+𣙯,thanh1,0.07123684138059616,0.7694764719156851,0.11842476854067958
thanh1+𫞡,thanh1,0.09539869427680969,0.6164576412647265,0.08153131835235589
thanh1+𤞦,thanh1,0.08479295670986176,0.5569666584648488,0.11584395957617266
thanh1+󱞝,thanh1,0.06924891471862793,0.713662219341093,0.13902200039617396
thanh1+𬀦,thanh1,0.0759512260556221,0.743895788713199,0.07661313589786227
thanh1+𨊌,thanh1,0.09166762977838516,0.65364729028076,0.18148448990938915
thanh1+𬂻,thanh1,0.09168555587530136,0.7445381064983762,0.1084072769764884
thanh1+𫬪,thanh1,0.07274410128593445,0.7476416415204288,0.1600229801102421
thanh1+𫽠,thanh1,0.11307185888290405,0.6420985203487385,39.541478887309886
thanh1+󱩙,thanh1,0.09144841134548187,0.5968704138249645,0.15789098280914438
thanh1+󱌔,thanh1,0.07976429164409637,0.731555402104253,0.08910374574096092
thanh1+󱛋,thanh1,0.11273319274187088,0.5676245984378592,0.1867804838193026
thanh1+󱞣,thanh1,0.1094864159822464,0.4187812952290335,0.1493981026357332
thanh1+󱳠,thanh1,0.09562334418296814,0.705432378913719,0.13090764042908518
thanh1+𥌈,thanh1,0.07572537660598755,0.5605382190190575,0.12264809248781766
thanh1+𫏝,thanh1,0.06116776913404465,0.7449799467903673,0.14571825872463712
thanh1+󱋰,thanh1,0.11594321578741074,0.6051527780494974,0.16087035100946365
thanh1+𢴊,thanh1,0.09955567866563797,0.5075910394249243,0.3357974518007438
thanh1+󱨫,thanh1,0.15475523471832275,0.6085106856403283,42.9108621685358
thanh1+𬦄,thanh1,0.07967853546142578,0.6150425065852286,0.20224185313488796
thanh1+𫆶,thanh1,0.09023267030715942,0.6041804628052884,0.09334485186784548
thanh1+𩛸,thanh1,0.060984306037425995,0.747838375726141,0.09055485356026549
thanh1+󱮾,thanh1,0.09269951283931732,0.6470279939689405,0.22263284521272672
thanh1+󱟡,thanh1,0.10065986216068268,0.6567350928895144,0.10522725980463425
thanh1+𠶅,thanh1,0.09243495017290115,0.6164277299688949,0.08254902201395566
thanh1+𫴯,thanh1,0.13821399211883545,0.48061673211485906,0.13920106007366628
thanh1+𨁋,thanh1,0.07939121127128601,0.7937047016393738,0.0930576384533139
thanh1+󱞮,thanh1,0.07970243692398071,0.7562869492009622,0.1215157558136457
thanh1+𠴘,thanh1,0.09192940592765808,0.569665839309121,0.08811466223072252
thanh1+澿,thanh1,0.08239330351352692,0.6065491496783753,0.13054885654729906
thanh1+󰬙,thanh1,0.060686253011226654,0.7522101504515045,0.06897067891402459
thanh1+󱸠,thanh1,0.1061629205942154,0.6379558970673354,0.14694596232681023
thanh1+灆,thanh1,0.05807686597108841,0.7483586844818467,0.10339650629511869
thanh1+󱋙,thanh1,0.07653699815273285,0.7177273332881038,0.2028566970836773
thanh1+󰆐,thanh1,0.10904520750045776,0.5093877726462094,0.11635720059194499
thanh1+󱫪,thanh1,0.1311657428741455,0.6181591176547635,0.2269186234354028
thanh1+𪮩,thanh1,0.09927581995725632,0.5516445216201481,0.3089645789055175
thanh1+󰭏,thanh1,0.08693401515483856,0.6688508687100725,0.08784008598460731
thanh1+𧜐,thanh1,0.09925657510757446,0.7409824884240286,0.10359977261537584
thanh1+󰘇,thanh1,0.1156710535287857,0.403747410396907,0.3989294839868065
thanh1+𡃎,thanh1,0.07432098686695099,0.6367727761911287,0.15986684495220696
thanh1+𦝺,thanh1,0.0732693299651146,0.6639288139801923,0.11238172442635196
thanh1+󰁂,thanh1,0.11969241499900818,0.6884675290366499,0.07582289516200098
thanh1+𡕩,thanh1,0.07174617797136307,0.8081819753854209,0.08779678584289917
thanh1+󱥭,thanh1,0.09949904680252075,0.7538285160925929,0.1278218592149096
thanh1+𠊙,thanh1,0.08598067611455917,0.6200384233718342,0.08431638136024398
thanh1+婻,thanh1,0.052339792251586914,0.7621102612177099,0.08444960411127851
thanh1+𠶎,thanh1,0.07017108798027039,0.6957158341350355,0.077812150786203
thanh1+󱳬,thanh1,0.07605492323637009,0.7175782325731201,61.4862461151047
thanh1+󰍖,thanh1,0.09002271294593811,0.6001825748130946,0.1746347720009742
thanh1+𡫨,thanh1,0.09608872979879379,0.7294448710471415,0.194119742842216
thanh1+𦝇,thanh1,0.10969558358192444,0.6845586569937411,0.13040621907649527
thanh1+󱡇,thanh1,0.08670425415039062,0.6138777412608986,0.42934997667412905
thanh1+𫠼,thanh1,0.08906746655702591,0.7462516740397264,0.2061012547932021
thanh1+󱦔,thanh1,0.08577389270067215,0.7408317220889354,0.09902482351412382
thanh1+㤝,thanh1,0.0600748136639595,0.7496761657837286,0.09684552434271149
thanh1+𪬪,thanh1,0.09239175915718079,0.6209069131045214,0.1937835421962287
thanh1+蝔,thanh1,0.0780215635895729,0.7658164243127046,0.2542685452533656
thanh1+𦲹,thanh1,0.06516021490097046,0.7935699764375784,0.08698707859541306
thanh1+󱦮,thanh1,0.0840146467089653,0.6983687162541639,0.1536635426782181
thanh1+𫡸,thanh1,0.107296884059906,0.630910785234534,0.24288370090106634
thanh1+󱞎,thanh1,0.08726443350315094,0.7803469985973036,0.20538499796320422
thanh1+㖏,thanh1,0.07223421335220337,0.7483077666107787,0.06729558129113232
thanh1+𠻇,thanh1,0.05861066281795502,0.7700236477884198,0.089641997269299
thanh1+𥌧,thanh1,0.07995679974555969,0.6315686258774489,0.10582897802291243
thanh1+𢭿,thanh1,0.08205647021532059,0.7514946502181148,0.07735444454595232
thanh1+󰛼,thanh1,0.049498431384563446,0.784705641987119,0.08368847715549248
thanh1+󱧝,thanh1,0.1281351000070572,0.6606240898259469,0.2239810396138319
thanh1+𩂀,thanh1,0.11046110838651657,0.7155008318949636,0.2644565097733362
thanh1+󱭧,thanh1,0.07751373201608658,0.5989660460449407,0.07883755224716539
thanh1+姈,thanh1,0.04550952464342117,0.8408115603680862,0.07731495423254187
thanh1+𰋝,thanh1,0.08207087963819504,0.6218433812003045,0.1254012263821047
thanh1+𠸩,thanh1,0.0712495744228363,0.7547688189080696,0.07352300979685318
thanh1+𫪦,thanh1,0.06554602831602097,0.6694812105485305,0.08082199356635944
thanh1+㘗,thanh1,0.11354538798332214,0.7372456370971799,0.17296940478893622
thanh1+𫲰,thanh1,0.08025496453046799,0.6296066100972737,0.1251326500829313
thanh1+󱌰,thanh1,0.09762265533208847,0.7684014135315115,0.11869087494543644
thanh1+𡇻,thanh1,0.09174784272909164,0.7733848445529802,0.0933837929067713
thanh1+𪡍,thanh1,0.09210977703332901,0.8006829399763017,0.10855680141073894
thanh1+󰂄,thanh1,0.07281360030174255,0.7906650494388819,17.085658293565192
thanh1+󱲙,thanh1,0.062361061573028564,0.79806517369204,0.0813455953341238
thanh1+𠺮,thanh1,0.09194852411746979,0.6013431309897116,0.07325106761595777
thanh1+𡍢,thanh1,0.07864995300769806,0.68398082479281,0.1592666203683476
thanh1+𣒠,thanh1,0.06017565727233887,0.7656477051205314,0.11971457659505876
thanh1+𨄸,thanh1,0.08256419003009796,0.549229408421063,0.14237999822273797
thanh1+𦼜,thanh1,0.08707258850336075,0.7492086763750668,0.21616436797151564
thanh1+𪦎,thanh1,0.06716852635145187,0.7113399052578243,0.1298760354085665
thanh1+𧞿,thanh1,0.0851852148771286,0.6770418486203518,0.16780636370948207
thanh1+󱤉,thanh1,0.08136621862649918,0.7329288461823197,0.18473799959689216
thanh1+󰘓,thanh1,0.12761317193508148,0.6827863100607835,0.1339879140406003
thanh1+𠹌,thanh1,0.10980535298585892,0.5055313622221576,0.13193704161367256
thanh1+󱟝,thanh1,0.07200706750154495,0.736214554888309,0.07870861544934922
thanh1+󱞖,thanh1,0.10178360342979431,0.7037273702065454,0.13752408591052814
thanh1+𣓾,thanh1,0.10688864439725876,0.4698663633309027,0.12641773086479155
thanh1+󱝹,thanh1,0.09967657923698425,0.6803096355481345,0.4271384601106603
thanh1+󰫽,thanh1,0.07410141080617905,0.6935738818507405,0.21637642297884133
thanh1+󰬟,thanh1,0.07700163871049881,0.642382993013032,0.07510728363340717
thanh1+𥯉,thanh1,0.07557687163352966,0.6656647119296271,0.08796100695497718
thanh1+󱠢,thanh1,0.07863885909318924,0.742189033369844,0.16349901818576631
thanh1+𡂄,thanh1,0.09524576365947723,0.6088259762475329,0.1318130183063925
thanh1+󱡵,thanh1,0.09609861671924591,0.7084977747681962,0.12310248442090088
thanh1+𪀆,thanh1,0.08475302159786224,0.7118317152453452,0.3833087967993946
thanh1+󱟰,thanh1,0.11028219759464264,0.6949253803152293,0.17769642423467932
thanh1+𬛀,thanh1,0.0669519454240799,0.7285224749803979,0.10048268387740032
thanh1+󱘠,thanh1,0.07206209748983383,0.6684025134390142,0.09054198152603825
thanh1+𠴖,thanh1,0.07559924572706223,0.7454833629158797,0.08923150018590383
thanh1+󰬨,thanh1,0.08688324689865112,0.5544707885830313,0.11043693477849302
thanh1+󱤒,thanh1,0.07966345548629761,0.7479074236806468,0.1522925084158649
thanh1+𪁄,thanh1,0.08144254237413406,0.6541313461938886,0.14794795330167096
thanh1+𪣮,thanh1,0.08177150785923004,0.730512215825411,0.07527606309638528
thanh1+󰭙,thanh1,0.08504323661327362,0.6897277630249535,0.18285975879021013
thanh1+𠿴,thanh1,0.10582208633422852,0.7238469421099986,0.14585070637661746
thanh1+𥊜,thanh1,0.07598138600587845,0.7233097329542577,0.09051673312880769
thanh1+𡳳,thanh1,0.11044469475746155,0.6192137735787157,0.28600422013311866
thanh1+𧒊,thanh1,0.11599402129650116,0.5792529962979571,0.4229319207668191
thanh1+𡃆,thanh1,0.053085874766111374,0.7605697049929306,0.08942046406085373
thanh1+𫲼,thanh1,0.06961316615343094,0.7212217711683522,0.08085915472004594
thanh1+𩂄,thanh1,0.09253735840320587,0.7191551205713996,0.08479194181095652
thanh1+󱝯,thanh1,0.10015774518251419,0.4297691853700579,0.1143442934522358
thanh1+𠾾,thanh1,0.05904426425695419,0.8354134497111436,0.08891715238349024
thanh1+㖗,thanh1,0.06894823163747787,0.8041947219488299,0.08011624902981924
thanh1+𬪽,thanh1,0.09124595671892166,0.8190921195132763,0.09984506715438035
thanh1+󰤣,thanh1,0.0992288589477539,0.7028046486845715,0.2875808506111817
thanh1+𢆠,thanh1,0.09646806120872498,0.6224648835577848,0.10885352751999078
thanh1+󱫑,thanh1,0.06982684880495071,0.6382207229190028,10.014387301793269
thanh1+󱞠,thanh1,0.09049520641565323,0.7373394452089774,0.10659186279138312
thanh1+󱩈,thanh1,0.08506707102060318,0.6683138387963162,0.15620164382865406
thanh1+𣔧,thanh1,0.06981420516967773,0.6927753356683592,0.11397954002312649
thanh1+󱪉,thanh1,0.07291942834854126,0.7332629356398075,0.1136326517044682
thanh1+𡏥,thanh1,0.10797102749347687,0.47330624769418966,0.12365452534066225
thanh1+󱚳,thanh1,0.10348198562860489,0.5664370191861835,0.09369475528199427
thanh1+𤐠,thanh1,0.11656278371810913,0.6453274931824967,0.10105116483099913
thanh1+𬕷,thanh1,0.07212235778570175,0.7837700292074992,0.11059289871534955
thanh1+𫫛,thanh1,0.07088416069746017,0.7490014490380076,0.10223553460426689
thanh1+󱠧,thanh1,0.08999741077423096,0.5117894803843485,0.1244777821581859
thanh1+𪤠,thanh1,0.1007595956325531,0.6164034999031132,0.17567994037490395
thanh1+𪠉,thanh1,0.08134377002716064,0.6763985024709035,0.07731607572253986
thanh1+󱗘,thanh1,0.08444269746541977,0.6992457292569342,0.15738004872405917
thanh1+㷝,thanh1,0.12141843140125275,0.5929785941802258,0.11854418959605274
thanh1+𡫫,thanh1,0.10600391775369644,0.4738581597818124,0.1008524179692792
thanh1+󱮧,thanh1,0.09373490512371063,0.561488259491781,0.08847026840780385
thanh1+𤉕,thanh1,0.0777696818113327,0.7357906732577146,0.09548804666882094
thanh1+󱨕,thanh1,0.09461739659309387,0.7186858190833566,0.15708533942112066
thanh1+𬞑,thanh1,0.09214703738689423,0.6516327107418436,0.10468100533789881
thanh1+󱛆,thanh1,0.098380446434021,0.7057001906354248,0.12078280610164459
thanh1+𥱰,thanh1,0.09399508684873581,0.6651252200399873,0.18503068227231326
thanh1+呯,thanh1,0.09463799744844437,0.7074486504296023,0.09629212759294398
thanh1+󱧔,thanh1,0.0763479620218277,0.7740220267311715,0.10743682840061104
thanh1+𨂗,thanh1,0.09227973222732544,0.4272555051451712,0.11914302342067117
thanh1+󱧘,thanh1,0.11393709480762482,0.7629409880611002,0.11634947328521288
thanh1+󱞐,thanh1,0.10955672711133957,0.6246112331265772,0.11181737028923595
thanh1+󱮑,thanh1,0.13020694255828857,0.6371513286614224,0.14483893701217845
thanh1+󱰗,thanh1,0.11146306246519089,0.6196289545235811,1.035280750239946
thanh1+𫉮,thanh1,0.08730293810367584,0.7282219089466947,0.1571483870963127
thanh1+𥮈,thanh1,0.07969602197408676,0.6502319898251745,0.13441430578978852
thanh1+󰬛,thanh1,0.07785725593566895,0.6812480909579153,0.09782376849563769
thanh1+𡅯,thanh1,0.06762085109949112,0.6917045457002127,0.13031293490477366
thanh1+󰂘,thanh1,0.14580313861370087,0.6169514631313999,667.0301901012909
thanh1+󱮟,thanh1,0.12567467987537384,0.5833603851316793,0.14936571053068662
thanh1+㖀,thanh1,0.07320428639650345,0.7349665639273227,0.07746030345424948
thanh1+𨔌,thanh1,0.0989803671836853,0.7036131898220758,0.18104048663046565
thanh1+𪻟,thanh1,0.1330299824476242,0.6240906465306545,1.9405143337225024
thanh1+𨇉,thanh1,0.11225021630525589,0.6511760718621492,0.17666836422108853
thanh1+𩸮,thanh1,0.08905450999736786,0.5173319521004939,0.10973071989180838
thanh1+󱤑,thanh1,0.06525313854217529,0.7330398808236682,0.12435201596819913
thanh1+󱢣,thanh1,0.07903511822223663,0.708288163362686,0.19399285098622257
thanh1+𦵠,thanh1,0.074578195810318,0.6495114916646173,0.08375284292729475
thanh1+𩸴,thanh1,0.05602777749300003,0.6177089693564446,0.08863211897525315
thanh1+𩝭,thanh1,0.10657733678817749,0.6378617462526136,0.132070442932012
thanh1+𩹹,thanh1,0.08148836344480515,0.7250634531499323,0.16050899009471123
thanh1+𪤸,thanh1,0.087098628282547,0.7128297797235145,0.09763365415113213
thanh1+𠿵,thanh1,0.05422210693359375,0.7646702961708318,0.10474025678718961
thanh1+𬑶,thanh1,0.10524729639291763,0.6830274082342379,0.1974735008793639
thanh1+𩚧,thanh1,0.05922050029039383,0.7789242367379473,0.08539409178307295
thanh1+𠚐,thanh1,0.08145714551210403,0.7629506777508557,0.07726142684605684
thanh1+󱛖,thanh1,0.06795492768287659,0.731327926091988,0.0927380714137498
thanh1+󱙲,thanh1,0.0888657346367836,0.6873450101013311,0.189241871106737
thanh1+𠺚,thanh1,0.07100392878055573,0.718134881842654,0.085837244656382
thanh1+𨃌,thanh1,0.05945843458175659,0.7686991076996317,0.08715160912852156
thanh1+𫮡,thanh1,0.09957098960876465,0.6619214696715783,0.0956888741860838
thanh1+𠲡,thanh1,0.0613878108561039,0.7399460251962048,0.0693336651604679
thanh1+󱺈,thanh1,0.07810966670513153,0.6984996354823149,0.08466975195686416
thanh1+𡑲,thanh1,0.0848752036690712,0.6439346644177282,0.11786494034642313
thanh1+㺜,thanh1,0.09488339722156525,0.6601734120627835,0.2026287144271881
thanh1+󱤥,thanh1,0.0852738469839096,0.7435972670129724,0.07313566802303191
thanh1+𬛒,thanh1,0.08175916969776154,0.5597065798165006,0.10436338954401854
thanh1+󰢉,thanh1,0.10617773234844208,0.5985120447084029,0.8002285929778492
thanh1+𭢌,thanh1,0.07402356714010239,0.7447505529340003,0.08819779875036537
thanh1+󰅲,thanh1,0.09257001429796219,0.6872356832858949,0.14692028577177885
thanh2+𧌂,thanh2,0.049096886068582535,0.805587560864287,0.08272980927929269
thanh2+𫽦,thanh2,0.14153365790843964,0.4384119580033658,0.7172449069702513
thanh2+囄,thanh2,0.07874712347984314,0.6905742908372375,0.17049977395719998
thanh2+󱝯,thanh2,0.08278726786375046,0.5756521145970065,0.2110997713742242
thanh2+󱠼,thanh2,0.07741483300924301,0.6203722047621765,0.07170400081082468
thanh2+啩,thanh2,0.08387676626443863,0.7276967458291277,0.17959515988010955
thanh2+唥,thanh2,0.07222630083560944,0.7767843176942197,0.075513689824063
thanh2+󱏛,thanh2,0.14216502010822296,0.6157455920122353,0.3563252902124618
thanh2+𩂄,thanh2,0.10521656274795532,0.636793261307571,0.14924505984208825
thanh2+𡑭,thanh2,0.08062506467103958,0.7127183111413945,0.16323308906367873
thanh2+𰈨,thanh2,0.0997132807970047,0.6579886935467348,0.54466878369603
thanh2+𡄡,thanh2,0.09772660583257675,0.6593291621744644,0.2410824967720878
thanh2+𠅐,thanh2,0.09173577278852463,0.7152377107273544,0.1916389833344747
thanh2+󱝢,thanh2,0.0724761039018631,0.6856950004087775,0.14447302109216445
thanh2+𥾸,thanh2,0.09563212096691132,0.6451607032592979,0.9141159175230452
thanh2+鏙,thanh2,0.09567543864250183,0.7177588141825088,0.20508429590843094
thanh2+𪢠,thanh2,0.07748818397521973,0.6593506363284067,0.4748985515416298
thanh2+𥐨,thanh2,0.09161078929901123,0.7112186017669203,0.11853362695289628
thanh2+𪺛,thanh2,0.13616809248924255,0.5445803302492781,1.3104197959845219
thanh2+󰼀,thanh2,0.0864005833864212,0.6444822960912888,0.22524073802873468
thanh2+󱟲,thanh2,0.12222626060247421,0.49974327246132216,0.39570739113262304
thanh2+󱚕,thanh2,0.07135877758264542,0.6853240870268097,0.07968864353654236
thanh2+𠹌,thanh2,0.07157719880342484,0.738663236507095,0.13458004630886744
thanh2+𡂷,thanh2,0.07337863743305206,0.693190032583266,0.1018008414033973
thanh2+󱙉,thanh2,0.14849527180194855,0.5536781741416188,53.115582255692374
thanh2+𬊭,thanh2,0.0726589560508728,0.7770433115151301,0.10025510011513654
thanh2+𤻓,thanh2,0.0777771919965744,0.6886504069968544,0.18372201259345025
thanh2+󱨿,thanh2,0.07839591801166534,0.6829776546843946,0.22373906708699634
thanh2+𪭟,thanh2,0.10224825143814087,0.7329202189831797,0.09225883448897389
thanh2+𭋙,thanh2,0.06324518471956253,0.8075289793397967,0.1300375442053688
thanh2+󱝐,thanh2,0.06795328855514526,0.7934283435432541,0.2515940428380423
thanh2+󱳪,thanh2,0.090719074010849,0.7009611997086937,0.1194031033552352
thanh2+𤗹,thanh2,0.08919930458068848,0.7036337125634767,0.42418380408697165
thanh2+𨪷,thanh2,0.12554815411567688,0.6082011874193893,1.2080967302266028
thanh2+𪡿,thanh2,0.085586316883564,0.659083789605761,0.6682452519663241
thanh2+𬦄,thanh2,0.11999740451574326,0.5192240108585323,3.769269732016371
thanh2+󱞑,thanh2,0.1000705286860466,0.7269398753754256,0.19070742391867115
thanh2+𬏇,thanh2,0.09798140823841095,0.5745191762853163,0.5420307507581676
thanh2+󱹡,thanh2,0.07119166851043701,0.7122477181235441,0.570411847545517
thanh2+𤯱,thanh2,0.08043376356363297,0.7137183072689051,0.15407267006172506
thanh2+󱨈,thanh2,0.1278151571750641,0.5966502705782638,0.2956749535275216
thanh2+󱹽,thanh2,0.089930459856987,0.7491415891329932,0.22049506736868765
thanh2+󱛻,thanh2,0.07312978804111481,0.6676324049878073,0.17126520353825683
thanh2+𡅉,thanh2,0.10313291102647781,0.5311111231001816,0.21624132894513592
thanh2+󱋰,thanh2,0.07890292257070541,0.7506313899688647,0.1570591496081299
thanh2+𬂻,thanh2,0.13330093026161194,0.4238292213758858,0.18821263120684972
thanh2+𮤭,thanh2,0.11093837767839432,0.6875858714197842,0.09810382114909853
thanh2+洅,thanh2,0.10482294857501984,0.7108154324653405,0.132922111183566
thanh2+󱚫,thanh2,0.09473508596420288,0.5238120922528828,0.08566511923038718
thanh2+𩀳,thanh2,0.0895690992474556,0.5221367348955546,0.25780208628672024
thanh2+𠲹,thanh2,0.1505206972360611,0.5869281517832213,0.21476106507933515
thanh2+𠺺,thanh2,0.0923118069767952,0.649051177738769,0.6005249299140858
thanh2+𠮨,thanh2,0.06857553124427795,0.765385765470665,0.16061582745683425
thanh2+婻,thanh2,0.07382671535015106,0.47803423696238256,0.11347917736254769
thanh2+󰂘,thanh2,0.11191406100988388,0.7021998988338769,0.2244144262238009
thanh2+𧍇,thanh2,0.08948804438114166,0.6247335971162624,0.11154526333501541
thanh2+𪤸,thanh2,0.08156689256429672,0.6792045272503805,0.13938415189219347
thanh2+󱸠,thanh2,0.13053514063358307,0.5571767430853168,0.6313673047011827
thanh2+󱛴,thanh2,0.08823013305664062,0.6443526438056054,0.1409774381851426
thanh2+󱝙,thanh2,0.08603623509407043,0.6446973260916137,3.9087212115414136
thanh2+󱬺,thanh2,0.05982106551527977,0.7599185998849246,0.1215452515641929
thanh2+𬛀,thanh2,0.09012094885110855,0.6774793370074479,0.15761123387819145
thanh2+𫢧,thanh2,0.09824419766664505,0.6093563651303139,0.11640044321284886
thanh2+𩼁,thanh2,0.07093977928161621,0.7218713403559497,0.1650662503950491
thanh2+𨂚,thanh2,0.116219162940979,0.5380741609914796,0.9675192644596017
thanh2+󱮧,thanh2,0.09949986636638641,0.6881311976364399,0.18705251200052997
thanh2+𠺼,thanh2,0.07688963413238525,0.5711704420261732,0.1526731079000895
thanh2+󰅲,thanh2,0.11232256144285202,0.5655618480941955,0.10594311118663169
thanh2+𧿯,thanh2,0.10784962773323059,0.53170943942349,0.2071257123261263
thanh2+󱤉,thanh2,0.0866638571023941,0.6590252467003428,0.24868921278730746
thanh2+󱓦,thanh2,0.13114918768405914,0.32657949827968824,0.21807721431121851
thanh2+󱝒,thanh2,0.12096419930458069,0.5787177660701252,26.523490324072608
thanh2+󱝾,thanh2,0.08010587841272354,0.7203768862758629,0.13886710907935776
thanh2+󱩸,thanh2,0.09176255017518997,0.5908868007571086,0.09016864759874678
thanh2+󱙲,thanh2,0.09133104979991913,0.6074163303011804,0.4614197092068359
thanh2+𬙛,thanh2,0.1102566123008728,0.6481087576066762,0.1857480700285339
thanh2+𫯐,thanh2,0.09528334438800812,0.5990177726900394,0.22021063994200799
thanh2+󱫂,thanh2,0.08344504237174988,0.5675319979145278,0.49233344564021647
thanh2+𠽂,thanh2,0.12295857816934586,0.43063514177065004,0.4689612095031969
thanh2+󱥻,thanh2,0.04744182899594307,0.8168587704157165,0.07309470056417632
thanh2+󰧺,thanh2,0.11096161603927612,0.5069427375528149,0.21037554029109687
thanh2+󰆐,thanh2,0.08725213259458542,0.6358230045043485,0.22177818027961374
thanh2+𢀦,thanh2,0.07339219003915787,0.7531734912123261,0.10371306739085144
thanh2+𪧺,thanh2,0.1000252291560173,0.6654520437564173,0.18595807351738128
thanh2+𫫷,thanh2,0.1378805786371231,0.5941853748462903,0.32829537727159797
thanh2+󱬧,thanh2,0.06497450917959213,0.6150260609852076,0.20047228464743302
thanh2+󰶅,thanh2,0.05821503698825836,0.7835287732191186,0.11789613564730757
thanh2+󱬑,thanh2,0.06639359146356583,0.6953903167838817,0.11087096440700157
thanh2+挒,thanh2,0.08393368870019913,0.5600178959369917,0.15533058466747854
thanh2+䀭,thanh2,0.13940909504890442,0.5499397880170687,89.38129683208888
thanh2+𡁞,thanh2,0.054311662912368774,0.8198277737068966,0.09684177719311982
thanh2+󱬻,thanh2,0.131769061088562,0.4647263616187411,0.22529677360815312
thanh2+󱡰,thanh2,0.149208202958107,0.4525428487932051,0.3650236666311231
thanh2+󱥓,thanh2,0.08990465104579926,0.6592577506680054,0.7124450436622229
thanh2+㖏,thanh2,0.06150950863957405,0.792664347181958,0.08934604171916781
thanh2+𫬠,thanh2,0.08977863192558289,0.7374663019266493,0.17461822842018682
thanh2+𪦎,thanh2,0.07623337209224701,0.6883653838288866,0.14667934196118407
thanh2+󱝟,thanh2,0.08750461786985397,0.6196272618830595,0.21978344807749584
thanh2+󱩻,thanh2,0.09188523888587952,0.680502383894745,0.170350083917292
thanh2+𪡽,thanh2,0.07200752198696136,0.7245703904205126,0.1531158543718895
thanh2+溒,thanh2,0.11324268579483032,0.5388184743782441,0.25721580979245434
thanh2+𡂉,thanh2,0.10411833226680756,0.6709756293660303,0.18085671811994972
thanh2+𬏖,thanh2,0.08296478539705276,0.5702537115817745,0.29203330924773446
thanh2+𢰦,thanh2,0.06768568605184555,0.7383888980080185,0.2352156515737729
thanh2+󱹪,thanh2,0.0859363004565239,0.7134933267285818,0.141826196000608
thanh2+󱞳,thanh2,0.07778350263834,0.7561889695290946,0.1337378030648171
thanh2+𭈒,thanh2,0.06935472041368484,0.6885449187049897,0.12371077310330175
thanh2+󰮦,thanh2,0.14404341578483582,0.40181921961673017,0.26601128566360965
thanh2+𬆅,thanh2,0.078299380838871,0.6732830819511546,0.11825137869906525
thanh2+哠,thanh2,0.07325408607721329,0.7309485545867327,0.12740963365981758
thanh2+󱫴,thanh2,0.10452242195606232,0.6361671688620387,0.2404036084045027
thanh2+捠,thanh2,0.09206827729940414,0.5900559778767815,0.10471825919422134
thanh2+𬀦,thanh2,0.078453429043293,0.7276321980753153,0.10259455630454968
thanh2+𠿱,thanh2,0.12983816862106323,0.5828212045707976,38.66462142009771
thanh2+𬄪,thanh2,0.0900033488869667,0.6791670587815017,0.2207268570785336
thanh2+𡫶,thanh2,0.09951503574848175,0.6192266760358965,0.2302971862976948
thanh2+呯,thanh2,0.09246006608009338,0.7055017950562855,0.3251614104599686
thanh2+󱥯,thanh2,0.1138424202799797,0.6618453884798213,0.20355268645589888
thanh2+󰨑,thanh2,0.1494511514902115,0.5370195243425597,0.2589287083158817
thanh2+𡃎,thanh2,0.10833004862070084,0.46208649564954773,0.166819047100675
thanh2+𡅍,thanh2,0.15519605576992035,0.31479840569335715,0.15185681880426224
thanh2+𫧟,thanh2,0.08188056945800781,0.6846362447666744,0.080586572305074
thanh2+𫵞,thanh2,0.09241332113742828,0.6870653289143778,0.1703230779815614
thanh2+𫅰,thanh2,0.11384432017803192,0.4964081967213519,1.6017022615783878
thanh2+𬏻,thanh2,0.0916314572095871,0.6502269500572824,0.10603768241916826
thanh2+𢢈,thanh2,0.0883922204375267,0.7513979833197559,0.14754148712856982
thanh2+𤶹,thanh2,0.1043367013335228,0.5784867386744996,7.440891013138042
thanh2+濧,thanh2,0.09705191105604172,0.6730546709260498,0.3059364683639975
thanh2+󱟉,thanh2,0.0667792558670044,0.72870509206561,24.79885766171991
thanh2+󰫽,thanh2,0.09424141049385071,0.6016873318992222,0.4923688654829211
thanh2+󱟹,thanh2,0.09530114382505417,0.5599825936998585,0.3012409143563235
thanh2+𨅞,thanh2,0.10995973646640778,0.6344737467954881,0.4387969765156506
thanh2+󱞼,thanh2,0.12024318426847458,0.7003087124346421,0.28507639893047504
thanh2+𡔒,thanh2,0.13137657940387726,0.35393584220917135,0.3287550691354319
thanh2+𤊤,thanh2,0.07436155527830124,0.7663485507980347,0.11449647711054256
thanh2+㖵,thanh2,0.14818109571933746,0.6485891538253256,99.69361454403558
thanh2+󱪢,thanh2,0.09420299530029297,0.440294443732582,0.09645001529921486
thanh2+󱞠,thanh2,0.10514058917760849,0.5382975828150135,0.17703799836758508
thanh2+󰃧,thanh2,0.08535252511501312,0.672525296703145,0.19137355213451313
thanh2+𣘊,thanh2,0.11694137752056122,0.4982370741686062,0.2734749787618446
thanh2+󱝑,thanh2,0.06892284005880356,0.74344305622994,0.09957701762717068
thanh2+󱋠,thanh2,0.08296074718236923,0.6118187535895818,0.1835027701574613
thanh2+󱝘,thanh2,0.11280093342065811,0.705455443761354,0.32742355862298156
thanh2+󱰭,thanh2,0.11934138834476471,0.4429424930578955,0.18892207235776892
thanh2+㺜,thanh2,0.12140548229217529,0.5325907311625409,0.29535294417957253
thanh2+𤐠,thanh2,0.07688815891742706,0.751069335007779,0.16747734832827196
thanh2+𡪦,thanh2,0.11391581594944,0.6501367481596199,5.739961644182144
thanh2+𠸩,thanh2,0.10145252197980881,0.7288264583049949,0.19247533158580776
thanh2+󱥪,thanh2,0.06261919438838959,0.7439674376488888,0.08670918705206694
thanh2+󰝅,thanh2,0.15798179805278778,0.5437824093333806,2.7702243066671
thanh2+𢲠,thanh2,0.0797644853591919,0.6933615702791062,0.1817040642379895
thanh2+󰛼,thanh2,0.06962388753890991,0.7198144801150109,0.1607532711618405
thanh2+𣱿,thanh2,0.11338891088962555,0.7140298967619908,0.14073084455557028
thanh2+󱛢,thanh2,0.05780830234289169,0.7970105321846597,0.12083980314675313
thanh2+󱝂,thanh2,0.10552090406417847,0.6197963438276494,0.17586838166757324
thanh2+𪿀,thanh2,0.09308100491762161,0.6268319899691731,0.11931114430992822
thanh2+󱡄,thanh2,0.10778912156820297,0.6183982179101515,0.220653939229592
thanh2+󱼖,thanh2,0.07932508736848831,0.7092205023331716,0.13488748387896513
thanh2+󱗘,thanh2,0.08979438245296478,0.6263007094971612,0.1742249594057015
thanh2+灆,thanh2,0.11941800266504288,0.6360805743912751,0.3152037632710833
thanh2+󱦅,thanh2,0.10866431891918182,0.545863725166099,0.10848880189545129
thanh2+󱡇,thanh2,0.07831640541553497,0.7018470410099128,0.18508132200736396
thanh2+𡫫,thanh2,0.12355638295412064,0.4653420847777181,0.385653858724619
thanh2+𠴘,thanh2,0.07227268815040588,0.7460855869594604,0.0895763621746851
thanh2+𢪥,thanh2,0.09635854512453079,0.3289537195585372,0.1375157389690158
thanh2+󱟟,thanh2,0.10300974547863007,0.672319167173273,0.18251878223534565
thanh2+𥵖,thanh2,0.10972082614898682,0.6070743836063923,0.6075018209153672
thanh2+𣓾,thanh2,0.07633897662162781,0.6723370497331975,12.195616531218482
thanh2+𫱗,thanh2,0.05357395485043526,0.7250166114838903,0.08595730914977619
thanh2+󱯏,thanh2,0.07186755537986755,0.7163342104067932,0.16583065657265994
thanh2+𡂄,thanh2,0.06377637386322021,0.717120409263405,0.07507601209955249
thanh2+󰬨,thanh2,0.09018059819936752,0.6675031224123757,0.1968769779353476
thanh2+𡏯,thanh2,0.0834980234503746,0.6736295280332293,0.24015060041227945
thanh2+堒,thanh2,0.10225635766983032,0.568599054018382,0.2020480301467732
thanh2+𠏠,thanh2,0.06483711302280426,0.7800784729984637,0.1569222078680423
thanh2+󱞽,thanh2,0.12389227747917175,0.5202581215683008,0.3281648377921777
thanh2+䐥,thanh2,0.10286221653223038,0.577594767154566,0.1619182482247775
thanh2+𡎔,thanh2,0.08921167254447937,0.7055431954776402,0.13551307296348944
thanh2+󰙯,thanh2,0.09474878013134003,0.6612207322828125,0.48971236065696616
thanh2+󱠠,thanh2,0.09005612134933472,0.5997386451160225,0.17934823204555894
thanh2+󱟮,thanh2,0.08265120536088943,0.6355737362978293,0.17910585046492747
thanh2+󱢏,thanh2,0.15839070081710815,0.5000031798249156,0.3159137184755652
thanh2+𢹊,thanh2,0.11324049532413483,0.5659360961847998,0.32965717984297355
thanh2+𫔬,thanh2,0.08542641997337341,0.7018278484124986,0.12319162623628095
thanh2+㗴,thanh2,0.16987614333629608,0.22797630392822357,0.43828076156941687
thanh2+󰐨,thanh2,0.07426226884126663,0.7804543169345465,0.11049075280690163
thanh2+𣞄,thanh2,0.18226712942123413,0.30398886940783554,40.40786018377946
thanh2+𫇿,thanh2,0.10597682744264603,0.5944579823116096,0.13673853841832562
thanh2+𥱰,thanh2,0.09653925150632858,0.44301917728075674,0.0955735039050402
thanh2+𡄰,thanh2,0.11548265814781189,0.6709737714415714,0.2870749242943406
thanh2+󱌔,thanh2,0.08592928946018219,0.6504561765851871,0.1588664359001001
thanh2+𪾭,thanh2,0.08834897726774216,0.6652314413514702,0.15833590184476162
thanh2+𧎠,thanh2,0.1319648027420044,0.49594582532034465,1.2147488289450565
thanh2+𠮙,thanh2,0.05961279571056366,0.8436812106234939,0.06600023945322712
thanh2+𫑺,thanh2,0.1630852073431015,0.22715054334809057,7.791588773293519
thanh2+󱤾,thanh2,0.09385533630847931,0.6023311794353645,0.11513162515611615
thanh2+𨁟,thanh2,0.07975853979587555,0.6449525099098454,0.19910545966552795
thanh2+𪢌,thanh2,0.15933862328529358,0.48834629355909137,0.4611628884039809
thanh2+󱲝,thanh2,0.10728879272937775,0.5768924021672984,0.14429661261229695
thanh2+𭈖,thanh2,0.09489317238330841,0.5756030413766504,0.13729679332791736
thanh2+䈊,thanh2,0.08517658710479736,0.6071113625253548,0.15851998293498884
thanh2+㗩,thanh2,0.1636260747909546,0.5697431739176086,8.616084955858156
thanh2+󱟡,thanh2,0.11242902278900146,0.5139606092452987,0.20258917091496206
thanh2+󰬪,thanh2,0.10915280878543854,0.6378738499916171,0.3234205392747432
thanh2+𩂀,thanh2,0.10855963826179504,0.6516810610440876,0.1788897154510345
thanh2+󱞎,thanh2,0.14185918867588043,0.5789530788565502,0.1673655309226945
thanh2+󱞲,thanh2,0.11457860469818115,0.5624188211116588,0.41220521594659926
thanh2+󱖧,thanh2,0.08427853882312775,0.6209762142477694,0.1790097689521679
thanh2+𡉎,thanh2,0.06960151344537735,0.808925345291988,0.1062199291802776
thanh2+𫭅,thanh2,0.12050507962703705,0.6382805610947987,0.24225051305213838
thanh2+𦘱,thanh2,0.10444644093513489,0.5754769242285096,0.08607217243197562
thanh2+𬛒,thanh2,0.09576158225536346,0.6366747288961286,0.19999581581799697
thanh2+󱯺,thanh2,0.11616422235965729,0.5931541652866963,1.8224980542146303
thanh2+󱧀,thanh2,0.08077038824558258,0.7015584621635798,0.15266135546628273
thanh2+󱞇,thanh2,0.07712453603744507,0.6519593479580196,1.0324163276607898
thanh2+䰺,thanh2,0.08811527490615845,0.6814250794418295,0.12278282326694767
thanh2+󱱣,thanh2,0.10792884230613708,0.5921209924925209,5.439586263809118
thanh2+𡏥,thanh2,0.12464088946580887,0.4260242810230797,0.5080984113430692
thanh2+󱛖,thanh2,0.0744195282459259,0.7133162431575167,2.0643298749385774
thanh2+𫴬,thanh2,0.06346546113491058,0.7531096676523162,0.18526979734950752
thanh2+󱫠,thanh2,0.09917644411325455,0.6217819648062928,0.2550084956675361
thanh2+㙩,thanh2,0.07584568858146667,0.5918900950734225,0.11610584160403638
thanh2+𡳳,thanh2,0.11968766897916794,0.5229371529166004,0.2251810272433498
thanh2+󱥄,thanh2,0.07148388773202896,0.5959004379497075,0.16401495906871214
thanh2+𰓖,thanh2,0.0862836092710495,0.5995534323844048,0.29006879009012837
thanh2+󰊈,thanh2,0.07592551410198212,0.7222543655852974,0.1263193839766847
thanh2+󱛦,thanh2,0.07396772503852844,0.6692470068125461,0.26271832270520695
thanh2+𪡍,thanh2,0.092030368745327,0.7865444993111794,0.10503319644390911
thanh2+󱓇,thanh2,0.08548050373792648,0.6467867375713964,0.24463292469521128
thanh2+󰤣,thanh2,0.1109112948179245,0.6021133497208141,0.3086573466806153
thanh2+𡓯,thanh2,0.1186140775680542,0.5516636787496787,7.232983324461757
thanh2+󱦮,thanh2,0.09687461704015732,0.5598267059363525,0.12661014213280009
thanh2+󰢽,thanh2,0.08071044087409973,0.6365209320729127,2.715002799277863
thanh2+𠱻,thanh2,0.09056563675403595,0.7370186443886639,0.11911619141725423
thanh2+󱛳,thanh2,0.09771057963371277,0.6360726317869256,0.264730169240312
thanh2+𣎞,thanh2,0.12149392068386078,0.43639646880110394,0.25732400468088185
thanh2+𦩳,thanh2,0.09086691588163376,0.6673365764406033,0.2515233370462236
thanh2+𫏙,thanh2,0.10568498820066452,0.596743956071808,6.261018761899908
thanh2+󰣡,thanh2,0.12452101707458496,0.6024024116460656,0.29620496726655504
thanh2+𨪪,thanh2,0.08014954626560211,0.6763838937849388,0.25343512868814805
thanh2+𬖵,thanh2,0.09117559343576431,0.458341264716152,0.1861766127536818
thanh2+𭊳,thanh2,0.12024866044521332,0.5817598504763672,0.28986745394831304
thanh2+𪤠,thanh2,0.09252238273620605,0.7175479626488626,0.15775339246331135
thanh2+󱞴,thanh2,0.07747770845890045,0.6814097464796403,0.13765072348445553
thanh2+𫪄,thanh2,0.08306719362735748,0.7099123614231794,0.08816815861988501
thanh2+󱚇,thanh2,0.11166369915008545,0.5395298915935135,0.31652434991936595
thanh2+󰂛,thanh2,0.09309826791286469,0.6277106506745326,7.390178257236944
thanh2+󱩛,thanh2,0.09070810675621033,0.5664432629310951,0.28373539491786576
thanh2+㧪,thanh2,0.08030559867620468,0.6530555741939471,0.14730876179048732
thanh2+𢠤,thanh2,0.10839193314313889,0.6487951852891424,1.0474007923948545
thanh2+󱼓,thanh2,0.11517150700092316,0.6826785705011675,0.25026285021449696
thanh2+󱠑,thanh2,0.11119622737169266,0.5662055950821605,0.18518477415913107
thanh2+鮗,thanh2,0.06982836127281189,0.7651551792548517,0.11581687436201336
thanh2+󱠢,thanh2,0.10908021032810211,0.5891040648916427,0.401715768256562
thanh2+󱋣,thanh2,0.12680457532405853,0.4280952137977076,0.33740171642399014
thanh2+𠌊,thanh2,0.10069116204977036,0.529130030147071,0.1913223211666445
thanh2+󱚰,thanh2,0.0737520083785057,0.7271187918356976,0.13376213699206033
thanh2+󱼒,thanh2,0.09039376676082611,0.6790999328708067,0.15053572776741397
thanh2+𧒅,thanh2,0.06735251098871231,0.7050180864443548,0.21329968449298353
thanh2+𪴉,thanh2,0.08998331427574158,0.6349855021582335,0.23158052082005862
thanh2+󰍖,thanh2,0.06588160991668701,0.7341183231550126,0.1688739693758056
thanh2+󱊚,thanh2,0.08309479057788849,0.6930574897971207,0.11236214889754208
thanh2+𫽠,thanh2,0.08772718906402588,0.6881710623585628,0.23859923698050856
thanh2+𥶱,thanh2,0.0993560254573822,0.580705525980029,1.3522708285747036
thanh2+𰋝,thanh2,0.07917031645774841,0.7344794697413838,0.09896533185929192
thanh2+𤎓,thanh2,0.08272799849510193,0.6816427612335045,1.6642871499578042
thanh2+󱦙,thanh2,0.09978580474853516,0.5727256318680498,0.27005276595100997
thanh2+𡚝,thanh2,0.07424905896186829,0.7313718048227105,0.093885476778104
thanh2+𡉁,thanh2,0.09948597103357315,0.5594038455321098,0.19245283983959596
thanh2+󰯺,thanh2,0.09515421837568283,0.7075688568947158,0.1507276874439011
thanh2+𫮡,thanh2,0.14290982484817505,0.5103852636678223,0.21009264203935618
thanh2+𬕻,thanh2,0.10712608695030212,0.5598686711509802,0.32132551504933987
thanh2+𠷦,thanh2,0.0809413269162178,0.6123942699833118,0.3690709678414194
thanh2+𪥘,thanh2,0.08314406871795654,0.5797531827596447,0.13965167987066365
thanh2+𡄳,thanh2,0.0908576026558876,0.6358717711764368,0.26032498261045783
thanh2+𨇉,thanh2,0.13413232564926147,0.5525046215799333,0.2438164461741751
thanh2+𤬪,thanh2,0.08828634023666382,0.7451114510944257,0.29009153163945106
thanh2+𧞿,thanh2,0.13043242692947388,0.5309245709643153,0.3028882209286948
thanh2+𤣡,thanh2,0.10417918860912323,0.6252034429095951,0.23431945601664675
thanh2+󰤴,thanh2,0.06576815992593765,0.7831797480080681,0.07261703806175407
thanh2+𦟖,thanh2,0.05979553610086441,0.7396021949459944,0.13047466275615668
thanh2+𨆷,thanh2,0.15781991183757782,0.4777744410025727,0.28425718457335597
thanh2+󱟫,thanh2,0.0960431694984436,0.5621165007456045,0.16824282268284987
thanh2+󱢣,thanh2,0.07618069648742676,0.6839549934973134,0.20264337900779417
thanh2+󱞖,thanh2,0.1267266869544983,0.6369319671767166,1.6044711563174863
thanh2+󱭘,thanh2,0.07532522827386856,0.5976362033919745,0.1899699739235685
thanh2+󱩩,thanh2,0.10524262487888336,0.507975495973387,0.2603397952460097
thanh2+𡁎,thanh2,0.12100498378276825,0.6813803834467812,0.6243859689001274
thanh2+𫆮,thanh2,0.10463143140077591,0.6885489363700857,0.20528132025992765
thanh2+𡑪,thanh2,0.06946360319852829,0.7514153919096522,0.09282339101041265
thanh2+𠸬,thanh2,0.07775811851024628,0.7802683267029414,0.13604091813370026
thanh2+󰴾,thanh2,0.07841372489929199,0.6339695234143866,0.20750300057952278
thanh2+𨮉,thanh2,0.06507288664579391,0.7619785633812148,0.13505387591905804
thanh2+󱢰,thanh2,0.09425659477710724,0.5560744426260811,0.22323367294724863
thanh2+󱛋,thanh2,0.08055976033210754,0.7459656427881629,0.12382353537165618
thanh2+𤞦,thanh2,0.0965907946228981,0.5065668552276497,0.1825568024509139
thanh2+𫪦,thanh2,0.08186159282922745,0.8140199030741417,0.10920310945117269
thanh2+𬄹,thanh2,0.11062251031398773,0.5793645818454197,1.0686378394800633
thanh2+𠼇,thanh2,0.10625576972961426,0.7029715348347948,0.200300904853192
thanh2+𠿵,thanh2,0.11906125396490097,0.5935245752789098,1.067366460516668
thanh2+󱮾,thanh2,0.1089775562286377,0.47351498902239275,0.45507618883838963
thanh2+󱜲,thanh2,0.07851778715848923,0.803143991072478,0.10165049924763604
thanh2+𡀦,thanh2,0.06741033494472504,0.7240605364763393,0.08979855819984217
thanh2+󱡴,thanh2,0.11416801065206528,0.5995532285374593,0.21869252469801115
thanh2+𠴌,thanh2,0.1110495999455452,0.692155809571612,9.908425053169278
thanh2+㙘,thanh2,0.08704547584056854,0.6584117592204713,0.2396137322942633
thanh2+𪉴,thanh2,0.07472597062587738,0.6755300818734175,0.15322941008037685
thanh2+󱜖,thanh2,0.0705222487449646,0.8026746195036777,0.08070299818320113
thanh2+𤲼,thanh2,0.09438098967075348,0.5416595175129288,0.5695594011745625
thanh2+𡚎,thanh2,0.09590768814086914,0.6468525275159793,0.31870322357854614
thanh2+𠷯,thanh2,0.16340702772140503,0.5175687721312863,112.70802176615824
thanh2+𨄿,thanh2,0.10695292800664902,0.5202244070613232,0.1616263312037709
thanh2+𡀲,thanh2,0.07815682888031006,0.6376233550602525,0.20982462877669797
thanh2+𪣠,thanh2,0.06744272261857986,0.7593452516191,0.1467143535957727
thanh2+󱘓,thanh2,0.11326438188552856,0.6325631298630986,0.30820467669782897
thanh2+𬑶,thanh2,0.07258879393339157,0.7054952545669471,0.1829526182809048
thanh2+󱤥,thanh2,0.10879702866077423,0.6350511713367613,1.7043941836928616
thanh2+𭉷,thanh2,0.14009831845760345,0.4308078447897259,0.17105733110095045
thanh2+𤉓,thanh2,0.08644101023674011,0.6779930123494202,0.1394410440456292
thanh2+𪝅,thanh2,0.05513295158743858,0.779654130821723,0.12531824773671563
thanh2+󰘓,thanh2,0.12464283406734467,0.7018516709420907,0.14245751200394666
thanh2+𢠿,thanh2,0.10468247532844543,0.5896197090876654,77.93697247969412
thanh2+󰺼,thanh2,0.16213826835155487,0.23804383500969134,16.219215625928392
thanh2+󱹜,thanh2,0.07527373731136322,0.6883214818495255,0.09299648968229396
thanh2+𪝪,thanh2,0.08398885279893875,0.741190974149263,0.2677908895458777
thanh2+󱰍,thanh2,0.07724101096391678,0.7155838493169657,0.10835947699596553
thanh2+󱥭,thanh2,0.14936597645282745,0.5375518269612004,2.7646030796387575
thanh2+󰢣,thanh2,0.06961486488580704,0.6935040453884985,0.16153525887005837
thanh2+󱟰,thanh2,0.1282942146062851,0.5981908716426888,1.4295605546401082
thanh2+𩠸,thanh2,0.10390123724937439,0.6073578837034481,0.32445535658327157
thanh2+󱝹,thanh2,0.08462962508201599,0.739833727916439,0.1822859119735604
thanh2+𠶍,thanh2,0.08998508006334305,0.6972105362741984,0.20646916012656744
thanh2+𠼋,thanh2,0.13791899383068085,0.4042878632378234,0.29648305624196875
thanh2+𣕞,thanh2,0.10763515532016754,0.49869882737383897,0.5609915506276617
thanh2+󱫷,thanh2,0.07084332406520844,0.7043327082057571,0.10176646243520883
thanh2+𤏦,thanh2,0.0764538124203682,0.7898036742049015,0.08787246634088848
thanh2+𫫊,thanh2,0.06787211447954178,0.7756476015761792,0.1798353233273994
thanh2+𫼰,thanh2,0.11832989752292633,0.508777953377935,22.70770350298658
thanh2+󱝭,thanh2,0.08971396088600159,0.8062182853411927,0.11661638358992481
thanh2+󱥦,thanh2,0.1307176947593689,0.5301937149555043,0.20042602863357042
thanh2+𬡶,thanh2,0.08730728924274445,0.6658002728844301,0.2583576684532078
thanh2+𪢷,thanh2,0.08272212743759155,0.729975960789501,0.14644374881640865
thanh2+𡀫,thanh2,0.12350085377693176,0.6255616430885758,0.20743767066862331
thanh2+󱅒,thanh2,0.1278017908334732,0.4318190720551888,0.25042309849469635
thanh2+𫡸,thanh2,0.17336395382881165,0.5355835917018531,4.843639403218448
thanh2+󰌋,thanh2,0.09060640633106232,0.664922211704973,0.21870740281565793
thanh2+𠾲,thanh2,0.09810858964920044,0.6328682995753925,0.256927758192017
thanh2+󱬎,thanh2,0.09476098418235779,0.640366558606115,0.19247512323894403
thanh2+𡌡,thanh2,0.11205337941646576,0.510612723665752,0.12299790508246235
thanh2+󱞿,thanh2,0.10920362919569016,0.5178898479978183,0.26260472070445184
thanh2+󰙘,thanh2,0.10335152596235275,0.5195688892772875,38.95842008688399
thanh2+𪻟,thanh2,0.10989698767662048,0.711428305206226,0.22272419186797823
thanh2+𡃝,thanh2,0.0862160325050354,0.7289234884558605,0.17012271550317762
thanh2+𪡫,thanh2,0.06627248227596283,0.7456913041128806,0.10310570008230546
thanh2+𫯝,thanh2,0.1662965565919876,0.5201472058715831,0.3968594914321224
thanh2+𣌌,thanh2,0.12178275734186172,0.5039355085506946,0.36536732363733354
thanh2+𡎤,thanh2,0.1378934681415558,0.5794296402383436,4.099528649795393
thanh2+󱷿,thanh2,0.0980091318488121,0.5935602339098969,69.32360028575268
thanh2+𫣝,thanh2,0.09126914292573929,0.6000310606885394,3.61279449110941
thanh2+󱟱,thanh2,0.10052461922168732,0.7233629659096038,0.08086920817090586
thanh2+󱝨,thanh2,0.10217313468456268,0.5638153941704261,0.28704585969341284
thanh2+󱤠,thanh2,0.10443542897701263,0.6844453007681122,0.15514151107355204
thanh2+𭰺,thanh2,0.10286004841327667,0.7010006922353093,0.13397193475897007
thanh2+𤹕,thanh2,0.09421403706073761,0.6504995207167097,0.22629918435038773
thanh2+𡑲,thanh2,0.08039583265781403,0.6792277469084369,1.2097456924457284
thanh2+𥮈,thanh2,0.1363714039325714,0.4934272351312789,0.37160477142153586
thanh2+󱦐,thanh2,0.08338603377342224,0.6916522165224781,0.19603298958423507
thanh2+󱤍,thanh2,0.09544617682695389,0.6436067212668148,0.21392810997200154
thanh2+󱛕,thanh2,0.05452866479754448,0.7708510052752048,0.16115285124267478
thanh2+󱚍,thanh2,0.0798405259847641,0.7328198883124195,0.10508854218314052
thanh2+壉,thanh2,0.0940755233168602,0.4862489260344661,0.575491596164886
thanh2+𡜒,thanh2,0.05968495085835457,0.6990488596406277,0.16145437401590135
thanh2+󱺈,thanh2,0.08438792824745178,0.6913478776020812,0.4545378349822002
thanh2+𮜲,thanh2,0.11704601347446442,0.6223085531850147,0.22887972269044554
thanh2+𡫨,thanh2,0.09645801037549973,0.6923101799142934,0.21663667476785245
thanh2+姈,thanh2,0.09674288332462311,0.46394789055616076,0.27063669244064376
thanh2+𡎡,thanh2,0.0734652504324913,0.7325966364900295,0.13784671652454394
thanh2+𠻇,thanh2,0.09648612886667252,0.5561738916347903,0.3701957476330376
thanh2+𡃓,thanh2,0.08462120592594147,0.7021788990065683,0.1714272718984382
thanh2+󱥥,thanh2,0.09863114356994629,0.469912391800257,0.10568407719110919
thanh2+󰄜,thanh2,0.1435030996799469,0.3685764949330503,0.7871391940395654
thanh2+𪂱,thanh2,0.08775690943002701,0.7116313163382739,0.20157760367356717
thanh2+𩶽,thanh2,0.08213043212890625,0.5043049886632833,0.15315614406492153
thanh2+㖪,thanh2,0.08680889010429382,0.6940244899645072,0.3471549121270723
thanh2+𬊐,thanh2,0.06381086260080338,0.7291391354519281,0.14555220396880755
thanh2+𩝭,thanh2,0.10401873290538788,0.6095667014741185,25.76634017937467
thanh2+󱜷,thanh2,0.09477224200963974,0.6215134895214589,0.1383318574362177
thanh2+𩛸,thanh2,0.04014931991696358,0.822770951479925,0.10053056031993861
thanh2+𠲡,thanh2,0.07561058551073074,0.6955027668381862,0.1902571783231144
thanh2+󱞙,thanh2,0.09490907192230225,0.7450370549061003,0.24968222015921468
thanh2+󱙰,thanh2,0.0688558891415596,0.6123061453829755,0.11775185492739933
thanh2+󱍺,thanh2,0.07096870243549347,0.6957456350580584,0.1587989842889436
thanh2+𩚧,thanh2,0.11196761578321457,0.44502591120663565,0.14116444520151383
thanh2+󱟪,thanh2,0.1136845052242279,0.6128374416188618,0.13366634591633714
thanh2+哖,thanh2,0.06589990854263306,0.8266494354913528,0.15595975306454551
thanh2+𬓓,thanh2,0.12788429856300354,0.246900761476908,0.1784517385661738
thanh2+𡁛,thanh2,0.10922525823116302,0.47152714815449986,0.1750715112858171
thanh2+𨄸,thanh2,0.1251276284456253,0.4662588086443491,13.258530772400041
thanh2+𣻢,thanh2,0.12769724428653717,0.6232968828169868,0.24590816341896882
thanh2+󰘵,thanh2,0.07425852864980698,0.7114171261240383,0.16475105725584457
thanh2+𠼸,thanh2,0.061660684645175934,0.7925996466831025,0.08835382637436888
thanh2+󱟨,thanh2,0.15564069151878357,0.3397836502592723,18.034164092467446
thanh2+𡁚,thanh2,0.11759815365076065,0.7035636453695723,0.24593115797474194
thanh2+𡁽,thanh2,0.11281584948301315,0.49385266186849297,4.657119574414817
thanh2+󱲙,thanh2,0.09752049297094345,0.661685727143391,0.2030323677518521
thanh2+睈,thanh2,0.14551861584186554,0.5179058217759549,101.35889261973837
thanh2+󱀄,thanh2,0.1115582063794136,0.5231014201660162,0.23452182690645026
thanh2+󱡉,thanh2,0.08100379258394241,0.670164927042267,0.10988778468398773
thanh2+𢵻,thanh2,0.08288663625717163,0.6983318139423679,0.1974398137463195
thanh2+𢶹,thanh2,0.07842142879962921,0.6963898292919705,0.11832483279152876
thanh2+𪸝,thanh2,0.06857633590698242,0.7064163948824745,0.07526046479423684
thanh2+󱡗,thanh2,0.11165069043636322,0.5459314436381276,0.27010268739417476
thanh2+𬕌,thanh2,0.1363854706287384,0.36879134383031176,0.09585534404095851
thanh2+󱺃,thanh2,0.16968190670013428,0.31161940967114865,0.4147420442413608
thanh2+𡅫,thanh2,0.07539311051368713,0.5998680291694026,0.1300013603226081
thanh2+󱫟,thanh2,0.11597120016813278,0.6764861449468921,0.19003008060408202
thanh2+󱚴,thanh2,0.0872737243771553,0.6235092275596048,0.22234586616482951
thanh2+𠸄,thanh2,0.05603799223899841,0.7897485881923989,0.10250355053903532
thanh2+󱲰,thanh2,0.16979876160621643,0.28199698413001695,0.30035640084642107
thanh2+󰞘,thanh2,0.08662557601928711,0.7841647348856895,0.11242342286800065
thanh2+𡚄,thanh2,0.11280529201030731,0.5615454833188253,0.15239198218903605
thanh2+󱳠,thanh2,0.0981249064207077,0.6684271367560294,0.25044597409940345
thanh2+𬠥,thanh2,0.09484326094388962,0.6747132335739165,0.2421513511105063
thanh2+󱳒,thanh2,0.11456244438886642,0.44769980247029884,0.2746837261060672
thanh2+𤉕,thanh2,0.12575596570968628,0.37100297427892126,0.2894293784930135
thanh2+󱦩,thanh2,0.11554481089115143,0.43793546670194433,0.4233755552151203
thanh2+𢷰,thanh2,0.08097948879003525,0.6525924116088051,0.2823920735908493
thanh2+㷝,thanh2,0.13156212866306305,0.476606915960065,0.11183051191949095
thanh2+󱣶,thanh2,0.09871825575828552,0.6864218386283794,0.17250026619324224
thanh2+󱯄,thanh2,0.10514681786298752,0.42716487448451673,0.21163148887661112
thanh2+󱞕,thanh2,0.10571974515914917,0.6159526568192181,31.82794830954253
thanh2+󱌡,thanh2,0.06379774212837219,0.7995261481387198,0.1149342412557151
thanh2+𠻱,thanh2,0.07988704741001129,0.7114859817068716,0.15742246704306062
thanh2+𡗅,thanh2,0.12807375192642212,0.5963586286863424,0.26246388059434445
thanh2+𠽇,thanh2,0.09956692159175873,0.621587508781663,0.10065778265686424
thanh2+𪶵,thanh2,0.07768434286117554,0.6597055932162108,0.1759376849842401
thanh2+𪢒,thanh2,0.09226927906274796,0.5944630044216813,0.20280430761094945
thanh2+𪩥,thanh2,0.11002752929925919,0.5724904104806152,0.25861410816173674
thanh2+𣔧,thanh2,0.06056108698248863,0.7437958438357971,0.13219239346587872
thanh2+󱞾,thanh2,0.13557851314544678,0.552999328572342,0.6364777738806991
thanh2+󰂻,thanh2,0.09523555636405945,0.6598425385640277,2.0731163865814155
thanh2+󱲗,thanh2,0.09977886080741882,0.5894716168286976,0.2602418095216219
thanh2+󱞒,thanh2,0.11652512103319168,0.7197308819842697,1.4612374883201549
thanh2+𪤲,thanh2,0.05308157205581665,0.8094958713629399,0.12244686799455011
thanh2+󱪱,thanh2,0.08010074496269226,0.561212332518734,0.1805953727713052
thanh2+󱰺,thanh2,0.07930846512317657,0.62172929244748,0.2010470113956625
thanh2+𨆟,thanh2,0.08778055757284164,0.6578675842819031,2.2154209478678606
thanh2+󱬊,thanh2,0.11214567720890045,0.5958148288241993,0.2080035364684262
thanh2+𡍢,thanh2,0.14135272800922394,0.2892117494607313,0.20155453399643494
thanh2+𦟟,thanh2,0.120810367166996,0.3781401837005165,0.38825742633320554
thanh2+󱹺,thanh2,0.09431580454111099,0.47865281959321804,0.19232546643810908
thanh2+𪢍,thanh2,0.08596944808959961,0.5245748291499771,0.1534465001855633
thanh2+㤝,thanh2,0.11508315801620483,0.5004991144881257,0.1589966043845399
thanh2+󱛱,thanh2,0.10012595355510712,0.6675091382475494,0.16434609058943297
thanh2+󱛺,thanh2,0.1116352304816246,0.5049100246582752,0.324168772324477
thanh2+󰬲,thanh2,0.07737065851688385,0.6852744032819164,0.1693872515067176
thanh2+𪡎,thanh2,0.12457752972841263,0.5175867665197919,0.2828279490796117
thanh2+󱹙,thanh2,0.08048039674758911,0.6103294769302463,0.11826618941609214
thanh2+󰌗,thanh2,0.09310989081859589,0.39195043658843426,0.181548190395308
thanh2+𥊜,thanh2,0.08591364324092865,0.6827092851920039,0.9353342503506537
thanh2+𰦫,thanh2,0.09028875827789307,0.7064875374501276,0.1667080833892771
thanh2+󱝸,thanh2,0.0833824947476387,0.6142498636095106,0.0865901579908354
thanh2+𠶊,thanh2,0.07283905148506165,0.7167592804319586,0.13656108350209892
thanh2+𫊬,thanh2,0.11533042043447495,0.4002531457932138,0.10400629721719601
thanh2+󱛙,thanh2,0.10278087109327316,0.7326405896013697,0.1835577750728512
thanh2+󱭷,thanh2,0.10957913100719452,0.6139207047968,0.37862512363965567
thanh2+𥖑,thanh2,0.10519064962863922,0.6219531439817051,0.36831006233687996
thanh2+𮫷,thanh2,0.10682599991559982,0.6313396782703422,5.71038079795028
thanh2+莰,thanh2,0.05049175024032593,0.6896526959529012,0.11486955630300444
thanh2+󱗳,thanh2,0.09781168401241302,0.6688344441500081,0.2713728083004281
thanh2+󱜴,thanh2,0.07008899748325348,0.7335017482097408,0.22278655527912652
thanh2+𡀇,thanh2,0.054015085101127625,0.7458635630404694,0.12759373478122527
thanh2+𪠉,thanh2,0.08023207634687424,0.7438217447045323,0.1250131439541249
thanh2+𢯝,thanh2,0.08448329567909241,0.720723927635162,0.1529921837100713
thanh2+𫿟,thanh2,0.10360458493232727,0.5975812433336439,0.15530926238757126
thanh2+󱳦,thanh2,0.0788322314620018,0.7698123053437321,0.08605281590910034
thanh2+𧟝,thanh2,0.10343378037214279,0.5319648777928916,0.20174905954927289
thanh2+󱣂,thanh2,0.09064798057079315,0.6301995545223544,0.2248385033661383
thanh2+󱞟,thanh2,0.08142781257629395,0.6844572187524721,0.17924896384041575
thanh2+󰌺,thanh2,0.07646143436431885,0.710359039615476,0.12047842053816199
thanh2+𥌈,thanh2,0.08051761239767075,0.6216055134129946,1.4200113127898062
thanh2+𧍆,thanh2,0.10768862068653107,0.4740711260944962,0.12463560828568665
thanh2+𬪽,thanh2,0.07312595099210739,0.7388473634990965,0.08964885024805896
thanh2+󱌰,thanh2,0.16398495435714722,0.5495988001409359,0.07369213594146934
thanh2+𠻉,thanh2,0.06405393779277802,0.799888921750944,0.09162906369132484
thanh2+󱟠,thanh2,0.13309726119041443,0.5886262219774905,0.2960104355647419
thanh2+𨡨,thanh2,0.0988653376698494,0.6376029903273077,0.24140013398897575
thanh2+󱙌,thanh2,0.08916762471199036,0.7208189602157676,0.2815881186562938
thanh2+抋,thanh2,0.09416918456554413,0.6729676332837004,0.16969181502779493
thanh2+𡅑,thanh2,0.07699569314718246,0.7029633318226376,0.21831801341190585
thanh2+󰮝,thanh2,0.07056374847888947,0.5817428174979389,3.4649167692739233
thanh2+𩵾,thanh2,0.109214648604393,0.5162506982313028,0.2611951310544823
thanh2+󱥑,thanh2,0.08238735795021057,0.654246649305667,0.27965048470322057
thanh2+󰢔,thanh2,0.10408277809619904,0.6264940993828314,0.19016109884125956
thanh2+󱜾,thanh2,0.10948736220598221,0.6378244244980477,0.12354670726576698
thanh2+𬖩,thanh2,0.09429097175598145,0.7458437859041783,0.16760411229657204
thanh2+󱉲,thanh2,0.11047114431858063,0.5742315484670123,0.9276955019010872
thanh2+𫱞,thanh2,0.10438577830791473,0.6191040255029386,0.36155677981618944
thanh2+󱩗,thanh2,0.12494686245918274,0.6057758788879332,0.15948833278752592
thanh2+󱰖,thanh2,0.07532231509685516,0.5633550830053117,0.18276318929693444
thanh2+𫄋,thanh2,0.08803795278072357,0.6736008390810976,0.8353716102078828
thanh2+𠿸,thanh2,0.0531683973968029,0.8283333399162173,0.08352359666787983
thanh2+𬕷,thanh2,0.12790116667747498,0.603175045092388,0.25755864873663686
thanh2+𨃌,thanh2,0.10901893675327301,0.5175384375803139,1.0322425833850957
thanh2+󱛵,thanh2,0.06888312101364136,0.7510627884377318,0.1071981680274509
thanh2+󱞻,thanh2,0.07605157792568207,0.7076359219932632,0.08715704061169958
thanh2+󱫳,thanh2,0.11464127898216248,0.6354253767897594,0.2823825417443284
thanh2+㘗,thanh2,0.09110061824321747,0.7360145405134212,0.17508882041701204
thanh2+󱯈,thanh2,0.10881951451301575,0.5741196342051778,2.2468376574000657
thanh2+󱘠,thanh2,0.0651824027299881,0.7119783145028084,0.15750247432684206
thanh2+𬮷,thanh2,0.10291216522455215,0.6167330119333176,0.25549902249913065
thanh2+󱛽,thanh2,0.08060812950134277,0.7712133482766572,0.10256981573467149
thanh2+󱚛,thanh2,0.0693420022726059,0.6904215582180749,0.1445987917067106
thanh2+𫆶,thanh2,0.08135820925235748,0.7101375897279862,0.1254939791600479
thanh2+󱹻,thanh2,0.10065531730651855,0.5970766439585369,0.3041018370586912
thanh2+󱘧,thanh2,0.06538601964712143,0.7095329464126138,0.08323497684691755
thanh2+𧜗,thanh2,0.08190237730741501,0.5668849050918724,0.1796374259898942
thanh2+𧋸,thanh2,0.10447808355093002,0.6513801667154139,0.4547488898997793
thanh2+󰛈,thanh2,0.06935741007328033,0.7342844475233935,0.17563056966374044
thanh2+𡄾,thanh2,0.1178957149386406,0.5884331945499452,2.467914426864602
thanh2+󰧙,thanh2,0.09275923669338226,0.6968881503100999,0.2032144382312425
thanh2+𡫐,thanh2,0.1082983911037445,0.5570258312967149,1.1761651591601465
thanh2+𫏝,thanh2,0.09957241266965866,0.5905882965807009,11.47262895064384
thanh2+𪤽,thanh2,0.09053051471710205,0.7006753645766173,0.18788462463936972
thanh2+󱫗,thanh2,0.0845833495259285,0.6423279609778227,0.13630059935297456
thanh2+𩹹,thanh2,0.10329242050647736,0.6092396448947327,4.061389624650183
thanh2+󱪼,thanh2,0.09379306435585022,0.6753872838042998,0.24987854648686056
thanh2+㖀,thanh2,0.11854774504899979,0.7498473847286019,132.16662582529617
thanh2+𢅄,thanh2,0.08657532930374146,0.5892536470750388,0.10583079301586501
thanh2+鯑,thanh2,0.06046101450920105,0.7317902287987125,0.1564712118954166
thanh2+𥵉,thanh2,0.12162691354751587,0.5226883305991139,0.1216890880073432
thanh2+㘢,thanh2,0.10119945555925369,0.7544370745730304,0.11995955796734743
thanh2+𠴭,thanh2,0.09069755673408508,0.6262309803693935,33.87982839664972
thanh2+𣛤,thanh2,0.09522153437137604,0.49706258676794457,0.135499596004356
thanh2+𦀌,thanh2,0.06048903614282608,0.6781856170089168,0.0966960008526568
thanh2+𡄧,thanh2,0.09761468321084976,0.6727864089565567,0.1288780685475771
thanh2+𠀿,thanh2,0.08113718777894974,0.707917444200367,0.11159385546989964
thanh2+𢴎,thanh2,0.0676061362028122,0.6833691348739315,0.19828779487683415
thanh2+󰁐,thanh2,0.14625996351242065,0.6048750236123543,0.26505533462343667
thanh2+𤁔,thanh2,0.10586835443973541,0.6870771534369842,0.1519491684384907
thanh2+𦿄,thanh2,0.08729028701782227,0.32577809238328614,0.11610980074784548
thanh2+𩯁,thanh2,0.12819457054138184,0.6246332699666793,0.2636815169792845
thanh2+𠽙,thanh2,0.12135469168424606,0.4701068061934604,0.32397434461508096
thanh2+󰢷,thanh2,0.13302503526210785,0.5212057654541025,0.4056334248655173
thanh2+󰈠,thanh2,0.07364805787801743,0.5969422383874846,0.14320366116675784
thanh2+󱛆,thanh2,0.08734596520662308,0.724456641920276,0.12021736217234558
thanh2+𨁋,thanh2,0.08523382246494293,0.7548114058180062,0.17698025392912284
thanh2+𬕳,thanh2,0.0763678029179573,0.665470001087853,0.10278211650916945
thanh2+𤁯,thanh2,0.12363545596599579,0.5689147796185936,0.20221984166454665
thanh2+𡅩,thanh2,0.12191988527774811,0.6084146951016777,0.19411395521340036
thanh2+𡁼,thanh2,0.06742571294307709,0.7237224328938289,0.14956709725579734
thanh2+𠷇,thanh2,0.06610953062772751,0.7524256768811601,0.166692103201359
thanh2+󱪎,thanh2,0.1033032089471817,0.6830795900526129,0.22736382390093848
thanh2+嘪,thanh2,0.07209068536758423,0.7292660809840645,0.09939978361581447
thanh2+𧜐,thanh2,0.10210026800632477,0.4651071317268802,0.3068646373459927
thanh2+𠇕,thanh2,0.11993682384490967,0.597055860005759,2.920494270243051
thanh2+󱤗,thanh2,0.06792619824409485,0.7186801129551372,0.11939664503020801
thanh2+󰮃,thanh2,0.10107435286045074,0.47212269810042673,0.12521787994364475
thanh2+𩸮,thanh2,0.08103258907794952,0.613274517592966,0.15137967298490415
thanh2+𠿁,thanh2,0.08609303086996078,0.6578266760100754,0.2563931044442595
thanh2+𩽈,thanh2,0.08364255726337433,0.5795617244750314,0.23652932981142172
thanh2+𫉩,thanh2,0.08181726932525635,0.6065471148302372,0.10163845126732164
thanh2+𡮺,thanh2,0.1265774667263031,0.5416725132339868,0.19097767707899868
thanh2+𡝦,thanh2,0.09963160753250122,0.7031865720351383,0.12629176561852282
thanh2+󱬔,thanh2,0.06716851890087128,0.6463508958850896,0.11070210780435874
thanh2+󱨇,thanh2,0.05804688110947609,0.8283424204346135,0.0795518989736954
thanh2+𬃴,thanh2,0.11744509637355804,0.5027730023633816,0.24237271098400393
thanh2+𤄮,thanh2,0.08551938831806183,0.6561214252007909,0.20972534554047215
thanh2+󱯗,thanh2,0.11510401219129562,0.6380021335712704,0.37143652079264067
thanh2+𫴇,thanh2,0.14317888021469116,0.2858988991208236,0.27579256955663306
thanh2+湳,thanh2,0.0970219150185585,0.6846503207236568,0.13213855152001866
thanh2+𪡴,thanh2,0.0765436440706253,0.7573765909953261,0.09930869250723551
thanh2+󱨨,thanh2,0.07925806939601898,0.7202567681907919,0.15206654707739262
thanh2+𤋽,thanh2,0.08486290276050568,0.5267435196151306,0.12674765744005767
thanh2+󱛪,thanh2,0.12268871068954468,0.6699648767443231,0.28368610556295043
thanh2+婫,thanh2,0.10982315242290497,0.4558575352981352,0.09246391509046087
thanh2+󰺥,thanh2,0.12777698040008545,0.29921687404942443,0.26070861206682977
thanh2+󱰐,thanh2,0.10032826662063599,0.669684207211218,0.23773793756694186
thanh2+𩇆,thanh2,0.09807153046131134,0.5990351678664431,0.24342934931053758
thanh2+󱦔,thanh2,0.1329704225063324,0.5274165627970697,0.3310337192283261
thanh2+𦲼,thanh2,0.07824433594942093,0.6853589554216016,0.3898674033239547
thanh2+𠴇,thanh2,0.08238136023283005,0.7694796081057246,0.06997483856548085
thanh2+󱞅,thanh2,0.10745444893836975,0.6404699128271261,0.4628208468633144
thanh2+󱚭,thanh2,0.09942473471164703,0.5562891732167229,0.11485206617912556
thanh2+󱤈,thanh2,0.07828054577112198,0.5074105867591499,0.13582834990825196
thanh2+󱝻,thanh2,0.0753587856888771,0.7484724210467195,0.11370454608499124
thanh2+󱋭,thanh2,0.09244874864816666,0.7008956305193196,0.14542348674139788
thanh2+噃,thanh2,0.07798612117767334,0.7664496657691214,0.12154960422042937
thanh2+𢆠,thanh2,0.0769256055355072,0.737381344831838,0.18111077918292648
thanh2+𠼳,thanh2,0.08859439939260483,0.6222929051431544,0.6213379423161857
thanh2+󱢜,thanh2,0.08043918758630753,0.6950859904941434,0.17236238089656394
thanh2+󱝪,thanh2,0.09660575538873672,0.6441690164534031,0.16613871626159307
thanh2+󱋇,thanh2,0.0970616340637207,0.6060399045430032,0.26985764781295557
thanh2+𧒊,thanh2,0.07846248894929886,0.6868419496976468,0.1174622695050002
thanh2+𫫛,thanh2,0.0792219415307045,0.6543380852832568,0.151187757563607
thanh2+𫲼,thanh2,0.07370883226394653,0.7549107026833805,0.12569577556127517
thanh2+𪮽,thanh2,0.07577250897884369,0.736567074724635,0.1165657630308219
thanh2+𠾾,thanh2,0.11391784250736237,0.650967283287517,0.5536949751194095
thanh2+󱦡,thanh2,0.09791508316993713,0.624636742356424,0.22167881875895198
thanh2+󱪚,thanh2,0.09566794335842133,0.6406496937196203,0.236172359615101
thanh2+𡮨,thanh2,0.10536496341228485,0.6681423921288384,0.22662579361369498
thanh2+󱚂,thanh2,0.11789882183074951,0.5930990664418904,0.22093081819613217
thanh2+𢶽,thanh2,0.10046199709177017,0.6374277931412016,0.1463786383174034
thanh2+𡡇,thanh2,0.08967143297195435,0.6130179977898509,0.5140410380538921
thanh2+𪢡,thanh2,0.11012446880340576,0.546580657580813,0.17847278901309782
thanh2+󱢅,thanh2,0.06473320722579956,0.774053078435462,0.14110904553734702
thanh2+󰡊,thanh2,0.07126542180776596,0.7243802127686744,0.15542550509309325
thanh2+𫟌,thanh2,0.1336423009634018,0.5291326220670237,479.5272498287002
thanh2+𪀆,thanh2,0.07932578772306442,0.6350328734224178,0.4147070409954212
thanh2+𫅲,thanh2,0.14152149856090546,0.4003320952591438,0.22266441951390367
thanh2+󱠧,thanh2,0.09577414393424988,0.4331650789827326,0.1814757770499588
thanh2+󰄼,thanh2,0.08814407140016556,0.5998675896597906,0.3682507208974008
thanh2+󱜆,thanh2,0.11149574816226959,0.591519775036322,0.26186690812237057
thanh2+𬔽,thanh2,0.07095004618167877,0.7596648865439507,0.09738616454166626
thanh2+𪬪,thanh2,0.1206706166267395,0.6121578143741304,0.21541924074523514
thanh2+𥌧,thanh2,0.08261287212371826,0.5291158019221239,0.12643953393699603
thanh2+𡮛,thanh2,0.13399474322795868,0.5319032868725532,0.29436617305329044
thanh2+󱰪,thanh2,0.11925214529037476,0.30694921792089336,0.2941534511180254
thanh2+𠻆,thanh2,0.10969342291355133,0.671195415098139,0.1314567216258606
thanh2+󱢉,thanh2,0.08826985955238342,0.5417208840880249,0.19912646008817345
thanh2+󱛲,thanh2,0.10287240147590637,0.6799661251279341,1.1209864204920261
thanh2+󱚒,thanh2,0.07888946682214737,0.6820385114347058,0.18694976721279646
thanh2+𢭿,thanh2,0.07863054424524307,0.6612386795457652,0.12292288548296904
thanh2+𪡈,thanh2,0.07631362974643707,0.7174776109214475,29.930515868276654
thanh2+󱰮,thanh2,0.07435011118650436,0.6706181039584874,0.21130319235669126
thanh2+󱝧,thanh2,0.06335985660552979,0.6846228446357097,0.1612077133647594
thanh2+󱡑,thanh2,0.11063894629478455,0.5566462867866825,0.09106847588711436
thanh2+𠶂,thanh2,0.0949845090508461,0.6338340342881378,0.1814145887437526
thanh2+𪡗,thanh2,0.07806147634983063,0.5960295449534976,0.2067670285122826
thanh2+󰭙,thanh2,0.14021779596805573,0.4846734942271911,0.3796820917145789
thanh2+󱫸,thanh2,0.12923383712768555,0.5686268300294693,0.2066775606136981
thanh2+󱜈,thanh2,0.1048726961016655,0.5394007619704352,15.745122472881803
thanh2+𠺮,thanh2,0.09404977411031723,0.648604951296999,0.19428696013560587
thanh2+󱚚,thanh2,0.10250890254974365,0.6204098835681167,0.23588286698162086
thanh2+𡓾,thanh2,0.1614556908607483,0.5084967221173723,1.6115735160728903
thanh2+𫥸,thanh2,0.11089278012514114,0.6862626874387409,0.20260821763847606
thanh2+𠲏,thanh2,0.07829506695270538,0.7081152671603691,0.18764685578055454
thanh2+󱨫,thanh2,0.11647062748670578,0.6862575869503641,0.14028990862704435
thanh2+檤,thanh2,0.09091178327798843,0.6996293342922785,0.17969085819803507
thanh2+󱜺,thanh2,0.06035679578781128,0.7585091646945961,0.11712751828165002
thanh2+𫲰,thanh2,0.07532211393117905,0.6472537949128465,0.16408075829897004
thanh2+󰊫,thanh2,0.12816865742206573,0.5281403707727101,0.32900114993614443
thanh2+󱩙,thanh2,0.1027350127696991,0.4890749028082602,0.19950931560762497
thanh2+󱯠,thanh2,0.10038718581199646,0.5804242637455813,0.23161801021681058
thanh2+󱜌,thanh2,0.0795568898320198,0.7571580714507873,0.14802825331362682
thanh2+󱤑,thanh2,0.08383249491453171,0.6215124613266023,0.16081370833685957
thanh2+𡃜,thanh2,0.08115451037883759,0.7232001422465851,0.10768044697997847
thanh2+𦟑,thanh2,0.08828287571668625,0.6907132370422133,0.11722565778415334
thanh2+𡮣,thanh2,0.12005936354398727,0.6944337233276546,0.16341049685868908
thanh2+󱮑,thanh2,0.12821675837039948,0.5389059920456838,0.3470675240840347
thanh2+𦄆,thanh2,0.10359030961990356,0.5028014901144442,0.3077471237550435
thanh2+󱳬,thanh2,0.10419139266014099,0.5465477816180617,4.225839461395455
thanh2+󱋃,thanh2,0.08709866553544998,0.621754359019418,0.14004809287901535
thanh2+𥱫,thanh2,0.09517836570739746,0.6767718366262515,0.20760471192567512
thanh2+𪱴,thanh2,0.08954072743654251,0.6067278078949041,0.09975592125778937
thanh2+󱰗,thanh2,0.13227428495883942,0.4618390586940292,0.16782540295447437
thanh2+󱡵,thanh2,0.12865622341632843,0.558941409516068,0.20326958541313453
thanh2+󱞔,thanh2,0.11292372643947601,0.4526815927318081,0.2625989828405179
thanh2+󱙥,thanh2,0.11173835396766663,0.6058834761373058,0.17526442112863247
thanh2+󱯑,thanh2,0.09786152839660645,0.5361442232284697,0.14379429793412188
thanh2+󱘰,thanh2,0.10330074280500412,0.6613305698020973,0.21067855424562085
thanh2+㖕,thanh2,0.04077610373497009,0.8700498882139669,0.07544296604390661
thanh2+㗭,thanh2,0.09792042523622513,0.697607021146685,0.23449585763256378
thanh2+󱝫,thanh2,0.08317610621452332,0.6088598086293139,0.13339322867926465
thanh2+𪢤,thanh2,0.10722003877162933,0.5034147006246401,2.2064688870662748
thanh2+𠿴,thanh2,0.14034812152385712,0.593741048782371,0.4263799257125718
thanh2+𬓛,thanh2,0.10360731184482574,0.6351410929467064,0.3971604998792401
thanh2+𢲾,thanh2,0.12471681833267212,0.5662802901713261,5.473748737840146
thanh2+󱪉,thanh2,0.13120347261428833,0.4526668920498265,0.1862953496172545
thanh2+𧋅,thanh2,0.07703789323568344,0.7253648967693199,0.14787681102183892
thanh2+𪡱,thanh2,0.05980180203914642,0.6945483407058233,0.17291290848250462
thanh2+󱟎,thanh2,0.06452038139104843,0.7126626045887917,0.19574916947531132
thanh2+𪰰,thanh2,0.08673951774835587,0.6383691866739484,0.15581762500125185
thanh2+𫫜,thanh2,0.09680166840553284,0.6438414641909403,1.062187211806586
thanh2+󱺂,thanh2,0.09090246260166168,0.758581503993905,0.12403531665464503
thanh2+󱞡,thanh2,0.08030130714178085,0.6337296463526388,0.2370170691844228
thanh2+𪖺,thanh2,0.08952341228723526,0.6062650211872777,0.18432452374843475
thanh2+𤄷,thanh2,0.13187602162361145,0.6268624858056201,0.271846459914241
thanh2+𣒠,thanh2,0.07875262200832367,0.7188720227884257,0.22075376585903847
thanh2+𡖡,thanh2,0.13326936960220337,0.5944761435944524,0.4218140554448466
thanh2+𡏠,thanh2,0.11953255534172058,0.505457370043681,2.7460189323432362
thanh2+󱯧,thanh2,0.08621197938919067,0.7078229356086666,0.13354866158930923
thanh2+𠲜,thanh2,0.12670794129371643,0.648042824916495,74.9261749708884
thanh2+󱧖,thanh2,0.09373432397842407,0.6990418210093382,0.25094224569155127
thanh2+𤼞,thanh2,0.09284511208534241,0.5809286607456571,0.4323294975709557
thanh2+󱳴,thanh2,0.06609225273132324,0.7069910133054825,0.17477959974205928
thanh2+𠹍,thanh2,0.10018064081668854,0.720375017443193,0.1297671810146364
thanh2+𦼜,thanh2,0.06887839734554291,0.7891166355348941,0.12562878166697636
thanh2+󰢉,thanh2,0.11578847467899323,0.6102582569472491,0.2724727855913341
thanh2+󰬽,thanh2,0.08960208296775818,0.5352365488904467,0.1690549410092409
thanh2+𠱜,thanh2,0.10639769583940506,0.6543342080621145,8.038037193776498
thanh2+𠳭,thanh2,0.06981731951236725,0.5848488477231198,0.08982394940024292
thanh2+𩠱,thanh2,0.11846126616001129,0.526889520870285,0.554845389026725
thanh2+󱢥,thanh2,0.12271140515804291,0.3146172658807024,0.4579724512497408
thanh2+󱛅,thanh2,0.0836704671382904,0.6375442599104074,0.13162244745133508
thanh2+𪥾,thanh2,0.08746971189975739,0.7500849433162051,1.091179027859263
thanh2+𨨨,thanh2,0.09702598303556442,0.4872146682368261,0.46175055475822524
thanh2+󱰚,thanh2,0.09556283801794052,0.6437637539686293,0.24484385198823613
thanh2+𠶅,thanh2,0.1013207659125328,0.4813593422585433,0.0756651479207287
thanh2+𠴹,thanh2,0.10150527954101562,0.6620689683508476,0.21083282971514042
thanh2+𪶩,thanh2,0.17095337808132172,0.3860944424369108,0.4386101572751026
thanh2+󱮮,thanh2,0.09719696640968323,0.6741823763958322,0.16574362550298466
thanh2+𩯂,thanh2,0.10432346910238266,0.44866320709753765,0.180417370340596
thanh2+󰬟,thanh2,0.08880637586116791,0.7042361081277206,0.1486593450116016
thanh2+侱,thanh2,0.09054875373840332,0.7411737157228055,0.1413602033611856
thanh2+𡐮,thanh2,0.08641707897186279,0.507244839198468,0.11183642989598393
thanh2+𨂗,thanh2,0.1091049313545227,0.5859487412864076,0.872931953080951
thanh2+𢪭,thanh2,0.0716402679681778,0.7180241434307313,0.13193038887914713
thanh2+󱝞,thanh2,0.1068335697054863,0.6317722836077067,0.20116403911746042
thanh2+𭡏,thanh2,0.11291185021400452,0.5207024497220251,0.1803778804575645
thanh2+𫛈,thanh2,0.11756989359855652,0.549818586843271,0.3833993892242042
thanh2+藞,thanh2,0.0754660815000534,0.6837074880967021,0.139658945644882
thanh2+𠷥,thanh2,0.07989933341741562,0.8021887316197975,0.08768790656712018
thanh2+𦨂,thanh2,0.11149115115404129,0.464648100202048,0.27585485310825847
thanh2+埨,thanh2,0.10019031912088394,0.5985083497517629,0.15626972262639954
thanh2+󱧝,thanh2,0.1621433049440384,0.5935269136794169,0.24543916010923558
thanh2+𬄃,thanh2,0.07494582235813141,0.7215530714994651,0.12934093045085562
thanh2+𤳧,thanh2,0.095480777323246,0.5966090657780724,0.26913691436620996
thanh2+𨊌,thanh2,0.11166082322597504,0.5420044476981232,4.081899344686149
thanh2+𦝇,thanh2,0.12612439692020416,0.6153160626762089,0.3743884633759613
thanh2+󰝎,thanh2,0.07279373705387115,0.7786634053651629,0.11204102386503628
thanh2+󱤚,thanh2,0.12758861482143402,0.5988414485917295,0.23643108778221963
thanh2+𡅯,thanh2,0.10315866768360138,0.6124718725103535,0.6404451147048204
thanh2+󱝗,thanh2,0.08841970562934875,0.6824877329484199,0.19220708839688025
thanh2+湨,thanh2,0.14919251203536987,0.5605440140020416,2.2295379230188925
thanh2+蝔,thanh2,0.09609368443489075,0.6494151398503755,0.15627875293681925
thanh2+󰠎,thanh2,0.09818524122238159,0.7377958732227464,0.15357118103965003
thanh2+󱦯,thanh2,0.08073322474956512,0.5113903859642576,0.41328040705542374
thanh2+𡓟,thanh2,0.09574493765830994,0.6119876026631178,0.22709604203070788
thanh2+𠿀,thanh2,0.08940698206424713,0.6670362938657016,0.18249330170008446
thanh2+󰭔,thanh2,0.12126300483942032,0.5443119303709724,4.556636632737241
thanh2+𬟻,thanh2,0.06251376867294312,0.7776043346964485,0.0938279648307378
thanh2+󱫪,thanh2,0.11276702582836151,0.5739482817558901,0.259770340239255
thanh2+󱞢,thanh2,0.17250646650791168,0.483664437912175,0.31938036639877615
thanh2+𥭑,thanh2,0.08716744184494019,0.6456094572233294,0.09168788307018098
thanh2+𫪁,thanh2,0.07180219888687134,0.7522414804834656,0.17003635799755804
thanh2+𡃳,thanh2,0.12929674983024597,0.6600492559529877,0.20131013881472024
thanh2+󱧘,thanh2,0.11556241661310196,0.572679276720423,0.1017432450132808
thanh2+󱯛,thanh2,0.1312912404537201,0.6483259155100859,0.11819644000597794
thanh2+𥙒,thanh2,0.11186853051185608,0.6777287902134806,0.34574580989101045
thanh2+󰜡,thanh2,0.059295594692230225,0.7869269611168117,0.10961175148833918
thanh2+𫮲,thanh2,0.08175426721572876,0.7442543059222455,0.14278625709956608
thanh2+󱝷,thanh2,0.08993479609489441,0.6955506979046286,0.1604778690834615
thanh2+𬞰,thanh2,0.12407410144805908,0.5219154561966054,6.04521977406597
thanh2+󱟬,thanh2,0.07951066642999649,0.7367551495488792,0.0838937304111556
thanh2+𬞑,thanh2,0.10197175294160843,0.6536407419449821,0.1874326314177092
thanh2+󱞈,thanh2,0.08160287141799927,0.5554492351949164,0.19996652765790426
thanh2+󱛣,thanh2,0.096855029463768,0.6564474591481343,0.345551213649103
thanh2+𪡆,thanh2,0.07076747715473175,0.7074129688750489,0.09951505702627457
thanh2+󰭏,thanh2,0.09856714308261871,0.6517954417344449,0.10615343072020499
thanh2+𡀬,thanh2,0.08463786542415619,0.6579813280873328,0.11774773088455275
thanh2+󰬙,thanh2,0.07785238325595856,0.7266536871227717,0.3797362101591488
thanh2+󱘡,thanh2,0.07695671916007996,0.6536831293580678,0.13261038286238824
thanh2+𪷘,thanh2,0.1467110812664032,0.5902598264066037,0.35662128122509973
thanh2+󱟛,thanh2,0.08573479950428009,0.6943091949801272,0.14914406678149783
thanh2+𬈗,thanh2,0.06965797394514084,0.7254944022356601,0.15369158113320938
thanh2+𦟋,thanh2,0.12977288663387299,0.408694152581079,0.3890994900828078
thanh2+𬗏,thanh2,0.12121278047561646,0.47622724317376713,7.00313882941926
thanh2+󱱀,thanh2,0.07912997901439667,0.6917478918493432,0.12527543953786216
thanh2+󱩳,thanh2,0.1382075697183609,0.3836956217323209,0.2561511727423382
thanh2+󰇵,thanh2,0.04660232737660408,0.8241139484147195,0.10177511107584325
thanh2+𡃖,thanh2,0.09930159151554108,0.6248771377868179,4.073928124648882
thanh2+󱝀,thanh2,0.07682601362466812,0.7756720065871984,0.15029447993607367
thanh2+𫵊,thanh2,0.10194376856088638,0.6061381315567276,0.24342122723507997
thanh2+󱰤,thanh2,0.0891365259885788,0.539687979920164,0.18392787717239908
thanh2+𡋦,thanh2,0.09767359495162964,0.6807382456218266,0.29166734088275853
thanh2+󱞄,thanh2,0.12081240117549896,0.6086301383095989,0.4072448814050779
thanh2+胋,thanh2,0.11522285640239716,0.5752595608338035,151.8499041518165
thanh2+󱜶,thanh2,0.12727966904640198,0.6111036892906597,48.81712588545196
thanh2+𠸫,thanh2,0.13649171590805054,0.5231223190206359,84.08999743118788
thanh2+󱟂,thanh2,0.11917197704315186,0.5111429810197079,0.34892658653479264
thanh2+𡁝,thanh2,0.11247245967388153,0.677772074383087,0.12971395562059232
thanh2+󱮺,thanh2,0.12665820121765137,0.4354032402312824,0.24005821257603313
thanh2+󱞆,thanh2,0.06167630851268768,0.7620793620376014,0.12611775349706394
thanh2+𫫴,thanh2,0.09325789660215378,0.4983609640650222,0.13848386907580598
thanh2+󱝳,thanh2,0.1270260363817215,0.6337992814868769,0.3085787265264435
thanh2+𪥑,thanh2,0.1137169748544693,0.5658799875158678,0.23298578760037192
thanh2+𦟏,thanh2,0.09591903537511826,0.5280015826066166,0.2543504557797143
thanh2+󰘇,thanh2,0.1342349350452423,0.522104263104579,0.5487250034554453
thanh2+󱨕,thanh2,0.12541989982128143,0.6038878700694409,24.448946797419012
thanh2+󰮡,thanh2,0.1664714515209198,0.36782130758548554,0.28972595360922315
thanh2+󰮯,thanh2,0.11474353820085526,0.4194191904813615,0.13825095368024423
thanh2+𬅷,thanh2,0.07086480408906937,0.7687483130073071,0.122059060103984
thanh2+󱮝,thanh2,0.10150439292192459,0.614888055616562,0.37820089428363124
thanh2+󰛺,thanh2,0.04759269580245018,0.8299230131342873,0.09904422210773815
thanh2+𣛦,thanh2,0.08219452202320099,0.709638301841122,0.1724241332864489
thanh2+𣙯,thanh2,0.10909724235534668,0.4446563292815307,0.316577612899316
thanh2+󱩈,thanh2,0.123670794069767,0.5522850147446915,0.25442505241850616
thanh2+󰬛,thanh2,0.08708547800779343,0.7459170055736756,0.17384949941219763
thanh2+󱟝,thanh2,0.07902269810438156,0.7441036362653993,0.22256260586721202
thanh2+󱞃,thanh2,0.12923568487167358,0.5719501727403975,0.3188518980441855
thanh2+𠺚,thanh2,0.10553059726953506,0.558218906803768,6.53380186913175
thanh2+󱎶,thanh2,0.1443028748035431,0.5342827370893808,0.41611522081404234
thanh2+󱟢,thanh2,0.08627458661794662,0.639867325327223,0.268412809460985
thanh2+󱠱,thanh2,0.05233897268772125,0.7987504612359477,0.11678205462854625
thanh2+󱦗,thanh2,0.11054334044456482,0.6120608180271122,0.342977819851106
thanh2+𫉮,thanh2,0.11047865450382233,0.5107034981834315,0.22568584316577636
thanh2+𦷬,thanh2,0.07058163732290268,0.7044835136015152,0.16428974635769658
thanh2+𢹾,thanh2,0.13826581835746765,0.30215594478928415,0.63159641275348
thanh2+󱓍,thanh2,0.10608900338411331,0.6700448298722356,0.1931631251605959
thanh2+󱙭,thanh2,0.10104069113731384,0.6587005488970347,0.39912165198010596
thanh2+󱠳,thanh2,0.08218755573034286,0.592579185195602,0.22521956454361103
thanh2+𩸴,thanh2,0.05533982813358307,0.7147596356594698,1.3129822156060873
thanh2+󱝖,thanh2,0.09451141953468323,0.6462613734631696,0.09732775163770706
thanh2+澿,thanh2,0.08965517580509186,0.6840810273332318,0.21808907166339653
thanh2+𫠼,thanh2,0.09891647100448608,0.657249890236923,0.4486636479958644
thanh2+󱞁,thanh2,0.09814286977052689,0.5961021290592339,0.21102142992331577
thanh2+𢴊,thanh2,0.1077529788017273,0.580839850313673,0.5157376977716909
thanh2+𫐹,thanh2,0.1137513741850853,0.6674286477343052,1.0819315327782577
thanh2+󱬐,thanh2,0.14235565066337585,0.44895171506424253,36.9647111731765
thanh2+󱞝,thanh2,0.09981642663478851,0.6934623586568563,0.13140448281862707
thanh2+𠸯,thanh2,0.0988016277551651,0.5765180442480338,0.20236945723194602
thanh2+𪤻,thanh2,0.06650599837303162,0.7561386159606942,0.1630675335344761
thanh2+𫞡,thanh2,0.06953111290931702,0.7241440796714944,0.09127212056186207
thanh2+𩝻,thanh2,0.05660548061132431,0.6821453421273136,0.15022076809192456
thanh2+󱞐,thanh2,0.08250968903303146,0.6607799520956882,0.09556239990838995
thanh2+㖗,thanh2,0.08502031862735748,0.6994273944747134,0.08951878820157044
thanh2+𡫡,thanh2,0.11067841947078705,0.5462574734542651,0.1820457906726394
thanh2+󱙷,thanh2,0.0837731882929802,0.7294108504185235,0.11909128068368968
thanh2+𠻅,thanh2,0.07626792043447495,0.7535108666934424,0.17198963719678373
thanh2+𪮩,thanh2,0.09258614480495453,0.5500764540407399,3.7518434992366596
thanh2+󱟈,thanh2,0.07498421519994736,0.660246529420282,0.11531990348714534
thanh2+󰸪,thanh2,0.06833144277334213,0.743993568313845,0.2067907352721933
thanh2+󰍱,thanh2,0.07614150643348694,0.6340517429997541,0.1301055435050761
thanh2+󱛹,thanh2,0.0649787113070488,0.7685766217657622,0.1075966577216179
thanh2+󱞜,thanh2,0.11778245121240616,0.6051035145505584,0.38403484840577357
thanh2+󱦋,thanh2,0.08806924521923065,0.6056502896140527,0.16789978772679012
thanh2+𪸄,thanh2,0.1296919584274292,0.3081707047385242,0.23408621849838052
thanh2+𨄮,thanh2,0.1024225726723671,0.6103386443380626,0.12381987494411882
thanh2+󱞊,thanh2,0.1537146121263504,0.404672155976015,6.260858975412415
thanh2+𥴙,thanh2,0.09817130118608475,0.6449870600440584,0.14997528932483328
thanh2+㨫,thanh2,0.08192822337150574,0.6665104730985043,0.22850232474371637
thanh2+𫉎,thanh2,0.11518672108650208,0.5322611881107897,40.734642402884326
thanh2+󰂄,thanh2,0.07027352601289749,0.6611094406685242,0.08568386876560852
thanh2+𫢖,thanh2,0.11436697095632553,0.45645492667206233,0.08366940320472677
thanh2+𪢖,thanh2,0.08739704638719559,0.613434353167076,0.43985931929217914
thanh2+𥋲,thanh2,0.09910094738006592,0.6468786000415866,0.420968515144496
thanh2+𫪌,thanh2,0.0657443180680275,0.7585912075842401,0.09530648699559585
thanh2+󱝆,thanh2,0.07682954519987106,0.7485707861740196,0.19025961710744332
thanh2+𡄫,thanh2,0.08764538168907166,0.5849795070117924,0.36012707232915275
thanh2+𡞗,thanh2,0.061031512916088104,0.725202081400322,0.15088991125464202
thanh2+󱰯,thanh2,0.08082938194274902,0.771150875308943,0.1856411049195903
thanh2+󱟦,thanh2,0.09008330851793289,0.6697354217250577,0.1817437070799486
thanh2+𡎜,thanh2,0.09177064150571823,0.6458285808240284,0.2035179432986636
thanh2+𠜈,thanh2,0.1197805106639862,0.6957693519380235,0.20056050203193473
thanh2+𪱎,thanh2,0.124136783182621,0.3228806064666274,0.29773578283035357
thanh2+𪻋,thanh2,0.09712480753660202,0.6151773056150004,0.15093857481612458
thanh2+𠹖,thanh2,0.11974449455738068,0.5608263224923261,12.384610912607037
thanh2+󰬸,thanh2,0.06828506290912628,0.7694105334321021,0.13136862407617836
thanh2+𠽏,thanh2,0.12160668522119522,0.7084566699772941,0.19275269458448863
thanh2+󱩬,thanh2,0.10446447879076004,0.5375576049509188,0.2508256636476914
thanh2+󰢜,thanh2,0.09525101631879807,0.6171448970104142,0.12827788870001908
thanh2+𢙬,thanh2,0.08211102336645126,0.7559150439671354,0.1334002914846826
thanh2+蓸,thanh2,0.06510961055755615,0.7648964191116467,0.168753774489912
thanh2+󱞦,thanh2,0.08582659065723419,0.7356586363935469,0.17021172943113094
thanh2+𪢘,thanh2,0.05025317892432213,0.7429199942043911,0.13770812533606422
thanh2+󰭠,thanh2,0.0949879139661789,0.6133870753880774,0.13249072100968376
thanh2+𧞣,thanh2,0.07866005599498749,0.6036067844283676,0.29662066034098705
thanh2+󱛑,thanh2,0.15239693224430084,0.42152335070142577,0.1924053089575447
thanh2+𦽎,thanh2,0.05810711160302162,0.7796671039380471,0.12251198609999547
thanh2+𦞎,thanh2,0.05821439251303673,0.7942598998986922,0.12095381424580291
thanh2+𪟤,thanh2,0.08398809283971786,0.594919146708235,0.1639848099199076
thanh2+𡦫,thanh2,0.13053539395332336,0.24299641280677658,0.20715568519661354
thanh2+󰭂,thanh2,0.07856661081314087,0.7295143993554172,0.16841589954712163
thanh2+󰁂,thanh2,0.09795299917459488,0.6834086898836096,0.12891179395713181
thanh2+󱟜,thanh2,0.0878167599439621,0.5213239162660726,5.75571121818759
thanh2+󱰶,thanh2,0.09316740930080414,0.7231258768521321,0.14136151562466645
thanh2+𫼿,thanh2,0.09199444949626923,0.5604308565737386,0.1899957546032424
thanh2+󰮁,thanh2,0.09359744936227798,0.579795676862352,0.23657470592924335
thanh2+󱫑,thanh2,0.10472100973129272,0.5771478448675608,11.793558380090074
thanh2+𪁄,thanh2,0.16306045651435852,0.4179411262738639,6.421129514903881
thanh2+󰛕,thanh2,0.09121722728013992,0.6161622338821301,0.2981526011596872
thanh2+𠵴,thanh2,0.07088853418827057,0.7659714844473791,0.13806087379397947
thanh2+篵,thanh2,0.08037789911031723,0.6924816273939013,0.14040265504061344
thanh2+𠸽,thanh2,0.10164596140384674,0.5006670472830291,0.20262240061840575
thanh2+󰞬,thanh2,0.08656222373247147,0.7119024064891991,0.1591882704298013
thanh2+𪞀,thanh2,0.05768401175737381,0.7368773726731043,0.1868532108272646
thanh2+𬂨,thanh2,0.0786404013633728,0.6881351122040731,0.1410644598628437
thanh2+󱞀,thanh2,0.12550188601016998,0.6688445701858546,0.1968928790186474
thanh2+󱜝,thanh2,0.06682347506284714,0.6808179291948117,0.11340356283775362
thanh2+𫄉,thanh2,0.09351981431245804,0.5972875714596052,0.5081982382679902
thanh2+󰏏,thanh2,0.07257844507694244,0.7279941063110487,0.13212067553559412
thanh2+堹,thanh2,0.046407587826251984,0.8280029173088309,0.09546457210447505
thanh2+󱨱,thanh2,0.09741858392953873,0.6975537171605806,0.23258427324313558
thanh2+󱦾,thanh2,0.07853645831346512,0.7146726734612627,0.15141918212005548
thanh2+𦵠,thanh2,0.10882411897182465,0.4472342824739134,0.08108512800729813
thanh2+󱳭,thanh2,0.10301308333873749,0.592553840492721,0.20248701059498264
thanh2+𦝺,thanh2,0.10152195394039154,0.5765852267001627,0.39613020646550107
thanh2+󱤒,thanh2,0.08649365603923798,0.7139270490333348,0.16855256548225292
thanh2+娫,thanh2,0.09449608623981476,0.5368803552732514,0.2801369816120421
thanh2+󱝺,thanh2,0.09972785413265228,0.64446407542814,0.12740006998413148
thanh2+𠸙,thanh2,0.09643486887216568,0.6891791041287595,0.1030035885399599
thanh2+𡕩,thanh2,0.08650825917720795,0.7311314090926717,12.263054973716628
thanh2+󰬥,thanh2,0.12761756777763367,0.616825600393968,1.0354486368937996
thanh2+󱭧,thanh2,0.13066637516021729,0.40308413234594037,5.716931030908126
thanh2+󱙵,thanh2,0.07658340781927109,0.693499202397051,0.21951580490152303
thanh2+󱛍,thanh2,0.0590306781232357,0.8273301825562804,0.08527047236219946
thanh2+𥶂,thanh2,0.14732858538627625,0.40439448906275277,0.1579761372072335
thanh2+𫢶,thanh2,0.07074906677007675,0.727703692557984,0.1657680985233144
thanh2+𪣱,thanh2,0.11850205063819885,0.6697130864821292,0.16485786939183208
thanh2+󰊎,thanh2,0.07233092933893204,0.6106221277708365,0.20113459806127218
thanh2+𦨭,thanh2,0.0726214051246643,0.6790086001741242,0.14016999137936334
thanh2+𫪀,thanh2,0.052382584661245346,0.757217063453165,0.10208213085433242
thanh2+𡃙,thanh2,0.07555688917636871,0.6395566725495847,0.23396801505021284
thanh2+𪢜,thanh2,0.10513205826282501,0.37765637443072536,0.412938014805738
thanh2+󱲥,thanh2,0.1328318566083908,0.6328115035782228,0.17651961817048734
thanh2+𪺇,thanh2,0.06270473450422287,0.6874373145332102,0.16294279184986626
thanh2+𨔌,thanh2,0.10645386576652527,0.43803978781078634,0.1949642773477688
thanh2+𡌩,thanh2,0.13304831087589264,0.6356122067442341,2.8725763771237673
thanh2+𫮒,thanh2,0.09050529450178146,0.7029206717021393,0.3484956539892501
thanh2+𫕹,thanh2,0.10578510165214539,0.728493875887721,0.1829921389911676
thanh2+𣋇,thanh2,0.07281441241502762,0.7164374747180281,0.19397336003570465
thanh2+𪣮,thanh2,0.08778887987136841,0.7346698908141724,0.1238253891256164
thanh2+󱟕,thanh2,0.10139692574739456,0.4796469023948953,0.6191567213990767
thanh2+𠚐,thanh2,0.06116589903831482,0.7883927023962416,0.09954702573083869
thanh2+𠊙,thanh2,0.07481218129396439,0.7168381974905177,0.09120541955706389
thanh2+󱝝,thanh2,0.06078658625483513,0.7368666551212038,0.1214755959386236
thanh2+󱮟,thanh2,0.11025471985340118,0.553304297629814,0.16851861736591403
thanh2+㨲,thanh2,0.12793950736522675,0.3524766045716583,0.16536214291707838
thanh2+𫴯,thanh2,0.12246156483888626,0.6054728311062401,0.1293865255903955
thanh2+朠,thanh2,0.07367599010467529,0.642587774855509,0.13576286155994163
thanh2+󱞗,thanh2,0.13723231852054596,0.5583546159001312,2.113271129535184
thanh2+圚,thanh2,0.1494596302509308,0.5925403841959217,1.987393220477002
thanh2+𠶒,thanh2,0.08606772869825363,0.7580947220066506,0.12700170739480518
thanh2+󰣿,thanh2,0.11839670687913895,0.628228852845898,2.1391577668744834
thanh2+󱹓,thanh2,0.11482441425323486,0.640505247412951,0.2297156213144187
thanh2+𥯉,thanh2,0.10993731021881104,0.5966302106245707,0.38410542557116384
thanh2+󱠡,thanh2,0.0987490862607956,0.5201306285423194,0.16827990655510305
thanh2+󱟁,thanh2,0.06611013412475586,0.6980179722910953,0.11995326473453354
thanh2+󱋙,thanh2,0.13064879179000854,0.5836904468585649,1.5454050858433002
thanh2+𫬪,thanh2,0.16340598464012146,0.4080584925548965,17.713765148918153
thanh2+󱟏,thanh2,0.11368715018033981,0.6113541992985363,0.17706829460394446
thanh2+䓬,thanh2,0.06743025779724121,0.7781621951467907,0.10990607479384673
thanh2+𫬱,thanh2,0.09032117575407028,0.5874513104671051,0.5474445144625832
thanh2+󰅬,thanh2,0.10389187932014465,0.6543525801879521,2.471101238957402
thanh2+󱭪,thanh2,0.08788631111383438,0.5728199493285802,1.126424662609456
thanh2+󱹿,thanh2,0.09654682129621506,0.569391841927129,17.21599137310533
thanh2+𠴖,thanh2,0.0872490257024765,0.6416781393635864,0.12048840337023257
thanh2+𠾺,thanh2,0.10153886675834656,0.6729960420268707,0.34459762040245256
thanh2+𭉆,thanh2,0.11823385208845139,0.4277205124159034,0.27526541523110754
thanh2+㼫,thanh2,0.08740638196468353,0.6898252576741664,0.2010962629722206
thanh2+𦛲,thanh2,0.093525730073452,0.6218423722683825,0.9226972914610267
thanh2+󱤲,thanh2,0.08920985460281372,0.45470879655697866,1.1207923454920994
thanh2+啲,thanh2,0.05717426910996437,0.7930140854759223,0.11012231720341996
thanh2+𬉌,thanh2,0.08715875446796417,0.6349740245774667,0.0995200447143404
thanh2+𪡦,thanh2,0.0700097382068634,0.7837511218680363,0.13284367964854177
thanh2+𦲹,thanh2,0.0793837308883667,0.7475299626716406,0.19474141908457118
thanh2+𭈙,thanh2,0.13910792768001556,0.3967836429792332,0.4072981603255321
thanh2+𠲃,thanh2,0.07046829909086227,0.7401093587477638,0.07726822562841086
thanh2+𡉖,thanh2,0.06805745512247086,0.7657860773050765,0.08763912855049565
thanh2+󱣗,thanh2,0.07733672112226486,0.6059944382644737,0.13892677475148923
thanh2+󱧨,thanh2,0.07687488943338394,0.6744514653930076,0.1952168974948163
thanh2+󱞮,thanh2,0.10005185753107071,0.6196995032485846,1.5897592054224672
thanh2+𠶎,thanh2,0.07142393290996552,0.8022864541047715,0.1519581865506642
thanh2+𪢊,thanh2,0.09999728202819824,0.6033860116081555,2.7498402089841036
thanh2+󱩫,thanh2,0.11479754745960236,0.6604989231264,1.2922327730116148
thanh2+󰥉,thanh2,0.09223021566867828,0.6915052181672131,0.23961835796391692
thanh2+𫰄,thanh2,0.09740093350410461,0.5926531216398465,0.2142870295065059
thanh2+𠾬,thanh2,0.10117524862289429,0.49821809524078964,0.8867684671940763
thanh2+󰙅,thanh2,0.07668043673038483,0.6882591716926357,0.12400275729584852
thanh2+㗶,thanh2,0.06990683078765869,0.752630232325907,0.15064840213706507
thanh2+𬈈,thanh2,0.10181272774934769,0.5822145329245916,0.1752037632159947
thanh2+𡇻,thanh2,0.17344357073307037,0.5207543126467038,0.22565100849027395
thanh2+𰈏,thanh2,0.09239085763692856,0.6945326056035718,0.20774483683007752
thanh2+𠹰,thanh2,0.13685935735702515,0.35100300721732625,0.19075922289811106
thanh2+󱚳,thanh2,0.11347980797290802,0.35328604692979504,0.15465027993808195
thanh2+𭢌,thanh2,0.11122527718544006,0.49835770970198284,0.1932700644756554
thanh2+󱧔,thanh2,0.11840581148862839,0.6754539000260206,0.3597515912516933
thanh2+󱞣,thanh2,0.14899842441082,0.4721694579444529,0.5211516217356463
thanh2+𫥿,thanh2,0.07910705357789993,0.7047570935971561,0.14434576931113216
thanh2+󱜉,thanh2,0.06479726731777191,0.705172922510315,0.2002441000372601
thanh2+𥴘,thanh2,0.08917233347892761,0.5745957770931733,0.19662766385627653
thanh2+鎫,thanh2,0.09446537494659424,0.6419341692132541,0.7682258797667205
thanh2+󱨜,thanh2,0.15114732086658478,0.3964774441223823,0.32673347704583505
thanh2+󱙴,thanh2,0.10589155554771423,0.5444646201541667,0.19689643634720203
thanh2+𡮥,thanh2,0.1089199036359787,0.5304517688282453,0.14202794343594694
thanh2+󱙤,thanh2,0.1057434156537056,0.6136803661831889,121.89524866515107
thanh2+󱠰,thanh2,0.07599331438541412,0.7881297683935643,0.09608555097324396
thanh2+𡃆,thanh2,0.10108567774295807,0.508846595051577,0.30799000700703144
thanh2+𬧡,thanh2,0.11403501778841019,0.5238822595728776,0.0992329725386996
thanh2+󱣆,thanh2,0.06587408483028412,0.7463988377981345,0.17541327876883575
thanh2+𰇵,thanh2,0.06625845283269882,0.7564218969431625,38.53105343807804
thanh2+𰊣,thanh2,0.1150057315826416,0.5555596861876246,0.21137416089190184
thanh2+𫯲,thanh2,0.09121666103601456,0.6321355761319103,0.17356755312586447
thanh2+𣖗,thanh2,0.10781825333833694,0.5540434906950282,0.4069455462864535
thanh2+󱛥,thanh2,0.09797444194555283,0.6678971784737493,0.4727196353944761
thanh2+𫪎,thanh2,0.07100992649793625,0.6978050480488054,0.09055330932994497
thanh2+󱎾,thanh2,0.06955328583717346,0.5656012894093635,0.1755652059272972
thanh2+󱜫,thanh2,0.10174708068370819,0.7065076056905136,0.1837539943959119
thanh2+𠬖,thanh2,0.07903175801038742,0.6583335020458417,0.24672683843578094
thanh2+𠞡,thanh2,0.12607014179229736,0.4316101826357673,0.6865502296870876
thanh2+󱦪,thanh2,0.11825285851955414,0.5198903299234678,0.2801370439671746
thanh2+󰋓,thanh2,0.12470093369483948,0.42545547213945756,0.36120704202259785
thanh2+𫧾,thanh2,0.10047060251235962,0.6712048022099283,0.1524685512544196
thanh2+㗌,thanh2,0.08108832687139511,0.734539056614871,0.1724958754702246
thanh2+󱀰,thanh2,0.07742592692375183,0.6701499958345262,0.11027570198025843
thanh2+偖,thanh2,0.07551141828298569,0.7699033945522014,0.13948800274362783
thanh2+󱚑,thanh2,0.11274947226047516,0.5667553990727315,0.1619422850248102
thanh2+𠶈,thanh2,0.06440664082765579,0.7894266081644036,0.09159707443047484
thanh3+󱚰,thanh3,0.0903855562210083,0.5616311653920859,0.07428615016739049
thanh3+󱹿,thanh3,0.09474417567253113,0.7635098467527661,0.07477082929288703
thanh3+𭢌,thanh3,0.1391720473766327,0.5440844061924746,0.07909853359814739
thanh3+𬏇,thanh3,0.1163310557603836,0.5722449357846096,0.07505330436239813
thanh3+𣔧,thanh3,0.07671717554330826,0.6759674015836823,0.485070454910457
thanh3+䓬,thanh3,0.10068774968385696,0.7812700073578659,0.0790927047785872
thanh3+𣒠,thanh3,0.083303302526474,0.7396765966912957,0.09704127898622565
thanh3+󱢥,thanh3,0.10770071297883987,0.6881520133671334,0.10639666375261976
thanh3+󱲙,thanh3,0.10415562987327576,0.7357282635253113,0.08374206216897585
thanh3+𠷦,thanh3,0.10697051882743835,0.7630642368387506,0.07474713404447399
thanh3+㗩,thanh3,0.11055365949869156,0.7298138333525388,0.07560444030233139
thanh3+𠾺,thanh3,0.08172831684350967,0.7481206916710087,0.08943246106247449
thanh3+𭉆,thanh3,0.08411421626806259,0.7900934301187527,0.07947443180328047
thanh3+󱨨,thanh3,0.13085590302944183,0.6269105091953288,0.07817669101533391
thanh3+𦽎,thanh3,0.09202809631824493,0.7458839919273396,0.0876252591453154
thanh3+𡑪,thanh3,0.06525900214910507,0.762291282067431,63.50684686422132
thanh3+𢅄,thanh3,0.10923124849796295,0.7729091387289467,0.1025254090649198
thanh3+󱝑,thanh3,0.10087494552135468,0.5770819462476299,1267.4548848250868
thanh3+󱞝,thanh3,0.07187213003635406,0.7828664110328268,0.07167231831466449
thanh3+󱲰,thanh3,0.10318964719772339,0.5160861340475504,0.14953991504683803
thanh3+𥐨,thanh3,0.11295400559902191,0.7238446883284999,0.07208078737570801
thanh3+𩼁,thanh3,0.09930284321308136,0.7348298392794053,0.10814156911852911
thanh3+󱜺,thanh3,0.12395944446325302,0.6274401871772629,0.07184611728699238
thanh3+㨫,thanh3,0.12750497460365295,0.5700209645357036,3.809120113205117
thanh3+𥴘,thanh3,0.08342602103948593,0.76494835349428,0.08567275765147375
thanh3+𪉴,thanh3,0.10072484612464905,0.6861284326481359,0.08598629988096824
thanh3+𩯂,thanh3,0.10897113382816315,0.6685845444684667,0.12005863884858536
thanh3+󰣿,thanh3,0.090997114777565,0.7400378311280849,0.073420386038542
thanh3+󱝐,thanh3,0.09343812614679337,0.7334372646371311,0.08247712188956217
thanh3+󱫴,thanh3,0.0896192193031311,0.6164787568666701,0.13857140385582836
thanh3+𢶽,thanh3,0.0835951417684555,0.7273578746311108,0.07898032240626972
thanh3+㖪,thanh3,0.07220696657896042,0.6733100196328192,0.07321847819555966
thanh3+胋,thanh3,0.0998632162809372,0.7597433949548982,0.06832569648517477
thanh3+𪭟,thanh3,0.10713252425193787,0.7624581399313058,0.0725861807113617
thanh3+󱯺,thanh3,0.1274760663509369,0.6155555411182946,0.08549780968195853
thanh3+𣻢,thanh3,0.1250670999288559,0.6485208442940528,0.09509590372036351
thanh3+󱜲,thanh3,0.07499195635318756,0.7977627607904192,0.06562147982002778
thanh3+𣋇,thanh3,0.12552203238010406,0.7041784340082384,0.07312057841542217
thanh3+婫,thanh3,0.08470465987920761,0.7387796108463848,0.06987595310309856
thanh3+󱟦,thanh3,0.08289751410484314,0.5569248847966194,0.08941094669727612
thanh3+𣖗,thanh3,0.09249314665794373,0.7434890793974944,0.08231930546377762
thanh3+𢴎,thanh3,0.10809681564569473,0.7475762959152451,0.09207118960446026
thanh3+𩂄,thanh3,0.1004730612039566,0.6066670972659347,0.07616200581272357
thanh3+󰃧,thanh3,0.09586094319820404,0.7333196380898941,0.10132017399521687
thanh3+𤉕,thanh3,0.1503821760416031,0.6535076754959136,0.13606104664138163
thanh3+𣛤,thanh3,0.08780912309885025,0.7205708894366712,36.000790254426285
thanh3+󰆐,thanh3,0.11360877007246017,0.5794588048457058,0.07405214960583972
thanh3+󱩳,thanh3,0.08564244210720062,0.7355172294766532,0.0965800925669786
thanh3+蓸,thanh3,0.09179680049419403,0.7090345655294253,0.08049685571034633
thanh3+󰢽,thanh3,0.08471988141536713,0.6829540272036212,0.08040734366768988
thanh3+𡮨,thanh3,0.1258089244365692,0.6802008571593792,65.77829582737603
thanh3+𪢊,thanh3,0.06866948306560516,0.7962031262839286,0.06839255848049812
thanh3+󰭏,thanh3,0.14138400554656982,0.6971212175868987,0.07814384300792897
thanh3+󰛕,thanh3,0.08791232109069824,0.7013401341589225,0.10114455986454118
thanh3+𡄾,thanh3,0.09402257204055786,0.5918647899609543,0.09562803758402906
thanh3+󱞠,thanh3,0.10907582938671112,0.6965277462859706,0.09265408180526119
thanh3+𫪀,thanh3,0.08834203332662582,0.7686895960729618,0.06584018661564499
thanh3+󰬽,thanh3,0.07957204431295395,0.7725435291820265,0.07319623861281215
thanh3+󱜌,thanh3,0.09136343002319336,0.7141336115221371,0.06771301975353165
thanh3+󱞼,thanh3,0.07120989263057709,0.7586280159152565,0.08237838945325128
thanh3+湳,thanh3,0.11404795944690704,0.6393389603951845,0.09343073817788912
thanh3+𠶈,thanh3,0.11226792633533478,0.7712427055721812,0.09666394272806804
thanh3+𩀳,thanh3,0.10273116827011108,0.7379788091662659,0.08304182622156911
thanh3+󰅲,thanh3,0.11897161602973938,0.7559478605020601,0.06827556719560658
thanh3+𨄸,thanh3,0.07416953891515732,0.7415712913367482,0.08903014460492427
thanh3+󱢜,thanh3,0.103075310587883,0.6098712496127204,0.07563970617723165
thanh3+𩝭,thanh3,0.08703996241092682,0.6661360138312239,0.0854101134081902
thanh3+㘗,thanh3,0.10962019115686417,0.46292217586358464,0.10327109695731146
thanh3+𡂉,thanh3,0.08007548749446869,0.7342075590130799,0.09509433899743884
thanh3+𥴙,thanh3,0.0998210459947586,0.7470688100906261,56.9894103116957
thanh3+𫭅,thanh3,0.08898894488811493,0.7554386581183788,372.0548826972606
thanh3+󱞦,thanh3,0.13662369549274445,0.662846267094734,0.09849657325648546
thanh3+󱞜,thanh3,0.1292431801557541,0.7136512058894422,0.09395202489623716
thanh3+𤄷,thanh3,0.09516679495573044,0.7397886656308269,0.0943083219892026
thanh3+𪤸,thanh3,0.11009298264980316,0.7233937079683916,0.07650695812987456
thanh3+𡁼,thanh3,0.08706766366958618,0.7063388486472979,0.08271573075351092
thanh3+𪥾,thanh3,0.13036949932575226,0.6728991436187632,0.08302602819298409
thanh3+󱅒,thanh3,0.10946203768253326,0.6418487825440382,0.11432786837608659
thanh3+𫕹,thanh3,0.08348213881254196,0.7633455654544568,0.07932575504320886
thanh3+𪮽,thanh3,0.09421686083078384,0.678557265512328,0.08089041746164394
thanh3+󱪚,thanh3,0.07792546600103378,0.7775235828278708,0.07744626913416226
thanh3+󱦔,thanh3,0.11540685594081879,0.6187025665348339,0.0903485259608665
thanh3+󰂘,thanh3,0.08161306381225586,0.7938319564704739,0.07145491520515584
thanh3+𦟋,thanh3,0.13390271365642548,0.6337632502890951,0.09407081371180058
thanh3+󰌋,thanh3,0.10000065714120865,0.7267047077959881,0.07536392447223793
thanh3+󰤴,thanh3,0.08192242681980133,0.7868331238253722,0.0681569392339969
thanh3+𥱰,thanh3,0.11783125251531601,0.7238797927915497,0.07939441072141408
thanh3+󱞔,thanh3,0.10789769887924194,0.5091400042683369,0.08613857243349606
thanh3+󱠧,thanh3,0.11219023168087006,0.7743842659712088,0.08758868904806226
thanh3+󱋇,thanh3,0.11950846016407013,0.630882283884584,0.08249511918687553
thanh3+䈊,thanh3,0.08409447968006134,0.7345129743282686,0.07989961786059295
thanh3+󰬟,thanh3,0.1285175383090973,0.7122257047043704,0.0992170022627847
thanh3+𣛦,thanh3,0.10204116255044937,0.5854124932110499,0.12268835248395032
thanh3+󰸪,thanh3,0.11837752163410187,0.7166458601160478,0.09653075256323568
thanh3+󱧖,thanh3,0.13813547790050507,0.7078443913349207,0.08545742979926474
thanh3+𫄉,thanh3,0.14056098461151123,0.6031893041356626,0.08900279941376639
thanh3+󱝭,thanh3,0.16152963042259216,0.7481800061726368,0.06494644656975779
thanh3+𡑲,thanh3,0.09148745983839035,0.6312564972837884,0.08181175859233489
thanh3+𭡏,thanh3,0.11123598366975784,0.7318808935390346,0.08919492475188599
thanh3+󰊈,thanh3,0.12891535460948944,0.46087796723689695,0.08962562380358241
thanh3+𠹍,thanh3,0.11074700206518173,0.7555715299924112,0.059472150268880884
thanh3+𥶂,thanh3,0.08080881088972092,0.7365790455216039,0.07871992421055034
thanh3+󱹪,thanh3,0.0898466482758522,0.7111223388689207,0.09284601336857673
thanh3+󱜷,thanh3,0.1252133846282959,0.6847481150924615,0.07749597076759479
thanh3+󰂄,thanh3,0.11639262735843658,0.7926074588047622,0.060962110306494566
thanh3+𤐠,thanh3,0.11252406239509583,0.5762557569563445,0.08487703219698162
thanh3+󱌔,thanh3,0.11143165081739426,0.7142722853451641,0.06641262796140628
thanh3+󱤠,thanh3,0.09506427496671677,0.6325157944523996,0.0768952651500881
thanh3+𤣡,thanh3,0.1421595960855484,0.7100715755453988,0.11274196788449653
thanh3+󱼓,thanh3,0.11773969233036041,0.5588415147065668,0.0776987548075365
thanh3+𪢡,thanh3,0.0818941742181778,0.7271706265498326,0.1310482002238925
thanh3+𠲃,thanh3,0.07500932365655899,0.8088668734709865,0.07301052434122796
thanh3+󰢣,thanh3,0.1075105145573616,0.6157896449454315,0.07943706779482271
thanh3+𪡴,thanh3,0.06475365906953812,0.7950274173952563,0.07455152753493334
thanh3+󱋰,thanh3,0.12801453471183777,0.6972659213226677,0.08639097841302912
thanh3+󰫽,thanh3,0.07352761924266815,0.7351630427563842,0.08088559167816872
thanh3+𠻅,thanh3,0.09796210378408432,0.6923219589721035,0.06946169641627757
thanh3+󱞡,thanh3,0.10799198597669601,0.6514225630393614,0.09227534066737535
thanh3+󱝒,thanh3,0.06369542330503464,0.8017720395358053,0.09316825890740447
thanh3+𦲹,thanh3,0.08964511007070541,0.76091542433763,0.07288799925753768
thanh3+𡫫,thanh3,0.1063949316740036,0.681101994365012,0.07918217808824993
thanh3+𪢘,thanh3,0.08137135207653046,0.7238594331167306,0.09108172338980536
thanh3+𡂷,thanh3,0.07931758463382721,0.767793044817335,0.0804354533438333
thanh3+𠻆,thanh3,0.1155562698841095,0.7714929962073198,0.08666871373909134
thanh3+󰢉,thanh3,0.0878845676779747,0.7474876986532033,0.07632608405302664
thanh3+𦵠,thanh3,0.09941939264535904,0.6441772954508698,0.07966591274365707
thanh3+𠲏,thanh3,0.08493292331695557,0.7735758312099953,0.06420492045521276
thanh3+󱋠,thanh3,0.11665356904268265,0.7475622784761362,0.09500312620590534
thanh3+𠶊,thanh3,0.0839725062251091,0.8071753733073725,0.08950126087682643
thanh3+𫢶,thanh3,0.10088519006967545,0.6743348163719292,0.07713817393358395
thanh3+𫔬,thanh3,0.09473536908626556,0.7867557885769672,0.07433211932593348
thanh3+󱦐,thanh3,0.1246153712272644,0.6936583278842415,0.07527807496204016
thanh3+𬅷,thanh3,0.14289763569831848,0.5691653342725621,0.07609340151936209
thanh3+𫥿,thanh3,0.11285852640867233,0.7487088865735663,0.08463575130450822
thanh3+󱋃,thanh3,0.10049990564584732,0.582776990345884,0.09503098172070841
thanh3+󱹜,thanh3,0.11624182760715485,0.744033830940859,0.09105950064453983
thanh3+𬄪,thanh3,0.10463149845600128,0.761677549605188,0.09953492181352108
thanh3+󰛺,thanh3,0.10342145711183548,0.7424126781157789,0.06032246616612785
thanh3+𫣝,thanh3,0.1046905368566513,0.6773587065042155,0.08823644091825135
thanh3+𦟟,thanh3,0.10598885267972946,0.6817472561153146,0.09767067697111444
thanh3+󱚭,thanh3,0.07133936136960983,0.7437857112501585,0.11025675933536087
thanh3+󰭂,thanh3,0.11536584794521332,0.7334164689160743,0.07864289000414566
thanh3+󱤒,thanh3,0.10048291832208633,0.7820374264563287,0.08546568173268715
thanh3+󱪎,thanh3,0.1609656661748886,0.7257217369020885,0.07958624648884165
thanh3+嘪,thanh3,0.10322629660367966,0.6151158827833093,0.08882650904118676
thanh3+𫫊,thanh3,0.0656103789806366,0.6800944934716131,0.0652867110427901
thanh3+𧌂,thanh3,0.09626208245754242,0.7694538181753048,0.07998346601173724
thanh3+𫮒,thanh3,0.06203840672969818,0.692341379626181,0.08359838569032026
thanh3+𪧺,thanh3,0.16370348632335663,0.5671662203870153,0.10145282291118189
thanh3+󱊚,thanh3,0.09396053850650787,0.6465063620954138,0.07232933019231769
thanh3+󱦩,thanh3,0.10339228063821793,0.6663404963722153,0.10352935212801621
thanh3+󱛦,thanh3,0.08376595377922058,0.7701017047553568,0.0818718178312461
thanh3+𨃌,thanh3,0.1009230762720108,0.723860210937001,0.10887315813121527
thanh3+𥌧,thanh3,0.08419448137283325,0.7606904249865081,0.08498257563972278
thanh3+󰍱,thanh3,0.08207200467586517,0.7357467270512794,0.08057703813557081
thanh3+𩸴,thanh3,0.08118054270744324,0.7278115247915125,0.08439247246124976
thanh3+𪮩,thanh3,0.10960261523723602,0.6337711235169341,0.07607705144268713
thanh3+󱬊,thanh3,0.11727654188871384,0.6985439463977828,0.16144952171549082
thanh3+󱞾,thanh3,0.0925564393401146,0.7345862187488946,0.08296834629437555
thanh3+𬛒,thanh3,0.1047927588224411,0.7585646504019431,0.09477077395484006
thanh3+㙩,thanh3,0.09382979571819305,0.6874695731304861,0.0659313614597939
thanh3+𠚐,thanh3,0.09942851215600967,0.7452011208076016,0.08450351328963936
thanh3+󰺥,thanh3,0.1131565272808075,0.4853477054864458,0.08883726333474591
thanh3+𤏦,thanh3,0.0998905748128891,0.6912615233502186,0.08315203786052792
thanh3+󰙯,thanh3,0.12159794569015503,0.7116796669273122,0.0649175598237382
thanh3+𢹾,thanh3,0.10858449339866638,0.6980390341363181,0.08437121384151341
thanh3+𪱴,thanh3,0.10989058762788773,0.779590149375633,0.06948165398346905
thanh3+󱩛,thanh3,0.08772853761911392,0.6409937476034571,0.15733231367357467
thanh3+𠹌,thanh3,0.08179467171430588,0.6500561581867459,0.0860843384821018
thanh3+𡁞,thanh3,0.07249803096055984,0.7643957581394244,0.08545124090918242
thanh3+𠼳,thanh3,0.09858681261539459,0.6419732602434117,0.07414606255861617
thanh3+𥱫,thanh3,0.07654384523630142,0.7048687819484326,0.08806182940540526
thanh3+𬕷,thanh3,0.08260715752840042,0.7488126944597543,0.1113261608483652
thanh3+㼫,thanh3,0.08127588033676147,0.7766248161898816,0.08246420730322124
thanh3+󱤥,thanh3,0.11421053111553192,0.6057240350670147,0.09413571476421878
thanh3+㧪,thanh3,0.07691502571105957,0.7304840282349739,0.07616955850027325
thanh3+󱟜,thanh3,0.11678574234247208,0.7120913321970356,0.08931039122057
thanh3+󱝧,thanh3,0.08624125272035599,0.7416944426174094,0.07430805157739846
thanh3+𨆷,thanh3,0.10234256088733673,0.7426208549662154,0.09250999742395409
thanh3+𠴹,thanh3,0.06356099992990494,0.7826648847747047,0.05440476480898438
thanh3+𡅑,thanh3,0.07798445224761963,0.7400976332062215,0.3036630890485709
thanh3+𡅫,thanh3,0.08617186546325684,0.604769780075894,24.8342163210211
thanh3+󱮑,thanh3,0.10892453044652939,0.7041452626705116,0.08992934584313154
thanh3+𤞦,thanh3,0.08986716717481613,0.6982943344421642,0.08164824165145
thanh3+𢪭,thanh3,0.11512389779090881,0.7580226764419857,0.10995423996147809
thanh3+𢶹,thanh3,0.06333862990140915,0.7737094520416857,0.11194101512846567
thanh3+󰞬,thanh3,0.11416362226009369,0.4666080051283392,0.10988610776120089
thanh3+󱟎,thanh3,0.11388705670833588,0.7259356322890528,0.0886670839459174
thanh3+壉,thanh3,0.1193963885307312,0.5836345700337623,0.0846192279051393
thanh3+𨪷,thanh3,0.10992362350225449,0.734857165930352,0.1255439308115084
thanh3+𡉎,thanh3,0.09851501137018204,0.7209535989476666,0.05373044204653909
thanh3+𬧡,thanh3,0.08888063579797745,0.6807301740952453,0.08399124531131232
thanh3+篵,thanh3,0.08613495528697968,0.7153829549383797,0.1299173552637979
thanh3+𪱎,thanh3,0.11788909882307053,0.7156053009463823,0.0855990092734837
thanh3+捠,thanh3,0.08062564581632614,0.7445915589478381,0.06922106732877209
thanh3+𠲡,thanh3,0.07299424707889557,0.7355621728430675,0.06747377525617888
thanh3+𡚎,thanh3,0.09886882454156876,0.7012779833201189,0.07478773335913141
thanh3+󰅬,thanh3,0.1343262791633606,0.5752398135392718,0.07207193407262742
thanh3+󱍺,thanh3,0.1279304474592209,0.6487941328918213,0.10784453662879057
thanh3+󱞟,thanh3,0.09948985278606415,0.6868224454871651,0.08803638651565675
thanh3+𥭑,thanh3,0.09755344688892365,0.7338780817574949,0.07324984810359114
thanh3+𢠿,thanh3,0.14016416668891907,0.6245541848932787,0.0751479081029348
thanh3+𠼋,thanh3,0.12993036210536957,0.7450970234627808,0.09387159252090242
thanh3+𣱿,thanh3,0.11209022253751755,0.7054057880835591,0.05513322964757531
thanh3+𠺚,thanh3,0.08026961982250214,0.7443097823849251,0.07450650223778772
thanh3+󱞑,thanh3,0.11905127763748169,0.7268341344065816,0.07613534453578275
thanh3+󱰮,thanh3,0.08511138707399368,0.7429956372902657,0.1153063162871179
thanh3+𠮙,thanh3,0.08041940629482269,0.8216894052430764,0.06852900313299619
thanh3+󱟠,thanh3,0.12223507463932037,0.6974820597204423,0.09167369062231075
thanh3+𢴊,thanh3,0.0866020992398262,0.6832702456978159,0.07433022426092749
thanh3+󰞘,thanh3,0.11247700452804565,0.7736021580803163,0.05873660173758199
thanh3+𢹊,thanh3,0.11433792114257812,0.5673873619895085,0.09036929445979915
thanh3+𪀆,thanh3,0.10696756839752197,0.5808955318599721,0.0786708656049618
thanh3+𫡸,thanh3,0.07380657643079758,0.7060143631049489,0.12508819011869934
thanh3+𩠸,thanh3,0.1050708219408989,0.7179795577476169,0.10708199689060595
thanh3+󱫠,thanh3,0.08496741205453873,0.7366096607801125,0.08519722340891785
thanh3+𪢖,thanh3,0.08461974561214447,0.7033100651396329,0.092327070130233
thanh3+󱩩,thanh3,0.09993197023868561,0.702625670625311,0.08525319204737336
thanh3+󱢏,thanh3,0.12360810488462448,0.6504788604776801,0.08831180403722444
thanh3+󱬻,thanh3,0.10846243798732758,0.7479936584008638,0.085632373688293
thanh3+𠹖,thanh3,0.07928995788097382,0.7270776634235663,0.07820841159221238
thanh3+𩸮,thanh3,0.09422717243432999,0.7371065820978159,0.09109104661570262
thanh3+𡮣,thanh3,0.10352116078138351,0.766808895926309,0.08325262248874948
thanh3+󱡇,thanh3,0.09883400797843933,0.6060459239229752,0.10727506642652397
thanh3+󱳴,thanh3,0.10024804621934891,0.7243311936847605,0.08448857107006923
thanh3+𦘱,thanh3,0.16535046696662903,0.739844809605654,0.10858603674886302
thanh3+𫅰,thanh3,0.09765614569187164,0.7192325056033811,0.08415266226814028
thanh3+󰁂,thanh3,0.15031640231609344,0.6849608874968285,0.07500901958442852
thanh3+󱞮,thanh3,0.11696228384971619,0.6779723728759759,0.08247694830564373
thanh3+㘢,thanh3,0.11536332964897156,0.6882807776018243,0.07036330230164893
thanh3+𠴭,thanh3,0.09608906507492065,0.5851462978346162,206.0432394993286
thanh3+󰬸,thanh3,0.14297103881835938,0.6591423187339481,0.1138488571284052
thanh3+󱟟,thanh3,0.08549782633781433,0.7597715746725393,0.07486452467321995
thanh3+𢀦,thanh3,0.08864278346300125,0.6878128413021368,0.08794590783634741
thanh3+𫵊,thanh3,0.08173439651727676,0.7171482272535114,0.0992513487584946
thanh3+󱲝,thanh3,0.12298885732889175,0.6245226918212805,0.07514896074942932
thanh3+󱤲,thanh3,0.09269751608371735,0.7701260339007242,0.0831638658265075
thanh3+𤲼,thanh3,0.11447470635175705,0.7010650339292671,0.08775827668202624
thanh3+𦿄,thanh3,0.0838310644030571,0.6662300693570151,0.09430575875540013
thanh3+󱠼,thanh3,0.11528731882572174,0.7512645085590127,0.06781044054171292
thanh3+𠽏,thanh3,0.09263651072978973,0.7851571393210716,0.07771313375363938
thanh3+𪣮,thanh3,0.0823967456817627,0.7580150685973274,0.06596081891144807
thanh3+󱚂,thanh3,0.13399435579776764,0.5976810463446823,0.0688218883659868
thanh3+󱘧,thanh3,0.06915421038866043,0.7616979024541559,0.07862687647683311
thanh3+󰮃,thanh3,0.1047949343919754,0.6904432871482508,0.0842614411983189
thanh3+鯑,thanh3,0.13537204265594482,0.5285337806048179,0.07348269267284391
thanh3+𤹕,thanh3,0.10893699526786804,0.7138894261078339,0.07995959434285389
thanh3+󱩗,thanh3,0.12723134458065033,0.6636420018272633,0.08044897909233585
thanh3+𫅲,thanh3,0.10863000899553299,0.6783123974041424,0.12497395063345797
thanh3+󱝗,thanh3,0.06631680577993393,0.7918873098079123,0.08393580872381583
thanh3+󱳬,thanh3,0.10487601161003113,0.6433096860336236,0.08193815604963368
thanh3+󰮁,thanh3,0.07672388851642609,0.7284812218936656,0.0863777699613547
thanh3+𫮡,thanh3,0.08637543767690659,0.7412448401546828,0.07950983384788018
thanh3+󱷿,thanh3,0.10523346066474915,0.6639619198654145,0.10149631751283045
thanh3+堹,thanh3,0.10572972893714905,0.6655024049268734,0.07125977295754814
thanh3+𠸄,thanh3,0.08682519942522049,0.7657801920371571,0.08567293023205724
thanh3+𠶅,thanh3,0.11091158539056778,0.7127412017717807,0.07789418574617048
thanh3+󰬙,thanh3,0.08849535882472992,0.7808960791170454,0.07451236462622401
thanh3+󰐨,thanh3,0.16064254939556122,0.7369009152187003,0.07268552830034346
thanh3+𠿀,thanh3,0.07416526228189468,0.762514445803977,0.09679183279476444
thanh3+󱮺,thanh3,0.08724424988031387,0.6849443475419285,0.13005722613485624
thanh3+󱮮,thanh3,0.13358627259731293,0.725191965243869,0.08987575677880794
thanh3+𫫴,thanh3,0.1103864461183548,0.5801396975179303,0.07600913563715134
thanh3+灆,thanh3,0.10694103688001633,0.6054173380724743,0.08296222496337557
thanh3+󱞊,thanh3,0.0835026353597641,0.7155511359853158,0.08958659040066425
thanh3+󱛣,thanh3,0.08710752427577972,0.6092003860366914,0.09308687880918083
thanh3+𬔽,thanh3,0.07226347923278809,0.7658848519574697,0.06697600118421788
thanh3+𫟌,thanh3,0.13387426733970642,0.7517926229009413,0.06370609985202486
thanh3+𬪽,thanh3,0.0990564152598381,0.7838839920640315,0.09694587122043448
thanh3+𰇵,thanh3,0.07752500474452972,0.6987172251914762,0.07198030044891311
thanh3+󱩙,thanh3,0.10037027299404144,0.7186373233675611,0.09865064547396828
thanh3+𦷬,thanh3,0.07359038293361664,0.7407737641034623,0.08903661838508221
thanh3+󱚛,thanh3,0.12384244054555893,0.6571085057460828,0.09536931789874302
thanh3+󱳦,thanh3,0.09935178607702255,0.7043451459179607,0.06096022717445529
thanh3+𬓛,thanh3,0.09924818575382233,0.7262678376790648,0.07886144108382254
thanh3+𩯁,thanh3,0.10259116441011429,0.5733174923479026,0.09185433845551295
thanh3+󱹙,thanh3,0.08691950142383575,0.6905237439094217,0.08716758732790651
thanh3+󱺃,thanh3,0.08504706621170044,0.7510670608562441,0.08609384517999297
thanh3+󰧺,thanh3,0.12910187244415283,0.7208838617299187,0.09398872151262454
thanh3+󱝸,thanh3,0.08443396538496017,0.8022025142957763,0.07447928990594098
thanh3+𪤽,thanh3,0.08915044367313385,0.6267967180526953,0.07295709150948497
thanh3+󰘇,thanh3,0.12883546948432922,0.6369936181557728,0.09125083867558892
thanh3+𠷥,thanh3,0.11083228886127472,0.7682856560906567,0.08260039212602077
thanh3+󱝳,thanh3,0.14213785529136658,0.6438668867505981,0.08079304511559479
thanh3+𭈒,thanh3,0.11234378069639206,0.7482275369179031,0.11875468671133958
thanh3+𧜐,thanh3,0.1301988959312439,0.6911705557391414,0.1068919009514443
thanh3+𠴌,thanh3,0.09351004660129547,0.7832451657274088,0.05681482897633411
thanh3+󱟫,thanh3,0.12302204221487045,0.6506059552775916,0.07772588596301945
thanh3+𤁯,thanh3,0.08701097220182419,0.715817546633316,0.09716875673562371
thanh3+󱛲,thanh3,0.10594597458839417,0.6286888516818638,0.11502506797529986
thanh3+𣞄,thanh3,0.1155104786157608,0.7406695349599735,0.083519609798884
thanh3+偖,thanh3,0.1110815703868866,0.5205128622579294,0.08957232034129349
thanh3+𬕌,thanh3,0.12470779567956924,0.45195743592287535,0.08449424776460236
thanh3+𡦫,thanh3,0.10832343250513077,0.6700568038840734,0.08331543503738505
thanh3+𨡨,thanh3,0.08861551433801651,0.7026423436605422,0.09296091298281861
thanh3+󱯄,thanh3,0.09710758179426193,0.6108331740988762,0.10905291750327455
thanh3+䰺,thanh3,0.14937058091163635,0.42947574539582956,0.09337273297579313
thanh3+󱳪,thanh3,0.10412877798080444,0.716427493237168,1.6002824833027967
thanh3+𡮺,thanh3,0.11003490537405014,0.6042379999214227,0.13179208492438768
thanh3+𪾭,thanh3,0.08725657314062119,0.7857370191584415,0.08938147291709525
thanh3+󰍖,thanh3,0.09818620979785919,0.756085095921737,0.09381755136726992
thanh3+𡫡,thanh3,0.11272751539945602,0.6376216828920765,0.11466430650534931
thanh3+󰄜,thanh3,0.09649210423231125,0.6448992485977364,0.0911110963438962
thanh3+𨂗,thanh3,0.08435150980949402,0.7578157845988887,0.09400729958325439
thanh3+󰊎,thanh3,0.08502692729234695,0.7817358266650966,0.08539699314414194
thanh3+󱧨,thanh3,0.0880759060382843,0.7228460146300104,0.09516796356987502
thanh3+󱓇,thanh3,0.10868269950151443,0.6913170365428655,0.07503826243165201
thanh3+󱞙,thanh3,0.12993162870407104,0.7456443046810821,0.11142599867204044
thanh3+󱞁,thanh3,0.10152120143175125,0.7163396487867404,0.07614583944665883
thanh3+𤼞,thanh3,0.0933016687631607,0.6253729357933988,0.13651345457239927
thanh3+󱌡,thanh3,0.09632421284914017,0.6629099944146354,0.07774583977344363
thanh3+󱛵,thanh3,0.0670960545539856,0.7622257266480099,0.07142670859868022
thanh3+𠻉,thanh3,0.0716065913438797,0.7794829800374942,0.07484622669621022
thanh3+󱩈,thanh3,0.15178930759429932,0.5430389804169551,0.08942758160484661
thanh3+𤁔,thanh3,0.14736279845237732,0.5967065315082403,0.09103594182868918
thanh3+𡏥,thanh3,0.0859377384185791,0.7024356939338088,0.0650968891753353
thanh3+󱯏,thanh3,0.09524094313383102,0.7329725338943145,0.08359290659589623
thanh3+𪣱,thanh3,0.10741549730300903,0.7268939213684316,0.07355065470798651
thanh3+𦞎,thanh3,0.06592388451099396,0.8035811718244923,0.08500057441825455
thanh3+𪝪,thanh3,0.10531032830476761,0.7000811075407207,0.08076552369922912
thanh3+󱛖,thanh3,0.08430085331201553,0.6882922913425487,0.07272307369245072
thanh3+󱪼,thanh3,0.06961018592119217,0.7212180562003014,0.11496429790214331
thanh3+󱰪,thanh3,0.10935851186513901,0.6728337564163485,0.09141473594127036
thanh3+𪢠,thanh3,0.0835735946893692,0.7216464447574791,0.0921883112553663
thanh3+󱜾,thanh3,0.08286628872156143,0.7162739112062403,0.07333591835030019
thanh3+𫧟,thanh3,0.12577280402183533,0.6328050885985431,0.07710964804483765
thanh3+󱯑,thanh3,0.12267644703388214,0.7676690771346121,0.11366226891307539
thanh3+啩,thanh3,0.17061831057071686,0.5649320857602299,0.10328743699806979
thanh3+𣕞,thanh3,0.0826345756649971,0.7285673551938516,0.09169563566172058
thanh3+󱭪,thanh3,0.12483653426170349,0.43280798881778154,0.09310892204134995
thanh3+󱥥,thanh3,0.1285199075937271,0.6932600355499335,0.08466578590163214
thanh3+󱛪,thanh3,0.09157977253198624,0.7551721002611883,0.08785932588417872
thanh3+󱜴,thanh3,0.11019852757453918,0.7246180976164966,0.08027667498833141
thanh3+𪬪,thanh3,0.13485056161880493,0.6043440989574195,0.08112099927945936
thanh3+𥌈,thanh3,0.08002759516239166,0.6308837235812335,0.09633357688011941
thanh3+䀭,thanh3,0.12201552838087082,0.5406852583151591,0.0766914065773413
thanh3+󱣂,thanh3,0.08074600249528885,0.7439815622310126,0.08620847989270791
thanh3+𫪦,thanh3,0.07363223284482956,0.7095763391265112,0.07388622319966587
thanh3+󱰐,thanh3,0.12727919220924377,0.5582022148713225,0.10089199049819127
thanh3+󱨇,thanh3,0.09601834416389465,0.7336141310221448,0.07912872480018378
thanh3+㗭,thanh3,0.10068382322788239,0.7463876193305875,0.08834167556417992
thanh3+𢪥,thanh3,0.10081063956022263,0.7426065035790769,0.07083993238616441
thanh3+󰨑,thanh3,0.08934993296861649,0.6647374458083615,0.0872046507004815
thanh3+𡋦,thanh3,0.07181140035390854,0.7495885634418004,0.06713372024993107
thanh3+󱝖,thanh3,0.11733154207468033,0.7669495231020229,0.07626087200755138
thanh3+󱭘,thanh3,0.10267508029937744,0.7364453805620066,0.08260134550413638
thanh3+𫢧,thanh3,0.10137796401977539,0.7239462726974988,0.07382295444708391
thanh3+󱝟,thanh3,0.12702758610248566,0.7407976376846533,0.09108944708260648
thanh3+󱳭,thanh3,0.09451093524694443,0.5841681654498638,0.08172095847089406
thanh3+𦟏,thanh3,0.08716712146997452,0.7587244508196075,0.1015667616320715
thanh3+󱜈,thanh3,0.0794546976685524,0.7058240295259266,0.0971388325306042
thanh3+𠿸,thanh3,0.08974731713533401,0.7306955944043443,0.08369324405174661
thanh3+󱖧,thanh3,0.08883286267518997,0.721166127158874,0.0966437494425107
thanh3+󱞆,thanh3,0.08017762005329132,0.7271539419200465,0.34959581969660913
thanh3+𡚝,thanh3,0.08366787433624268,0.7153106242589005,0.08321754380939124
thanh3+𠵴,thanh3,0.10769665241241455,0.7764179139303933,0.059511695414007686
thanh3+𨄿,thanh3,0.08651182055473328,0.7769254894741772,0.08583288222417475
thanh3+󱟂,thanh3,0.10205801576375961,0.6614447706629552,0.08187999868924224
thanh3+󱧀,thanh3,0.08347433060407639,0.7361209315171827,0.08581896165197582
thanh3+󱜝,thanh3,0.08384321630001068,0.8260539011625044,0.08068943672476105
thanh3+󱫂,thanh3,0.09858584403991699,0.6784971203058477,0.07198234018630904
thanh3+󰢔,thanh3,0.12532883882522583,0.6979139014631207,0.07040733679202615
thanh3+𦛲,thanh3,0.14761659502983093,0.46295542366663617,0.08982829832103734
thanh3+󱮟,thanh3,0.12013504654169083,0.5298981001332401,0.08843556416386315
thanh3+𡁝,thanh3,0.07876402139663696,0.7022917902993857,0.09418799594167199
thanh3+𰊣,thanh3,0.0950603038072586,0.7170321243530157,0.08057124135437053
thanh3+𫆮,thanh3,0.08437717705965042,0.6972599074004413,0.1390783407494612
thanh3+𪿀,thanh3,0.11629555374383926,0.7037104720244701,0.09924717416869398
thanh3+𪻋,thanh3,0.07030974328517914,0.714793846794626,0.08944825171280173
thanh3+藞,thanh3,0.07783728837966919,0.7585136802971557,0.08415362315083895
thanh3+󱯠,thanh3,0.12999536097049713,0.7211462957894241,0.07898457940218069
thanh3+󱠑,thanh3,0.08926230669021606,0.7206712555596626,0.11289036763379916
thanh3+󱛱,thanh3,0.09031389653682709,0.7500854413381663,0.07754084749700103
thanh3+𡁎,thanh3,0.07046085596084595,0.772784945901112,0.07225666535128158
thanh3+󱲥,thanh3,0.09649279713630676,0.6211178985246602,0.08094260633607202
thanh3+𫇿,thanh3,0.13882045447826385,0.74733862577736,0.07490011946615999
thanh3+󱟹,thanh3,0.10350864380598068,0.6969607403909347,0.09667197647057303
thanh3+󱘰,thanh3,0.10559448599815369,0.6724783651699745,0.08957697605154596
thanh3+󱛳,thanh3,0.08425470441579819,0.6900301183638656,0.08569876943839906
thanh3+󱩬,thanh3,0.07379215210676193,0.7935150864392192,1.4616894793404114
thanh3+𪶵,thanh3,0.07275635004043579,0.7492503622281325,0.08003767912789685
thanh3+󱘓,thanh3,0.1189873069524765,0.744446699248993,0.08103874467280531
thanh3+𪞀,thanh3,0.1028711348772049,0.6997838284741418,0.08125954427837145
thanh3+𡂄,thanh3,0.10103501379489899,0.6304831850773868,0.0815890767452634
thanh3+󰢷,thanh3,0.10024937987327576,0.6902470712844407,0.07554912163773762
thanh3+𭊳,thanh3,0.11255013942718506,0.7404417904226172,41.015308908858216
thanh3+󰏏,thanh3,0.08187428116798401,0.7199886081749913,0.09025602590199029
thanh3+󰙘,thanh3,0.09581403434276581,0.7601919606946321,0.0742086904359564
thanh3+󱞀,thanh3,0.09606163948774338,0.7877850668232733,0.08309781646109722
thanh3+𡄰,thanh3,0.12012553215026855,0.729155319361688,0.09801590407339812
thanh3+󱥄,thanh3,0.09500514715909958,0.7748411430812435,0.09313684102807357
thanh3+𫐹,thanh3,0.11383309960365295,0.6802262871693295,0.08605782895379312
thanh3+󱝷,thanh3,0.08732645213603973,0.7565390421613192,0.09482276170086261
thanh3+󱹻,thanh3,0.08503923565149307,0.5804659043703515,0.11453951345965234
thanh3+𦀌,thanh3,0.08592167496681213,0.7878178412893742,0.08665847513040718
thanh3+𪡗,thanh3,0.08028213679790497,0.7239713419363965,0.06650449516216668
thanh3+𬏻,thanh3,0.14100705087184906,0.6163168610777038,0.0782255932354299
thanh3+󱧔,thanh3,0.06215113028883934,0.8149547272530222,0.06950678925829851
thanh3+󱞴,thanh3,0.10502045601606369,0.5403645072028258,0.09879047840454687
thanh3+󱞒,thanh3,0.06589294970035553,0.7784140233623605,0.07694198969855988
thanh3+𫬠,thanh3,0.0823252946138382,0.7956879219489303,0.08623473066878534
thanh3+𥾸,thanh3,0.0935150757431984,0.7023331401053916,0.07969889607027128
thanh3+󱦡,thanh3,0.09558002650737762,0.6565450738845062,0.08737175229478529
thanh3+𡃜,thanh3,0.08381873369216919,0.7392646301349278,0.08952819053775585
thanh3+𦝇,thanh3,0.16437068581581116,0.7056955817394852,0.09345600143117756
thanh3+󱥭,thanh3,0.0947369784116745,0.739101575062526,0.09127677245486217
thanh3+𠅐,thanh3,0.08833929896354675,0.757010730237219,522.8434904217335
thanh3+󱰖,thanh3,0.11127370595932007,0.7193189774753566,0.09203493816880053
thanh3+𪦎,thanh3,0.07017689198255539,0.7454891734399273,0.085410560567366
thanh3+󱜉,thanh3,0.06331119686365128,0.7859148243567832,0.08535116212575715
thanh3+󱛑,thanh3,0.11823847144842148,0.642252034960219,0.08404647450591075
thanh3+𠲜,thanh3,0.1297868937253952,0.6779336672732241,0.09546623556196265
thanh3+󱞽,thanh3,0.1536668837070465,0.571877816676907,0.0995055703900161
thanh3+𪴉,thanh3,0.11879666894674301,0.7418199583030782,0.08393992970331345
thanh3+󱦯,thanh3,0.08245935291051865,0.7020388960302398,0.22820132726211892
thanh3+󰬪,thanh3,0.12484037131071091,0.5383553988296924,0.07824580038688411
thanh3+𫿟,thanh3,0.10915564000606537,0.6142033590197618,0.15319450758931963
thanh3+𧍆,thanh3,0.08647066354751587,0.6380707861383285,0.08592983197930164
thanh3+洅,thanh3,0.10620004683732986,0.7969265821905357,0.07525114578257104
thanh3+𡐮,thanh3,0.08079152554273605,0.8020970009934062,0.07451409433184303
thanh3+𦨭,thanh3,0.10010232031345367,0.8056655940558173,0.08217154740578496
thanh3+𦨂,thanh3,0.08254354447126389,0.5799934041224512,0.10815276205075615
thanh3+󱛋,thanh3,0.11079351603984833,0.6664236526106218,0.08459268334332222
thanh3+󰂛,thanh3,0.09184134006500244,0.7653538270467076,0.08968930219768423
thanh3+󰮯,thanh3,0.12157828360795975,0.6129251103764886,0.0905380729431751
thanh3+娫,thanh3,0.10409554094076157,0.6326973945831325,0.23749895850976707
thanh3+󱎶,thanh3,0.07852522283792496,0.7274751476571152,0.09364941113804226
thanh3+󱱀,thanh3,0.1292470395565033,0.507182469102424,0.08500963235759673
thanh3+󱘡,thanh3,0.11149680614471436,0.6409770281199293,0.07768286279246639
thanh3+󱠠,thanh3,0.08103455603122711,0.688254755114173,0.09506347573769297
thanh3+󱫸,thanh3,0.10380125790834427,0.6852091998438756,0.0831066697320019
thanh3+𬟻,thanh3,0.11064395308494568,0.721386441310975,0.0792755584152079
thanh3+𥊜,thanh3,0.09162367880344391,0.7549220215415121,0.09499105933152048
thanh3+𦲼,thanh3,0.07674110680818558,0.7444936613384849,0.08174558793672732
thanh3+󱰚,thanh3,0.09288990497589111,0.7553777577193239,0.09948695184904432
thanh3+󱧘,thanh3,0.11596237123012543,0.7581448747561392,0.06863366203761835
thanh3+㙘,thanh3,0.07918153703212738,0.687616470545025,0.07640741442881853
thanh3+󱫷,thanh3,0.09464377164840698,0.736648823616568,0.07445214460995822
thanh3+󰢜,thanh3,0.08841109275817871,0.5964956415704724,0.07992048680370416
thanh3+𪡽,thanh3,0.10492144525051117,0.7550072565860442,0.08983526552567929
thanh3+󱺈,thanh3,0.08317520469427109,0.775220403984152,0.084817786890157
thanh3+𫑺,thanh3,0.1173769161105156,0.6490535653031926,0.09099992980678384
thanh3+𫊬,thanh3,0.11544734984636307,0.742179820980053,0.08730649078789866
thanh3+𪡦,thanh3,0.08183132112026215,0.6734389416477461,0.07454677830790785
thanh3+𨊌,thanh3,0.10011260956525803,0.6016681160168588,0.09929697302425418
thanh3+𧒅,thanh3,0.10327402502298355,0.6780514582629722,0.08828434368631162
thanh3+󱞎,thanh3,0.08777089416980743,0.7765469408291601,0.08273252046115093
thanh3+𪝅,thanh3,0.06264080107212067,0.7713255244724077,0.13426533305320534
thanh3+󱞐,thanh3,0.09570042788982391,0.7313931038022051,0.0870620315173977
thanh3+𠼇,thanh3,0.09054936468601227,0.5710151000436697,0.08172920078070357
thanh3+𫴯,thanh3,0.1149110272526741,0.7058013501804482,428.82501120852567
thanh3+𡖡,thanh3,0.08577628433704376,0.7995641225351082,0.08006618570536249
thanh3+𥙒,thanh3,0.12020763009786606,0.7239083861153142,0.07154291007515547
thanh3+𠻇,thanh3,0.05654269829392433,0.7785434301547045,0.08751162480514725
thanh3+󱠡,thanh3,0.11115820705890656,0.510123991262726,0.09565436344832257
thanh3+󱩸,thanh3,0.10457973182201385,0.7231220873973107,0.08949339492983244
thanh3+𨨨,thanh3,0.09476793557405472,0.7713288335085899,0.08101290152784922
thanh3+𠿵,thanh3,0.10937588661909103,0.6670893779651513,0.08769912176817807
thanh3+𠮨,thanh3,0.07665985077619553,0.7746820319633976,0.05197668932817275
thanh3+𨅞,thanh3,0.1014208123087883,0.6537413419604259,0.08778515296017508
thanh3+󱛽,thanh3,0.07902240008115768,0.7871620447452736,0.08449439304169948
thanh3+𰈨,thanh3,0.09105393290519714,0.719903335169824,0.09245175312671217
thanh3+𬡶,thanh3,0.10568031668663025,0.6396797166564387,0.09824556976951003
thanh3+𤗹,thanh3,0.11842639744281769,0.653502453996425,0.08129325167971707
thanh3+󱦙,thanh3,0.0846100002527237,0.6417358991211445,0.09726722590520191
thanh3+𬠥,thanh3,0.08795058727264404,0.6586623314589148,0.0898650387143836
thanh3+呯,thanh3,0.12508191168308258,0.7304109109465832,0.05834595127386039
thanh3+󰶅,thanh3,0.10741365700960159,0.7355960199465703,0.08523000765968164
thanh3+󱞇,thanh3,0.08483508229255676,0.665224953024609,0.07552211199866911
thanh3+𧋅,thanh3,0.11645787209272385,0.7388052364621658,0.07924768098763389
thanh3+󱭧,thanh3,0.10663684457540512,0.6845679453206271,0.11984856729476956
thanh3+𬛀,thanh3,0.10688526928424835,0.6570123916324795,0.10067453167178912
thanh3+㗌,thanh3,0.07785039395093918,0.7784756132471502,0.07276397731851607
thanh3+󱝯,thanh3,0.08934735506772995,0.7033819578615165,0.09177058191112646
thanh3+󱟮,thanh3,0.07939887791872025,0.7706420893160695,0.09056015288278974
thanh3+󱙷,thanh3,0.09993588924407959,0.6034881169018442,0.11482783693417699
thanh3+󱟝,thanh3,0.11557301878929138,0.5512565920093869,0.08507949171232065
thanh3+󱝞,thanh3,0.07260771095752716,0.660961545040662,0.09091529519493995
thanh3+󱛹,thanh3,0.12163498997688293,0.7166134357623921,0.08205994906621812
thanh3+󱬺,thanh3,0.07712274044752121,0.6828591781472756,0.40941844214578693
thanh3+󱛺,thanh3,0.09884843230247498,0.6904151459951857,0.18118002008708903
thanh3+啲,thanh3,0.06995430588722229,0.7935110112307607,0.07060535742425604
thanh3+󱚚,thanh3,0.08774376660585403,0.6935773000107557,0.09987574462011765
thanh3+󰛈,thanh3,0.12044129520654678,0.5718056900860359,0.08965653190386642
thanh3+󱞃,thanh3,0.09829753637313843,0.7396637286418248,0.08108829607399652
thanh3+󱝺,thanh3,0.09335307776927948,0.6905137274851613,0.1014441550967251
thanh3+𥖑,thanh3,0.12485983222723007,0.6049753846100181,0.08039185056941119
thanh3+𡳳,thanh3,0.10482389479875565,0.7030316231769852,0.14762050935983176
thanh3+󱋭,thanh3,0.0910058319568634,0.6575685476135256,0.08249892968647775
thanh3+𠴇,thanh3,0.11135854572057724,0.6962072569725316,0.0774319512946
thanh3+𡃆,thanh3,0.06364711374044418,0.7653053425681557,0.10162761490433352
thanh3+󰬛,thanh3,0.08937588334083557,0.7581437203149014,0.07364458102577058
thanh3+𫫷,thanh3,0.09298527985811234,0.5759636307013491,0.08483255762428622
thanh3+󱀰,thanh3,0.09905564039945602,0.7313378109525781,0.0745609610520281
thanh3+哖,thanh3,0.11785215884447098,0.7137148190713525,0.06448108208301866
thanh3+󱩻,thanh3,0.13657328486442566,0.6941870969087485,0.07178237991225939
thanh3+𡅉,thanh3,0.11975143104791641,0.7606267430641693,0.08265237395555795
thanh3+󱺂,thanh3,0.09508576989173889,0.7304516987398669,0.08799450527909962
thanh3+󱛴,thanh3,0.06936617940664291,0.6275205433563225,0.10144498815671919
thanh3+󰤣,thanh3,0.08889328688383102,0.7572356611818506,0.08317774944622895
thanh3+󱜶,thanh3,0.09956716001033783,0.7035113335167908,0.0916484968928919
thanh3+𬄹,thanh3,0.10948550701141357,0.7162284130293701,0.08184773312439794
thanh3+𬃴,thanh3,0.10346638411283493,0.6263187377313849,0.07745065721623194
thanh3+圚,thanh3,0.10613919794559479,0.6252336058410668,0.08522720220195622
thanh3+󱙵,thanh3,0.11764930933713913,0.6014957984757409,0.08845296073770655
thanh3+󱙴,thanh3,0.1180025190114975,0.7146962872793277,0.09906098944551413
thanh3+󱰗,thanh3,0.1208622008562088,0.626738993631366,0.09180391511097298
thanh3+𠊙,thanh3,0.10316136479377747,0.6693841327410377,0.06538828754919697
thanh3+󱝾,thanh3,0.08478324860334396,0.7076878172806089,0.0811505453599134
thanh3+󱝹,thanh3,0.08605087548494339,0.7532753736954193,0.08326769109614653
thanh3+𦝺,thanh3,0.10979151725769043,0.6664193134757169,0.08213971943900672
thanh3+挒,thanh3,0.10876192152500153,0.6678657006129715,0.07323026250460184
thanh3+𤻓,thanh3,0.07422846555709839,0.7360718103947287,0.08649459758188578
thanh3+󱝝,thanh3,0.10640570521354675,0.7626450832682441,0.06829355947948366
thanh3+󱹽,thanh3,0.0809158980846405,0.7754937269070075,0.07005785863021834
thanh3+噃,thanh3,0.13585707545280457,0.6497758426317735,0.07867595802671859
thanh3+侱,thanh3,0.12214727699756622,0.6675134171057798,0.09061059691870037
thanh3+𪠉,thanh3,0.09678047895431519,0.7799674991871814,0.08270653643638408
thanh3+𠺺,thanh3,0.08550609648227692,0.7557116380649802,0.08816144748034561
thanh3+𠾬,thanh3,0.07279361039400101,0.7755977927152977,0.0796791983979833
thanh3+𥵉,thanh3,0.08477724343538284,0.7648697594006502,0.07862260969314856
thanh3+㖵,thanh3,0.1183282881975174,0.76997679299429,0.0815796062200219
thanh3+𡕩,thanh3,0.10197309404611588,0.7473433179643976,0.13499904863670953
thanh3+󱞲,thanh3,0.06876010447740555,0.6979220776997244,0.11713539140177787
thanh3+堒,thanh3,0.07352269440889359,0.7757845640240348,0.07717952178114575
thanh3+󱠱,thanh3,0.06725123524665833,0.7190235020751008,0.09488685147813554
thanh3+𬕳,thanh3,0.1005941778421402,0.7413917016011488,0.07775027932866634
thanh3+𪡈,thanh3,0.097453773021698,0.700692390363092,0.07706840998649156
thanh3+𪢤,thanh3,0.11241409182548523,0.6723131299254529,0.09490177268811811
thanh3+𰈏,thanh3,0.08819875866174698,0.7363769298492124,0.08339708237784872
thanh3+𩛸,thanh3,0.08299535512924194,0.684577472021107,0.14514884285573446
thanh3+㤝,thanh3,0.09508555382490158,0.769846533644008,0.0766399175925011
thanh3+𠀿,thanh3,0.09394345432519913,0.6782592432684682,0.06289867246222092
thanh3+婻,thanh3,0.07118988037109375,0.6982477881518141,0.08104440275931478
thanh3+󱙉,thanh3,0.07791575789451599,0.7567563085950492,0.06574219947987976
thanh3+󱰤,thanh3,0.07614917308092117,0.7406548224031836,0.09758435729937458
thanh3+󱝫,thanh3,0.1678203046321869,0.6994956698721138,0.08350248096671453
thanh3+𤄮,thanh3,0.09627406299114227,0.6468682467345275,0.09628653576947672
thanh3+𡎔,thanh3,0.08275934308767319,0.7545179318583948,0.08509101917761853
thanh3+鏙,thanh3,0.10406558215618134,0.7005073875132308,0.08525828322318692
thanh3+󰇵,thanh3,0.1029639020562172,0.6036773801191587,0.08941537010589984
thanh3+𧞣,thanh3,0.10028628259897232,0.7125052752029134,0.17397165496582634
thanh3+󰬲,thanh3,0.07959665358066559,0.7975210103846827,0.09669191312832547
thanh3+𪁄,thanh3,0.11246531456708908,0.750718702241603,0.8895514288599812
thanh3+𧜗,thanh3,0.08825717866420746,0.6793225762257517,0.0640533546355279
thanh3+𫽠,thanh3,0.11949615925550461,0.6691653399050073,0.09035482150867724
thanh3+𦟖,thanh3,0.09317002445459366,0.6729577181967897,0.08899979914960095
thanh3+󰮝,thanh3,0.07797815650701523,0.7541517728716635,0.09699319813756131
thanh3+𫉩,thanh3,0.1118367463350296,0.7553338332293491,0.08897446243408004
thanh3+𠌊,thanh3,0.11552392691373825,0.631662412357179,0.10599822465732302
thanh3+𢵻,thanh3,0.08737635612487793,0.7003075850933881,0.07925156051640815
thanh3+𪤲,thanh3,0.13913550972938538,0.6852913838583709,0.06490608692836415
thanh3+󱚇,thanh3,0.10830351710319519,0.6869192109976401,0.08931878978348995
thanh3+𨁟,thanh3,0.06883514672517776,0.7638196489296657,0.07809009541626698
thanh3+󰥉,thanh3,0.1273501217365265,0.4641214387613242,0.07751307966889408
thanh3+𠇕,thanh3,0.11633971333503723,0.7517331343346627,0.0716978906928749
thanh3+󱚫,thanh3,0.09250893443822861,0.7275306645755549,0.06697113580187018
thanh3+𮤭,thanh3,0.1193394660949707,0.7558184288076646,0.06798575249995156
thanh3+𤎓,thanh3,0.07952728122472763,0.7236895696838983,0.08169699147410046
thanh3+󱛻,thanh3,0.07947757840156555,0.7112308414672401,0.09702904404322876
thanh3+𡄫,thanh3,0.05964380502700806,0.7696267363837761,0.09092302646044893
thanh3+𦄆,thanh3,0.06068512052297592,0.7793673146448126,0.07171956322685016
thanh3+𫯲,thanh3,0.08448697626590729,0.6255195182152202,0.08909228408709298
thanh3+𧟝,thanh3,0.1235700324177742,0.5849418771642231,0.10902829224872194
thanh3+𠶂,thanh3,0.12185519933700562,0.7360127348554425,0.08844380444549294
thanh3+𪂱,thanh3,0.13648726046085358,0.5800998116751941,0.08389853275876032
thanh3+󱝂,thanh3,0.11869104206562042,0.6673159418652055,0.09858368874072232
thanh3+𫰄,thanh3,0.06986649334430695,0.7254478404460872,0.09119637139647004
thanh3+𡄳,thanh3,0.09282849729061127,0.5416882182243679,0.09248567252577494
thanh3+𢲾,thanh3,0.1218128502368927,0.7474062554762269,0.09185659739688994
thanh3+󱟢,thanh3,0.07838282734155655,0.7504712646422609,0.07820598027753949
thanh3+󰊫,thanh3,0.09610019624233246,0.7397052016656105,0.08916466528702037
thanh3+𭰺,thanh3,0.11107677966356277,0.7016833236273365,0.07283984786994235
thanh3+󱙌,thanh3,0.07966022938489914,0.7505138730274804,0.10044314098751222
thanh3+𬖩,thanh3,0.159878671169281,0.52497584725999,0.07861558134449144
thanh3+󱰶,thanh3,0.11514715850353241,0.7355340098443681,0.07289299935336928
thanh3+󱛥,thanh3,0.09555496275424957,0.7155520348546957,0.07864091233002872
thanh3+󱪱,thanh3,0.11978940665721893,0.6908112079150757,0.08026469707390001
thanh3+𫯝,thanh3,0.15195836126804352,0.6129675678165731,0.0847959391250556
thanh3+󱢅,thanh3,0.09035483747720718,0.6938885370961566,0.08835148948784728
thanh3+𩠱,thanh3,0.1364174634218216,0.6904450659444759,15.748750064538319
thanh3+𬊭,thanh3,0.09091638028621674,0.7279673125320558,0.1135782791154578
thanh3+󱛅,thanh3,0.10911326110363007,0.5958305718747935,0.07927899774171991
thanh3+𠷯,thanh3,0.09238210320472717,0.5675276150547588,305.3177583670319
thanh3+󱠢,thanh3,0.1011117473244667,0.7237495826080456,0.07870256580377923
thanh3+𫱞,thanh3,0.08322049677371979,0.6566617702396059,0.10748953860244122
thanh3+󱠰,thanh3,0.12331262230873108,0.7346213191238429,0.10382536003015853
thanh3+𠿴,thanh3,0.07269004732370377,0.7322049325148073,0.07734382849944267
thanh3+𰦫,thanh3,0.07240763306617737,0.7730360253828709,0.08142573515490052
thanh3+𨄮,thanh3,0.10956808924674988,0.7846174400644103,0.08366219435360749
thanh3+澿,thanh3,0.07558883726596832,0.7413512687710271,0.09790906598969373
thanh3+󱝨,thanh3,0.11715339869260788,0.6298622244151152,0.08228227271383533
thanh3+󱰺,thanh3,0.0983436107635498,0.4852478787200036,0.1070989239212961
thanh3+𠸙,thanh3,0.10373428463935852,0.659775183605464,0.07361395655995023
thanh3+󱓦,thanh3,0.10554663091897964,0.6992099132776592,0.08563866411709632
thanh3+朠,thanh3,0.09716127067804337,0.6415116944868647,0.07970605658889442
thanh3+󱣗,thanh3,0.09454868733882904,0.7001260921204924,0.10420270266753133
thanh3+󱤚,thanh3,0.10251631587743759,0.6726313835253669,0.11126967624403593
thanh3+󱜖,thanh3,0.0779571682214737,0.7794606591512458,0.05946923146417732
thanh3+󱤉,thanh3,0.11335045099258423,0.7576810986573672,0.0900809887027947
thanh3+𭈙,thanh3,0.09773203730583191,0.770600727520533,4.220578040455392
thanh3+𥮈,thanh3,0.13776895403862,0.5349042222261979,0.1262476392425048
thanh3+𬊐,thanh3,0.11337598413228989,0.6640075845897984,0.08008126895179117
thanh3+𤊤,thanh3,0.09403213858604431,0.594644669224895,0.0844900715596429
thanh3+𡀬,thanh3,0.10390053689479828,0.7039255876940057,0.07968956229564783
thanh3+𫬱,thanh3,0.07769584655761719,0.7521267779212145,0.09988466284129305
thanh3+󱱣,thanh3,0.09813950210809708,0.745032553490003,0.08863163444049156
thanh3+󰭠,thanh3,0.13929158449172974,0.7389297870450505,0.0999838439570385
thanh3+󱗘,thanh3,0.09782293438911438,0.7121311736801114,0.08312604398478958
thanh3+󰬨,thanh3,0.07016605138778687,0.7480558657367099,0.11550684720436383
thanh3+唥,thanh3,0.08536901324987411,0.8105567075216492,0.0594695038328524
thanh3+󱥓,thanh3,0.08395134657621384,0.7575764423025143,0.09471051911932693
thanh3+󱫟,thanh3,0.091172955930233,0.6791610502561557,0.10132922469289378
thanh3+𡎜,thanh3,0.08548417687416077,0.6862610940892284,0.08806415332932944
thanh3+󰝅,thanh3,0.097153440117836,0.6938488513817463,0.07509735738974514
thanh3+󱟈,thanh3,0.10676660388708115,0.6838751796319299,0.07695644509322362
thanh3+󱢉,thanh3,0.10593739151954651,0.6967090371484841,0.07097208326532502
thanh3+󱮝,thanh3,0.10151322931051254,0.7102535070029607,0.1127141107684743
thanh3+󱟉,thanh3,0.0807853490114212,0.7645609643082292,0.06756961838900433
thanh3+𨁋,thanh3,0.08731487393379211,0.7181138076918085,0.07281468455466074
thanh3+𫏙,thanh3,0.1285490095615387,0.6640062575893995,0.10441508267897781
thanh3+𨂚,thanh3,0.05770004913210869,0.78909059180353,0.06318981318984679
thanh3+𪡆,thanh3,0.14468669891357422,0.7097801784304351,0.07280332704442072
thanh3+𡫨,thanh3,0.10465141385793686,0.7328717206650438,0.19961216650525473
thanh3+󱡵,thanh3,0.10762956738471985,0.7493253281626636,0.07188374239868274
thanh3+𫪄,thanh3,0.08823412656784058,0.7529151645996978,0.07236776942679081
thanh3+󱚑,thanh3,0.14999482035636902,0.5717006875249967,0.08063475425589385
thanh3+󱞻,thanh3,0.10952740162611008,0.7418603941527258,0.08427198706267273
thanh3+󱥪,thanh3,0.09327083826065063,0.7328272696551271,0.0788946058835673
thanh3+𠲹,thanh3,0.10656505823135376,0.7206907181719847,0.10018687756848577
thanh3+𬏖,thanh3,0.13151352107524872,0.588055300874891,0.07618542171449753
thanh3+󱥯,thanh3,0.09327807277441025,0.7625245129281173,0.07152906976377116
thanh3+󱹺,thanh3,0.08443636447191238,0.756053459126671,0.06888117754353845
thanh3+𬈈,thanh3,0.09785503149032593,0.525924492836411,0.07191751273207109
thanh3+𠺮,thanh3,0.07956459373235703,0.8272702728007616,0.0802719471015136
thanh3+󰜡,thanh3,0.12966157495975494,0.6402877521178667,0.06655859694133821
thanh3+𬙛,thanh3,0.14589866995811462,0.6559087055741576,0.060327038863290404
thanh3+𡄧,thanh3,0.07455112040042877,0.7336424341476157,0.10849689812146308
thanh3+𪢒,thanh3,0.08754444867372513,0.6693357366279683,0.09923226658763606
thanh3+󱥦,thanh3,0.12837813794612885,0.7011373130023121,0.07792138935013176
thanh3+㖀,thanh3,0.08367335796356201,0.7820100241403011,0.09420420811093104
thanh3+𡍢,thanh3,0.06944550573825836,0.7494988071607389,0.07925099748016912
thanh3+𥵖,thanh3,0.1013241708278656,0.6407377433071546,0.08032954691669138
thanh3+𥶱,thanh3,0.10686143487691879,0.6785349849043414,0.10764266668185203
thanh3+󱤍,thanh3,0.1017196848988533,0.7188856384102671,0.10341726963943242
thanh3+𪸝,thanh3,0.08009080588817596,0.7975696038663125,0.07003960370378537
thanh3+󱚳,thanh3,0.12064962089061737,0.7106303485626972,0.09018845590139259
thanh3+𠞡,thanh3,0.1508510708808899,0.3994523801740658,0.07369207147241123
thanh3+󱧝,thanh3,0.12294525653123856,0.5962212371972699,0.09035821724713333
thanh3+𫮲,thanh3,0.09144987165927887,0.6512053236703443,0.07690882399818805
thanh3+󱡄,thanh3,0.08851300179958344,0.7517899766288297,0.09118849921645104
thanh3+𠳭,thanh3,0.10251589119434357,0.6720936823812228,0.05812036927169854
thanh3+󱟕,thanh3,0.10586147755384445,0.5239050900458094,0.1119065430152709
thanh3+𠷇,thanh3,0.08014695346355438,0.6282512476884355,0.08956447911679971
thanh3+󰄼,thanh3,0.09388844668865204,0.5981361440032198,0.09494017455558477
thanh3+㺜,thanh3,0.09364820271730423,0.7556563240991001,0.10714435468072753
thanh3+󱡉,thanh3,0.10162483155727386,0.7327032322574183,0.05996025729713487
thanh3+󱞳,thanh3,0.08728639781475067,0.7288744957924945,0.06237309132248121
thanh3+𡮥,thanh3,0.16684012115001678,0.4462199927044991,0.09092841483073166
thanh3+󱮾,thanh3,0.09344950318336487,0.666386359135803,0.08961739633107528
thanh3+󰋓,thanh3,0.12538732588291168,0.5543178430155682,0.06824749246042085
thanh3+󱚴,thanh3,0.09600823372602463,0.7517573747439023,0.11768441538722467
thanh3+󱝀,thanh3,0.07561120390892029,0.7494403042149369,0.08162113217954302
thanh3+𬀦,thanh3,0.07585211843252182,0.7542437809143058,555.8994001548873
thanh3+𫞡,thanh3,0.11503837257623672,0.5419860436555872,0.07341998538549209
thanh3+𡚄,thanh3,0.08895552158355713,0.7342011074497267,0.07349182874463829
thanh3+󱣶,thanh3,0.10274074226617813,0.6499062325150462,0.07878372012147437
thanh3+𡃖,thanh3,0.07645276188850403,0.7435921384521849,0.0757258356810867
thanh3+𢠤,thanh3,0.09551666676998138,0.7155450700943069,0.08516045807425376
thanh3+󱟨,thanh3,0.09820836782455444,0.6716492892810662,0.09728391427745638
thanh3+𨪪,thanh3,0.11499245464801788,0.713724012161815,0.0790287927333651
thanh3+𡃳,thanh3,0.09272381663322449,0.7330961041361724,0.08070975211976784
thanh3+󱦾,thanh3,0.08896686881780624,0.7144971183139947,0.08059983503049141
thanh3+󰌗,thanh3,0.11012521386146545,0.6922739456201741,0.07592533265956758
thanh3+𩂀,thanh3,0.1332799792289734,0.7456058662864413,0.07157275774981785
thanh3+𡞗,thanh3,0.07695779204368591,0.7451448278762033,0.0846588540633557
thanh3+󱦗,thanh3,0.11352816224098206,0.6395714369965665,0.10649806226547892
thanh3+󱨈,thanh3,0.0826335921883583,0.6761438986765194,0.07715603348776207
thanh3+𬉌,thanh3,0.07288181781768799,0.7849174895806411,0.07475033427795269
thanh3+𩚧,thanh3,0.06564752757549286,0.720477354852963,0.08386659760770955
thanh3+󱝢,thanh3,0.08998158574104309,0.7368321581139531,0.08809703278660848
thanh3+𢆠,thanh3,0.16057366132736206,0.6564302323992383,0.07907354303831832
thanh3+𫼿,thanh3,0.07935285568237305,0.7567162715952291,0.07504637764829801
thanh3+𠜈,thanh3,0.1057172417640686,0.7218144505201377,0.13576750457309045
thanh3+𪢷,thanh3,0.06749723106622696,0.7805258615268926,0.05675863979475999
thanh3+󱢰,thanh3,0.10136961936950684,0.7404996238914976,0.07711051739578316
thanh3+󱛢,thanh3,0.10697204619646072,0.7128569759441771,0.11477026312683868
thanh3+󱡗,thanh3,0.0831783264875412,0.7752262731770212,0.08223048375284185
thanh3+𡀫,thanh3,0.12330789864063263,0.7435969342114689,0.10129037554002063
thanh3+𫫜,thanh3,0.10226471722126007,0.7732545604646145,0.12184490792156637
thanh3+󰘵,thanh3,0.11341540515422821,0.6149250699540392,0.1010655867516454
thanh3+𬮷,thanh3,0.12870052456855774,0.7066436927937884,0.09007445578196671
thanh3+𡀇,thanh3,0.08130233734846115,0.6740456822113683,0.08995549216266353
thanh3+𠶎,thanh3,0.11555739492177963,0.6445282863041225,0.08166803873569621
thanh3+󰠎,thanh3,0.10692071169614792,0.688029509148305,0.0716571917882326
thanh3+󱮧,thanh3,0.14626197516918182,0.60836983030639,0.0824638816216788
thanh3+𪷘,thanh3,0.08082099258899689,0.728087312167382,0.08543255734005097
thanh3+𫴇,thanh3,0.08294083178043365,0.7355062459289397,0.08732157109129994
thanh3+󱤈,thanh3,0.11332978308200836,0.5565691970204019,0.08353308691697837
thanh3+𡇻,thanh3,0.09702874720096588,0.7187247233883437,0.08266464557365173
thanh3+𬑶,thanh3,0.09087312966585159,0.7347798094248966,0.10826135984251534
thanh3+𫴬,thanh3,0.1612505465745926,0.6938578492016361,0.07182157578082371
thanh3+㗶,thanh3,0.07762626558542252,0.7455530483124934,0.09227085526088341
thanh3+𪻟,thanh3,0.0886332094669342,0.7117931159184158,117.81768320257511
thanh3+𡁛,thanh3,0.0712534561753273,0.7716336027127415,0.08525233358482402
thanh3+𪤻,thanh3,0.10454589128494263,0.6005688012042417,0.07817860064017289
thanh3+󱣆,thanh3,0.10635451972484589,0.7298514191055218,0.11267804217991949
thanh3+𠾾,thanh3,0.08568845689296722,0.7710337781477924,0.07782166863510244
thanh3+󱟛,thanh3,0.08591911941766739,0.7503746683743855,0.08295059058124592
thanh3+󱝙,thanh3,0.0744803249835968,0.7342908295473769,0.07119323290952263
thanh3+󱯧,thanh3,0.12122148275375366,0.7363793876261253,0.08739869275810574
thanh3+𥋲,thanh3,0.1537695825099945,0.4602647428909857,0.09528859088244923
thanh3+󰝎,thanh3,0.11788041889667511,0.5808162777045787,0.07967312816337117
thanh3+𠱻,thanh3,0.09383524954319,0.6825879464013976,0.07450518805685204
thanh3+𬂻,thanh3,0.11734271794557571,0.6997356219878139,0.08125789043438125
thanh3+𡉖,thanh3,0.07590988278388977,0.7487349241260507,27.951958490583312
thanh3+󱤾,thanh3,0.11230398714542389,0.7002891056227535,0.08570545152124333
thanh3+󱞖,thanh3,0.09370487928390503,0.7201029611587102,0.0773575323985764
thanh3+𫼰,thanh3,0.07903167605400085,0.7323477301229623,0.06975230378305794
thanh3+溒,thanh3,0.05816514045000076,0.7287070518533586,0.06796522969913193
thanh3+󱀄,thanh3,0.08954756706953049,0.7282243850559451,0.22031067192711443
thanh3+󱙲,thanh3,0.09548642486333847,0.514997813345529,0.0665921660917571
thanh3+󱠳,thanh3,0.09719633311033249,0.7143099925770532,0.09050030876584507
thanh3+󱬑,thanh3,0.0885024145245552,0.6751431448288451,0.09626390972663897
thanh3+󱛍,thanh3,0.1039036214351654,0.6921466177554328,0.08173144198708171
thanh3+𭋙,thanh3,0.10855057835578918,0.7710853915235335,0.07539509088437069
thanh3+㖕,thanh3,0.09811442345380783,0.7805271563409266,0.07532396887149233
thanh3+𫉎,thanh3,0.08514806628227234,0.7385138746347939,0.07467265295005353
thanh3+󰺼,thanh3,0.11370383203029633,0.7243182331238539,0.0913618703248434
thanh3+𠸯,thanh3,0.10571896284818649,0.6305834988309431,344.85196635014955
thanh3+𪺛,thanh3,0.1249379888176918,0.6534777292742178,0.08729956481668832
thanh3+󱩫,thanh3,0.09395890682935715,0.6717307842621312,0.08449771846265104
thanh3+󱨿,thanh3,0.12684591114521027,0.6376301601846153,0.08248771125492108
thanh3+󱥻,thanh3,0.0629337951540947,0.8002536159255402,0.0669017211085914
thanh3+󱦋,thanh3,0.0710044801235199,0.7036628859835171,0.1016395188413029
thanh3+󱹓,thanh3,0.12809628248214722,0.6595983320367861,0.07131983037427325
thanh3+㷝,thanh3,0.18539705872535706,0.644173137674317,0.07589621416868346
thanh3+󱬎,thanh3,0.11137790232896805,0.7283220084433105,0.08296505701524405
thanh3+𡏯,thanh3,0.07621961832046509,0.6888858165742169,0.08538193990207425
thanh3+𠸬,thanh3,0.08671963959932327,0.7828347647397744,0.07544676362710274
thanh3+𪟤,thanh3,0.10748204588890076,0.7551067380753756,0.09187795300479262
thanh3+𡃝,thanh3,0.11277852952480316,0.7015184969746628,0.08289919204714874
thanh3+𠽇,thanh3,0.06575199216604233,0.797095439002996,0.07368952875974646
thanh3+󱎾,thanh3,0.12574172019958496,0.7243152736335884,0.08655385547437128
thanh3+𰋝,thanh3,0.13558870553970337,0.6181787555540215,0.07405673035894317
thanh3+𠱜,thanh3,0.1018650233745575,0.5888319066421184,0.07065663096675488
thanh3+󱯛,thanh3,0.12056604772806168,0.7682048513712884,0.07604676158072948
thanh3+𡝦,thanh3,0.12815187871456146,0.7117447134652927,0.07099832581449939
thanh3+𫆶,thanh3,0.11617571860551834,0.7199013373525489,0.11124949833720786
thanh3+󱤗,thanh3,0.1388086974620819,0.5917102633508108,0.07712609031104556
thanh3+𬞑,thanh3,0.09661958366632462,0.6752789348856375,0.08926927798760759
thanh3+𬈗,thanh3,0.10991938412189484,0.6244435523758801,0.08083872873913045
thanh3+󱞣,thanh3,0.1491423398256302,0.5215761180075483,0.09454346241829541
thanh3+𫪎,thanh3,0.14956508576869965,0.6792081682966216,0.08234026105210383
thanh3+𩇆,thanh3,0.1287459433078766,0.6434495576819794,0.18912241098158344
thanh3+𠽂,thanh3,0.09525692462921143,0.7720500858054591,0.06597306113870999
thanh3+𫪁,thanh3,0.08026211708784103,0.7670408493653396,0.06764873913091944
thanh3+󱝆,thanh3,0.09426988661289215,0.7731937138095912,0.06689889265688821
thanh3+𫱗,thanh3,0.06073753163218498,0.7680305619388172,0.07183302797405644
thanh3+蝔,thanh3,0.10945910960435867,0.794952719626624,0.09026959561244245
thanh3+𦩳,thanh3,0.11726492643356323,0.6438475868449559,0.11833788599683864
thanh3+𡅯,thanh3,0.09025667607784271,0.7068732876535228,0.08427132462433379
thanh3+𫠼,thanh3,0.10055015236139297,0.7460964368750692,0.07918674038649333
thanh3+󱦅,thanh3,0.11405161023139954,0.49348095803191483,0.08006928822302402
thanh3+𪡱,thanh3,0.09373204410076141,0.6285255930847908,0.08314940441003799
thanh3+𧒊,thanh3,0.09394499659538269,0.7309998817226904,0.07754381908295807
thanh3+󱭷,thanh3,0.1271546185016632,0.7032560297234918,0.10720582177894915
thanh3+󱪢,thanh3,0.08706768602132797,0.7786641893491408,0.08174077211517883
thanh3+𫥸,thanh3,0.08080238103866577,0.7787052513534988,0.06398619148930357
thanh3+𫲰,thanh3,0.10592373460531235,0.6866726060230666,0.1117534746677067
thanh3+𪤠,thanh3,0.13453681766986847,0.5957374263644435,0.0637959304380563
thanh3+𫲼,thanh3,0.09881289303302765,0.7366852714091608,0.06437476937734785
thanh3+𡀦,thanh3,0.08737794309854507,0.6930858115057249,0.09483772488804137
thanh3+𡀲,thanh3,0.08524519205093384,0.7405693007390025,0.079485871965569
thanh3+󱦮,thanh3,0.10240344703197479,0.6479382066431089,0.09107168832678109
thanh3+𪺇,thanh3,0.12454868853092194,0.514402245081144,0.11229739459973397
thanh3+𡉁,thanh3,0.09434222429990768,0.6636477908725457,0.06369282252254946
thanh3+󱛕,thanh3,0.07348950952291489,0.7378430306110209,0.10154298493123791
thanh3+𤯱,thanh3,0.10731367766857147,0.6994267140344365,0.09314473855618338
thanh3+𡄡,thanh3,0.07151416689157486,0.732828981265644,0.08852681769827962
thanh3+󰣡,thanh3,0.06340697407722473,0.70237195360862,1.3959441788191391
thanh3+󱞅,thanh3,0.10349638760089874,0.6518610192000625,0.08733071188796167
thanh3+󱨫,thanh3,0.15556015074253082,0.6714664038371028,0.09270231867061911
thanh3+󰼀,thanh3,0.08330771327018738,0.679393714258416,0.0861334690498058
thanh3+𠻱,thanh3,0.1073944941163063,0.7198904323433034,0.0874461899306967
thanh3+󱟪,thanh3,0.10034279525279999,0.6766142180387263,0.06549608993831152
thanh3+𤋽,thanh3,0.0749799907207489,0.7657369888544789,0.07884785366566087
thanh3+𪢍,thanh3,0.10744917392730713,0.6306131023767721,0.07839332248262833
thanh3+𬄃,thanh3,0.0995057076215744,0.7052256196072193,0.08208379550706317
thanh3+𫧾,thanh3,0.09098158776760101,0.6786012617559503,0.07852584548643486
thanh3+𫫛,thanh3,0.10818901658058167,0.5960119561709002,0.07363337389125989
thanh3+𧞿,thanh3,0.10656080394983292,0.642901304537286,0.09870684688433541
thanh3+𪖺,thanh3,0.08864019066095352,0.7076184191237734,0.11498813008863028
thanh3+𩵾,thanh3,0.07418056577444077,0.7607012975387392,0.08166352602403187
thanh3+𨔌,thanh3,0.09171468764543533,0.6626637120516643,0.0935974766072996
thanh3+埨,thanh3,0.10357845574617386,0.6644277518757535,0.07450765031601943
thanh3+𡎡,thanh3,0.11351113021373749,0.6684372158459408,0.09462680844910487
thanh3+𡃎,thanh3,0.10448729991912842,0.5777709724999248,0.11638609214647626
thanh3+𧎠,thanh3,0.19389699399471283,0.6120877584061989,0.07972189943519936
thanh3+𢷰,thanh3,0.09278619289398193,0.6909848639908268,0.09694517269536722
thanh3+󱋙,thanh3,0.09080614894628525,0.6539797028925397,0.08836937088565773
thanh3+𠏠,thanh3,0.10780682414770126,0.666098494206804,0.09179618135442917
thanh3+𫄋,thanh3,0.08618046343326569,0.7267272835830718,0.072399153237675
thanh3+𪸄,thanh3,0.11278975009918213,0.6922920141183668,0.08267837305669949
thanh3+󱹡,thanh3,0.09028813987970352,0.6767178094823223,0.11695466553576368
thanh3+𬞰,thanh3,0.10368935018777847,0.6499554480238736,0.1355614711719973
thanh3+󱪉,thanh3,0.15895670652389526,0.5719795070940045,0.087298388078431
thanh3+鎫,thanh3,0.09322572499513626,0.6926280480682474,0.08376287588066263
thanh3+󰡊,thanh3,0.07647105306386948,0.7581485418725109,0.08622471634347419
thanh3+󰛼,thanh3,0.07667934149503708,0.7108184099714935,0.07301610848529165
thanh3+󰴾,thanh3,0.07550022006034851,0.6542819465090495,0.07986171755472049
thanh3+󱚒,thanh3,0.11328043788671494,0.6183412176548433,0.0794173312532448
thanh3+𡏠,thanh3,0.08899153769016266,0.685922588911958,0.0786609895803738
thanh3+󱡰,thanh3,0.10863432288169861,0.7629343568675208,0.0777884915599907
thanh3+湨,thanh3,0.08823706209659576,0.7597714986897275,0.09728475775542139
thanh3+󱰯,thanh3,0.13612428307533264,0.6227647771538436,0.07449438556416525
thanh3+鮗,thanh3,0.08875551074743271,0.7402239426385148,0.06628807241954084
thanh3+𡮛,thanh3,0.08351946622133255,0.7516552964431211,0.1006056416249061
thanh3+𡓯,thanh3,0.11387431621551514,0.5023455548926731,0.12046015297525255
thanh3+㖗,thanh3,0.09748515486717224,0.7933074624270806,0.07207523286499304
thanh3+󱞈,thanh3,0.06994993984699249,0.7156350116124239,0.09283886983975452
thanh3+𫪌,thanh3,0.0757564827799797,0.792204647504004,0.0698813686173848
thanh3+𠼸,thanh3,0.10029950737953186,0.7526893574613518,0.0938657792444851
thanh3+󱙰,thanh3,0.10030312836170197,0.6283849530339854,0.07452776019993045
thanh3+󰁐,thanh3,0.11688078194856644,0.7346450143868379,0.09361974812930407
thanh3+𭈖,thanh3,0.08109350502490997,0.7537198084331385,0.06968745133103547
thanh3+㨲,thanh3,0.1247352585196495,0.6530759354760574,0.08530357997202727
thanh3+𠶍,thanh3,0.09626433253288269,0.7995983699017744,0.06953569596590692
thanh3+㖏,thanh3,0.0818522647023201,0.7444376055081766,0.05750917938546701
thanh3+󰈠,thanh3,0.10085023939609528,0.5802937977302394,0.07738040707301601
thanh3+󱤑,thanh3,0.10921414941549301,0.6116955530838544,0.08763437978469092
thanh3+𮫷,thanh3,0.12351953238248825,0.7104494986213918,1.0292951154464351
thanh3+𪢜,thanh3,0.10118140280246735,0.7695522979077598,0.1103389755874249
thanh3+𫽦,thanh3,0.09836267679929733,0.7201532803247569,0.08358181710096625
thanh3+󰭔,thanh3,0.08251670747995377,0.7392931046978907,0.06676895931380185
thanh3+𬂨,thanh3,0.12713690102100372,0.7669389430928888,0.07398890321326325
thanh3+󰂻,thanh3,0.0999695211648941,0.7122422616449822,0.06472500150481117
thanh3+𣌌,thanh3,0.08217529952526093,0.6682851543043441,0.0869038435301711
thanh3+󱢣,thanh3,0.11455290019512177,0.6628205191675914,0.08290117956731514
thanh3+󰧙,thanh3,0.0784861370921135,0.820238831936252,0.061282555027388365
thanh3+󱳒,thanh3,0.07549218833446503,0.7224166041716231,0.09523458862912544
thanh3+󱛙,thanh3,0.08700066059827805,0.7960723944565917,0.07677047913627941
thanh3+𡫐,thanh3,0.10663693398237228,0.6105276272891056,0.0838670669515047
thanh3+𪶩,thanh3,0.07009207457304001,0.7613758573358413,0.0735823762845991
thanh3+𠸽,thanh3,0.064397431910038,0.7358421307986702,0.06405611795041466
thanh3+𡔒,thanh3,0.10367198288440704,0.7041665716419219,0.09859891514761214
thanh3+󰯺,thanh3,0.09070196002721786,0.7560169353983337,0.08100795970696965
thanh3+𬕻,thanh3,0.12854711711406708,0.5530855551642953,0.07848473860830991
thanh3+󱯈,thanh3,0.1640678346157074,0.4776057480917988,0.08488872123046437
thanh3+𨆟,thanh3,0.09577034413814545,0.583550266338953,0.08423803948191018
thanh3+𪥘,thanh3,0.0813632607460022,0.7608939394113523,0.0728920919918621
thanh3+󱝘,thanh3,0.10264703631401062,0.6883883865963308,0.07660170897969264
thanh3+𡎤,thanh3,0.10575556010007858,0.630290036080563,0.10286078260063823
thanh3+󱋣,thanh3,0.10039450973272324,0.6928129813576792,0.07784814886072004
thanh3+󱳠,thanh3,0.1448013335466385,0.5345495399609554,0.07895300370891206
thanh3+𪡫,thanh3,0.09045125544071198,0.6926820167363177,0.07993946841491383
thanh3+𧍇,thanh3,0.11249295622110367,0.5675853747214193,0.08973689537875053
thanh3+󱛆,thanh3,0.10276978462934494,0.7469041263684246,0.07830787548391771
thanh3+𡓾,thanh3,0.16433535516262054,0.5847011418320109,0.09718335867151136
thanh3+󱉲,thanh3,0.10116925090551376,0.7053272241073263,2.4868252966689677
thanh3+𤉓,thanh3,0.1602286994457245,0.6499494804533757,0.07277266246651981
thanh3+𪡎,thanh3,0.06439569592475891,0.7665355579590568,0.07225212985859372
thanh3+󱟏,thanh3,0.09075930714607239,0.7091776176155534,0.09743289235321813
thanh3+𠴘,thanh3,0.09794917702674866,0.7811641537926965,0.08491510901295907
thanh3+𣎞,thanh3,0.0905470922589302,0.7199251405400398,0.09393420418996228
thanh3+󱟬,thanh3,0.11351155489683151,0.719894601308635,0.06880559588496737
thanh3+𠿱,thanh3,0.07502772659063339,0.7357033244921357,0.09973101391435586
thanh3+𡅍,thanh3,0.09253427386283875,0.6555155980420562,0.08236494065829959
thanh3+𪰰,thanh3,0.14099358022212982,0.4930267322565559,0.11429602381453081
thanh3+𮜲,thanh3,0.14489981532096863,0.6415428242360263,0.09806084280623396
thanh3+󱯗,thanh3,0.1262601912021637,0.7325413234002442,0.0854973193114003
thanh3+𠶒,thanh3,0.12200354039669037,0.7203509643697003,0.06686672468417655
thanh3+𤳧,thanh3,0.08957885950803757,0.7364157440795404,0.08294031253360395
thanh3+󱫗,thanh3,0.09272710978984833,0.7406087345460083,0.10814068280081279
thanh3+𦼜,thanh3,0.08401433378458023,0.7818444214054332,0.08636479226065623
thanh3+󱜆,thanh3,0.07254510372877121,0.6526644445489581,0.0785510307133865
thanh3+󱫳,thanh3,0.09085532277822495,0.6851073053341419,0.07283322373003444
thanh3+𡁚,thanh3,0.08526445925235748,0.6667044653444515,0.0835810082103403
thanh3+𡗅,thanh3,0.08446255326271057,0.6817139071598953,0.08777528172665133
thanh3+𪢌,thanh3,0.0925627052783966,0.7803209638843289,0.0871077099721268
thanh3+𢢈,thanh3,0.1026868224143982,0.6751872428774188,0.08426160892245614
thanh3+𢲠,thanh3,0.10915332287549973,0.669411814326425,0.10588446299134484
thanh3+󱟰,thanh3,0.1042570024728775,0.7057725882744728,0.17237260392125528
thanh3+𡅩,thanh3,0.10660193860530853,0.7243529655862141,0.1216059181655552
thanh3+𪣠,thanh3,0.08944029361009598,0.7543396302493203,0.0783235746211856
thanh3+𡌡,thanh3,0.12199021130800247,0.7030405328525942,0.07631147628499439
thanh3+𡁽,thanh3,0.11486005783081055,0.6683211881342855,0.08124871616212731
thanh3+𧿯,thanh3,0.09128844738006592,0.7821834668998179,0.07979237866244067
thanh3+𨇉,thanh3,0.11274021118879318,0.6985885698544646,0.07946033536856521
thanh3+󱟡,thanh3,0.1052202507853508,0.7478453965186631,0.08764787797956486
thanh3+𬖵,thanh3,0.08349604904651642,0.6410276998559371,0.07379935518217956
thanh3+𠸫,thanh3,0.1046636626124382,0.653544249090123,0.07394450285990055
thanh3+𠾲,thanh3,0.09816634654998779,0.7699254320436097,0.08639479102968406
thanh3+睈,thanh3,0.06761422753334045,0.7949271047329832,0.08580867153884562
thanh3+󱙤,thanh3,0.08984798192977905,0.7038337722478784,0.06335203690212658
thanh3+𪥑,thanh3,0.11481615900993347,0.6160215400360909,0.09802533862108333
thanh3+𬓓,thanh3,0.1213432028889656,0.46656045030206206,0.09922845530025996
thanh3+󱰍,thanh3,0.1416199654340744,0.587547318397573,0.08676991114119659
thanh3+󱞢,thanh3,0.12845292687416077,0.555460908324067,0.08700483646106862
thanh3+󰬥,thanh3,0.09066297113895416,0.7850016787216589,0.08485235806691833
thanh3+𢭿,thanh3,0.1093531996011734,0.7048618087216999,0.10144331139863054
thanh3+𪩥,thanh3,0.1262872964143753,0.7233692826189256,0.0829216053915453
thanh3+󱜫,thanh3,0.1141282320022583,0.7430606365960454,0.07051265820600951
thanh3+𫵞,thanh3,0.09876959025859833,0.6949899963095229,0.0874543065815405
thanh3+𩝻,thanh3,0.0927533507347107,0.6572187353889325,0.0770146180943501
thanh3+㗴,thanh3,0.12875668704509735,0.7517598936203155,0.07154440774661547
thanh3+𠿁,thanh3,0.11418057978153229,0.5677818582107033,0.08656335850215559
thanh3+󱝪,thanh3,0.08133740723133087,0.7092059504557262,0.08179874445891162
thanh3+󰭙,thanh3,0.105538010597229,0.6485538509268125,0.08641192629373672
thanh3+𣙯,thanh3,0.09675417095422745,0.6721353688207565,0.07734834958010985
thanh3+𫬪,thanh3,0.10827213525772095,0.7179422387318852,0.09041023601775748
thanh3+󰌺,thanh3,0.12267757207155228,0.61514069751729,0.09376839172521512
thanh3+𡜒,thanh3,0.07628077268600464,0.6625303486711498,0.12004805110820639
thanh3+𡓟,thanh3,0.07582360506057739,0.7027441132977124,0.09307817887521269
thanh3+󱬐,thanh3,0.10381244868040085,0.6904436328466322,0.08974301574213915
thanh3+󱼒,thanh3,0.10972484946250916,0.5533785872108692,0.100227435868069
thanh3+濧,thanh3,0.09094266593456268,0.7960514349368921,0.08557386844327912
thanh3+󱟁,thanh3,0.0725194439291954,0.637837685611735,0.09165325788093097
thanh3+󰘓,thanh3,0.11104927957057953,0.7310908674883562,0.08369062751879103
thanh3+𭉷,thanh3,0.07095851749181747,0.8077900746067739,0.07971418227472932
thanh3+𪡍,thanh3,0.17198558151721954,0.7282069163792418,0.06350194271565944
thanh3+𠬖,thanh3,0.0667237937450409,0.7237369452153329,0.08556150346122808
thanh3+󱫑,thanh3,0.06618101894855499,0.7627617402145125,0.08458141465695979
thanh3+𩽈,thanh3,0.1249074712395668,0.46726229119234786,0.09897950305674297
thanh3+󱟱,thanh3,0.14323167502880096,0.7866358185359932,0.058550693912864014
thanh3+𥯉,thanh3,0.10223637521266937,0.6911471401609048,0.10344534244305122
thanh3+䐥,thanh3,0.10933994501829147,0.6520664081657442,0.10520779368924776
thanh3+󱲗,thanh3,0.14136524498462677,0.6320939510200836,0.07396968791500609
thanh3+檤,thanh3,0.11846484988927841,0.4989957584156468,0.07992820506918358
thanh3+󱓍,thanh3,0.14572669565677643,0.6831721103533955,0.13637092353906255
thanh3+𣓾,thanh3,0.10363831371068954,0.7165589654539872,0.07344019276850346
thanh3+󱘠,thanh3,0.09920452535152435,0.6594703886136443,0.10005992038232571
thanh3+𢰦,thanh3,0.12241438031196594,0.5545577793621943,0.07800782689661968
thanh3+󰮡,thanh3,0.11334635317325592,0.6564629009269598,0.08232545917899625
thanh3+𡃓,thanh3,0.09610621631145477,0.7480545881449093,0.08514031339566464
thanh3+𡫶,thanh3,0.10920184850692749,0.6362306483898545,0.07184003101997061
thanh3+󱦪,thanh3,0.09561747312545776,0.4239967392156564,0.09796778437279301
thanh3+𣘊,thanh3,0.10933326184749603,0.6021283680665362,0.08828353910902682
thanh3+𰓖,thanh3,0.14874064922332764,0.743331274503435,0.1084088192718428
thanh3+囄,thanh3,0.0983782634139061,0.5505695141057038,0.11973207090091383
thanh3+󱙭,thanh3,0.06950350850820541,0.7833169718847208,0.08009594265224829
thanh3+󱞄,thanh3,0.10816343873739243,0.7113925899925719,0.09339090381984129
thanh3+𡪦,thanh3,0.10624862462282181,0.6932229178370514,0.08984861870969592
thanh3+𩶽,thanh3,0.11896263062953949,0.7135197850038631,0.07905019567274464
thanh3+𡃙,thanh3,0.07543395459651947,0.7459469766107892,0.09070634870421757
thanh3+𢙬,thanh3,0.10537673532962799,0.6786336092535786,0.08074741928523949
thanh3+抋,thanh3,0.10332916676998138,0.7498192462247304,0.07487297280446027
thanh3+󱗳,thanh3,0.09236811846494675,0.7258049503713574,0.08406704918290418
thanh3+𫢖,thanh3,0.13536708056926727,0.7054534225293972,0.10314486219531267
thanh3+莰,thanh3,0.08338116854429245,0.7656182698106583,0.06900339759234438
thanh3+󱨕,thanh3,0.10548368096351624,0.6064371415962447,0.11439350903818425
thanh3+󱰭,thanh3,0.09281563758850098,0.5662758597373612,0.09126232198226948
thanh3+𪡿,thanh3,0.1314440816640854,0.6900406329726745,0.06673233576622958
thanh3+󱫪,thanh3,0.11953291296958923,0.49174555191766034,0.1295036321581629
thanh3+𠴖,thanh3,0.07489747554063797,0.7547875661303778,0.06343041670302173
thanh3+𡡇,thanh3,0.10949631035327911,0.7614128875964763,0.10566900005329945
thanh3+󱙥,thanh3,0.10722050815820694,0.6300335697909608,0.06723219361217535
thanh3+𠹰,thanh3,0.10365965217351913,0.733294219958702,0.09447516840218144
thanh3+𤬪,thanh3,0.09281166642904282,0.7748133048635252,0.07714990337467176
thanh3+𠽙,thanh3,0.12696142494678497,0.7440573037847086,0.07798282884746478
thanh3+𬗏,thanh3,0.09122717380523682,0.7936877769667664,0.06507843530919367
thanh3+󱝻,thanh3,0.07544352859258652,0.7738748984822758,0.07045043634495306
thanh3+𨮉,thanh3,0.13712461292743683,0.5025668225834365,0.09805009944002223
thanh3+𦟑,thanh3,0.11518289893865585,0.7375797218546963,0.10218637950564506
thanh3+󱌰,thanh3,0.10538457334041595,0.796399847667249,0.06311479313292469
thanh3+󰮦,thanh3,0.1076301634311676,0.6718054346603146,0.11147347813471825
thanh3+󱡴,thanh3,0.11868113279342651,0.6932718644894315,0.09572652649739861
thanh3+󱡑,thanh3,0.1251140832901001,0.738606106573185,0.12160732083983931
thanh3+󱞕,thanh3,0.09693588316440582,0.7086813992365378,416.06097420303064
thanh3+󱞗,thanh3,0.08509238064289093,0.6685468091040109,0.06994469792871198
thanh3+󱚕,thanh3,0.0851605162024498,0.7313927015212132,0.06813128262327571
thanh3+𡑭,thanh3,0.11677423119544983,0.7342088851230179,0.07943696896175656
thanh3+𧋸,thanh3,0.10211613774299622,0.7376688994291412,0.07715405835431337
thanh3+𩹹,thanh3,0.0727645605802536,0.7540875936537386,0.09409581446507957
thanh3+󱨱,thanh3,0.10054969042539597,0.7747143912637323,0.0757008580289446
thanh3+𠺼,thanh3,0.107691191136837,0.7846583623959426,0.06426713676540691
thanh3+󱥑,thanh3,0.10382606834173203,0.7328520879566799,0.08529019750959883
thanh3+哠,thanh3,0.10243378579616547,0.7766260639215471,0.06255510884801795
thanh3+𡌩,thanh3,0.09045004844665527,0.7549472073394136,0.0722035253840528
thanh3+󰙅,thanh3,0.11711318790912628,0.5504372790792077,0.08510075466968516
thanh3+󱸠,thanh3,0.12020722776651382,0.6321533173628573,0.08980960028428968
thanh3+󱟲,thanh3,0.10606842488050461,0.6985902404679908,0.09627759724667424
thanh3+𫛈,thanh3,0.11438512802124023,0.594675742589613,0.12481134269800886
thanh3+󱼖,thanh3,0.10934513062238693,0.724385907430442,0.08700229315882864
thanh3+󱚍,thanh3,0.11673203110694885,0.6396220291363627,0.227098690357898
thanh3+𫉮,thanh3,0.11340945959091187,0.7462718678078886,0.10368060784879496
thanh3+𫏝,thanh3,0.07956204563379288,0.7872802623572103,3.2945838426844443
thanh3+姈,thanh3,0.07758676260709763,0.7612307265551657,0.060649528383753426
thanh3+𤶹,thanh3,0.0701242983341217,0.7120287303157229,0.07517290887586038
thanh3+𠸩,thanh3,0.07604588568210602,0.7860983497243936,0.06630539910462284
thanh3+󱏛,thanh3,0.09443048387765884,0.674787246377954,0.06694072929409371
thanh3+󱬧,thanh3,0.08533100038766861,0.7606528088799,0.07262951714001346
thanh3+𬦄,thanh3,0.10497820377349854,0.518377569940188,0.10887228188046331
thanh3+𫯐,thanh3,0.07143576443195343,0.7469917178309041,0.07663868926669805
thanh3+󱬔,thanh3,0.09317205101251602,0.7424691256019544,0.10253637868106408
thanh3+󱞿,thanh3,0.08753052353858948,0.735707648560336,0.06722135626347071
thanh3+𢯝,thanh3,0.1467818319797516,0.7075233182520232,0.09582161533466083
thanh3+𬆅,thanh3,0.08933104574680328,0.7284666694236164,0.09039695994078512
thanh3+󱨜,thanh3,0.09473812580108643,0.7422635066800898,0.17951608016598175
thanh4+󰊎,thanh4,0.08007689565420151,0.7302359668972265,0.07711843635915168
thanh4+𬕻,thanh4,0.13632719218730927,0.5204977240214522,0.10153183347261692
thanh4+󱟁,thanh4,0.06271202862262726,0.671693090232227,0.08792303056845142
thanh4+󱫂,thanh4,0.12264607846736908,0.4312560034912799,0.08057125335450353
thanh4+󱫟,thanh4,0.09984396398067474,0.6136889183187462,0.1079806658486886
thanh4+𢵻,thanh4,0.09512043744325638,0.6335075251255068,0.08735662522455029
thanh4+𠊙,thanh4,0.13664807379245758,0.4977149745807512,0.07305717377747689
thanh4+𠿀,thanh4,0.10954716056585312,0.6721720914600969,0.12161399178832323
thanh4+𡄡,thanh4,0.09087207913398743,0.72980757120101,0.08221819945264806
thanh4+𡅩,thanh4,0.10454393178224564,0.7302609971704436,0.08565987210609864
thanh4+𪣠,thanh4,0.12259172648191452,0.7281502615820993,0.09681261715019933
thanh4+𫠼,thanh4,0.14446505904197693,0.7010709177781755,0.09306252621695736
thanh4+㙘,thanh4,0.07379000633955002,0.7038909226651449,0.08860558353841334
thanh4+𨄮,thanh4,0.11899398267269135,0.7454546178009123,0.0828730946166057
thanh4+󱝙,thanh4,0.08898156136274338,0.7427281250327198,0.09419375834567474
thanh4+𡀬,thanh4,0.13483504951000214,0.6352607187963218,0.07600958908369458
thanh4+㙩,thanh4,0.09128506481647491,0.7340660095854264,0.08529942059583634
thanh4+𪥾,thanh4,0.1219453290104866,0.6923840578189577,0.07982910528353722
thanh4+𤋽,thanh4,0.13471630215644836,0.5508339651010917,0.09159500304810513
thanh4+󰬙,thanh4,0.09318660944700241,0.7414189991935087,0.08369726193200759
thanh4+𪢖,thanh4,0.09060999751091003,0.6819760875870475,0.08113538732036134
thanh4+𫬠,thanh4,0.1014624685049057,0.6929542829323176,0.12828949980129306
thanh4+󱤚,thanh4,0.11310310661792755,0.5842818477426954,0.09633502638575749
thanh4+𨇉,thanh4,0.11924333870410919,0.6038310416290018,0.09988187098065275
thanh4+󱝝,thanh4,0.07832831144332886,0.7467135431512046,0.06939080770460063
thanh4+󱞕,thanh4,0.0992855504155159,0.6710792556045552,0.07168266893860242
thanh4+𧋅,thanh4,0.11707603931427002,0.7240958459640381,0.0810964318315504
thanh4+𪤻,thanh4,0.08638137578964233,0.7685634407173529,0.07146657247024808
thanh4+𤊤,thanh4,0.10468003898859024,0.6165601591659817,0.08287871071084674
thanh4+󱋙,thanh4,0.09473215788602829,0.5856143531611808,0.07531517056550092
thanh4+󱞲,thanh4,0.09980728477239609,0.4857142596565037,0.07409403755702278
thanh4+𠞡,thanh4,0.13440395891666412,0.7129098541300006,0.08908286955911028
thanh4+𡫶,thanh4,0.09629935771226883,0.6619092354307422,0.091206079894102
thanh4+󱋣,thanh4,0.13428927958011627,0.4604413314368992,0.09050223650991951
thanh4+󱟛,thanh4,0.08822356164455414,0.752885338615107,0.06753589348420067
thanh4+𦲹,thanh4,0.09991304576396942,0.710882110921673,0.07382038604623047
thanh4+壉,thanh4,0.11271542310714722,0.5350353739675362,0.08593883423236393
thanh4+󱯑,thanh4,0.09350965172052383,0.732111112914866,0.06922755403685245
thanh4+󱅒,thanh4,0.10849637538194656,0.674002731495566,0.10744092471083659
thanh4+󱣂,thanh4,0.14284420013427734,0.6748544219601832,0.12366497153415405
thanh4+𢢈,thanh4,0.10364843159914017,0.7026657060659447,0.08074847474690536
thanh4+𡍢,thanh4,0.07006832957267761,0.7483338969851466,0.08037227847902921
thanh4+󱊚,thanh4,0.11897411197423935,0.6054263290757608,0.07656323140017281
thanh4+󱚂,thanh4,0.16597330570220947,0.559212749907518,0.07843411695051493
thanh4+𬃴,thanh4,0.135338693857193,0.6276213743372869,0.07822085127080326
thanh4+󱝀,thanh4,0.14173631370067596,0.5423907721079997,0.07311678658383156
thanh4+𥾸,thanh4,0.1014639288187027,0.685108994763561,0.07899855247108133
thanh4+󰥉,thanh4,0.10270161926746368,0.6197785077499214,0.0938557984431228
thanh4+𫮲,thanh4,0.14923378825187683,0.516142171302141,0.08331819935875345
thanh4+𡁎,thanh4,0.09081627428531647,0.7046324893225462,0.0875680039162081
thanh4+𩠸,thanh4,0.13593541085720062,0.47608000104391685,0.09426496933619795
thanh4+𡮣,thanh4,0.1419931948184967,0.6136949739183389,0.08600635658641041
thanh4+󰢷,thanh4,0.1232336089015007,0.6428097946072245,0.0813604205359158
thanh4+󱢥,thanh4,0.1208239197731018,0.551404703028517,0.10422476640161656
thanh4+檤,thanh4,0.13876236975193024,0.5320829523795153,0.08969601399797705
thanh4+𥴘,thanh4,0.0769534483551979,0.5904907913801677,0.07843804084173071
thanh4+󱛦,thanh4,0.1210906058549881,0.620251879234707,0.09965645689768038
thanh4+𤉕,thanh4,0.12356691062450409,0.6417231700894278,0.08774092442342979
thanh4+𢹾,thanh4,0.13065704703330994,0.6595418274097469,0.09769427042214433
thanh4+󱛥,thanh4,0.1508835256099701,0.4616768527566324,0.08019299819011683
thanh4+𠷇,thanh4,0.08508452028036118,0.673035791243684,0.08154067742204997
thanh4+󱚫,thanh4,0.09039606153964996,0.7418739461770811,0.07419617238877572
thanh4+󱰚,thanh4,0.07972797006368637,0.7406560948591554,0.08741583516111612
thanh4+𫭅,thanh4,0.12402739375829697,0.6827804150083846,0.08078070170623691
thanh4+𨃌,thanh4,0.08233235776424408,0.6661769469049059,0.07866267095542902
thanh4+󱞿,thanh4,0.10288804024457932,0.6942954404633358,0.0695548628416056
thanh4+𢴎,thanh4,0.12220259010791779,0.6792906477470675,0.0894606441878159
thanh4+󰌗,thanh4,0.09432494640350342,0.6863005170316709,0.0872271063571562
thanh4+𪡈,thanh4,0.16505609452724457,0.6623664451176733,0.1504562682611121
thanh4+󱛽,thanh4,0.10303035378456116,0.6669647878403542,0.06724245636481241
thanh4+󱝭,thanh4,0.15059706568717957,0.7038714487894762,0.06753556039435928
thanh4+𠲜,thanh4,0.11869508028030396,0.6369087554835544,0.08002336624158253
thanh4+𨊌,thanh4,0.1131080761551857,0.5642096372750808,0.09955600376029909
thanh4+󰼀,thanh4,0.09976164251565933,0.6915505643355899,0.08225046528072057
thanh4+𡚎,thanh4,0.11187028139829636,0.6058875609936434,0.07176902148098131
thanh4+󰙯,thanh4,0.1372818648815155,0.6566575560862344,0.08805264438282752
thanh4+󱣶,thanh4,0.08661432564258575,0.7082001576924869,0.07735260693606137
thanh4+󱛳,thanh4,0.11178629100322723,0.6667548165269813,0.09611278823567763
thanh4+󱱀,thanh4,0.11007557064294815,0.7071848019715646,0.07556139258386825
thanh4+󱳪,thanh4,0.13820210099220276,0.7028559537094858,18.985641281371716
thanh4+𭈙,thanh4,0.12188996374607086,0.7064711786301919,0.07808857892165129
thanh4+𠼸,thanh4,0.13571999967098236,0.6838125285802817,0.07840202227165567
thanh4+𫵞,thanh4,0.13518209755420685,0.4739059376768055,0.09869472330471381
thanh4+𪉴,thanh4,0.104991115629673,0.6279618236876161,0.09216563360052804
thanh4+𬪽,thanh4,0.10700898617506027,0.735075336029878,0.09065905416099623
thanh4+󱹿,thanh4,0.09181006997823715,0.7242974981055424,0.0869169691436047
thanh4+𠼳,thanh4,0.10802819579839706,0.6523729465207105,0.08664189925185861
thanh4+𫪌,thanh4,0.11225811392068863,0.6676155077502135,0.06683318552421007
thanh4+󰙅,thanh4,0.08321619033813477,0.6397016806033509,0.08008609156591581
thanh4+󱍺,thanh4,0.09807291626930237,0.6863464804142616,0.06329522034658751
thanh4+𪝅,thanh4,0.10910895466804504,0.5674441606057019,0.07478881501225265
thanh4+𧍆,thanh4,0.12364858388900757,0.683750973271241,0.09257852769815973
thanh4+𢠿,thanh4,0.11351454257965088,0.7301854636276106,0.07890136266696705
thanh4+𨁟,thanh4,0.07700034230947495,0.6551643065678892,0.09417299377805737
thanh4+󱙰,thanh4,0.11958353966474533,0.4683385464426889,0.07955624491074752
thanh4+𪴉,thanh4,0.12006125599145889,0.6823623077760725,0.09152400929780964
thanh4+𢪥,thanh4,0.13114772737026215,0.610208518416768,0.08052518035883008
thanh4+㗶,thanh4,0.07906252890825272,0.7419323239414662,0.08373899773172709
thanh4+𤏦,thanh4,0.11120755225419998,0.5858148307647445,0.08239068131541101
thanh4+𠲡,thanh4,0.08371055126190186,0.7210428375355201,0.07057021027374798
thanh4+󱚚,thanh4,0.09865758568048477,0.6023429200959484,0.09067412603196935
thanh4+󱠳,thanh4,0.10773533582687378,0.6562962085129321,0.12268291850359729
thanh4+㧪,thanh4,0.10311843454837799,0.6734090406597929,0.07630107050499482
thanh4+𡀦,thanh4,0.1239265576004982,0.6249898683641044,0.08360256333134307
thanh4+󰂘,thanh4,0.12336905300617218,0.7137133306009676,0.06745664930321003
thanh4+𡎜,thanh4,0.0998043343424797,0.7034778616070829,0.08437571659207495
thanh4+澿,thanh4,0.10822843760251999,0.5354404376772022,0.08166278610078133
thanh4+𡉁,thanh4,0.09166393429040909,0.7116606930380073,943.185127946222
thanh4+󱜶,thanh4,0.09661669284105301,0.6861113037816109,0.0754949449438705
thanh4+𦿄,thanh4,0.09329599887132645,0.5031262367240557,0.09967011116951745
thanh4+󱫷,thanh4,0.11425791680812836,0.5874363248541459,0.09705322398731249
thanh4+𡌡,thanh4,0.13206543028354645,0.5751196332260163,0.0787440335193345
thanh4+󰬟,thanh4,0.14249199628829956,0.620333316422323,0.08723559465709847
thanh4+󱝂,thanh4,0.11198146641254425,0.6905254199508515,0.11114932222395306
thanh4+𡝦,thanh4,0.1320594847202301,0.5749260835386834,0.09159517027364221
thanh4+󱛑,thanh4,0.10524988919496536,0.61588601633069,0.0737749874100772
thanh4+󱰍,thanh4,0.122601218521595,0.6734349562544982,0.09175122897847875
thanh4+𩯂,thanh4,0.12838834524154663,0.5578561830136619,0.09583114275896204
thanh4+𫵊,thanh4,0.09275095164775848,0.6689534880452688,0.07085584636945695
thanh4+󱛍,thanh4,0.11387940496206284,0.6247147931864467,0.09668171588735382
thanh4+󱦙,thanh4,0.10067950189113617,0.5476093553303805,0.09315134762406707
thanh4+𡗅,thanh4,0.11228622496128082,0.6139809746451225,0.09046623949268619
thanh4+𪡎,thanh4,0.09291159361600876,0.6831178089797343,0.07597697037163682
thanh4+𠶂,thanh4,0.11629526317119598,0.6172328652274693,0.08051553914545867
thanh4+𫐹,thanh4,0.11443348973989487,0.6763045364711933,0.07976523229173732
thanh4+󱚕,thanh4,0.09959737211465836,0.7103959090539209,0.06990933256230618
thanh4+𫽦,thanh4,0.10452017188072205,0.6823199379694185,0.08935667656867234
thanh4+𫴇,thanh4,0.10082127153873444,0.654684106273032,0.09095595189654132
thanh4+𪡫,thanh4,0.10811969637870789,0.6553650743697658,0.09334745225710639
thanh4+󱲙,thanh4,0.11206227540969849,0.650507389152264,0.07723991022498135
thanh4+󰤴,thanh4,0.10722361505031586,0.7346877682206042,0.07964498292007781
thanh4+󱞐,thanh4,0.12426772713661194,0.5615729387607864,0.11618740056023247
thanh4+𫯐,thanh4,0.08903038501739502,0.5959155562202967,0.07990703752645173
thanh4+󱞽,thanh4,0.14453651010990143,0.6039330784859974,0.0879731348143754
thanh4+𣛦,thanh4,0.12873046100139618,0.6833004624197233,0.09850265028878014
thanh4+𡪦,thanh4,0.09092436730861664,0.6653216842692844,0.08107132439872265
thanh4+𧞿,thanh4,0.11602906882762909,0.6110575210163423,0.10622410985495662
thanh4+㖵,thanh4,0.09863902628421783,0.7799672785305238,0.06827821436014253
thanh4+󱟟,thanh4,0.10909624397754669,0.5688455563691048,0.10644108247238605
thanh4+𪤠,thanh4,0.1213323175907135,0.6478051146272081,0.07342437127945889
thanh4+𠽙,thanh4,0.1537996232509613,0.6739615687287663,0.09170994165356793
thanh4+𡑲,thanh4,0.10155513882637024,0.6614308022990478,0.07623648641872653
thanh4+𡂄,thanh4,0.08349699527025223,0.680295958442643,0.07955922414942466
thanh4+󱦅,thanh4,0.12308812141418457,0.46250042868300745,0.09642366008572544
thanh4+󰮝,thanh4,0.08550351858139038,0.6801719756620317,0.07483720977591428
thanh4+𪱴,thanh4,0.0907219648361206,0.7320377505932153,0.06536343729111382
thanh4+󰣡,thanh4,0.10853681713342667,0.6640094462799194,0.07883366894322448
thanh4+𭰺,thanh4,0.1267675906419754,0.624285661383151,0.08622156778243932
thanh4+洅,thanh4,0.11278197169303894,0.6655554869269706,0.0858247163698121
thanh4+󱜝,thanh4,0.1049315333366394,0.777667015978339,0.0993005130364979
thanh4+𠳭,thanh4,0.10453606396913528,0.734830138659032,0.09251521404356244
thanh4+󰏏,thanh4,0.09371563792228699,0.5963496327930786,0.08071641811073794
thanh4+𦝺,thanh4,0.09474600106477737,0.6835549421659258,0.1387999514847601
thanh4+𫉮,thanh4,0.11443430185317993,0.6038298515733462,0.07510071445283241
thanh4+󱳠,thanh4,0.10933336615562439,0.6906462812639727,0.08096570580118818
thanh4+󰜡,thanh4,0.1421176940202713,0.6330042314713272,0.10110361222608648
thanh4+㖏,thanh4,0.1143166571855545,0.6792139116184682,0.08092875870363925
thanh4+朠,thanh4,0.11594982445240021,0.5471151387963908,0.10447390713660622
thanh4+𠅐,thanh4,0.09281380474567413,0.6636087604566857,0.06892546070679041
thanh4+𡎡,thanh4,0.12022439390420914,0.5574295125829702,0.1042899127380894
thanh4+󱩩,thanh4,0.09975539147853851,0.7012898395822506,0.07461775255939926
thanh4+𫰄,thanh4,0.07711977511644363,0.7290690332365977,0.09428438857464955
thanh4+𪤲,thanh4,0.13994354009628296,0.6596247816380238,0.07165593334699975
thanh4+𡅯,thanh4,0.1129864901304245,0.6448157761191556,0.08805024163494908
thanh4+󱥓,thanh4,0.111124686896801,0.7205772586497312,0.09696793965112172
thanh4+󱞒,thanh4,0.11498114466667175,0.6885198080993014,0.1365600106719509
thanh4+𤞦,thanh4,0.09433936327695847,0.7105793663523988,0.0962006722051426
thanh4+𠻆,thanh4,0.13838030397891998,0.6963665431170528,0.08644754550054813
thanh4+󱞔,thanh4,0.1032920777797699,0.6718863205599788,0.08201987932547802
thanh4+󱜈,thanh4,0.12635153532028198,0.6197879248129585,0.08767764529164962
thanh4+󰬥,thanh4,0.11198239773511887,0.7502929154539687,0.09077262143416472
thanh4+呯,thanh4,0.14092887938022614,0.7377300630469705,0.0802650686855882
thanh4+𡃖,thanh4,0.13757330179214478,0.5250115146245765,0.07897416340013778
thanh4+󱢜,thanh4,0.15194401144981384,0.5675983166124192,0.07877228906341346
thanh4+󱖧,thanh4,0.09869410842657089,0.6042966843048961,0.12750893671948416
thanh4+󱮟,thanh4,0.08963032066822052,0.6834339721222302,0.07466909207834999
thanh4+󱩸,thanh4,0.13755376636981964,0.7009296178798722,0.07921928568803606
thanh4+󱝐,thanh4,0.10783785581588745,0.692795518187904,0.12606116516306293
thanh4+𢭿,thanh4,0.11615749448537827,0.6567458026973062,0.11401021615523299
thanh4+𬊭,thanh4,0.11125102639198303,0.6877836521135476,0.08094718615299265
thanh4+𨨨,thanh4,0.11472059786319733,0.6718268468703386,0.10939089940237519
thanh4+𫧾,thanh4,0.07391234487295151,0.7034141094092363,0.08848377485448115
thanh4+󱫸,thanh4,0.10582971572875977,0.6699088346059059,0.09509833790451412
thanh4+𣘊,thanh4,0.13510394096374512,0.49146912775558954,0.07918591182666168
thanh4+𡅫,thanh4,0.10359987616539001,0.6636811593041463,0.08531687510368424
thanh4+󱦯,thanh4,0.12335298955440521,0.4933673438259536,0.08560107050678327
thanh4+𪭟,thanh4,0.13830840587615967,0.697413118935155,0.07698837086038733
thanh4+󱞾,thanh4,0.10439439862966537,0.655738117428258,0.08660058416878146
thanh4+𡁞,thanh4,0.08853238075971603,0.7165515305487342,0.07713483316240906
thanh4+𫪎,thanh4,0.09841440618038177,0.7472628488438148,0.06905872014717505
thanh4+󱮾,thanh4,0.13015103340148926,0.60042024102556,0.13215079863396578
thanh4+𰊣,thanh4,0.11691787093877792,0.7016165352220464,0.10801188510741604
thanh4+𠸩,thanh4,0.09572137147188187,0.7040253531837047,0.09327089312497892
thanh4+󰮡,thanh4,0.1143798828125,0.4901560822975644,0.08151546619155035
thanh4+𪢤,thanh4,0.09795825928449631,0.6603924057817411,0.082522497822946
thanh4+𨄿,thanh4,0.10561514645814896,0.7128450902997016,0.08311939269883345
thanh4+󱛕,thanh4,0.08517726510763168,0.5856403880260871,0.07902773493542344
thanh4+𠀿,thanh4,0.12062069773674011,0.6119316301379676,0.06288623857747437
thanh4+󱜺,thanh4,0.10008604824542999,0.6629829782293214,0.07792775848918725
thanh4+𫥿,thanh4,0.11332505941390991,0.7335783345341588,0.09223905140593563
thanh4+𩝭,thanh4,0.12348130345344543,0.6279152023647867,0.11205271347835633
thanh4+󱧀,thanh4,0.1106068417429924,0.708943622876287,0.0855168613470041
thanh4+𪬪,thanh4,0.13239377737045288,0.5622720604501731,0.08748996797746811
thanh4+𠼋,thanh4,0.16872155666351318,0.5785117633035034,0.10845029029862396
thanh4+󱞴,thanh4,0.0946308821439743,0.6632763857859052,0.08286585851564737
thanh4+󱯈,thanh4,0.15943630039691925,0.6782531398334821,0.09379405182055915
thanh4+𧜗,thanh4,0.09247662127017975,0.6581391228092409,0.08333594955518887
thanh4+󱞅,thanh4,0.10436876118183136,0.6623270808087744,0.08410031966980284
thanh4+𪿀,thanh4,0.15515679121017456,0.5311566575179446,0.12483556476223512
thanh4+󱨱,thanh4,0.1389116644859314,0.6091234893683929,0.07371682460678446
thanh4+𡂉,thanh4,0.11111404001712799,0.6953906666443483,0.08026643503848678
thanh4+𡀫,thanh4,0.12918630242347717,0.7164068846085551,0.07823664257740544
thanh4+󱝳,thanh4,0.11522942781448364,0.7255693672446216,0.06495319500109992
thanh4+𣓾,thanh4,0.1397876739501953,0.671953513471893,0.08034027793247474
thanh4+𠽇,thanh4,0.08619336038827896,0.6725799931280135,0.08300839610222475
thanh4+󱎾,thanh4,0.12483569234609604,0.6768463825266986,0.10989112744446293
thanh4+󰬪,thanh4,0.09575455635786057,0.6662453150372417,0.08196143415658717
thanh4+󱺂,thanh4,0.10962128639221191,0.7004723327851546,0.08900313983273452
thanh4+𫪦,thanh4,0.0872582197189331,0.7320752831581028,0.05988956095910177
thanh4+𡡇,thanh4,0.10013669729232788,0.6406407418892737,0.10171618903227171
thanh4+𪮽,thanh4,0.11926162242889404,0.6246848230384495,0.08113323980376415
thanh4+󱠠,thanh4,0.11325427889823914,0.6171256330139262,0.09842824144488511
thanh4+㼫,thanh4,0.07100978493690491,0.7099968744302206,0.07406831624652017
thanh4+𠾲,thanh4,0.1075112521648407,0.7289666613551232,0.0770157043977987
thanh4+𫯲,thanh4,0.11899204552173615,0.5330046136035539,0.09878045247017107
thanh4+󱞟,thanh4,0.15233568847179413,0.40020930991164516,0.10393810995796486
thanh4+󱟹,thanh4,0.12466030567884445,0.6312249760662809,0.09982848283171107
thanh4+𦟋,thanh4,0.1802816540002823,0.5985339178981729,0.0825061548779721
thanh4+󱰤,thanh4,0.10197161138057709,0.5854919698219168,0.08473063493377113
thanh4+𫫜,thanh4,0.09349062293767929,0.7042075025097501,0.09439895000960637
thanh4+𡀲,thanh4,0.10079021751880646,0.6626857269991007,0.08887655582652969
thanh4+󱢣,thanh4,0.1123703271150589,0.6475034901258941,0.08334287615384144
thanh4+𪻟,thanh4,0.12727510929107666,0.6186213674468501,0.07481571275862098
thanh4+󱚍,thanh4,0.12406719475984573,0.6813395871734303,0.07026238081352336
thanh4+𫏙,thanh4,0.12251904606819153,0.49773055876055755,0.08917384342835037
thanh4+󱟢,thanh4,0.09295034408569336,0.5188141359148477,259.6439261302072
thanh4+󰣿,thanh4,0.11348278075456619,0.6001117696241113,0.08206109678005903
thanh4+󱣆,thanh4,0.11697874963283539,0.6573331036963217,0.08652003762449334
thanh4+󰭏,thanh4,0.11341365426778793,0.6933084685444216,0.08542206458742053
thanh4+𬙛,thanh4,0.15551039576530457,0.654864865706483,0.0664184845032942
thanh4+𰓖,thanh4,0.10645481199026108,0.5238023881780915,0.08086908021287723
thanh4+𠚐,thanh4,0.1315259337425232,0.711314665187129,0.09601730878776182
thanh4+𦞎,thanh4,0.11295881122350693,0.5536962736711544,0.08816990406232983
thanh4+󰬛,thanh4,0.09397374093532562,0.7301846684232601,0.08176228498627124
thanh4+󱭘,thanh4,0.11447320878505707,0.6977760720370457,0.08442076936233311
thanh4+𠿸,thanh4,0.09668558090925217,0.7224911280468173,0.07116652584205889
thanh4+󱫑,thanh4,0.07304167747497559,0.743522307321088,0.08665724131034351
thanh4+󰈠,thanh4,0.11927607655525208,0.6517991615639647,0.1016562362766908
thanh4+󱘡,thanh4,0.13021308183670044,0.5847775832935287,0.09086973153238771
thanh4+󱞎,thanh4,0.09184090793132782,0.6609204713978264,0.08531780097558939
thanh4+󱞼,thanh4,0.11531062424182892,0.7171482120832186,0.07688442018195092
thanh4+󱞇,thanh4,0.08960448950529099,0.6354984251978556,0.08891777230872898
thanh4+𬦄,thanh4,0.11173979938030243,0.35770225629582714,0.10834507865253296
thanh4+𩝻,thanh4,0.0990825742483139,0.6798305345984083,0.07653822093131839
thanh4+𢲾,thanh4,0.16662925481796265,0.4742495325421901,0.08706121063787454
thanh4+𩀳,thanh4,0.1251208335161209,0.5078230023291103,0.0847767329200138
thanh4+𫣝,thanh4,0.12155872583389282,0.6493552324382069,0.09558931785234205
thanh4+󱬐,thanh4,0.10500165820121765,0.6338020580182692,0.08034662200404451
thanh4+󱠱,thanh4,0.08248048275709152,0.7298027668935346,0.10237819012502826
thanh4+󰍱,thanh4,0.11612655222415924,0.7188642962689143,0.0763871740357427
thanh4+󱛙,thanh4,0.08669630438089371,0.7376360143303379,0.06541988670278338
thanh4+𪣱,thanh4,0.12794795632362366,0.7075278402004841,0.08423979073894493
thanh4+𠼇,thanh4,0.0985897108912468,0.6202129254087072,0.08216632085184127
thanh4+𣱿,thanh4,0.13013243675231934,0.7691407743311083,0.08820317633139219
thanh4+抋,thanh4,0.11209972202777863,0.7427902313102344,0.06273903089673548
thanh4+𬑶,thanh4,0.09410197287797928,0.6694786625816543,0.09804565732497163
thanh4+𤎓,thanh4,0.13102968037128448,0.6066924225536007,0.09391477272637803
thanh4+𡓟,thanh4,0.10569039732217789,0.6594665256713254,0.07599563789463437
thanh4+󱝆,thanh4,0.096056267619133,0.7129384325427838,0.0702388648770586
thanh4+󱞃,thanh4,0.10964947193861008,0.685915052221726,0.08721134561015925
thanh4+󰮁,thanh4,0.09562656283378601,0.6899738260266953,0.08001187001168025
thanh4+󱮝,thanh4,0.11773256212472916,0.6754793231053312,0.10654744443660775
thanh4+󰢣,thanh4,0.07690554112195969,0.7155932380684796,0.07929349050867805
thanh4+󱩳,thanh4,0.1184907928109169,0.5791472601785832,0.08884021429008894
thanh4+𪁄,thanh4,0.12978020310401917,0.6712554093401035,0.08901959393395324
thanh4+󱪢,thanh4,0.11090495437383652,0.5994971866752319,0.09011019917890954
thanh4+𡃳,thanh4,0.11417703330516815,0.6711083364315124,0.07972760582737312
thanh4+𪸝,thanh4,0.11767663061618805,0.735085750565953,0.07685310018330084
thanh4+󱤉,thanh4,0.09414711594581604,0.7331720143369628,279.0284240040416
thanh4+𪸄,thanh4,0.12436287105083466,0.659014295780571,0.08698422025557014
thanh4+󱤗,thanh4,0.10701093077659607,0.683778496537455,0.0860145761644729
thanh4+𥖑,thanh4,0.1674872636795044,0.3996427843601221,0.09163814090358002
thanh4+𫉩,thanh4,0.09008924663066864,0.7327998267187052,0.07613354019707978
thanh4+𭊳,thanh4,0.1463659703731537,0.5073993670669186,0.07436555541057252
thanh4+𠷥,thanh4,0.12591548264026642,0.554849013209721,0.1014939083268262
thanh4+󱝘,thanh4,0.07833436876535416,0.7585403265577536,0.08403590478052887
thanh4+𪡽,thanh4,0.13238118588924408,0.653500677824656,0.07258121717915424
thanh4+𬛒,thanh4,0.11105750501155853,0.685642614217251,0.0925022356374301
thanh4+󱛻,thanh4,0.12294686585664749,0.45953794608810866,0.08837949868397431
thanh4+𬊐,thanh4,0.09488111734390259,0.692677623138153,0.07812286299164788
thanh4+㗴,thanh4,0.12818074226379395,0.6570453927926392,0.08636517073644107
thanh4+󱜷,thanh4,0.11840451508760452,0.7355410794578084,0.07569717286487214
thanh4+󱟜,thanh4,0.08179683983325958,0.6903499478179614,307.25988390290985
thanh4+󰴾,thanh4,0.08265592902898788,0.7466182519197574,0.09488114541843841
thanh4+𦀌,thanh4,0.09036710858345032,0.7446680929277087,0.10644412348227915
thanh4+𡫐,thanh4,0.1282244324684143,0.5966902809072673,146.05812214708732
thanh4+𫏝,thanh4,0.11185687780380249,0.6775632895255521,0.09737288781711245
thanh4+𫫊,thanh4,0.08293036371469498,0.7107106016598698,0.09892225833031203
thanh4+󱸠,thanh4,0.12268216162919998,0.6373608125562619,0.24027247026000007
thanh4+𪡍,thanh4,0.16379795968532562,0.6681151877195638,0.07988424794977267
thanh4+𬅷,thanh4,0.06200128048658371,0.8304660244508282,0.09522071069786871
thanh4+𨡨,thanh4,0.09815903007984161,0.6444703056212422,0.0818919796863316
thanh4+󱳭,thanh4,0.10789261013269424,0.5326532309467192,0.080312763794844
thanh4+󱟫,thanh4,0.11121804267168045,0.7147120901999138,0.07493997684040639
thanh4+𩸮,thanh4,0.12512733042240143,0.6011104258113764,0.09197207298470257
thanh4+󱯠,thanh4,0.12455667555332184,0.7318140344426102,0.07047155605667425
thanh4+𫫷,thanh4,0.11684117466211319,0.45752557565131935,0.07704733129279916
thanh4+𠺚,thanh4,0.08597366511821747,0.678386093961287,0.0707771850728214
thanh4+𦄆,thanh4,0.08456627279520035,0.6614245851371073,0.09940965731683832
thanh4+󱳦,thanh4,0.09352144598960876,0.7135917402754817,0.05990656861969126
thanh4+󱦗,thanh4,0.11809323728084564,0.5915930345205674,0.08083364117314414
thanh4+󱝫,thanh4,0.16643871366977692,0.5563407695575873,0.0773969502848831
thanh4+𤶹,thanh4,0.10690044611692429,0.5824146171932358,0.0719635098653184
thanh4+󱤍,thanh4,0.1065862774848938,0.6859439460295239,0.09357711763836594
thanh4+𤐠,thanh4,0.10583078116178513,0.6812439527454437,0.09319328328911065
thanh4+󱚴,thanh4,0.12473824620246887,0.644973676196748,0.08398348067423951
thanh4+󱌔,thanh4,0.1437397301197052,0.6020871002654273,0.08166942591911287
thanh4+󱨈,thanh4,0.11975181102752686,0.6587016536690286,0.0762299236114898
thanh4+󱧝,thanh4,0.11699078977108002,0.6868518912262992,0.1019958777298345
thanh4+󱛲,thanh4,0.10460278391838074,0.5842707042118479,0.0715635822060461
thanh4+𡳳,thanh4,0.14774976670742035,0.6100466948824786,0.1282228261495614
thanh4+󱞢,thanh4,0.13680753111839294,0.6321728566316084,0.07691673119039412
thanh4+󱷿,thanh4,0.09387406706809998,0.698603205864798,0.08712705686298679
thanh4+󱡇,thanh4,0.09301432222127914,0.6219315150424225,0.11247566945383397
thanh4+󱺃,thanh4,0.10067150741815567,0.7252377044729337,0.07820660841339001
thanh4+𬈈,thanh4,0.09293034672737122,0.6140946048874644,0.07626707081935405
thanh4+󱪎,thanh4,0.12216208875179291,0.6753621540905581,0.0840764305914557
thanh4+󱰶,thanh4,0.12405599653720856,0.604413394598483,0.09642528829738171
thanh4+𪢌,thanh4,0.12708251178264618,0.651245698755666,0.07231127516925313
thanh4+𧒅,thanh4,0.11519891023635864,0.7057798195650233,0.09042514493978927
thanh4+𪡗,thanh4,0.08954092860221863,0.7581820091879677,0.07120730768147925
thanh4+󱦔,thanh4,0.14426368474960327,0.41488511644446363,0.11429200348898168
thanh4+𬧡,thanh4,0.1085350513458252,0.6387035087845675,0.091879196056404
thanh4+𫄉,thanh4,0.11839098483324051,0.6283196131763503,0.0826510783728924
thanh4+󱚇,thanh4,0.10324756056070328,0.6457123261969981,0.08902115271116673
thanh4+󱩗,thanh4,0.1438198834657669,0.7017234272677335,0.0898477343902017
thanh4+𫡸,thanh4,0.08286352455615997,0.631204816027446,31.498741164886848
thanh4+𨪪,thanh4,0.12036149203777313,0.5777593583319958,0.09229270168931271
thanh4+󰠎,thanh4,0.13047410547733307,0.7675740195345983,0.07800783738255442
thanh4+𡦫,thanh4,0.12025812268257141,0.6631720974464831,0.09896247450051159
thanh4+𪢍,thanh4,0.09818445146083832,0.6583681473722778,0.06842678614839588
thanh4+𡄧,thanh4,0.09135924279689789,0.6258379667198595,0.0887336506043933
thanh4+󱤑,thanh4,0.08885055780410767,0.7465774116040101,0.07844090115359548
thanh4+𦝇,thanh4,0.1742488145828247,0.6234246167623588,0.08779014653950871
thanh4+𠹍,thanh4,0.15475021302700043,0.5755658082100698,0.07122317136302196
thanh4+𠹰,thanh4,0.07778480648994446,0.6864397302808655,0.07119315577513498
thanh4+𫇿,thanh4,0.15044328570365906,0.6176238356849275,0.07882637312066153
thanh4+𡄾,thanh4,0.07849361002445221,0.662108448977978,0.10389095490584462
thanh4+𦩳,thanh4,0.13337388634681702,0.5831936758081068,0.11881519458015156
thanh4+𩇆,thanh4,0.1098233312368393,0.6710023196710235,0.09253452228060342
thanh4+𣙯,thanh4,0.11799126863479614,0.6426755332386113,0.09142165854345612
thanh4+莰,thanh4,0.11552155017852783,0.6812530933589751,0.10004790283708247
thanh4+篵,thanh4,0.09699268639087677,0.6432915903940177,0.07529805223654067
thanh4+𬂨,thanh4,0.11678212136030197,0.7361655900119838,0.07909604364407001
thanh4+󱯏,thanh4,0.12677092850208282,0.7146973108637898,0.11309361609523483
thanh4+󱞳,thanh4,0.11568480730056763,0.6908420180846018,0.0649720855352073
thanh4+󱪚,thanh4,0.08878856897354126,0.6858766886137515,0.07171239676619214
thanh4+𨂚,thanh4,0.09617440402507782,0.6232874807619994,0.07992869498181616
thanh4+󱙥,thanh4,0.10354692488908768,0.6766835911352681,0.061826989086675416
thanh4+𥊜,thanh4,0.09538634121417999,0.5375828168135892,0.07733702738574041
thanh4+𡄳,thanh4,0.08280030637979507,0.712792718203047,0.08556340657449411
thanh4+󱛪,thanh4,0.12303289771080017,0.7090917548428688,0.09239718459565155
thanh4+󱛹,thanh4,0.10184983164072037,0.6996908877008073,0.08529426620410623
thanh4+啲,thanh4,0.13021975755691528,0.572226338016221,0.1077783770378346
thanh4+󰍖,thanh4,0.11695442348718643,0.6498047517194864,0.09680370239544002
thanh4+𦵠,thanh4,0.10675455629825592,0.6324768281663743,0.08093659320254186
thanh4+󱨫,thanh4,0.13055875897407532,0.6824188055420671,0.06851557219485398
thanh4+𦟟,thanh4,0.1000678688287735,0.7023097471803835,0.08607246608933498
thanh4+󰁐,thanh4,0.10846149921417236,0.7246785018232027,0.09564572395303467
thanh4+鏙,thanh4,0.13686484098434448,0.6164362113986587,0.11600638761273008
thanh4+󱜲,thanh4,0.09178949892520905,0.7850812603087276,0.08137850944764469
thanh4+󱨜,thanh4,0.10898551344871521,0.6760954956942635,0.09861976298598697
thanh4+󱯺,thanh4,0.12888942658901215,0.4625513434802541,0.09433814347217045
thanh4+𡫫,thanh4,0.12574860453605652,0.6386576246444802,0.08371590619635026
thanh4+𧍇,thanh4,0.10320223867893219,0.676615174811149,0.08340878812094839
thanh4+𡋦,thanh4,0.10723437368869781,0.6491046554282363,0.09625120596449083
thanh4+娫,thanh4,0.1247507631778717,0.6592483646996853,0.07279427096829372
thanh4+𫿟,thanh4,0.11030760407447815,0.624496879760016,0.09365636826831956
thanh4+𣕞,thanh4,0.09087702631950378,0.7082188310173475,0.06935588724151842
thanh4+󱠢,thanh4,0.09003447741270065,0.6802394565910763,0.09506032428173201
thanh4+𫮒,thanh4,0.10200166702270508,0.5925784344894777,0.06996641591145798
thanh4+󱞁,thanh4,0.11034251004457474,0.6779264512826905,0.08224060041529317
thanh4+󱠰,thanh4,0.1273941993713379,0.6539028979945918,0.10833177946488748
thanh4+挒,thanh4,0.11646915972232819,0.6305666904236231,0.0695844718886909
thanh4+󱺈,thanh4,0.08833087235689163,0.7389932864953945,0.0727245470794126
thanh4+󱰭,thanh4,0.10800386220216751,0.7021777995996537,0.08025783890247319
thanh4+󱛆,thanh4,0.13490982353687286,0.7127882020164821,0.0845305203427935
thanh4+𦽎,thanh4,0.11763468384742737,0.7092755481346144,0.08251960654831116
thanh4+󰭠,thanh4,0.13782243430614471,0.6135786802259757,0.07549732738571462
thanh4+藞,thanh4,0.11669673025608063,0.6086260117065985,0.08793005434079693
thanh4+󱋠,thanh4,0.1113002747297287,0.6875892899535127,0.08478276576630776
thanh4+𥌧,thanh4,0.1027088612318039,0.6241988836012857,0.07788026759142928
thanh4+𡚄,thanh4,0.10000628978013992,0.634669544125411,0.09193411465551937
thanh4+𭉆,thanh4,0.11622680723667145,0.7378933166329855,0.08408379412955476
thanh4+𠮙,thanh4,0.08473417162895203,0.8320915507504234,0.07659126567793989
thanh4+𠸙,thanh4,0.09449781477451324,0.6072364313396242,0.07232498720137372
thanh4+𠷯,thanh4,0.09415852278470993,0.7392982612538678,0.07616654402515535
thanh4+𧌂,thanh4,0.10426168143749237,0.6728909037144402,0.06735085958060234
thanh4+𠶊,thanh4,0.09677104651927948,0.7713388614710268,0.09230098349846028
thanh4+𪞀,thanh4,0.07972250133752823,0.6991928177760907,0.10291652202327578
thanh4+𭋙,thanh4,0.10272786766290665,0.5246441367465591,0.08080843857817277
thanh4+𢅄,thanh4,0.09348291903734207,0.6154315668056327,0.07473981696448635
thanh4+󰊫,thanh4,0.1106010228395462,0.5881769608134528,0.0800664772494794
thanh4+󱢰,thanh4,0.10747601836919785,0.6951981898126967,0.08527046237323832
thanh4+𣛤,thanh4,0.0977640450000763,0.6641085999616195,0.08032990623583956
thanh4+𩹹,thanh4,0.11513912677764893,0.5859368433387028,0.08503559419277797
thanh4+𦘱,thanh4,0.15438032150268555,0.7082361376162158,0.08837593302418219
thanh4+󱦐,thanh4,0.14071625471115112,0.5821803635441345,0.0763792602457891
thanh4+󱞄,thanh4,0.10234237462282181,0.6423919761251338,0.08851409204991834
thanh4+𫪀,thanh4,0.1029418334364891,0.6783093983440873,0.08343793461819421
thanh4+󱲗,thanh4,0.13150151073932648,0.47668084421339746,0.060894816592964696
thanh4+偖,thanh4,0.10988543182611465,0.5349657027534509,0.07491615544077385
thanh4+󱧔,thanh4,0.11694178730249405,0.5963173775905587,0.07700797633066887
thanh4+𫱗,thanh4,0.0794568583369255,0.744866598168544,0.08937277543165784
thanh4+𪤽,thanh4,0.10300599783658981,0.6654361556102557,0.0827138516148314
thanh4+󱧖,thanh4,0.15295422077178955,0.5606018949121815,0.07786814134926982
thanh4+𨆷,thanh4,0.13567137718200684,0.6218533123894042,0.0924141220843278
thanh4+󰙘,thanh4,0.1174808070063591,0.571646610298969,0.11523602416779781
thanh4+󱥄,thanh4,0.1427149474620819,0.44623092214035637,0.10617956434910007
thanh4+𪢡,thanh4,0.1019248440861702,0.6248038603862005,11.166740182031182
thanh4+𡄰,thanh4,0.13684168457984924,0.5461544262275342,0.08280272835975802
thanh4+󱬧,thanh4,0.12752994894981384,0.6436406744795914,0.0718380623074971
thanh4+󱝧,thanh4,0.11370012164115906,0.6379101141543326,0.0709388263969739
thanh4+󱼓,thanh4,0.10722947865724564,0.6512709880301375,0.0669806544464547
thanh4+󱥯,thanh4,0.09789829701185226,0.7052336579609769,0.10403818492448301
thanh4+𡫨,thanh4,0.10243122279644012,0.7494093457895293,0.07878150318745042
thanh4+󱩻,thanh4,0.15191558003425598,0.5474171727294662,0.07951654132743685
thanh4+󱙉,thanh4,0.08252932131290436,0.7210395127637477,0.06566597999132834
thanh4+󱮑,thanh4,0.13394097983837128,0.6499400657206224,0.1017652399218002
thanh4+󰆐,thanh4,0.12588272988796234,0.5570216532791914,0.07515458897863192
thanh4+湳,thanh4,0.10612060129642487,0.623722495911813,0.06839070967523674
thanh4+󱭪,thanh4,0.10662505030632019,0.5953450178394347,0.08688271296715731
thanh4+󱞠,thanh4,0.15595245361328125,0.623408204532981,0.09557596194276861
thanh4+󱦾,thanh4,0.11465206742286682,0.6013370063734741,0.09480257799109454
thanh4+𢶹,thanh4,0.1174449697136879,0.6075900788825151,0.08112679317766258
thanh4+𡏥,thanh4,0.10106407105922699,0.5729938829111997,0.07110749797956678
thanh4+󱲝,thanh4,0.11063063144683838,0.6520880295594295,0.07452546527679922
thanh4+𩂀,thanh4,0.11225242167711258,0.6986117149227864,0.07898514681905451
thanh4+󱬎,thanh4,0.11020567268133163,0.5454784847798352,0.09793457795181516
thanh4+𡚝,thanh4,0.09499917924404144,0.6680061360835179,0.076383724330024
thanh4+𡮺,thanh4,0.1310577392578125,0.633582432312895,0.07690259569610543
thanh4+𪻋,thanh4,0.09652895480394363,0.6555231542688509,0.07442856845499599
thanh4+󱚭,thanh4,0.07700149714946747,0.6670428263611452,0.09831922909506059
thanh4+󱋭,thanh4,0.09214159101247787,0.6823373371440051,0.0856605218053733
thanh4+𩂄,thanh4,0.10788586735725403,0.7096277569180158,0.0736118837385175
thanh4+󱟦,thanh4,0.0854816883802414,0.44399602101861246,0.09029406002713843
thanh4+󱟰,thanh4,0.14179319143295288,0.6062408706429028,41.91563416314981
thanh4+𧎠,thanh4,0.13780558109283447,0.683094073578259,0.08632779993032165
thanh4+󱧨,thanh4,0.10796390473842621,0.6278178511289655,0.0879656593919259
thanh4+𫟌,thanh4,0.13946421444416046,0.6042330422114958,0.06760547978978844
thanh4+𧿯,thanh4,0.12480847537517548,0.623425116159707,0.10053334560235229
thanh4+󱯗,thanh4,0.13957780599594116,0.696221054720398,0.10417752692308357
thanh4+𦟖,thanh4,0.100921131670475,0.7220358304023855,0.07285191239916622
thanh4+󱰪,thanh4,0.12049014866352081,0.5625708441392387,0.07390593745813522
thanh4+𠱜,thanh4,0.11699189245700836,0.6194217972618398,0.0836732811703086
thanh4+𠲃,thanh4,0.08733219653367996,0.7733752335244611,0.05852337453583168
thanh4+󱞀,thanh4,0.09445977210998535,0.7220231145440242,0.10997590470085379
thanh4+𧒊,thanh4,0.12205328792333603,0.6148262609281654,0.07372070598814391
thanh4+𠬖,thanh4,0.08376605808734894,0.6508060087155889,0.07583898160590757
thanh4+𦷬,thanh4,0.07831073552370071,0.6675130994645883,0.08677619710595197
thanh4+󱛺,thanh4,0.09173106402158737,0.6790365121453465,0.11888078890714131
thanh4+𠾾,thanh4,0.09466734528541565,0.6893035004293755,0.06829058569853953
thanh4+𨁋,thanh4,0.12744742631912231,0.6634962548902767,0.1076010457487943
thanh4+婻,thanh4,0.10434649884700775,0.5403036154138054,0.07125869008219171
thanh4+󱙌,thanh4,0.09990669041872025,0.6080686057962887,0.07629696289585404
thanh4+󰫽,thanh4,0.07129056006669998,0.741917561588579,0.08286306371648937
thanh4+󱞑,thanh4,0.13133566081523895,0.7009635343384146,0.07686163134153558
thanh4+󰺼,thanh4,0.10442975908517838,0.561127451686338,0.0899349422281197
thanh4+󱩫,thanh4,0.09722568839788437,0.676424259301698,507.9551268198336
thanh4+𤁯,thanh4,0.10249760746955872,0.6490065946004879,0.07280651665412936
thanh4+𨔌,thanh4,0.11887223273515701,0.6682965730425013,0.08415029870572772
thanh4+󱤥,thanh4,0.10643203556537628,0.6760245694440831,0.07528161293170216
thanh4+󱟈,thanh4,0.10930173099040985,0.6306286419474263,0.08733004056222345
thanh4+󱞜,thanh4,0.12807680666446686,0.5547688061908519,0.09324632249639632
thanh4+𫅲,thanh4,0.11856570839881897,0.6118713713486598,0.09416447961264941
thanh4+𢰦,thanh4,0.14433185756206512,0.5434829198025474,0.08391686593217744
thanh4+󰄼,thanh4,0.10800120234489441,0.6847671460772562,0.08105076161628387
thanh4+𢆠,thanh4,0.1363304853439331,0.6976854572593096,0.08424093421411179
thanh4+囄,thanh4,0.10525742173194885,0.6060749546032096,0.08642517777091392
thanh4+󱳬,thanh4,0.11080022156238556,0.7224229358288919,0.07340069012179534
thanh4+㗌,thanh4,0.10111846774816513,0.6757411515138388,0.0832597578270952
thanh4+𡖡,thanh4,0.10724405199289322,0.6921590015032542,0.06563898871896111
thanh4+𡮥,thanh4,0.15825685858726501,0.51555163407989,0.0767328185843713
thanh4+𫱞,thanh4,0.10456464439630508,0.7300282268807295,0.09496939241496187
thanh4+󱚛,thanh4,0.119327113032341,0.6856090977978574,0.07320169335623593
thanh4+𪧺,thanh4,0.1550799459218979,0.5817357286635603,0.11585470085662819
thanh4+󱎶,thanh4,0.11303336918354034,0.6944229521975377,0.13273631923116921
thanh4+𬔽,thanh4,0.12025086581707001,0.6455489669521702,0.06018010300319471
thanh4+󱢏,thanh4,0.13019625842571259,0.4644005452622631,0.0948274009396421
thanh4+𡞗,thanh4,0.08893990516662598,0.6742120248958604,0.08508161180332836
thanh4+𨮉,thanh4,0.11849384754896164,0.6684517341212521,0.0805311672198772
thanh4+𨪷,thanh4,0.10895974934101105,0.5260341280903973,0.08035097978022541
thanh4+𭈖,thanh4,0.13283886015415192,0.562925625319363,0.09061093157380869
thanh4+𫆮,thanh4,0.09336051344871521,0.7024652398292939,0.0950160156689192
thanh4+󰬽,thanh4,0.1017361655831337,0.7103775946564522,0.1016359471685328
thanh4+𠇕,thanh4,0.11417535692453384,0.7765360239488684,0.06887634183731474
thanh4+𫲰,thanh4,0.11622437089681625,0.46587698535442046,0.11218222583301542
thanh4+󱬔,thanh4,0.09595442563295364,0.6674151666194567,0.07904157429586876
thanh4+𪠉,thanh4,0.11366459727287292,0.747577824330215,0.09412322412130802
thanh4+󱰯,thanh4,0.13367854058742523,0.5671347248137517,0.0789715993386325
thanh4+𠵴,thanh4,0.11889880895614624,0.7471282935366164,0.07351330194988777
thanh4+𥱰,thanh4,0.1133456826210022,0.6161390477529401,0.08285067172330929
thanh4+𡅑,thanh4,0.0765661671757698,0.7073633894582291,0.08344454744127743
thanh4+𠸬,thanh4,0.10956216603517532,0.6419232068167021,0.07402043581895795
thanh4+󱬺,thanh4,0.09879570454359055,0.5191824346797523,0.08828083235375968
thanh4+𪾭,thanh4,0.1433921456336975,0.7020543885023786,0.13543670328545074
thanh4+𥵖,thanh4,0.11274551600217819,0.507762489616006,0.08633905242729101
thanh4+𠸽,thanh4,0.1023532822728157,0.6700069654353629,0.08496247902070893
thanh4+𪥘,thanh4,0.11173206567764282,0.6038190735551123,0.07823725873908444
thanh4+鎫,thanh4,0.08087684959173203,0.687758125127845,0.08239335905921832
thanh4+󱙭,thanh4,0.09982459992170334,0.7770885982305341,0.07908426717325928
thanh4+𭡏,thanh4,0.12077455222606659,0.6925519673346874,0.08260394113410552
thanh4+𬛀,thanh4,0.0988510400056839,0.7204704045534388,0.08326872206486173
thanh4+󱝞,thanh4,0.09583822637796402,0.6317650550729594,0.0856840981769395
thanh4+󰸪,thanh4,0.11230535805225372,0.6024965397051631,0.09103791735390632
thanh4+󰇵,thanh4,0.14401252567768097,0.470250800589804,0.10625417545681386
thanh4+󰬸,thanh4,0.11674588918685913,0.6725606041029247,0.09138546731708586
thanh4+㺜,thanh4,0.10412412881851196,0.7151712351976552,0.09199552072752121
thanh4+󱹽,thanh4,0.08793992549180984,0.713771679461709,0.06796794181057407
thanh4+𠶒,thanh4,0.16939054429531097,0.7449641613669319,0.08593096310616521
thanh4+𫉎,thanh4,0.08908482640981674,0.6519615601249167,0.07108082336852904
thanh4+󱝺,thanh4,0.08393453061580658,0.7318243483351492,0.08363920592484675
thanh4+󰢔,thanh4,0.10842141509056091,0.702649730670577,0.07617232205625134
thanh4+𨅞,thanh4,0.11708871275186539,0.6226232019105539,0.09019606546288024
thanh4+㷝,thanh4,0.15702764689922333,0.628413515660121,0.08268269003583374
thanh4+𢀦,thanh4,0.09639638662338257,0.6833013659333851,0.08354640150391657
thanh4+𬏻,thanh4,0.11129238456487656,0.6225228818883276,0.0825752855289425
thanh4+𦨂,thanh4,0.09870936721563339,0.6021202611278514,0.10167402141633562
thanh4+󰮦,thanh4,0.11956938356161118,0.5808706976618028,0.07573781764686853
thanh4+󱋇,thanh4,0.12476987391710281,0.6807317944808996,0.07195983860304674
thanh4+󱹪,thanh4,0.11296932399272919,0.6708858064860534,0.09378604238838877
thanh4+㖀,thanh4,0.08851378411054611,0.7446600068809124,0.08136394904120108
thanh4+𣋇,thanh4,0.13324888050556183,0.6471323028159781,0.07123035879528618
thanh4+𫼿,thanh4,0.13878661394119263,0.6353209317278774,0.08651305138419628
thanh4+󱝯,thanh4,0.10667256265878677,0.6538502253943209,0.09126601700530934
thanh4+󱡉,thanh4,0.1197577491402626,0.6269355956140471,0.059600691365689795
thanh4+𪷘,thanh4,0.09330818057060242,0.7013508601168628,0.0897820108821628
thanh4+㖪,thanh4,0.07322076708078384,0.674341776462987,0.09041482313255282
thanh4+𠽏,thanh4,0.09786269068717957,0.6830024355636867,0.07332383323886499
thanh4+𠹖,thanh4,0.10729090869426727,0.6863681552561437,0.08047952763654188
thanh4+󱛖,thanh4,0.11070936918258667,0.6186877558658214,0.0698306751835867
thanh4+𫯝,thanh4,0.1731470674276352,0.5941011423083947,0.0640619224068379
thanh4+𬏇,thanh4,0.16203074157238007,0.5290831334561501,0.11148557375391399
thanh4+𡄫,thanh4,0.09802801162004471,0.5894569163396469,0.08128384032356926
thanh4+𢠤,thanh4,0.12912975251674652,0.687484726310317,0.08151638571714397
thanh4+𣞄,thanh4,0.1561317890882492,0.5610723981588798,0.10371011676420368
thanh4+󱰺,thanh4,0.11487641930580139,0.5246593700925684,0.11522478554999412
thanh4+󰁂,thanh4,0.19756069779396057,0.6323389504284751,0.07910542038186133
thanh4+𫴯,thanh4,0.13459259271621704,0.6522548745992197,0.07243790528403402
thanh4+𪩥,thanh4,0.12987931072711945,0.6888164493493492,0.08250025485036865
thanh4+𭢌,thanh4,0.12338094413280487,0.6639150768112674,0.07860672609041873
thanh4+󱞡,thanh4,0.11423918604850769,0.5816954243271559,0.10979964232795873
thanh4+𠶎,thanh4,0.12207125872373581,0.6503357639719833,0.0951971152824097
thanh4+𠴖,thanh4,0.10796590149402618,0.7070751112927196,0.07907983038683296
thanh4+𡁽,thanh4,0.12607364356517792,0.5773726742274684,0.11637188247379426
thanh4+䈊,thanh4,0.09273244440555573,0.6131890651905388,0.0847992845110122
thanh4+󱡵,thanh4,0.1025356650352478,0.6887508981712911,0.105171367856263
thanh4+湨,thanh4,0.10458479821681976,0.7076920351944507,0.07064285824478574
thanh4+𡮨,thanh4,0.16926929354667664,0.5377040045985956,0.07493868084594701
thanh4+󱡄,thanh4,0.15145628154277802,0.5473408821156823,0.12395337412624689
thanh4+𬕌,thanh4,0.12605617940425873,0.5564449569857364,0.07597063785411032
thanh4+𠲹,thanh4,0.12647873163223267,0.6933379669370048,0.07325726540029454
thanh4+󱜉,thanh4,0.07683463394641876,0.7387611334651997,0.11502475230558495
thanh4+𡃆,thanh4,0.08236311376094818,0.7165072108781816,0.09922112736659139
thanh4+𤹕,thanh4,0.13811184465885162,0.6146456582766856,0.08101481704180308
thanh4+㘗,thanh4,0.1266714334487915,0.5409369183625068,0.0814913246518329
thanh4+󱫪,thanh4,0.09887395054101944,0.606384946263652,0.09849006815123568
thanh4+㗭,thanh4,0.09389396011829376,0.714538097899662,0.07944715025066024
thanh4+𤻓,thanh4,0.09273079037666321,0.6244081642107391,0.09122750169893334
thanh4+𠸯,thanh4,0.13042804598808289,0.6284448982362714,0.07336798655609007
thanh4+󱟲,thanh4,0.11350163072347641,0.47379036922715967,0.08976369432533976
thanh4+𬓛,thanh4,0.1528768390417099,0.51124957917997,0.09467843475726302
thanh4+𠜈,thanh4,0.13559356331825256,0.6534162536798698,0.11402119342530787
thanh4+灆,thanh4,0.12084700167179108,0.5993101625810158,0.08442007858956109
thanh4+󰮯,thanh4,0.10038574039936066,0.6150908052124796,0.08654322337635716
thanh4+𫑺,thanh4,0.15177065134048462,0.46690602193108044,0.11933814621191607
thanh4+𥯉,thanh4,0.10895432531833649,0.6170464104592935,0.08582773615444178
thanh4+𠺺,thanh4,0.10139425098896027,0.6859988614846779,0.08788095662421558
thanh4+󱝪,thanh4,0.10300975292921066,0.5349100911693667,0.08971577307172517
thanh4+哖,thanh4,0.11070670187473297,0.7070826441062041,0.08747070201262525
thanh4+㖕,thanh4,0.09809597581624985,0.6892044484458442,0.08189658527244942
thanh4+𣒠,thanh4,0.09175199270248413,0.7004867353554497,0.0948913887277562
thanh4+󱞦,thanh4,0.1050807386636734,0.6477740882704534,0.08066189599451855
thanh4+𫊬,thanh4,0.10822292417287827,0.6006821458954742,0.09591939967844103
thanh4+󱹙,thanh4,0.09862861782312393,0.7172007208857141,0.0950707982960385
thanh4+󱤈,thanh4,0.10766223073005676,0.6193234378352629,0.10105464861021901
thanh4+𥱫,thanh4,0.08040828257799149,0.6812034858672574,0.07846536290516483
thanh4+𠺼,thanh4,0.11000934988260269,0.6553852869144122,0.10338088181361109
thanh4+󱩈,thanh4,0.12896397709846497,0.5073336621999449,0.09487124483540525
thanh4+𪟤,thanh4,0.11471188813447952,0.68358742671761,0.08994318500919697
thanh4+𪢊,thanh4,0.11055371165275574,0.6067806913079281,0.0793542941935442
thanh4+圚,thanh4,0.10552419722080231,0.683134950301503,0.09240880177463813
thanh4+󱧘,thanh4,0.1367056965827942,0.6446945713432076,0.07943900509337966
thanh4+󰋓,thanh4,0.11963805556297302,0.6656893015360473,0.07557045029624627
thanh4+󱹻,thanh4,0.07607392221689224,0.6777973115887852,0.09303995792980031
thanh4+𬀦,thanh4,0.08004864305257797,0.7465718321922418,0.07853009108938223
thanh4+𬆅,thanh4,0.10261949151754379,0.6410339025739591,0.08056231505194467
thanh4+𩶽,thanh4,0.1154835969209671,0.57436938441641,0.08567360332313549
thanh4+𠿴,thanh4,0.12238875031471252,0.6540798324537793,0.07635668613905583
thanh4+󰛕,thanh4,0.11227008700370789,0.4399086634706756,0.11548477364996089
thanh4+𰇵,thanh4,0.12989835441112518,0.6139930039361472,0.09530320740974034
thanh4+𫢖,thanh4,0.16820648312568665,0.49350799981310406,0.09842963275042016
thanh4+𪢒,thanh4,0.08276470750570297,0.695564386388504,0.08152418598464149
thanh4+󱲰,thanh4,0.101235531270504,0.5875710391687091,0.10615281106599726
thanh4+𪥑,thanh4,0.10923417657613754,0.7242032044851229,0.0969385027918349
thanh4+󱟂,thanh4,0.11675787717103958,0.6522538543131895,3.005840205329251
thanh4+󱀄,thanh4,0.09807277470827103,0.5958717276305092,0.09330035791557141
thanh4+󱟎,thanh4,0.10279716551303864,0.601262618860622,0.08792442456721543
thanh4+𬄹,thanh4,0.11496833711862564,0.5895041058041621,0.09313932043624158
thanh4+𨄸,thanh4,0.09781015664339066,0.5899288052535072,0.09151342925057715
thanh4+󱩙,thanh4,0.10250261425971985,0.6619110633020826,0.08022182331308784
thanh4+󱞊,thanh4,0.07708318531513214,0.7359327670685542,0.0967965170600761
thanh4+󰶅,thanh4,0.13235072791576385,0.5363101459178201,0.06974739985806729
thanh4+𤉓,thanh4,0.12546871602535248,0.7308720010996306,0.09431065470243176
thanh4+姈,thanh4,0.09095444530248642,0.7544893970763369,0.06633035618516013
thanh4+󱝻,thanh4,0.1016467958688736,0.6610114686841045,0.08043088985232372
thanh4+嘪,thanh4,0.10851196199655533,0.6015796488773334,0.069847614513997
thanh4+𥶂,thanh4,0.09336300194263458,0.6882984590665754,0.08326704096757574
thanh4+󰌺,thanh4,0.08602768182754517,0.6445265116006929,0.07427816843608932
thanh4+𢲠,thanh4,0.09729614108800888,0.6166312688727872,0.07581950918044293
thanh4+蝔,thanh4,0.11216577142477036,0.7327980400038148,0.07241913090201581
thanh4+󱟡,thanh4,0.11621563136577606,0.5872600094504147,0.08800268015625175
thanh4+𠾬,thanh4,0.1187783032655716,0.6178754748524816,0.08503044738091105
thanh4+󰃧,thanh4,0.12156614661216736,0.5714567044645431,0.09879914811408712
thanh4+𩽈,thanh4,0.09208285808563232,0.6385872950901601,0.09694185218705825
thanh4+堒,thanh4,0.10742096602916718,0.6686987658193683,0.07725388381728902
thanh4+𫫴,thanh4,0.09699755162000656,0.6772548514593302,0.07490257599715296
thanh4+𤗹,thanh4,0.13073424994945526,0.4236598093023487,0.091668217789866
thanh4+󱝷,thanh4,0.06967482715845108,0.7373141423827322,0.09314273525925328
thanh4+𩚧,thanh4,0.11255551129579544,0.5727955967285256,0.09046398752824976
thanh4+󱤲,thanh4,0.10002998262643814,0.6477926617263416,0.08650501350988328
thanh4+𣔧,thanh4,0.11528150737285614,0.5975270902645063,0.07986000528649588
thanh4+󰺥,thanh4,0.13343939185142517,0.4203067678675284,0.08352673706118291
thanh4+𠴌,thanh4,0.14917871356010437,0.6652021725806134,0.07520580838484098
thanh4+𥭑,thanh4,0.13452281057834625,0.6986486529046739,0.07033617944782773
thanh4+󱙴,thanh4,0.12159863859415054,0.6833676749629637,0.08373098451028933
thanh4+󰯺,thanh4,0.089058056473732,0.6051189413823,0.07468934572409018
thanh4+󱤠,thanh4,0.0888238400220871,0.7398578989624099,0.07901236737010062
thanh4+󱫳,thanh4,0.10490245372056961,0.7017842433827081,0.06517155111166349
thanh4+𫥸,thanh4,0.0997583419084549,0.7722878951951322,0.07529198930737219
thanh4+󱟬,thanh4,0.14292743802070618,0.6779761850539753,0.10295156614053198
thanh4+󱛴,thanh4,0.09630092978477478,0.6498832535353481,0.09764856529867853
thanh4+𡐮,thanh4,0.09114361554384232,0.6458418860914711,0.07586751765415045
thanh4+󰭔,thanh4,0.1164187490940094,0.7175546826485919,0.06655567400629266
thanh4+󱦋,thanh4,0.07870588451623917,0.6420177872530491,0.09417758623338772
thanh4+𪶩,thanh4,0.10625619441270828,0.6626207436460839,0.074235834719515
thanh4+胋,thanh4,0.1375771015882492,0.7093163238348988,0.09301456070767415
thanh4+󰘵,thanh4,0.12096911668777466,0.6321166911395049,0.08290400789297768
thanh4+󰛼,thanh4,0.08959061652421951,0.6287975109778826,0.07987180487434109
thanh4+󱟏,thanh4,0.12326155602931976,0.565131497093539,0.08481547018362771
thanh4+𠷦,thanh4,0.13528740406036377,0.5431719134439814,0.09621646339109698
thanh4+𠻉,thanh4,0.08769068866968155,0.6245456511248402,0.06944168555602562
thanh4+󰧺,thanh4,0.15982167422771454,0.6074803960756893,0.07618449238800584
thanh4+𡅉,thanh4,0.1279158890247345,0.6358123641641081,0.07793133671888815
thanh4+󱬊,thanh4,0.0943513736128807,0.5851009878198424,0.09399955580550978
thanh4+󱟕,thanh4,0.12868940830230713,0.6436407634190605,0.09543003765269531
thanh4+濧,thanh4,0.12962836027145386,0.7166849239551737,0.07143881371669501
thanh4+󱘓,thanh4,0.1814824789762497,0.6137603196657909,0.08247117389623974
thanh4+𬂻,thanh4,0.09325411915779114,0.713715297083082,8.169873821408144
thanh4+󱮺,thanh4,0.11601687967777252,0.553536517542648,0.0988206518791555
thanh4+󱼖,thanh4,0.11838727444410324,0.6660197449814803,0.10252916044394099
thanh4+󰝅,thanh4,0.14290651679039001,0.6866338339883448,0.06932461079127179
thanh4+𬏖,thanh4,0.09910832345485687,0.7056032047067612,0.08855385537938631
thanh4+𠺮,thanh4,0.11346942186355591,0.6968095107472209,0.08542560068488815
thanh4+㨫,thanh4,0.14375115931034088,0.6386620754588985,0.07774507580577654
thanh4+󰨑,thanh4,0.10686574876308441,0.712719160539176,0.0901352443234537
thanh4+噃,thanh4,0.11956857889890671,0.6040464961174105,0.08102758123548819
thanh4+󱜫,thanh4,0.1110791340470314,0.6818287597156051,0.18110503379891377
thanh4+󰮃,thanh4,0.09148598462343216,0.6779725051166047,0.08989080283019431
thanh4+𬟻,thanh4,0.09723643958568573,0.7244758633729086,0.08546405907208787
thanh4+󱌡,thanh4,0.1049090027809143,0.6589797896941486,0.09653827288045334
thanh4+󱡑,thanh4,0.16814059019088745,0.6932551841309784,0.10089663246969131
thanh4+𬡶,thanh4,0.11838620156049728,0.6082064627257266,0.08266197089660655
thanh4+𫬪,thanh4,0.12214090675115585,0.5900235606177492,0.0920644237061991
thanh4+𩠱,thanh4,0.13369043171405792,0.6207387517617435,0.1397434494279525
thanh4+𡃎,thanh4,0.11165466159582138,0.5537428411791532,0.07509868340113833
thanh4+󰛺,thanh4,0.06970230489969254,0.7773286856231153,0.0682352957823252
thanh4+𬠥,thanh4,0.09721577167510986,0.6169803483299193,0.08736433656920357
thanh4+𠌊,thanh4,0.1181175634264946,0.724698803324572,0.0783898243806408
thanh4+󱝗,thanh4,0.08475137501955032,0.7346881050141916,0.07644320417186166
thanh4+𦛲,thanh4,0.13832038640975952,0.4813281891337367,0.08490417684841778
thanh4+𠶍,thanh4,0.1181122288107872,0.6785187197827007,0.07927938817284515
thanh4+𫽠,thanh4,0.12477046251296997,0.5881566842464866,0.09302388996347331
thanh4+𤳧,thanh4,0.08900032192468643,0.6928231606846511,0.0736687302315472
thanh4+㤝,thanh4,0.08492780476808548,0.6911954679186604,0.06957990362548083
thanh4+󱝟,thanh4,0.13189660012722015,0.5748117653333158,0.07917628848416415
thanh4+鮗,thanh4,0.10243528336286545,0.5541746264470151,0.07942517316791659
thanh4+𡉎,thanh4,0.0788276270031929,0.7723815323331199,0.052374792266920454
thanh4+󱢉,thanh4,0.15750883519649506,0.5985027375957198,0.07816956437607105
thanh4+󱹜,thanh4,0.1423751562833786,0.6750781125527546,0.07660227237006
thanh4+捠,thanh4,0.11888912320137024,0.7159214016652594,0.105542746069846
thanh4+𪝪,thanh4,0.1595914363861084,0.563508409387013,0.08450300687578778
thanh4+䀭,thanh4,0.13836145401000977,0.529658260395349,0.08809087446148522
thanh4+󱡰,thanh4,0.126992866396904,0.730109231796456,0.07023751563854286
thanh4+󰂄,thanh4,0.1510493904352188,0.6867272865350799,0.09236423148473866
thanh4+󱩛,thanh4,0.10358454287052155,0.6763275526922957,0.07625592510202185
thanh4+󱝸,thanh4,0.11128468066453934,0.7497600301031428,0.08587061131679737
thanh4+󱗳,thanh4,0.12104171514511108,0.38157354591349824,0.08482453515776721
thanh4+𡔒,thanh4,0.12972721457481384,0.5898302491372368,0.08918633035459034
thanh4+𠹌,thanh4,0.09317660331726074,0.600611736184762,0.09168400926636645
thanh4+󱝾,thanh4,0.08418618142604828,0.696985324803012,0.07394862419852778
thanh4+𫬱,thanh4,0.11440470814704895,0.5968205311841388,0.081470225036475
thanh4+𠻅,thanh4,0.12019632756710052,0.6142527848562354,0.07443450862057116
thanh4+𪂱,thanh4,0.11357033252716064,0.7053205916259689,0.08882217926364411
thanh4+𫆶,thanh4,0.07894165813922882,0.6651501787821501,8.993105028609579
thanh4+𥙒,thanh4,0.1373596489429474,0.670100281296856,0.07664280345985632
thanh4+󱋰,thanh4,0.13723695278167725,0.6626593817698222,0.1103047385658376
thanh4+󱟮,thanh4,0.10282883048057556,0.608320005232397,0.09171767194807419
thanh4+𧞣,thanh4,0.1191774532198906,0.5838015917911242,0.09785309881552068
thanh4+𦟏,thanh4,0.12251505255699158,0.6542870683026125,0.14964491294412471
thanh4+󱨨,thanh4,0.1403619796037674,0.695841035709139,0.09986558182643401
thanh4+󰄜,thanh4,0.13352355360984802,0.45804169519774496,0.08514237170528509
thanh4+唥,thanh4,0.121944859623909,0.7616192057545872,0.08523182660949268
thanh4+𬄪,thanh4,0.08286185562610626,0.556500402309639,0.09168525243871728
thanh4+𠻱,thanh4,0.1571597009897232,0.6699252999046549,0.08579889596805541
thanh4+󱦪,thanh4,0.09702806174755096,0.5477053724236863,0.103755134479682
thanh4+󱫠,thanh4,0.10365813970565796,0.6248978210849168,0.08195277361008475
thanh4+𥮈,thanh4,0.12234887480735779,0.5732683415388952,0.07838254672576282
thanh4+󱨕,thanh4,0.14029043912887573,0.504558394535536,0.08234826269246337
thanh4+𨆟,thanh4,0.12145649641752243,0.5859634731268866,0.25482771476404215
thanh4+󱥻,thanh4,0.10023033618927002,0.7080745852551943,0.07314632504783312
thanh4+𤄷,thanh4,0.12032665312290192,0.6026698623195811,0.08205305894635224
thanh4+𥋲,thanh4,0.12893562018871307,0.4937718047062327,0.09259040260104785
thanh4+𬉌,thanh4,0.10906010866165161,0.6728693124857962,0.1205180947745313
thanh4+𡓾,thanh4,0.14360471069812775,0.626733111326049,0.1061008161333537
thanh4+󱝹,thanh4,0.11505182087421417,0.6813278920175567,0.08071293075533771
thanh4+𪰰,thanh4,0.13865531980991364,0.6702428993078522,0.12563172896905953
thanh4+𩯁,thanh4,0.13016821444034576,0.6397994362047137,0.13261631033237262
thanh4+𤯱,thanh4,0.11192860454320908,0.6891326247670961,0.09456001993963385
thanh4+󱚒,thanh4,0.11176304519176483,0.6222137562306138,0.10218666102607538
thanh4+󱀰,thanh4,0.12007749825716019,0.5911806662010711,0.07473671137826911
thanh4+𫴬,thanh4,0.12696751952171326,0.6850370222826323,0.07038226679426011
thanh4+󱛣,thanh4,0.09419745206832886,0.5981955766623047,0.0815500134347429
thanh4+󱞖,thanh4,0.1309366524219513,0.5971163109408941,29.439162145304568
thanh4+󱠡,thanh4,0.09273549169301987,0.6819573775786252,0.09124388285661005
thanh4+󱓍,thanh4,0.14766959846019745,0.5492227788209361,0.0804885047050491
thanh4+󱟉,thanh4,0.11029410362243652,0.6512926319894663,0.08732798506261617
thanh4+𡁼,thanh4,0.1072913110256195,0.6962521978265709,0.06930769297144916
thanh4+𡉖,thanh4,0.07855769991874695,0.7971188846867733,0.05792316392865232
thanh4+󰭂,thanh4,0.14810407161712646,0.6580361829358368,0.08123994203624064
thanh4+𡁝,thanh4,0.11240699887275696,0.7008165463388154,0.09402150180320161
thanh4+𣌌,thanh4,0.10642435401678085,0.626817102269989,0.09410012495132501
thanh4+󱙤,thanh4,0.09925844520330429,0.7171790216537424,0.06318651162132412
thanh4+󱞈,thanh4,0.09529020637273788,0.6571731039011657,0.09209462611846068
thanh4+㖗,thanh4,0.10804039984941483,0.679453642308548,0.06586851337392043
thanh4+啩,thanh4,0.16543081402778625,0.6297506127319262,0.13166937273861548
thanh4+𡎔,thanh4,0.09887604415416718,0.7009576608780155,0.0783714042873861
thanh4+𬈗,thanh4,0.13407787680625916,0.6125316986981086,0.07913276089603176
thanh4+󱚰,thanh4,0.08422514796257019,0.7417459333478583,0.0780065743503786
thanh4+󱞙,thanh4,0.10199008136987686,0.7309032845825392,0.07982063423663212
thanh4+𦼜,thanh4,0.1061592847108841,0.7020306035724928,0.0727445480790491
thanh4+󱭷,thanh4,0.15517407655715942,0.44443249911294574,0.09617387371020669
thanh4+󰘇,thanh4,0.1205134242773056,0.4322721602317244,0.08770501025269584
thanh4+󰊈,thanh4,0.11475881189107895,0.6843346695005986,0.09609801617276491
thanh4+󱞗,thanh4,0.09392736852169037,0.7122755248269895,0.07288484866118544
thanh4+𡮛,thanh4,0.10826031863689423,0.6203302443253961,0.06400115272153484
thanh4+󰅬,thanh4,0.12807413935661316,0.6812629938282342,0.0938848268354656
thanh4+𫮡,thanh4,0.10328121483325958,0.6951037555848629,0.08755257012346307
thanh4+󱲥,thanh4,0.10550443828105927,0.668726453580967,0.07017346826426053
thanh4+𠶅,thanh4,0.15663659572601318,0.45314452993205423,0.0672211845448009
thanh4+𠴹,thanh4,0.08843401074409485,0.757806390836181,0.06374739288845588
thanh4+󱯧,thanh4,0.15907835960388184,0.6552340362583946,0.07955633076256768
thanh4+󱯄,thanh4,0.097859226167202,0.6176894734254363,0.1209136956510405
thanh4+𪮩,thanh4,0.12154772877693176,0.6776226003600695,0.1014592151626838
thanh4+󰤣,thanh4,0.09231843799352646,0.7372260058164455,0.09489860989827366
thanh4+𢪭,thanh4,0.10232046246528625,0.6630700474912672,0.08325991354018698
thanh4+𢶽,thanh4,0.10196452587842941,0.6487675466663783,0.07637971494605202
thanh4+󱦮,thanh4,0.09998921304941177,0.7080865165904301,0.10009600986237133
thanh4+𫛈,thanh4,0.11909995973110199,0.6295913605144074,0.10017200739064425
thanh4+𬞰,thanh4,0.10400113463401794,0.6343268887058859,0.10401423137952716
thanh4+𠮨,thanh4,0.10380803048610687,0.68384061053597,0.07397809780080215
thanh4+󱡴,thanh4,0.135292187333107,0.5959474192085311,0.10218564868145656
thanh4+𪤸,thanh4,0.13560175895690918,0.7271905067174422,0.08182528402254406
thanh4+󱜆,thanh4,0.09328331053256989,0.688866980138813,0.0835601413382971
thanh4+𪡴,thanh4,0.0950845330953598,0.7091631854688727,0.08076272482763878
thanh4+󱨿,thanh4,0.11937054991722107,0.660387509672039,0.08418161133302193
thanh4+𤬪,thanh4,0.08443755656480789,0.769502688919498,0.07429949172034025
thanh4+󱝢,thanh4,0.11445147544145584,0.5062656944519028,0.08829394187902144
thanh4+󱰮,thanh4,0.08297125995159149,0.7189484234952191,0.07798757749764229
thanh4+󱠧,thanh4,0.09516152739524841,0.7282132915165034,0.10517350456939807
thanh4+𡑪,thanh4,0.11047744005918503,0.6002308892458391,0.0826993737326524
thanh4+󱱣,thanh4,0.08713576197624207,0.6590706880670867,0.08399486450852105
thanh4+𥐨,thanh4,0.13734044134616852,0.5896921045892939,0.07194067990780957
thanh4+󰌋,thanh4,0.1034768670797348,0.7464436117884844,0.07535548215500999
thanh4+󱜌,thanh4,0.09112649410963058,0.721937189788321,0.05312292947866589
thanh4+󱥪,thanh4,0.11893661320209503,0.6853296741453052,0.08328632695496202
thanh4+𠴇,thanh4,0.11144620925188065,0.7276377576763053,0.07024956174756808
thanh4+󱛋,thanh4,0.12015066295862198,0.734277429791324,0.08553123765292252
thanh4+𧜐,thanh4,0.1377463936805725,0.591628232490547,0.09140851893268805
thanh4+󱙵,thanh4,0.0984797328710556,0.656261429127975,0.10429496396813959
thanh4+𣻢,thanh4,0.1070818156003952,0.7005729860783904,0.0801319096295687
thanh4+㨲,thanh4,0.1399909406900406,0.589829099729459,0.08364508917791469
thanh4+𠿱,thanh4,0.1029670313000679,0.6864408938037068,0.08948288062437815
thanh4+󱓇,thanh4,0.12438532710075378,0.6221635402636868,421.8257113851651
thanh4+𤄮,thanh4,0.12514066696166992,0.645427828086028,0.641544088949967
thanh4+𬕷,thanh4,0.1230410635471344,0.7012251217922157,0.11283219294537457
thanh4+󰘓,thanh4,0.09529455751180649,0.6297710403913488,0.07848855963230351
thanh4+𡕩,thanh4,0.11700548976659775,0.6720379326678838,0.060231051063664866
thanh4+󱯛,thanh4,0.11884314566850662,0.716912212409935,0.08301358533058478
thanh4+𡑭,thanh4,0.11452332884073257,0.7327019082140784,0.10056147563401263
thanh4+𪶵,thanh4,0.11092782020568848,0.5780356357022782,0.07552233693289599
thanh4+󱝨,thanh4,0.1132071316242218,0.5759643383915535,0.101268136557443
thanh4+𤲼,thanh4,0.1115635484457016,0.7106666840927448,0.08844828303434704
thanh4+𫅰,thanh4,0.09542001038789749,0.6554638957638904,0.09530960513902702
thanh4+㗩,thanh4,0.15523448586463928,0.47789290009814,0.078557667053903
thanh4+󱟱,thanh4,0.1096959039568901,0.7638725692519928,0.051675146488547895
thanh4+󱢅,thanh4,0.09931064397096634,0.6729848119136913,0.081893876245883
thanh4+󱙲,thanh4,0.10720624029636383,0.6743215146703877,0.07142113220974095
thanh4+󱤾,thanh4,0.1329088658094406,0.6485394345851841,0.09057540625145881
thanh4+󱡗,thanh4,0.12351656705141068,0.6050535142096182,0.08005277132285465
thanh4+𫢧,thanh4,0.12139363586902618,0.6733732106049574,0.07106435660070891
thanh4+𫕹,thanh4,0.15018212795257568,0.5079769184036893,0.14130272340928027
thanh4+𡅍,thanh4,0.08757396042346954,0.7020031665168759,0.10197242516395799
thanh4+埨,thanh4,0.12637104094028473,0.6190176695079336,0.07520040549371451
thanh4+󱟠,thanh4,0.11539198458194733,0.698040442180159,0.08581508308613389
thanh4+󱦡,thanh4,0.12826921045780182,0.415173813347717,0.09864762960849083
thanh4+䓬,thanh4,0.09165369719266891,0.7675490572459742,0.07584659208289905
thanh4+󱥥,thanh4,0.17290112376213074,0.6293983649353265,0.09556402054354383
thanh4+󱟝,thanh4,0.139870285987854,0.7218661215574979,0.09124433750066942
thanh4+𩸴,thanh4,0.08288191258907318,0.686071217693672,0.07736041585284917
thanh4+󱳴,thanh4,0.11372610181570053,0.6502417384319745,0.10074714558705815
thanh4+󱮮,thanh4,0.15114806592464447,0.6581642970972731,0.07694727758991587
thanh4+󱛢,thanh4,0.11658904701471329,0.6652731401140479,0.08159461285036616
thanh4+𡎤,thanh4,0.13193699717521667,0.5436466241552275,0.0842526802341221
thanh4+󰧙,thanh4,0.08479717373847961,0.7055381764489034,0.07233006081510941
thanh4+𥴙,thanh4,0.12710396945476532,0.5214026951108186,0.08795712062017069
thanh4+𫫛,thanh4,0.12867318093776703,0.5279874900420343,0.08104401275485891
thanh4+𠸫,thanh4,0.09040724486112595,0.6890592860001802,0.06868766047367898
thanh4+󱜴,thanh4,0.13094833493232727,0.7478009229602202,0.08017833351145845
thanh4+𪡦,thanh4,0.0951119065284729,0.5590429011178789,0.07040464182978245
thanh4+𪺇,thanh4,0.10368495434522629,0.6180950608404635,0.10172554976038062
thanh4+𬗏,thanh4,0.13272754848003387,0.5381417754130129,0.08433523236408712
thanh4+󱙷,thanh4,0.0864008441567421,0.6337987326723914,0.08494792943398567
thanh4+󱭧,thanh4,0.10132720321416855,0.7439705413146763,0.08227870937173017
thanh4+𪺛,thanh4,0.1374904066324234,0.6278230671002993,0.08070708165562136
thanh4+𡏯,thanh4,0.06840261816978455,0.7669238454014958,0.077520345607404
thanh4+󱞮,thanh4,0.12615007162094116,0.7135111660652315,0.06846795512919508
thanh4+󱟪,thanh4,0.1314556896686554,0.6074123527724693,0.08809333407696911
thanh4+𪦎,thanh4,0.0810861811041832,0.6871036977170758,0.06991713739782816
thanh4+侱,thanh4,0.11315765231847763,0.6263002862444147,0.06931944781796918
thanh4+󱚳,thanh4,0.10720781236886978,0.7084975753434667,0.12531406728276726
thanh4+𬖩,thanh4,0.13003383576869965,0.7578175942523876,0.10498421078831388
thanh4+𩵾,thanh4,0.09741240739822388,0.6370705988437894,0.07864638128607583
thanh4+𪢘,thanh4,0.08263121545314789,0.7020843755757356,0.08868591539296182
thanh4+𡌩,thanh4,0.14306771755218506,0.5436977633595299,0.07872490721760833
thanh4+鯑,thanh4,0.14241079986095428,0.6180902102995786,0.0777801236286024
thanh4+𬄃,thanh4,0.13561782240867615,0.6300491007720325,0.09182694241786078
thanh4+𫼰,thanh4,0.10374656319618225,0.7036722230964446,0.09292572656607147
thanh4+𪢠,thanh4,0.08382204920053482,0.7145395930109878,0.09557647475748683
thanh4+婫,thanh4,0.08993849903345108,0.7419901916019334,0.07866367412573595
thanh4+󱏛,thanh4,0.15625335276126862,0.6488725946853121,49.53334638958765
thanh4+𡃝,thanh4,0.11909231543540955,0.59053488110253,0.07856432434110489
thanh4+䐥,thanh4,0.11174686998128891,0.5063452792399977,0.08837002713577213
thanh4+𡏠,thanh4,0.10502631217241287,0.6830271112236874,0.08529424978318602
thanh4+󰢜,thanh4,0.10542750358581543,0.6020649826149346,0.0856731908308105
thanh4+󱛵,thanh4,0.08779382705688477,0.6660443988678685,72.36058696407888
thanh4+𣎞,thanh4,0.11735676974058151,0.6848299422112512,0.0859628787233434
thanh4+󰝎,thanh4,0.11789720505475998,0.6720240325894473,0.07732338093492583
thanh4+󱥭,thanh4,0.11295098066329956,0.707565023430857,1.3635431920394792
thanh4+󱝖,thanh4,0.15089382231235504,0.7134918720435287,0.08928575086162449
thanh4+󱳒,thanh4,0.08713463693857193,0.6518486963183557,0.07918551783364662
thanh4+𪢷,thanh4,0.07475287467241287,0.7719034864469024,0.06465722640224399
thanh4+𢴊,thanh4,0.13038699328899384,0.6356070336921712,0.07703896588881301
thanh4+𡫡,thanh4,0.12984080612659454,0.6203929058434193,0.09427764762986245
thanh4+𮫷,thanh4,0.10645218193531036,0.6854334216808542,0.07436081503041607
thanh4+𡂷,thanh4,0.08505240082740784,0.6481037662132128,0.0921313469803516
thanh4+𠻇,thanh4,0.10030002146959305,0.7240516004017954,0.08017746612222658
thanh4+𫧟,thanh4,0.14581823348999023,0.6505073308671956,0.0595736802838664
thanh4+𠽂,thanh4,0.10917013138532639,0.7026798379084654,0.07995613527242655
thanh4+󱘰,thanh4,0.11350913345813751,0.6992036225057223,0.11737440292234026
thanh4+𡃙,thanh4,0.11682029813528061,0.5974819049248961,0.08960662021928284
thanh4+󱥦,thanh4,0.12455661594867706,0.6590609336954071,75.19021243063038
thanh4+𬞑,thanh4,0.0926055759191513,0.6274212970181875,0.09311501006094187
thanh4+󱪱,thanh4,0.10178814828395844,0.5698450034088891,0.08595035119483363
thanh4+𠴭,thanh4,0.11051632463932037,0.6262090203201849,0.07205773782134463
thanh4+𫄋,thanh4,0.09783259779214859,0.6880018481315393,0.0892568857600272
thanh4+𫪁,thanh4,0.13006733357906342,0.6129912904781889,0.09392519680347615
thanh4+󱞝,thanh4,0.09153680503368378,0.7148252921859134,0.08259508228970282
thanh4+󰭙,thanh4,0.12295471131801605,0.553150583419134,0.08594959769198651
thanh4+󱌰,thanh4,0.1406223475933075,0.6573014486111379,0.0554734341006258
thanh4+󱠼,thanh4,0.12770801782608032,0.6439600051305042,0.07631006979927002
thanh4+󰂛,thanh4,0.12517158687114716,0.702596725351299,0.10236118931391919
thanh4+󱘠,thanh4,0.11035554111003876,0.6283956968976777,0.09301611811177869
thanh4+󱝒,thanh4,0.1143607646226883,0.6945712850779282,0.09427575220249824
thanh4+󱰐,thanh4,0.1410878598690033,0.6646000605276537,0.09325886642393356
thanh4+𬖵,thanh4,0.08813437074422836,0.6576533256445782,0.07785384787836515
thanh4+𰈨,thanh4,0.09230375289916992,0.6866657069785097,0.09394876355236055
thanh4+󱦩,thanh4,0.12451723963022232,0.5215038208936612,2.421653236159608
thanh4+𰦫,thanh4,0.08528655767440796,0.6843899646925246,0.06732507973478134
thanh4+𬮷,thanh4,0.14457514882087708,0.4649697133731228,0.5321616164284624
thanh4+𢙬,thanh4,0.12133355438709259,0.7055308174021644,0.085958367877271
thanh4+𪀆,thanh4,0.11668711155653,0.5239007420890562,0.0812611491986755
thanh4+𪡿,thanh4,0.13462302088737488,0.4797134532482945,0.08581981459333604
thanh4+󰐨,thanh4,0.13002125918865204,0.7172651931999414,0.07857087401203659
thanh4+𬓓,thanh4,0.12532521784305573,0.5298650385418203,0.08574404399947912
thanh4+󱞆,thanh4,0.1628158837556839,0.5188335716330875,0.11555388881137442
thanh4+󱩬,thanh4,0.11526935547590256,0.6060193085514047,0.07553169150622577
thanh4+𤣡,thanh4,0.1124686598777771,0.664122197647669,0.12338464476465098
thanh4+𪢜,thanh4,0.09704659134149551,0.6062585712574153,0.09361218923565169
thanh4+󱘧,thanh4,0.1007695198059082,0.6977532448830238,0.08519952483495381
thanh4+𭈒,thanh4,0.15348930656909943,0.6645801570039015,0.14111704797894842
thanh4+𧟝,thanh4,0.11551083624362946,0.5330793040482197,0.12109605438710924
thanh4+𥌈,thanh4,0.11383842676877975,0.5244156797187772,0.09559075089822533
thanh4+𥶱,thanh4,0.08823613077402115,0.7074355099300575,0.09043798312904115
thanh4+󱬑,thanh4,0.09099359810352325,0.6604414531413826,0.08119562970874576
thanh4+𦨭,thanh4,0.09882757812738419,0.7527007371946082,0.1094199205917268
thanh4+󱠑,thanh4,0.09247191250324249,0.7130318956694351,0.07732950384505587
thanh4+𰋝,thanh4,0.16770637035369873,0.5772444081425689,0.14010554215564622
thanh4+𭉷,thanh4,0.10582544654607773,0.7247261585078915,0.07362577606783065
thanh4+󱹓,thanh4,0.14388036727905273,0.5237147128371977,0.06475878358433718
thanh4+𢷰,thanh4,0.11283760517835617,0.6396378623767819,0.08388750672787955
thanh4+𮤭,thanh4,0.14803019165992737,0.5926416346381898,0.07842092597032739
thanh4+󱹺,thanh4,0.10431959480047226,0.6346454868370082,0.07568890191351328
thanh4+󱮧,thanh4,0.1316480040550232,0.646903262850222,0.07980357281475632
thanh4+𠴘,thanh4,0.11321520060300827,0.6912432379284122,0.09031944513378733
thanh4+𧋸,thanh4,0.10284305363893509,0.6753944494204859,0.07545539856376828
thanh4+𫢶,thanh4,0.12420154362916946,0.6461112355865201,0.10243527388757685
thanh4+𣖗,thanh4,0.14135776460170746,0.5231128696462195,0.09362289183192041
thanh4+𪡆,thanh4,0.10469295084476471,0.6696302464303263,0.07035871859817389
thanh4+𡜒,thanh4,0.08594764769077301,0.6672869464856704,0.09982486825962422
thanh4+󱹡,thanh4,0.09803609549999237,0.5490330329467067,0.1027134195222219
thanh4+󱜾,thanh4,0.08007195591926575,0.6800635288639353,0.06532660566675219
thanh4+𬕳,thanh4,0.14284759759902954,0.643878059908752,0.08330466553067738
thanh4+󱜖,thanh4,0.10942286252975464,0.727786073469841,0.06523167066053458
thanh4+𮜲,thanh4,0.13495832681655884,0.6327018158168485,0.08510456140124854
thanh4+󱛅,thanh4,0.10191179811954498,0.6306609597624713,0.0935357207051535
thanh4+𠏠,thanh4,0.12511026859283447,0.706379472602425,0.09072571314925541
thanh4+溒,thanh4,0.09332522004842758,0.707210152963186,0.08567533589799252
thanh4+𠿵,thanh4,0.09004941582679749,0.5657125105768283,0.082588687523979
thanh4+󱉲,thanh4,0.12086933851242065,0.5189918589512339,5.586884126937005
thanh4+𠾺,thanh4,0.11307643353939056,0.6136595045906716,0.08312812588358028
thanh4+󰞘,thanh4,0.12941290438175201,0.6930926893960606,0.05605436005898059
thanh4+𡓯,thanh4,0.0784415677189827,0.6898631536257839,0.11696045877233126
thanh4+𢯝,thanh4,0.14701397716999054,0.7055978551612405,0.10490076959011603
thanh4+󰢽,thanh4,0.10772109776735306,0.7287171041910289,0.08789268186791606
thanh4+󰅲,thanh4,0.13212211430072784,0.604373845200784,0.06731702392191515
thanh4+㘢,thanh4,0.1288183182477951,0.6521908961091226,0.0652489392912467
thanh4+󱟨,thanh4,0.12713681161403656,0.5920756212037851,0.0804803578903782
thanh4+𨂗,thanh4,0.08438347280025482,0.5688694234904322,0.10402434771059998
thanh4+󰬨,thanh4,0.08014657348394394,0.7236107694198465,0.08600607510782614
thanh4+𫲼,thanh4,0.12600351870059967,0.7015267688904413,0.07580410666895276
thanh4+󱨇,thanh4,0.08224144577980042,0.7033171470674661,0.06461580476711287
thanh4+𩼁,thanh4,0.08927223831415176,0.701233430273359,0.08549874493943908
thanh4+󰛈,thanh4,0.11665798723697662,0.6810941458230501,0.08652449471608481
thanh4+󰡊,thanh4,0.08037067949771881,0.6803822096739269,0.07686946495439924
thanh4+𩛸,thanh4,0.10796128213405609,0.716762429115158,0.08683197467070698
thanh4+𡇻,thanh4,0.08602705597877502,0.7252199264670293,0.06345618993003653
thanh4+𫞡,thanh4,0.11486218869686127,0.5808021686827849,0.08910079088844604
thanh4+𠶈,thanh4,0.14547476172447205,0.5326917592813816,0.08492974704888695
thanh4+堹,thanh4,0.12390793114900589,0.6235062255719396,0.09908045964807748
thanh4+𠲏,thanh4,0.09783214330673218,0.6908343166196892,0.08329644877142647
thanh4+󰞬,thanh4,0.14336469769477844,0.6649816676398062,0.08673222790026096
thanh4+蓸,thanh4,0.10410360991954803,0.7378323602863602,0.13994633405405268
thanh4+𦲼,thanh4,0.08871953934431076,0.676231336610778,0.0984071680286039
thanh4+󱤒,thanh4,0.10536463558673859,0.6429096943365351,0.09428847541077084
thanh4+󱚑,thanh4,0.1324051022529602,0.5907310992806413,0.09177328660005969
thanh4+䰺,thanh4,0.10772960633039474,0.590905126850613,0.08058380628428442
thanh4+󱞻,thanh4,0.11595836281776428,0.7005742627649285,0.08821474938368284
thanh4+𠸄,thanh4,0.1095222681760788,0.5549178516249992,0.07799054786820671
thanh4+󱓦,thanh4,0.1083163172006607,0.7520951147754641,0.08658412798972433
thanh4+󱫴,thanh4,0.1070055440068245,0.5739565254143498,0.08682899315566484
thanh4+𥵉,thanh4,0.1227756142616272,0.5771489463171587,0.08113464535994566
thanh4+𠱻,thanh4,0.11836716532707214,0.7226886389047733,0.12430716480550423
thanh4+󰢉,thanh4,0.1376418173313141,0.6038646215676065,0.10564366490480424
thanh4+𪣮,thanh4,0.10363704711198807,0.6886583522639886,0.06742068339223489
thanh4+󱥑,thanh4,0.10720908641815186,0.623663912152426,0.10418559785867869
thanh4+𡁚,thanh4,0.08239084482192993,0.6515480928721903,0.08957010704652862
thanh4+󱰗,thanh4,0.12077588587999344,0.6781418457056552,0.11945452248572701
thanh4+󱛱,thanh4,0.09926799684762955,0.6572123638615271,0.09011443535880874
thanh4+𢹊,thanh4,0.10881578177213669,0.59969546001604,0.1001260356970022
thanh4+𡃜,thanh4,0.10790693014860153,0.6169750650813217,0.07350228903065843
thanh4+󱝑,thanh4,0.12168921530246735,0.6058697374245502,0.07529645186527749
thanh4+𡀇,thanh4,0.10926799476146698,0.536117552832658,0.07501064639338284
thanh4+󱰖,thanh4,0.12210942804813385,0.6467671843006891,0.09158677754823118
thanh4+𡁛,thanh4,0.08476176857948303,0.6298636497440349,0.08496061978014896
thanh4+󱣗,thanh4,0.1314399540424347,0.4459353026467869,0.07314224868382019
thanh4+󰬲,thanh4,0.11172987520694733,0.6979268804363193,0.13025271909318073
thanh4+𤼞,thanh4,0.1132601797580719,0.603417607585918,0.10902370644025107
thanh4+𪱎,thanh4,0.12064184248447418,0.5781728308090276,0.11608593106270841
thanh4+󱋃,thanh4,0.08422190696001053,0.7117434860947367,0.07641268348548709
thanh4+睈,thanh4,0.09241688251495361,0.7355966672997523,0.06971318057467674
thanh4+𤁔,thanh4,0.10659817606210709,0.6062953917796384,0.12536947299406662
thanh4+󱬻,thanh4,0.0980481430888176,0.6804212855721457,0.08347384354946381
thanh4+󱪼,thanh4,0.08817356079816818,0.5976355966099218,0.08651535527135155
thanh4+󱪉,thanh4,0.12869997322559357,0.6574747150185574,0.0801477030962985
thanh4+哠,thanh4,0.13418754935264587,0.6689040054985025,0.08540930984286604
thanh4+󱫗,thanh4,0.1212356686592102,0.5878793514086839,0.08368651575737973
thanh4+𫪄,thanh4,0.1348966658115387,0.6208148524025494,0.0839535358068167
thanh4+𡃓,thanh4,0.12140774726867676,0.630335904333408,0.08237082222170981
thanh4+󱞣,thanh4,0.13002023100852966,0.5952402814725725,0.08204997901911183
thanh4+𪖺,thanh4,0.11571960151195526,0.5773129413285254,0.18101015106116222
thanh4+𦟑,thanh4,0.13373099267482758,0.7009742834628114,0.08817068357528364
thanh4+𫔬,thanh4,0.09486983716487885,0.6904200173985946,0.05000294327766877
thanh4+𪡱,thanh4,0.12709054350852966,0.5813818660230197,0.1233514119810793
thanh4+󰂻,thanh4,0.13015520572662354,0.5493626886026547,0.07497251897258121
thanh4+󱗘,thanh4,0.12191314250230789,0.5566172269010222,0.07428337773529893
thanh4+𠿁,thanh4,0.11964251846075058,0.6593172025679895,0.09051811947986384
thanh4+󱼒,thanh4,0.12914606928825378,0.634086823683712,0.07736127300803741
thanh4+𰈏,thanh4,0.10623529553413391,0.6498974377920892,0.08619422844868833
thanh5+𧌂,thanh5,0.08215674757957458,0.7347175647477392,0.15034258314441476
thanh5+𡁽,thanh5,0.1414480060338974,0.5046788783087717,0.83109966606834
thanh5+󰡊,thanh5,0.06618750840425491,0.731175705600889,0.18106201818713874
thanh5+偖,thanh5,0.07412154972553253,0.758853790252128,0.11257742191097127
thanh5+󱥭,thanh5,0.13044531643390656,0.597414990257345,0.32303972262141767
thanh5+𬂨,thanh5,0.10337600111961365,0.5354419454956152,0.19271833922507398
thanh5+󱝒,thanh5,0.10341395437717438,0.6609964050769692,0.29416478494332593
thanh5+󰠎,thanh5,0.11251881718635559,0.6820322881942847,0.2444271167800766
thanh5+𩹹,thanh5,0.07612217217683792,0.7189830765163676,0.18734654345726923
thanh5+𢶽,thanh5,0.10740983486175537,0.5828175137647964,0.3698429859543402
thanh5+󰘇,thanh5,0.14741340279579163,0.2093849697882468,0.6482286408358666
thanh5+󱞟,thanh5,0.12045229971408844,0.611605312960914,0.3550523126077972
thanh5+𨮉,thanh5,0.11583442240953445,0.5660440011119562,0.3524355360415472
thanh5+󰘓,thanh5,0.1460944563150406,0.6536509019111467,0.17971217533804654
thanh5+𠷥,thanh5,0.11383840441703796,0.7109718635341562,0.19828212285886915
thanh5+𪢊,thanh5,0.08122812211513519,0.6478496796457364,0.16419596411021853
thanh5+󱌰,thanh5,0.16355517506599426,0.582720804119447,0.09040626320289168
thanh5+𭰺,thanh5,0.14940208196640015,0.5075264539245736,0.2622746840461447
thanh5+󱨇,thanh5,0.10070356726646423,0.6442948186036939,0.14210008400037508
thanh5+󱚍,thanh5,0.0940462127327919,0.6860367959037372,0.18938094083309856
thanh5+󰢣,thanh5,0.11371604353189468,0.5727015124974131,0.7215797169146333
thanh5+𧞿,thanh5,0.15786702930927277,0.3731698560032401,0.5377301386615317
thanh5+󰸪,thanh5,0.09029548615217209,0.6550335243468971,0.28059687171201325
thanh5+󱞻,thanh5,0.11209528893232346,0.6713021682470739,0.24145576133155622
thanh5+󱚒,thanh5,0.08591841161251068,0.7218550949797727,0.1806600567015075
thanh5+𡫫,thanh5,0.11542445421218872,0.5836119976377364,1.037232697198858
thanh5+󱬊,thanh5,0.12016669660806656,0.5606811170741811,0.4615383389589909
thanh5+󱦅,thanh5,0.17164307832717896,0.39326905187143246,1.831704731034759
thanh5+󱰯,thanh5,0.11741611361503601,0.7192319094835585,0.1961143157362725
thanh5+󱩸,thanh5,0.11622442305088043,0.5411888873316245,0.1829232442822477
thanh5+󱩩,thanh5,0.1327865570783615,0.6035147873381146,0.34094537763230076
thanh5+堒,thanh5,0.12755753099918365,0.5994243713567513,2.656369780015529
thanh5+󱞐,thanh5,0.1130821630358696,0.586464167298804,0.2408976375059395
thanh5+󱰪,thanh5,0.11219394952058792,0.4974620628652916,0.9700320505198895
thanh5+𤊤,thanh5,0.07397741079330444,0.678125320694646,0.12335645046765809
thanh5+󱞽,thanh5,0.10958326607942581,0.5777321343205127,0.4365638909285094
thanh5+鏙,thanh5,0.10441268980503082,0.6796669158026084,0.24360928818936967
thanh5+湳,thanh5,0.10134916007518768,0.7190050496288282,0.15082000043931823
thanh5+󱢣,thanh5,0.10049349069595337,0.6012220415784318,0.22342518504433798
thanh5+𦷬,thanh5,0.055072441697120667,0.673024383624302,0.12040131218882842
thanh5+𫭅,thanh5,0.1184578463435173,0.6131676543570009,0.24306504110809826
thanh5+𡪦,thanh5,0.10542084276676178,0.6463754292744314,0.24713746153808977
thanh5+󱢅,thanh5,0.09773960709571838,0.5295593084406724,0.27577630509368983
thanh5+󱋃,thanh5,0.0655522570014,0.771166079651842,0.11308678927502647
thanh5+娫,thanh5,0.10182774066925049,0.6135206479394659,0.513321038055859
thanh5+𫆶,thanh5,0.08175742626190186,0.5851144424925006,0.24588049734227876
thanh5+𠴹,thanh5,0.07829313725233078,0.7753885133586179,0.12493792098489809
thanh5+𤐠,thanh5,0.08100797235965729,0.6933510223811723,0.1676229664034589
thanh5+𡅯,thanh5,0.11504922807216644,0.592068261267884,0.3888213623541464
thanh5+󱛥,thanh5,0.1068129763007164,0.650663370264592,0.2564612630035186
thanh5+󱥦,thanh5,0.10518202930688858,0.6123249155386536,0.43866867999507747
thanh5+𦟟,thanh5,0.11838596314191818,0.5217864842069498,0.6583398770796581
thanh5+𤹕,thanh5,0.15061241388320923,0.5202079830737502,0.331725877254702
thanh5+埨,thanh5,0.09753648936748505,0.6837157199580057,0.20947553130762467
thanh5+㗭,thanh5,0.07038922607898712,0.7235072238208637,0.1632061362741624
thanh5+󰈠,thanh5,0.10638847202062607,0.6562414971282136,0.21942122243340034
thanh5+󱝑,thanh5,0.11263049393892288,0.6270405172914539,0.273821865847591
thanh5+󱺃,thanh5,0.08124704658985138,0.7265663038334147,0.1625892476226528
thanh5+𥵖,thanh5,0.09299233555793762,0.6584551012978723,0.21729790019500536
thanh5+𪥘,thanh5,0.07289708405733109,0.7094435009703458,0.2096502532365486
thanh5+󱅒,thanh5,0.11518500000238419,0.6061605511897086,0.29289073351982986
thanh5+󱚭,thanh5,0.08587583154439926,0.6055109346493786,0.2416836087536618
thanh5+𡏯,thanh5,0.08240697532892227,0.5407229964095861,0.2348134998198594
thanh5+𫥿,thanh5,0.11983824521303177,0.5618955754828525,0.37757095787000255
thanh5+󱛙,thanh5,0.10052113234996796,0.6434982815856285,0.18790993663180144
thanh5+𦟖,thanh5,0.09380288422107697,0.6167555061954009,0.26415067541743337
thanh5+𫇿,thanh5,0.11768107861280441,0.6699498148746931,0.2215745614843343
thanh5+𨔌,thanh5,0.13539505004882812,0.5700441704384663,0.41152873628889647
thanh5+󱹡,thanh5,0.09210526198148727,0.6054250982938503,0.1579756046088497
thanh5+𧒅,thanh5,0.0771598070859909,0.7396411624756584,0.16901825966553397
thanh5+󱫑,thanh5,0.08977437764406204,0.5400389802026897,0.1926023718298234
thanh5+𫆮,thanh5,0.10273980349302292,0.4661249916457829,0.3057033277978995
thanh5+𦝺,thanh5,0.1396940052509308,0.4662882404071795,2.1875525751689504
thanh5+󱤲,thanh5,0.1367940604686737,0.559815751155513,0.44709845916465146
thanh5+󱝻,thanh5,0.13486458361148834,0.45201775239592984,0.2610857916111682
thanh5+哖,thanh5,0.07638832181692123,0.7546852245019415,0.15211471869683382
thanh5+󰫽,thanh5,0.10225697606801987,0.6664396415085067,0.22312453354904957
thanh5+𠴌,thanh5,0.09074798226356506,0.7681831389521057,0.13607241248484633
thanh5+𪬪,thanh5,0.15690180659294128,0.49233685501164604,0.4028331509107401
thanh5+𠲹,thanh5,0.18659088015556335,0.5747205529732934,0.23649189586749905
thanh5+𢪭,thanh5,0.1259223371744156,0.5549845260312263,0.390673176812624
thanh5+󱯗,thanh5,0.1755523532629013,0.4326583952705317,3.061392708049697
thanh5+󱏛,thanh5,0.15327388048171997,0.5812315461182536,0.23989786589619255
thanh5+𠮙,thanh5,0.08006634563207626,0.7999307085434484,0.09041089085589848
thanh5+󰃧,thanh5,0.10212650895118713,0.5959050031885561,0.34720321937542753
thanh5+𠹖,thanh5,0.1041254848241806,0.7040174257646981,0.244220268688887
thanh5+𡃆,thanh5,0.09355621039867401,0.6547258376646296,0.282146942915283
thanh5+𠶂,thanh5,0.0816982313990593,0.758123625712738,0.14829924714211296
thanh5+󱣶,thanh5,0.12792600691318512,0.6492241068231943,0.26797260278128765
thanh5+󱹺,thanh5,0.08500747382640839,0.7381436916869133,0.16499915112584296
thanh5+󰂘,thanh5,0.08700187504291534,0.696808400072852,0.16106811657656986
thanh5+󱥻,thanh5,0.08348068594932556,0.6853636149835441,0.20868048326033384
thanh5+𬞰,thanh5,0.10378029197454453,0.6138365872436028,0.2837734678147174
thanh5+󱚇,thanh5,0.14194649457931519,0.48791902406459314,0.5787249538729099
thanh5+󰂛,thanh5,0.0876828208565712,0.7128929575994037,0.12775654013192275
thanh5+𫔬,thanh5,0.13236922025680542,0.6178492763814345,0.35992777253309044
thanh5+𡁞,thanh5,0.10940887033939362,0.7101536227681496,0.20929511971687811
thanh5+󱫠,thanh5,0.15407288074493408,0.3629057953258365,0.272603491259723
thanh5+𬦄,thanh5,0.10212209075689316,0.678136381255258,0.25882118845606006
thanh5+𡀦,thanh5,0.11316462606191635,0.5916221596449294,0.2995565144551277
thanh5+𬅷,thanh5,0.09218694269657135,0.7178598544322107,0.19045715800574273
thanh5+𪁄,thanh5,0.09037113189697266,0.560290367767135,0.17164525816161777
thanh5+󱘰,thanh5,0.12576958537101746,0.5670066692257832,0.3357281362871716
thanh5+𪿀,thanh5,0.09259353578090668,0.5650955791588096,0.2742255297999517
thanh5+㺜,thanh5,0.09366142749786377,0.6778358609814708,0.2516757618562699
thanh5+㙘,thanh5,0.0898260548710823,0.6242451475054304,0.15233347805618738
thanh5+𡗅,thanh5,0.16264453530311584,0.6364413089446929,0.2901222671976792
thanh5+𡎜,thanh5,0.0901506170630455,0.7161901744808312,0.1893098768516869
thanh5+婻,thanh5,0.12532426416873932,0.5080002440157229,0.1980091893200793
thanh5+𧜗,thanh5,0.07985196262598038,0.6656327467847155,0.16391256999322487
thanh5+𠶒,thanh5,0.09842744469642639,0.7308167114088391,0.14966482570568718
thanh5+󱬎,thanh5,0.12908786535263062,0.5202097946292945,0.5223021786349137
thanh5+𭡏,thanh5,0.0972357764840126,0.6776226258062783,0.41847773689753015
thanh5+󱡰,thanh5,0.12872982025146484,0.5367665783481299,0.4335542529565906
thanh5+󱟨,thanh5,0.1136099249124527,0.5926699052704525,0.221094556761573
thanh5+𨄮,thanh5,0.11896784603595734,0.4258826525974971,0.21866537155400656
thanh5+𠼸,thanh5,0.11761917918920517,0.5800897618107663,0.3638853420894009
thanh5+𫧟,thanh5,0.12536320090293884,0.4255906478730833,0.2453105078212073
thanh5+𡮣,thanh5,0.14024516940116882,0.6375051210962093,0.28378575046277427
thanh5+𡌡,thanh5,0.1257065236568451,0.6396916368312564,0.19081792016125887
thanh5+󱩻,thanh5,0.11050096154212952,0.6540165745026666,0.1720597798659924
thanh5+󱛪,thanh5,0.09273996949195862,0.5658499013595025,0.24319197922512167
thanh5+󱯏,thanh5,0.07962513715028763,0.6046707835577784,0.1838535050244414
thanh5+󰬟,thanh5,0.08694195002317429,0.6347845535957755,0.1656542970335627
thanh5+𤻓,thanh5,0.12003001570701599,0.5491739021953363,0.294480185609338
thanh5+󰭏,thanh5,0.10238373279571533,0.5955222598294764,0.17620505883725182
thanh5+󱝂,thanh5,0.10719525814056396,0.7132171859952887,0.17378231820976994
thanh5+𣋇,thanh5,0.06623747199773788,0.6557369434738725,0.20966349623282535
thanh5+𡀬,thanh5,0.12954941391944885,0.6313075616019826,0.36356006551464315
thanh5+󱞕,thanh5,0.08304138481616974,0.7575546982222142,0.12102961155391578
thanh5+𣛤,thanh5,0.10937610268592834,0.5442803983742089,0.39911330182496957
thanh5+𫯲,thanh5,0.08934244513511658,0.6603190895281565,0.2815819073078371
thanh5+𡄧,thanh5,0.13463039696216583,0.47774533583254275,0.23556059342295343
thanh5+󱪎,thanh5,0.15391716361045837,0.5918154753473521,0.47140479414532077
thanh5+󱥯,thanh5,0.1410721093416214,0.4856963990191286,0.41229609209475093
thanh5+󱭪,thanh5,0.10554426163434982,0.6650494901787214,0.2946891187398122
thanh5+濧,thanh5,0.1316407322883606,0.5266978919013858,0.3041459289708885
thanh5+㤝,thanh5,0.07123759388923645,0.7751967202995422,0.14575331745833006
thanh5+𪡴,thanh5,0.07211942225694656,0.6937665257638947,0.24212393038464422
thanh5+𪝅,thanh5,0.07401928305625916,0.7168257367137248,0.1709501887569211
thanh5+󱮧,thanh5,0.11232501268386841,0.572569131612272,0.22346079160627755
thanh5+捠,thanh5,0.08546527475118637,0.6433416835820353,0.1663626311368439
thanh5+𡅑,thanh5,0.10292094200849533,0.5717144427426791,0.3349193108514122
thanh5+𫉩,thanh5,0.068880595266819,0.7033137646930221,0.18817779929463996
thanh5+𡄳,thanh5,0.08065931499004364,0.659133581080482,0.2074448117430372
thanh5+𢹾,thanh5,0.12908394634723663,0.4183651098134116,0.24298258885937754
thanh5+󱜴,thanh5,0.13411375880241394,0.42993858589595263,0.3387001961008409
thanh5+󱟠,thanh5,0.08888254314661026,0.5862730055877753,0.20826738390475863
thanh5+𡎔,thanh5,0.09792470186948776,0.6798267618514764,0.1624935601375137
thanh5+󰛼,thanh5,0.11978939175605774,0.501031810200108,0.42856183584505025
thanh5+䈊,thanh5,0.10199978202581406,0.5828218772729734,0.2372617278919599
thanh5+󱞢,thanh5,0.12881729006767273,0.5144729302891561,0.4951573277829684
thanh5+澿,thanh5,0.10432171821594238,0.6252310411477725,0.24754193673918615
thanh5+󱋰,thanh5,0.12292119115591049,0.47690738460037513,0.34538613621741243
thanh5+𠸙,thanh5,0.09468302875757217,0.7201237741491886,0.17523958458022781
thanh5+𭋙,thanh5,0.07928617298603058,0.6694250378715287,0.13690406409455855
thanh5+𡮺,thanh5,0.1334093064069748,0.5228924305266053,0.306352100363749
thanh5+𠸫,thanh5,0.10800869017839432,0.6653321240733767,10.869780020476322
thanh5+𦼜,thanh5,0.10137481987476349,0.7218613702203404,0.1743276689047687
thanh5+󱮑,thanh5,0.1604660004377365,0.5119741338724274,0.2903425618231362
thanh5+󱲗,thanh5,0.12420197576284409,0.5487021289990855,0.3842701169948303
thanh5+𰇵,thanh5,0.07152532041072845,0.7600038332350371,0.11260554753487236
thanh5+𡄡,thanh5,0.09270718693733215,0.6637173581059905,0.20366221698224593
thanh5+𪢍,thanh5,0.0772654265165329,0.66455833068545,0.2847141671842465
thanh5+󱦪,thanh5,0.15583856403827667,0.5618527960234362,0.3586738339247056
thanh5+𢪥,thanh5,0.07531227171421051,0.5152062725734601,0.1104051465789142
thanh5+𫮲,thanh5,0.10409954190254211,0.5527527470698631,0.21964180098180944
thanh5+𬀦,thanh5,0.07218536734580994,0.7329614700546492,0.09772201443877486
thanh5+𣓾,thanh5,0.12189596146345139,0.6056123388402431,0.22990782126726447
thanh5+󰙘,thanh5,0.13079103827476501,0.5553855884766264,0.20757060570669675
thanh5+󱰗,thanh5,0.1168673187494278,0.6060710621691898,0.20316529986349552
thanh5+𠴭,thanh5,0.07796551287174225,0.7399067516006537,0.1795524675598653
thanh5+𧍇,thanh5,0.09788394719362259,0.7108371834113246,0.15934709954860135
thanh5+󱨫,thanh5,0.14993417263031006,0.6317238626736091,0.22718729277131944
thanh5+𠹰,thanh5,0.07581952214241028,0.6809213410714036,0.23394972180767207
thanh5+󰯺,thanh5,0.12055827677249908,0.5515224437303723,0.3347406259974615
thanh5+󱯠,thanh5,0.11996233463287354,0.5262930620079691,0.37388438886625575
thanh5+呯,thanh5,0.0958075076341629,0.769522041476422,0.10064761135571725
thanh5+󱞾,thanh5,0.11373408138751984,0.6203819647327394,0.3453823480747465
thanh5+󱝐,thanh5,0.08951979875564575,0.7096343388858996,0.1979034542741339
thanh5+󱼖,thanh5,0.12972134351730347,0.5344242253072574,0.6174093899736736
thanh5+󱍺,thanh5,0.08413954079151154,0.7123355325641383,0.14745436595987696
thanh5+󱠰,thanh5,0.08979064226150513,0.6922662720448681,0.22083572609150925
thanh5+𠴖,thanh5,0.10980470478534698,0.64134959508056,0.21510259403920604
thanh5+󱘓,thanh5,0.141034334897995,0.5472198339211388,0.3482143733802072
thanh5+󱟢,thanh5,0.09369280934333801,0.6495083985664541,0.22721525112513674
thanh5+󱠑,thanh5,0.1397441327571869,0.4745085838962041,0.2659515017316229
thanh5+󰨑,thanh5,0.19168469309806824,0.533965868548764,0.6080735809765409
thanh5+󱹪,thanh5,0.09999455511569977,0.6469290810494283,0.25385129728516187
thanh5+𢵻,thanh5,0.09948866814374924,0.6243278301810903,0.18502855868779053
thanh5+𪣱,thanh5,0.1249687448143959,0.6360195690985767,0.24258677407377652
thanh5+𬛀,thanh5,0.12894326448440552,0.6396130753330229,0.3457442588887653
thanh5+󰊫,thanh5,0.10472282767295837,0.6568008710926635,0.21456330648100022
thanh5+󱳴,thanh5,0.13944873213768005,0.5862248258776965,0.400236674763327
thanh5+𠷯,thanh5,0.10953585803508759,0.708222815403903,0.16566820540747432
thanh5+󱯈,thanh5,0.0996507778763771,0.6613891797597279,0.28848979892421106
thanh5+󱫸,thanh5,0.11220559477806091,0.6018205649068862,0.2759025526041373
thanh5+𪱴,thanh5,0.09449317306280136,0.729891610735146,0.15532697591591096
thanh5+󰙯,thanh5,0.09586868435144424,0.6529312836849496,0.1493688299070762
thanh5+𬏻,thanh5,0.11142568290233612,0.5853889921254549,0.18588554043901676
thanh5+𠲜,thanh5,0.07687999308109283,0.7817176934924536,0.10866514491315328
thanh5+󱨈,thanh5,0.11115406453609467,0.6117712640191443,0.23415612419461074
thanh5+𪺇,thanh5,0.13636934757232666,0.45352127117786917,0.4750635102498649
thanh5+󱖧,thanh5,0.18036185204982758,0.3899465011991352,0.6777808439579829
thanh5+󱨱,thanh5,0.125624418258667,0.6790840786414988,0.19718588772394363
thanh5+𣙯,thanh5,0.10803645849227905,0.6306107744160274,0.29923630954336256
thanh5+󱞳,thanh5,0.10556541383266449,0.7017906837025044,0.2112137086518077
thanh5+󱢥,thanh5,0.11459559947252274,0.5255332686260775,0.43196484607167135
thanh5+𪖺,thanh5,0.11507109552621841,0.5253395854186165,0.3047801852679663
thanh5+𡑪,thanh5,0.09416694939136505,0.6721363696259517,0.27807971084383176
thanh5+󱛕,thanh5,0.07892753928899765,0.7132279785865538,0.20421395360176384
thanh5+𫼿,thanh5,0.11850499361753464,0.6289005640213547,0.31653798552776663
thanh5+󰙅,thanh5,0.08695104718208313,0.6107653520512738,0.14113284620796795
thanh5+𥱫,thanh5,0.12315391004085541,0.5420495033786479,0.31034940533742406
thanh5+𩝻,thanh5,0.09121160954236984,0.671766676594639,0.3868048540095068
thanh5+󱺂,thanh5,0.1088041141629219,0.7122412409280808,0.18249505680428782
thanh5+𡁚,thanh5,0.07233309000730515,0.7466603991861287,0.14142849210054997
thanh5+󱰖,thanh5,0.14417728781700134,0.5542058587538363,0.4787733366724651
thanh5+𬕌,thanh5,0.09291021525859833,0.6322929879388532,0.16136078335048867
thanh5+𫏙,thanh5,0.12155954539775848,0.43858235439688914,0.17387808329227403
thanh5+󱜷,thanh5,0.07701442390680313,0.7477288694435862,0.1580651997991063
thanh5+󱝨,thanh5,0.1202508807182312,0.6144180418970526,0.3676285764663003
thanh5+󰞘,thanh5,0.12342527508735657,0.6677085509106744,0.20686032105574684
thanh5+󱰶,thanh5,0.09403807669878006,0.6836071687819606,0.2035025663453226
thanh5+󰄜,thanh5,0.14614050090312958,0.5623165935382789,0.5321775515231102
thanh5+𣘊,thanh5,0.061629071831703186,0.7643901809674502,0.14779578236944932
thanh5+𪤸,thanh5,0.11510329693555832,0.706692857726461,0.2031068021429935
thanh5+󱝭,thanh5,0.09161648154258728,0.7021379635490044,0.2091548782296806
thanh5+𠼇,thanh5,0.1123061254620552,0.6152406983681799,0.3065454878837178
thanh5+󱝯,thanh5,0.11333585530519485,0.5170560856559042,0.26298052983578124
thanh5+𫪌,thanh5,0.09522039443254471,0.5577251003153859,0.14359705468838516
thanh5+󱚂,thanh5,0.11295805126428604,0.6624761195603663,0.21754299876746097
thanh5+𠲡,thanh5,0.07246537506580353,0.7457337428974966,0.11666259470740621
thanh5+󱓦,thanh5,0.10465441644191742,0.49286274166941174,0.2056600943241289
thanh5+󱹽,thanh5,0.08269774913787842,0.7419881256118723,0.12599606792680032
thanh5+𪩥,thanh5,0.1286562830209732,0.5971301074967943,0.33542286302858376
thanh5+󱙵,thanh5,0.14694395661354065,0.34482292169103573,0.3698857865556409
thanh5+󱊚,thanh5,0.07150868326425552,0.7274754644069403,0.15918476757759778
thanh5+𤎓,thanh5,0.11308741569519043,0.6083867907289059,0.19304741707173154
thanh5+𢙬,thanh5,0.0980590358376503,0.6234006666797409,0.10007661031803705
thanh5+󰅬,thanh5,0.09896539896726608,0.6675213181464893,0.2241806303108309
thanh5+藞,thanh5,0.1354384869337082,0.6033667853442185,0.43722214372020646
thanh5+𠾾,thanh5,0.128666490316391,0.5924772334900276,0.21226350262811558
thanh5+󱛅,thanh5,0.090751513838768,0.6927105913469424,0.19347926524798872
thanh5+󰆐,thanh5,0.11034011840820312,0.6547784498708044,0.2780888967004602
thanh5+󱙌,thanh5,0.09711159765720367,0.7244000174090034,0.21357496932487752
thanh5+󱝺,thanh5,0.10890886187553406,0.6177820623529802,0.21456068384384272
thanh5+󱞄,thanh5,0.11575054377317429,0.6202322179239123,0.3208860838458159
thanh5+󱟕,thanh5,0.07742108404636383,0.6274352187451733,0.19348186459944805
thanh5+󱝀,thanh5,0.10301574319601059,0.5859374353277612,0.19486260851915763
thanh5+󱰮,thanh5,0.10324814170598984,0.5959826854584336,0.322562788728469
thanh5+胋,thanh5,0.07745761424303055,0.7333639377919307,0.11852236664318457
thanh5+󱠡,thanh5,0.12791475653648376,0.5747005915039749,0.3262214573007544
thanh5+󰶅,thanh5,0.10374186933040619,0.5818425192041388,0.2336903114203129
thanh5+󱥄,thanh5,0.10437306016683578,0.5823580322124648,0.39590033480692804
thanh5+𫞡,thanh5,0.06286773830652237,0.7444320219418686,0.1582505822671816
thanh5+󱪢,thanh5,0.09696900844573975,0.6479241837787056,0.24150569166861327
thanh5+𮫷,thanh5,0.1317729949951172,0.6202881106659035,0.3200454069097913
thanh5+󱫪,thanh5,0.12333603948354721,0.5914219949722368,0.3215979379249761
thanh5+󱲝,thanh5,0.11516328901052475,0.54935057507269,0.1888676739698477
thanh5+𫠼,thanh5,0.09708637744188309,0.6486259019771845,0.314637660924294
thanh5+󱭷,thanh5,0.13929523527622223,0.4149863006865424,0.3607959111816971
thanh5+𫢶,thanh5,0.07525745779275894,0.7110455112823756,0.22172153068748723
thanh5+𡇻,thanh5,0.12004260718822479,0.672515811999882,0.23388411848139276
thanh5+󱹜,thanh5,0.06934895366430283,0.6973528384188605,0.1707705592929825
thanh5+𫯐,thanh5,0.10428135097026825,0.675442716866357,0.19037828060934356
thanh5+𬂻,thanh5,0.10572127997875214,0.6594631834724968,0.20255067031005347
thanh5+𠶍,thanh5,0.08541732281446457,0.534011241922892,0.08129506795982844
thanh5+𨂗,thanh5,0.08048465847969055,0.6157584773076616,0.22634176794364344
thanh5+󱞑,thanh5,0.1454516053199768,0.6207368252908526,0.4264965490709735
thanh5+𩯂,thanh5,0.09608715027570724,0.6543199074472366,0.23491454306830692
thanh5+𥐨,thanh5,0.09349969029426575,0.551704433678564,0.2393114080463802
thanh5+𠀿,thanh5,0.10417166352272034,0.7074792999384524,0.1717234434979529
thanh5+𪉴,thanh5,0.09444644302129745,0.6136370060639064,0.3195164933757897
thanh5+𣕞,thanh5,0.09842046350240707,0.6730226492354893,0.26594077650470344
thanh5+𫬱,thanh5,0.09533333778381348,0.6492624347403423,0.18990467510207965
thanh5+𪤻,thanh5,0.11117346584796906,0.6682060490200014,0.3253479405464645
thanh5+𬈈,thanh5,0.15171296894550323,0.33137950916985115,0.802319646541835
thanh5+󱦔,thanh5,0.13809673488140106,0.5753316964269533,0.49605805692578303
thanh5+󱳭,thanh5,0.10585596412420273,0.599119541380149,0.37340516165864485
thanh5+𡫨,thanh5,0.10679168999195099,0.6371430243845665,0.23980037377536956
thanh5+𫡸,thanh5,0.161807581782341,0.5335551057993259,0.49330505354545967
thanh5+󱸠,thanh5,0.1231708750128746,0.5507930068481268,0.3636370087525526
thanh5+𡃝,thanh5,0.08887962251901627,0.6311880792389107,0.21316443426188547
thanh5+󱧔,thanh5,0.1431596726179123,0.6225363866923337,0.28916676864701524
thanh5+󱹓,thanh5,0.09299196302890778,0.4776418195983627,0.1149155376915144
thanh5+𬆅,thanh5,0.087680883705616,0.6782325954147815,0.1862932559862838
thanh5+󱠼,thanh5,0.07391498237848282,0.7292313776890784,0.11588764172735207
thanh5+𠼳,thanh5,0.10776812583208084,0.5538409428666301,0.22778406750198557
thanh5+𣻢,thanh5,0.1790311187505722,0.5584941445255943,0.36900516729407845
thanh5+󱞣,thanh5,0.1629813015460968,0.33653526808288176,0.35086947274404673
thanh5+𨄸,thanh5,0.07778803259134293,0.7435533113197875,0.12822673313022317
thanh5+𪶩,thanh5,0.12619556486606598,0.6404526468008847,0.21836357869057346
thanh5+𫄋,thanh5,0.10105053335428238,0.6805307870048158,0.22090758493877147
thanh5+𠞡,thanh5,0.14449341595172882,0.5602666961744327,6.919595773466653
thanh5+𩸮,thanh5,0.08301492035388947,0.6967296239597535,0.205078944455787
thanh5+𭈒,thanh5,0.11133909225463867,0.5981553293058988,0.2863705358109594
thanh5+𫧾,thanh5,0.12976428866386414,0.5361392389967172,0.261922644157695
thanh5+𫴬,thanh5,0.07878608256578445,0.7015838987726932,0.27625606027885236
thanh5+󱛽,thanh5,0.09577670693397522,0.6049191956352762,0.301129129894634
thanh5+𫼰,thanh5,0.10466552525758743,0.6447479976615677,0.5117714489598534
thanh5+𡀇,thanh5,0.07235091924667358,0.713382353937868,0.14264352646680115
thanh5+𨁟,thanh5,0.09393685311079025,0.6084029865295223,0.20419318482473905
thanh5+𪤽,thanh5,0.12309812009334564,0.698671129451506,0.20869006758168843
thanh5+𣌌,thanh5,0.12151367962360382,0.4108470401443129,0.3883077116921559
thanh5+㼫,thanh5,0.09368369728326797,0.6197872816687706,0.2635024356674404
thanh5+󱤠,thanh5,0.07370971143245697,0.7912389050168628,0.1008803289996927
thanh5+󱳪,thanh5,0.15102547407150269,0.5857519034243924,0.2789319040986409
thanh5+𩵾,thanh5,0.12261492758989334,0.6051976471267071,0.20098968694570815
thanh5+𣎞,thanh5,0.08474121987819672,0.7074796264326425,0.23248160649120442
thanh5+𠻅,thanh5,0.1099432185292244,0.6644787764308776,0.23833401881502658
thanh5+󰮃,thanh5,0.08309702575206757,0.6619474635524423,0.20573715279699456
thanh5+󱞙,thanh5,0.11689077317714691,0.49810096937023435,0.17672193467242536
thanh5+󱭧,thanh5,0.09299871325492859,0.7055666517472278,0.17590735784892153
thanh5+󱲙,thanh5,0.12137425690889359,0.4752923913374389,0.23598640298593643
thanh5+𫄉,thanh5,0.1361585259437561,0.5795019787634156,0.360103179773571
thanh5+󱚕,thanh5,0.06504058837890625,0.7499524656367924,0.0847462713677486
thanh5+𡁎,thanh5,0.09866422414779663,0.5331608247381509,0.16147044756584872
thanh5+󰣿,thanh5,0.1308118849992752,0.6674807657339482,0.2980645761122626
thanh5+󱦡,thanh5,0.12448637187480927,0.5465258840853853,0.44652287052785206
thanh5+󱜾,thanh5,0.1116989329457283,0.6980803411968114,0.19135956241566585
thanh5+󱛖,thanh5,0.049783606082201004,0.7637448243417162,0.13116554613430162
thanh5+𦨂,thanh5,0.13883697986602783,0.5024769260044097,0.6374888205703267
thanh5+𠽙,thanh5,0.16471372544765472,0.353137661251846,0.21065813739436293
thanh5+󱤚,thanh5,0.12096816301345825,0.5905173870539421,0.2777690769074947
thanh5+𡓟,thanh5,0.08734283596277237,0.7169819287931067,0.14340944348962262
thanh5+𥌈,thanh5,0.08032449334859848,0.6593207070121994,0.2851783085039042
thanh5+𬔽,thanh5,0.14206665754318237,0.5515268395374492,59.46933569390348
thanh5+󰼀,thanh5,0.11241476237773895,0.6255717263251832,0.31273278450871467
thanh5+𪠉,thanh5,0.07818808406591415,0.7191760361205629,0.1639061144106366
thanh5+󱛻,thanh5,0.10081130266189575,0.6768008162898662,0.15932996698539179
thanh5+𡁛,thanh5,0.10198330134153366,0.5967681506700138,0.2928516564352239
thanh5+󱬻,thanh5,0.13508686423301697,0.528009530092033,0.2531285954577868
thanh5+󰐨,thanh5,0.09496860951185226,0.744819447404284,0.1909651586687985
thanh5+𨃌,thanh5,0.13102126121520996,0.38760516050085747,0.23232531855892488
thanh5+𫯝,thanh5,0.14833791553974152,0.5838624905702948,0.5108168667135508
thanh5+𤄮,thanh5,0.1443120539188385,0.5871906769498316,0.3520946034743182
thanh5+𢠤,thanh5,0.10297158360481262,0.6698260750669,0.25403107959104365
thanh5+󱲥,thanh5,0.1223718672990799,0.6912299875777026,0.22953463154041184
thanh5+嘪,thanh5,0.07123669981956482,0.7391755416897641,0.11993935153393258
thanh5+󱟁,thanh5,0.07326007634401321,0.662864357144583,0.22094688153806155
thanh5+𤋽,thanh5,0.06699229776859283,0.7350857322847795,0.1603114362525909
thanh5+󱞿,thanh5,0.11257705837488174,0.6625069664279574,0.307752946739245
thanh5+𫱗,thanh5,0.09705790132284164,0.6741941112458983,0.25134535323362245
thanh5+󰂄,thanh5,0.07238397002220154,0.7597388039068078,0.1346291073786183
thanh5+𡍢,thanh5,0.11681298166513443,0.45314488110530293,0.7132571901226247
thanh5+󱬔,thanh5,0.1260305643081665,0.4757237640481755,1.6149821986908766
thanh5+𡋦,thanh5,0.09236343950033188,0.7013164014269454,0.15755024768142778
thanh5+󱹻,thanh5,0.1304200291633606,0.6025253654678825,0.3208843756230761
thanh5+𥾸,thanh5,0.09410817176103592,0.6709814105331482,0.2294249504875773
thanh5+󱡵,thanh5,0.10766923427581787,0.6490720916696312,0.2192601558769028
thanh5+𭉆,thanh5,0.13612361252307892,0.3870801659967783,0.2087854315522297
thanh5+𠿵,thanh5,0.11752239614725113,0.4752474591209547,0.2999113438720495
thanh5+𬙛,thanh5,0.11364054679870605,0.6222848727061077,0.16013847659114813
thanh5+𡳳,thanh5,0.1383337378501892,0.5215348489638338,0.4436461739668966
thanh5+𠽂,thanh5,0.06444639712572098,0.7735280935589331,0.12205701312230048
thanh5+𪣠,thanh5,0.0940103828907013,0.5902189846728546,0.36875508395152723
thanh5+𫟌,thanh5,0.1034654751420021,0.7083065000292769,0.15859743612102514
thanh5+𪶵,thanh5,0.14179456233978271,0.39267097312521626,0.30475962567356285
thanh5+󱩗,thanh5,0.15092076361179352,0.6020366837863591,0.45212375392450577
thanh5+󱞦,thanh5,0.12408342957496643,0.49848800339390464,0.3948989155687528
thanh5+󱗳,thanh5,0.16984865069389343,0.4811254989086909,0.4158232390999464
thanh5+𠹌,thanh5,0.12368235737085342,0.6181560150461155,0.4415532563521052
thanh5+𦄆,thanh5,0.09750968217849731,0.6285655612969976,0.14715610757075356
thanh5+𥭑,thanh5,0.0990566611289978,0.647436124208577,0.268456869926922
thanh5+𫴯,thanh5,0.14288602769374847,0.5089351379592025,0.7059794747586849
thanh5+𫬠,thanh5,0.13519367575645447,0.5892030767915346,0.33675064321515696
thanh5+𢰦,thanh5,0.13390210270881653,0.5248002237375445,0.27739788097352985
thanh5+󱤾,thanh5,0.14629991352558136,0.4925758333975098,0.2732558068382694
thanh5+𫥸,thanh5,0.13302630186080933,0.6171416286069218,0.35738084423244904
thanh5+噃,thanh5,0.0989818349480629,0.6869203595281619,0.17917328579699346
thanh5+󱙰,thanh5,0.10143328458070755,0.5995138874203718,0.20853284015394988
thanh5+𡏥,thanh5,0.10902920365333557,0.5029922114392096,0.15820576431741215
thanh5+󱝷,thanh5,0.0787479430437088,0.6992930662371535,0.16376371485795316
thanh5+󰌗,thanh5,0.04979201778769493,0.7830624647472497,0.11190597441851506
thanh5+𧒊,thanh5,0.1286991834640503,0.5594269430834651,0.44655901123538816
thanh5+𪡆,thanh5,0.10756690055131912,0.6869530567988134,0.2032684732808211
thanh5+𡉁,thanh5,0.10655636340379715,0.672150204234901,0.19783731801481028
thanh5+󱮟,thanh5,0.10580611228942871,0.6761434822993471,0.23348515622483704
thanh5+𠱻,thanh5,0.12782110273838043,0.6634671043402548,43.9213968736421
thanh5+𬛒,thanh5,0.15125834941864014,0.5082708236864931,0.5356593428081208
thanh5+󱛢,thanh5,0.06657122820615768,0.7319855794219643,0.16039634405308545
thanh5+𤼞,thanh5,0.13921040296554565,0.3072411288954136,0.4547989113832808
thanh5+󱧝,thanh5,0.17856161296367645,0.3523977804917792,0.2989990074982347
thanh5+𡚄,thanh5,0.11839747428894043,0.6070330652880942,0.3431217975475282
thanh5+󰜡,thanh5,0.07377795875072479,0.6585951611131134,0.09963056687280038
thanh5+𠇕,thanh5,0.09030456095933914,0.6605644857649657,2.366095428168126
thanh5+𩠸,thanh5,0.1008080393075943,0.6227093497584669,0.38493676801436405
thanh5+𫫴,thanh5,0.07841244339942932,0.5680715586841294,0.27844889752482
thanh5+𪺛,thanh5,0.13154715299606323,0.6254215693788016,0.8331322463345595
thanh5+󰧙,thanh5,0.13997071981430054,0.6245077778069232,0.4914126853191438
thanh5+𬑶,thanh5,0.14140570163726807,0.560937014390553,0.45224222032793177
thanh5+󱩳,thanh5,0.11578114330768585,0.5261415151173214,0.2472290880442415
thanh5+󱝗,thanh5,0.1290362924337387,0.5594374418513164,0.3067475217733982
thanh5+𡚝,thanh5,0.10431012511253357,0.6144153707279019,0.20517757274078421
thanh5+哠,thanh5,0.10544818639755249,0.7405859076508624,0.18530165244799826
thanh5+󰢉,thanh5,0.13501514494419098,0.48524450604522074,0.3116230796600302
thanh5+𫫛,thanh5,0.10287098586559296,0.6505142467775379,0.4805691601607343
thanh5+󱞝,thanh5,0.09951138496398926,0.6478846221653835,0.2639643440278821
thanh5+󱡉,thanh5,0.14144793152809143,0.5676961537785983,0.30592381218089776
thanh5+󱣂,thanh5,0.09140105545520782,0.5692297254230168,0.49310214958761883
thanh5+󱀄,thanh5,0.12828665971755981,0.6131330274532455,0.2423921286822782
thanh5+𭈖,thanh5,0.0656488910317421,0.7021350774605555,0.1651667994027365
thanh5+󱟝,thanh5,0.09387289732694626,0.6279242604070373,0.1807489916717316
thanh5+󰥉,thanh5,0.15125668048858643,0.42890311212313514,0.42259524687501043
thanh5+𡃎,thanh5,0.09264232218265533,0.6080803549508226,0.2776382321429936
thanh5+󱚰,thanh5,0.09223470836877823,0.7185987169161823,0.20064684632738214
thanh5+朠,thanh5,0.10390773415565491,0.602324355958537,59.2518906010063
thanh5+󱟫,thanh5,0.13064458966255188,0.5920355808602925,0.18356685788510027
thanh5+𪸝,thanh5,0.10560441762208939,0.6332011670359096,0.20911487654379945
thanh5+󰧺,thanh5,0.14021441340446472,0.5419678622305133,0.43241618077536587
thanh5+󱠳,thanh5,0.11370640993118286,0.5681384112129447,0.5060225751825781
thanh5+𠸯,thanh5,0.08899092674255371,0.7076712590126762,0.23900116407547548
thanh5+󱟈,thanh5,0.08088808506727219,0.7328308609665992,0.17846228488688723
thanh5+䓬,thanh5,0.09919369965791702,0.7296539085596044,0.23135000783072834
thanh5+󱠱,thanh5,0.09171946346759796,0.591973887128464,0.1904170144329722
thanh5+𥌧,thanh5,0.0947289913892746,0.6097119163708135,0.6837267109450195
thanh5+𪟤,thanh5,0.09458766132593155,0.5832606214160103,0.3640683664781806
thanh5+󰬥,thanh5,0.10515229403972626,0.690190165812668,0.260477764479274
thanh5+𪢌,thanh5,0.149277001619339,0.5877149473949835,0.3229247105502794
thanh5+𠺺,thanh5,0.07558134198188782,0.7350595344791391,0.11213231468944357
thanh5+𡦫,thanh5,0.11732079833745956,0.6301841165233191,0.2565938297916624
thanh5+𫫊,thanh5,0.08062412589788437,0.6439953558032769,0.13199942633245668
thanh5+𥊜,thanh5,0.1066775992512703,0.6404855143139516,0.27005162715239533
thanh5+𠿀,thanh5,0.12452977150678635,0.6016075813170526,0.2686793783256338
thanh5+𫊬,thanh5,0.09069570899009705,0.6829454540988804,0.17326472063056408
thanh5+󱟉,thanh5,0.09262055903673172,0.5930284437854337,1.0744813842330505
thanh5+𪸄,thanh5,0.10364475846290588,0.5253968296034184,0.24637621633904627
thanh5+󱞆,thanh5,0.08369284868240356,0.6844210792695703,0.21183001333262552
thanh5+𪻟,thanh5,0.12898635864257812,0.5263320255925452,0.46214278872065767
thanh5+󰬙,thanh5,0.052828673273324966,0.8075537124281696,0.09789627154371743
thanh5+𫲼,thanh5,0.06460624933242798,0.7193221932537337,0.12393419327099875
thanh5+𫛈,thanh5,0.12880539894104004,0.5666557642189153,0.419253666071745
thanh5+󰮁,thanh5,0.1053837463259697,0.6363355270271519,0.2684385738361961
thanh5+󰘵,thanh5,0.09309801459312439,0.6401133992015473,0.3234273679841087
thanh5+𢴊,thanh5,0.13664232194423676,0.45419238339712786,0.6787620736024914
thanh5+󱌡,thanh5,0.10451839864253998,0.6610662382348719,0.21286240818075877
thanh5+󱦋,thanh5,0.11942809075117111,0.6014682623901044,0.2844302018062461
thanh5+𫪀,thanh5,0.07706154137849808,0.7129925366963579,0.11194284419093777
thanh5+󱰤,thanh5,0.12320108711719513,0.49393676935383113,0.298886079224221
thanh5+󱟹,thanh5,0.14592719078063965,0.456836600795333,0.41590393219796185
thanh5+鎫,thanh5,0.1100483238697052,0.5954127752438398,0.5847895038566245
thanh5+𨅞,thanh5,0.11560814827680588,0.6339185780179801,0.30170572344810526
thanh5+󱞮,thanh5,0.10858307033777237,0.51738270566782,0.2748892370367002
thanh5+󱯺,thanh5,0.13041432201862335,0.4431850110344174,0.3157844368958227
thanh5+󱬑,thanh5,0.12506020069122314,0.5005137128557775,0.7349306590454151
thanh5+蝔,thanh5,0.11189841479063034,0.5810174682313738,0.26245017896087314
thanh5+󱎾,thanh5,0.08654820173978806,0.5371946132554337,0.23634272200238934
thanh5+𫢧,thanh5,0.11711191385984421,0.6194243874884511,0.2392943626173001
thanh5+󰌺,thanh5,0.055342402309179306,0.7867466624742322,0.11903872236173474
thanh5+篵,thanh5,0.09123250097036362,0.5818898012170299,0.16654325530130065
thanh5+󰤣,thanh5,0.11783825606107712,0.5288000716604474,3.2520668018719263
thanh5+󱠧,thanh5,0.10046953707933426,0.5091589278157082,0.28824345163366955
thanh5+㘗,thanh5,0.12236905097961426,0.6736754605229389,0.22591619866177312
thanh5+𠲏,thanh5,0.08058672398328781,0.7116287374335404,0.1442773800144048
thanh5+󱡗,thanh5,0.09317433089017868,0.6161950261473083,0.27422504379487606
thanh5+𠮨,thanh5,0.06921137869358063,0.761886177235048,0.0729409111506489
thanh5+󱞊,thanh5,0.09937424212694168,0.6163546573291877,0.16200036988650923
thanh5+𨆷,thanh5,0.1562124639749527,0.5034859226291926,0.3696146124273565
thanh5+󱩛,thanh5,0.10239539295434952,0.648180799798873,0.2923886958840154
thanh5+𠼋,thanh5,0.17288655042648315,0.2984433960219813,0.3682937680078462
thanh5+𬖵,thanh5,0.11873266100883484,0.5741024182058013,0.3827224491258569
thanh5+󰍖,thanh5,0.07741501927375793,0.6420672588905459,0.19155614395672926
thanh5+𠴘,thanh5,0.11302062124013901,0.5275819529845004,0.15746424382442403
thanh5+󱦩,thanh5,0.1660895198583603,0.516003005322802,0.4786930645722021
thanh5+𡔒,thanh5,0.16335435211658478,0.4166563242144134,0.427628736777297
thanh5+󱰚,thanh5,0.09400074183940887,0.6592826101809749,0.3009219193343893
thanh5+𡃖,thanh5,0.12087243050336838,0.4944761352221895,0.3556125216466486
thanh5+󱡑,thanh5,0.13706032931804657,0.6022866829377287,29.834433928060715
thanh5+󱚳,thanh5,0.11160355806350708,0.6593250674109914,0.22270798464905975
thanh5+𡕩,thanh5,0.075356125831604,0.7584945949052027,0.15111098422746252
thanh5+𧎠,thanh5,0.16082754731178284,0.3639508957437474,1.5716284898720927
thanh5+𫲰,thanh5,0.10101050138473511,0.42929974669632104,0.19481754625206205
thanh5+󰅲,thanh5,0.13404841721057892,0.6000127532724517,0.2591790174298125
thanh5+󱪼,thanh5,0.10821771621704102,0.5932555303494709,0.32541203582645706
thanh5+𢲾,thanh5,0.13459664583206177,0.6043300725530276,0.31726363268625973
thanh5+𢆠,thanh5,0.10403738915920258,0.6684050818429303,0.2742312079214219
thanh5+啲,thanh5,0.07786263525485992,0.7406113542393262,0.14986136183755144
thanh5+𫅲,thanh5,0.1318790465593338,0.424694688904565,0.2453164262966433
thanh5+姈,thanh5,0.07897256314754486,0.7296102034154965,0.13087507072700486
thanh5+𪢘,thanh5,0.08224116265773773,0.6209370251966304,0.8042813812455943
thanh5+𥱰,thanh5,0.10405320674180984,0.5998955645002789,0.22517172558311113
thanh5+󱢏,thanh5,0.1745547652244568,0.5144434205033358,0.5001222639938468
thanh5+󱘠,thanh5,0.09917864948511124,0.45535285680398707,1.0217170873217458
thanh5+𠿸,thanh5,0.08992670476436615,0.7110935093892881,0.1819640642699024
thanh5+󱦯,thanh5,0.08139157295227051,0.5969455492406079,1.6148592125596002
thanh5+湨,thanh5,0.11700534075498581,0.6236119289988364,0.2521933105179905
thanh5+󰋓,thanh5,0.1393626630306244,0.6048387656671078,0.28253292749050596
thanh5+𠸩,thanh5,0.08473968505859375,0.6087859918527535,0.11313145945227317
thanh5+󱝫,thanh5,0.10642547905445099,0.6224833424199304,0.10890726598562905
thanh5+󱬺,thanh5,0.09038619697093964,0.6709362754473852,0.19367462492982282
thanh5+𫿟,thanh5,0.1336379200220108,0.5404104067200131,0.37871669780542955
thanh5+𪢜,thanh5,0.1274951696395874,0.38505596896989935,0.9224781936461337
thanh5+𣛦,thanh5,0.06600306183099747,0.64427660034913,0.16104993156671063
thanh5+䰺,thanh5,0.1012682169675827,0.6450138760154925,0.19605881631698252
thanh5+󱜌,thanh5,0.05892603099346161,0.757571985389922,0.09796923292941583
thanh5+󱝪,thanh5,0.11151096224784851,0.4942090126507297,0.24112401921017465
thanh5+󱳒,thanh5,0.12271939218044281,0.5177892766759432,0.34283095379580125
thanh5+󰮦,thanh5,0.12266409397125244,0.5922970677726831,0.2991587273387866
thanh5+𠶎,thanh5,0.09001310169696808,0.4893816061405953,0.10379105074125976
thanh5+侱,thanh5,0.09523512423038483,0.7025138921220963,0.15064065515981226
thanh5+𡏠,thanh5,0.11914556473493576,0.5492519910856877,0.3589674273611457
thanh5+󱨜,thanh5,0.1726745069026947,0.38230791678897336,0.5012424290347379
thanh5+󱝧,thanh5,0.10504070669412613,0.6315730919120214,0.2890172813613851
thanh5+󱞁,thanh5,0.09802950173616409,0.6340313634957696,0.2233950522845095
thanh5+󱦾,thanh5,0.11640110611915588,0.6706651338359577,0.20657668126813655
thanh5+𡃳,thanh5,0.17566204071044922,0.5647789638624041,0.8493938482144255
thanh5+𪴉,thanh5,0.1327553242444992,0.6211000064713728,0.332624590187602
thanh5+𠽏,thanh5,0.1370806246995926,0.6444401941065451,0.27283115289691184
thanh5+𦟏,thanh5,0.1273951232433319,0.4455838311091297,0.23792858959799337
thanh5+󰬛,thanh5,0.07826203852891922,0.7089128861585892,0.14515422928398566
thanh5+𢶹,thanh5,0.11077699065208435,0.504273317034101,0.4212479878370399
thanh5+𫉎,thanh5,0.08337311446666718,0.6871481345750147,0.1717059311719206
thanh5+𨪪,thanh5,0.09795302897691727,0.5858759689950562,0.281783709651219
thanh5+𠏠,thanh5,0.09955856204032898,0.6365224162364322,0.24283020444139938
thanh5+𫱞,thanh5,0.13953004777431488,0.5210878331894669,0.3665247123948434
thanh5+󱯛,thanh5,0.17066159844398499,0.6136712879640669,0.27657229051907956
thanh5+𪥑,thanh5,0.09265198558568954,0.6890592980947227,0.16233411153953678
thanh5+𠲃,thanh5,0.0963347777724266,0.5806906370404931,0.11139072357945086
thanh5+󰛺,thanh5,0.0839734897017479,0.6300084895909519,0.11120267822436534
thanh5+󱟟,thanh5,0.10258931666612625,0.6466142395844265,0.22658694578414698
thanh5+󱚛,thanh5,0.11354085803031921,0.5371425905297554,0.4157802736782774
thanh5+𪡍,thanh5,0.10251063853502274,0.7462400649991594,0.18180322391365414
thanh5+𠅐,thanh5,0.11341250687837601,0.5528376527620483,0.332176726722911
thanh5+莰,thanh5,0.08723154664039612,0.6420499206541931,0.24697366167502097
thanh5+󱙤,thanh5,0.1253708302974701,0.6489633285267002,1.3906426380793633
thanh5+𠻇,thanh5,0.12521305680274963,0.5052825292002333,0.6271037491819054
thanh5+󱫷,thanh5,0.0835949257016182,0.7355444298262557,0.12718988377309517
thanh5+𡡇,thanh5,0.07616978883743286,0.706040036309897,0.203614475026936
thanh5+󰍱,thanh5,0.0964585617184639,0.5033550886224893,0.20476032298933186
thanh5+󱝟,thanh5,0.11488313227891922,0.5797348063518277,0.22140444474084742
thanh5+𡮨,thanh5,0.12306594103574753,0.6088028641708245,0.3677006893880715
thanh5+𡂷,thanh5,0.07309336960315704,0.6541651650370205,0.12639500805806955
thanh5+𡮛,thanh5,0.11211371421813965,0.5762585054648653,0.2513014077559294
thanh5+󱟰,thanh5,0.10312823951244354,0.7042329915799973,0.14438002019932644
thanh5+󰝅,thanh5,0.11601335555315018,0.632156413117061,0.2060087436814192
thanh5+󱋣,thanh5,0.09344649314880371,0.6418696334115722,0.25617054537956885
thanh5+󱩬,thanh5,0.13863018155097961,0.46079360977575495,0.36317509430920986
thanh5+𫫷,thanh5,0.13447526097297668,0.6008543613554046,0.31834842917703793
thanh5+𦞎,thanh5,0.08258289843797684,0.7347251477184078,0.15320031851735072
thanh5+𨇉,thanh5,0.16745634377002716,0.3743479006273725,0.26020975715743194
thanh5+𦘱,thanh5,0.11607831716537476,0.5201793427130649,0.15320325196040205
thanh5+𡫶,thanh5,0.13157919049263,0.552284851683463,0.27546458039081284
thanh5+󱟲,thanh5,0.14037522673606873,0.5502485779872263,0.4393100663550707
thanh5+󱞜,thanh5,0.15613168478012085,0.4384286531653802,0.49482276995031943
thanh5+𰊣,thanh5,0.15226709842681885,0.5174266011859624,0.32961812715439115
thanh5+𰓖,thanh5,0.09307876229286194,0.6245625499178569,0.21503058481062096
thanh5+𡅉,thanh5,0.10690170526504517,0.5877473501057151,0.28875437418265376
thanh5+󱜲,thanh5,0.10325749963521957,0.6971162519739458,0.18593412336116288
thanh5+󰁐,thanh5,0.10935789346694946,0.6075782444355561,0.19274785330095986
thanh5+󰺼,thanh5,0.10543183982372284,0.616076362287356,0.23434280315377112
thanh5+𠿁,thanh5,0.09764739871025085,0.5545655484535021,0.2119859809594109
thanh5+󱩈,thanh5,0.10057783126831055,0.5289871470259708,0.2582064707618938
thanh5+󱦗,thanh5,0.10240152478218079,0.6541454993752439,0.24425990340103124
thanh5+󰬸,thanh5,0.10976915061473846,0.5634754440044067,0.4298919345055528
thanh5+㗩,thanh5,0.1517469733953476,0.5352143078609547,0.5067935229478053
thanh5+󱟮,thanh5,0.09167394787073135,0.5802076133266708,0.2611881583073361
thanh5+𠸽,thanh5,0.0909842923283577,0.6076032884657168,0.22771765998094814
thanh5+𩇆,thanh5,0.1274147778749466,0.4960682048968005,0.3811060524026917
thanh5+𮤭,thanh5,0.162946417927742,0.587053072958076,0.30001619745389013
thanh5+󱛳,thanh5,0.1314620077610016,0.5688295472399633,0.4845844951092885
thanh5+𡉎,thanh5,0.10747870802879333,0.678838411484572,0.14547798416236546
thanh5+󱝢,thanh5,0.14078538119792938,0.607635791341324,0.5258220080342598
thanh5+𥯉,thanh5,0.1382337212562561,0.587224316979073,0.2379611822953723
thanh5+󱞎,thanh5,0.12857112288475037,0.616435295691737,0.212292396985254
thanh5+𬈗,thanh5,0.09089799225330353,0.6911756144059659,0.17896880124518533
thanh5+󱝸,thanh5,0.14595791697502136,0.6698709209699781,0.2294503917276178
thanh5+󰢽,thanh5,0.09985055029392242,0.7314423552856556,0.19351356424587332
thanh5+𪢖,thanh5,0.10455086082220078,0.6800645655313231,0.7145942791165941
thanh5+𠸄,thanh5,0.06022494286298752,0.7501221090038256,0.15481287516416634
thanh5+灆,thanh5,0.14076177775859833,0.46026929269111616,0.24725252128366093
thanh5+唥,thanh5,0.08178652077913284,0.7472818603451419,0.1202582039810362
thanh5+󰇵,thanh5,0.05711158365011215,0.8068113246356561,0.13886553169629645
thanh5+𣔧,thanh5,0.0760691910982132,0.7006276873986783,0.21858081323242404
thanh5+𩽈,thanh5,0.07572560012340546,0.6842275760167894,0.15200262637169346
thanh5+㖀,thanh5,0.11361052840948105,0.6642273259837786,0.09309917488319608
thanh5+󱟪,thanh5,0.12116827070713043,0.47367999479995115,0.5021350618351104
thanh5+󱜈,thanh5,0.07544003427028656,0.6237991325800435,0.16813620824205153
thanh5+󱚴,thanh5,0.09277211129665375,0.6236828231172753,0.19721491842117977
thanh5+󱣆,thanh5,0.14976920187473297,0.48590172742244947,1.5939508968888028
thanh5+𪡎,thanh5,0.05818730592727661,0.7460013361080612,0.13179665575469754
thanh5+𨂚,thanh5,0.1239592432975769,0.5673686556575712,0.2302936901464522
thanh5+󱺈,thanh5,0.10900591313838959,0.5861372997164183,14.22001152774783
thanh5+𥴘,thanh5,0.12534329295158386,0.4464574007692685,0.17971247337612298
thanh5+𥶱,thanh5,0.12261629104614258,0.4432297131115548,0.22460327820141876
thanh5+󱰍,thanh5,0.14277897775173187,0.4965296550044343,4.845502357341775
thanh5+󱼓,thanh5,0.11959563195705414,0.6907678238377396,0.24295145023186748
thanh5+𪢠,thanh5,0.08179739862680435,0.6729897616133907,0.23957831867802537
thanh5+𤣡,thanh5,0.13619939982891083,0.4897840378393726,0.6008631055168672
thanh5+󰄼,thanh5,0.11881568282842636,0.6203288866790886,0.20310809463539106
thanh5+󱟦,thanh5,0.06397386640310287,0.7273286939818232,0.12020660309601476
thanh5+󰝎,thanh5,0.1349860280752182,0.5571496199078912,0.2531638121614937
thanh5+󱘡,thanh5,0.12656179070472717,0.373116168299163,0.35740638964954385
thanh5+𤞦,thanh5,0.07687406241893768,0.7633316953243753,0.18062934894600965
thanh5+󱝆,thanh5,0.07939614355564117,0.7665010559647419,0.12083084469548912
thanh5+󱝝,thanh5,0.07794604450464249,0.6712831759344197,0.17287758805798914
thanh5+󱛑,thanh5,0.11875724047422409,0.5449306077622045,0.1595598973786022
thanh5+𦟑,thanh5,0.14711816608905792,0.30076204919836314,0.32545269804274296
thanh5+㧪,thanh5,0.10946864634752274,0.6451416902096736,0.3080436122247323
thanh5+𭊳,thanh5,0.13013093173503876,0.6369743549366061,0.30644206785972045
thanh5+󰏏,thanh5,0.08938772976398468,0.6349443969441951,0.20904429826901114
thanh5+󱡇,thanh5,0.11027532815933228,0.43716429975531446,0.479022389131668
thanh5+󱪚,thanh5,0.09366695582866669,0.6760865216882675,0.2297210805825558
thanh5+󱨕,thanh5,0.13982360064983368,0.6093786730206344,0.3500409694272868
thanh5+𫵊,thanh5,0.10405097156763077,0.592691155274646,0.25815907732062965
thanh5+󱩫,thanh5,0.14362987875938416,0.5837742937034365,0.30681340769736337
thanh5+󱮮,thanh5,0.13884763419628143,0.6297725019084712,0.28148494196316626
thanh5+𮜲,thanh5,0.12282160669565201,0.5882159846459708,0.22233506951936463
thanh5+𪤲,thanh5,0.08136690407991409,0.6372323893097093,0.1030318000838511
thanh5+󱋠,thanh5,0.08823948353528976,0.706635118196499,0.19323632254651799
thanh5+󱝙,thanh5,0.07465061545372009,0.720095013826717,0.16351365284336458
thanh5+𩶽,thanh5,0.07290204614400864,0.73699717014002,0.16654840827404313
thanh5+𠾺,thanh5,0.09979359060525894,0.6906134151991161,0.2682705499310141
thanh5+𠶊,thanh5,0.09174258261919022,0.5957986383409555,0.1131952166916954
thanh5+󱙭,thanh5,0.10544301569461823,0.6267955400908551,0.14967541887512772
thanh5+𠶅,thanh5,0.0881749838590622,0.6254613291904293,0.19330972944488653
thanh5+𪡗,thanh5,0.10861822217702866,0.4453900121750388,0.1623732816816622
thanh5+𫪁,thanh5,0.0744536817073822,0.7555815409977089,0.14319195198743265
thanh5+𪡈,thanh5,0.06672690063714981,0.7408887650791055,0.11928873075767073
thanh5+𠜈,thanh5,0.1323695182800293,0.6277767792820774,0.35930857381187836
thanh5+𡄫,thanh5,0.13876846432685852,0.4879922499007738,1.9245754894836715
thanh5+󱜆,thanh5,0.1257392019033432,0.6529547367052119,0.22025696358899086
thanh5+睈,thanh5,0.13039599359035492,0.5356523227238161,0.4070134481178301
thanh5+󱤈,thanh5,0.10898815095424652,0.5561721923764259,0.36533502485716657
thanh5+𪢡,thanh5,0.08867554366588593,0.6649374410314051,0.24734121276940849
thanh5+𥶂,thanh5,0.13364799320697784,0.41453509080215084,0.20652352336587043
thanh5+𢹊,thanh5,0.11189298331737518,0.6211412853810485,0.2762183231225987
thanh5+𭢌,thanh5,0.11042723059654236,0.6258059382105186,0.28069296953199485
thanh5+󰭙,thanh5,0.14339503645896912,0.5693264871163604,0.291502709482281
thanh5+𤗹,thanh5,0.10795502364635468,0.6494036505596236,0.319245763051304
thanh5+圚,thanh5,0.11006149649620056,0.6915628623742023,0.1931948899852888
thanh5+󱥑,thanh5,0.07865847647190094,0.7021089463622155,0.19378544285418564
thanh5+𡁝,thanh5,0.14692918956279755,0.49457186956808463,1.1751913137236205
thanh5+𠷦,thanh5,0.06303046643733978,0.7341952475555811,0.11763554622049756
thanh5+𪡦,thanh5,0.1297348439693451,0.6528716346298391,0.3874055736987931
thanh5+𬞑,thanh5,0.0921296626329422,0.645492810318549,0.1704077058761798
thanh5+𤄷,thanh5,0.1655985563993454,0.5123934617673613,0.5886262807575862
thanh5+󱉲,thanh5,0.0750134214758873,0.7142588471051481,0.18436735238669458
thanh5+󱚑,thanh5,0.1017686277627945,0.7334103000676576,0.16523549282554748
thanh5+𰋝,thanh5,0.11715471744537354,0.6028283361485312,0.18014806213784632
thanh5+𧿯,thanh5,0.11325911432504654,0.6522867773234166,0.1815430593257186
thanh5+𠳭,thanh5,0.06632319837808609,0.6160598829483037,0.07879434774409906
thanh5+󱙷,thanh5,0.09614989161491394,0.6909450405336859,0.2645202646824099
thanh5+󱳠,thanh5,0.09677891433238983,0.7212046400193151,0.14163349381826545
thanh5+󱝘,thanh5,0.09151819348335266,0.6902385220357806,0.1712959899066815
thanh5+壉,thanh5,0.08416493982076645,0.7002069861646871,0.1670107350567265
thanh5+𣱿,thanh5,0.09012120217084885,0.7134745235417496,0.11473527761857812
thanh5+󱞀,thanh5,0.17247186601161957,0.3476069285036296,0.3270283767080606
thanh5+𡉖,thanh5,0.08371336758136749,0.6380033486925407,0.11310960903417167
thanh5+󱝳,thanh5,0.15500886738300323,0.5786058542581204,0.5081299861599365
thanh5+󰮯,thanh5,0.08552127331495285,0.638708260773367,0.14484553427778366
thanh5+鯑,thanh5,0.10862071812152863,0.4518980359320723,0.31715926892304575
thanh5+󱧘,thanh5,0.14385801553726196,0.584409695445728,0.2167821893402672
thanh5+󱬐,thanh5,0.08020448684692383,0.6701581129399,0.23800573447411896
thanh5+㗴,thanh5,0.18646177649497986,0.30391153641583973,0.4513727838083958
thanh5+𥖑,thanh5,0.11561822891235352,0.593970581064628,0.3424836437463526
thanh5+𪮽,thanh5,0.09844563901424408,0.6034726852820531,0.243545734576472
thanh5+𬕷,thanh5,0.1117166206240654,0.596166835536098,0.34014950504825286
thanh5+󰭠,thanh5,0.11678244173526764,0.6105695426346641,0.2838159698818767
thanh5+𫑺,thanh5,0.1318964958190918,0.4846713833281219,0.5303827328739168
thanh5+󱟏,thanh5,0.16974733769893646,0.5167420402335731,1.1665158704251892
thanh5+𨪷,thanh5,0.1135530024766922,0.5691011680902204,0.31479397140395715
thanh5+󱡄,thanh5,0.09809664636850357,0.6243996748609175,0.2663387042586955
thanh5+㗶,thanh5,0.0931454747915268,0.7060468209642351,0.21737480114819094
thanh5+𫐹,thanh5,0.1467704176902771,0.5467990405971974,0.1763015143336901
thanh5+󱌔,thanh5,0.09730035066604614,0.6192406410500563,0.20726786120269491
thanh5+𩂄,thanh5,0.12859730422496796,0.6294063549359048,0.28662879177917117
thanh5+𤉕,thanh5,0.12208514660596848,0.5906711347212003,0.2596622173454568
thanh5+󱟜,thanh5,0.08955337852239609,0.4516068059118575,0.17714469120060702
thanh5+󱛵,thanh5,0.07219807803630829,0.6721268751208266,0.21725706802055011
thanh5+󰺥,thanh5,0.12765920162200928,0.6287599760111091,0.281014022537228
thanh5+𢠿,thanh5,0.09390057623386383,0.69202437301344,0.20009737539291703
thanh5+󱯧,thanh5,0.08650617301464081,0.6986566518237853,0.17771656408876635
thanh5+𤲼,thanh5,0.09317575395107269,0.6481679138762831,0.1921127288195502
thanh5+󱫗,thanh5,0.11448340117931366,0.6100119084694045,0.2699251749305473
thanh5+󱯄,thanh5,0.1487625241279602,0.5145870399762822,0.8098777248603343
thanh5+𠊙,thanh5,0.10775107145309448,0.5979860933126765,0.11752765458753407
thanh5+󰴾,thanh5,0.09885707497596741,0.578072757246277,0.3520884431169247
thanh5+𨊌,thanh5,0.10898256301879883,0.5931544333523413,0.3426022747216219
thanh5+󱨨,thanh5,0.1517224907875061,0.6180888021444392,0.38023146573048777
thanh5+𡌩,thanh5,0.1018480584025383,0.7080212583851221,0.15403745402910785
thanh5+𤁔,thanh5,0.15090690553188324,0.5777431956223212,0.2357967953290081
thanh5+𨆟,thanh5,0.1150645837187767,0.5671673135657794,0.5216539444522402
thanh5+󱣗,thanh5,0.11688332259654999,0.2874664529972588,0.30623800911378335
thanh5+𢲠,thanh5,0.10125789791345596,0.6105749145604192,0.27550498992391287
thanh5+𦝇,thanh5,0.09951771050691605,0.6470463305817375,0.1845254084218679
thanh5+𣒠,thanh5,0.09996271133422852,0.6842419865914607,0.22495937675722089
thanh5+󱫴,thanh5,0.17333625257015228,0.5095806072891509,2.0797899734129404
thanh5+󱨿,thanh5,0.08813612163066864,0.6033373981962753,0.23652127741231355
thanh5+𬏇,thanh5,0.0853400006890297,0.6979845076758306,0.2079841353868994
thanh5+󱯑,thanh5,0.11613263934850693,0.610860893567828,0.285754549467054
thanh5+𩀳,thanh5,0.10591345280408859,0.6417561573924307,0.2727139155939024
thanh5+󱹿,thanh5,0.12251146137714386,0.4998451858055388,0.356460571543499
thanh5+󱟎,thanh5,0.12313020974397659,0.364205942220143,0.35173224332891734
thanh5+𢅄,thanh5,0.08053175359964371,0.6938790450540061,0.17096236896566805
thanh5+𣖗,thanh5,0.10865184664726257,0.57446337984515,0.24817656186827464
thanh5+㖵,thanh5,0.1180468499660492,0.6936614446991871,0.7810487493597259
thanh5+󱚚,thanh5,0.1587478667497635,0.49993543325652906,0.4212115131559851
thanh5+󱧨,thanh5,0.13134866952896118,0.6219833522123942,0.2874176379962167
thanh5+󱛣,thanh5,0.09113460779190063,0.6125788315667398,0.1882350784285229
thanh5+𫵞,thanh5,0.0938151553273201,0.6189984815091496,0.29292921541229605
thanh5+𫫜,thanh5,0.07736674696207047,0.7307587335407991,0.1731606347059499
thanh5+挒,thanh5,0.11339419335126877,0.503793707102581,0.22127937029631836
thanh5+󰛈,thanh5,0.14546440541744232,0.5722054260817784,0.7162216460086951
thanh5+󱞖,thanh5,0.10904134809970856,0.6316744038702408,0.22605684332806594
thanh5+𩂀,thanh5,0.12200766056776047,0.6179152402996759,0.20334293435415682
thanh5+󱙴,thanh5,0.13856610655784607,0.6284521602278055,0.3218310051190963
thanh5+𢷰,thanh5,0.10461807996034622,0.5030316980773635,0.3997221559361199
thanh5+𠿱,thanh5,0.11786709725856781,0.5609511659020989,0.3893484249637173
thanh5+󱞠,thanh5,0.14948363602161407,0.2823202680020856,0.42702911104950186
thanh5+󱞒,thanh5,0.09852799773216248,0.7210938969389002,0.1397044118270865
thanh5+󱜝,thanh5,0.10590013861656189,0.6309963084791368,0.1008111926184998
thanh5+𩸴,thanh5,0.0818602591753006,0.6511499252769513,0.2554251791795141
thanh5+𡂉,thanh5,0.14483323693275452,0.62001051067358,0.24111865862901224
thanh5+洅,thanh5,0.13057824969291687,0.5503283334744242,0.1925487652772624
thanh5+󱛺,thanh5,0.12473592907190323,0.4521346433825579,0.2640226294849377
thanh5+㗌,thanh5,0.09051766246557236,0.6934069260060134,0.21937674471588386
thanh5+𠺮,thanh5,0.08485691249370575,0.7239561796422644,0.18148453524580918
thanh5+󰮡,thanh5,0.13720859587192535,0.5900838753443215,0.42951808038104494
thanh5+𢢈,thanh5,0.13824163377285004,0.6375051008091986,0.3473960916196604
thanh5+𤯱,thanh5,0.06504828482866287,0.7857933981492351,0.12558015166884992
thanh5+𠻱,thanh5,0.08014734089374542,0.697993448136779,0.18214365674688063
thanh5+𡮥,thanh5,0.10168488323688507,0.6533940353518036,0.24436069143122008
thanh5+𦀌,thanh5,0.0661964863538742,0.7226437188749001,0.12559237863039888
thanh5+𤶹,thanh5,0.07823924720287323,0.6932122728186584,0.17019881350598773
thanh5+󱛆,thanh5,0.0899277850985527,0.717682910788508,0.16950402134947928
thanh5+󱋭,thanh5,0.09354656934738159,0.6729187141702093,0.1596696971153597
thanh5+󱞅,thanh5,0.12120404094457626,0.5933747497558116,0.48077691191245436
thanh5+𬕻,thanh5,0.13285747170448303,0.5522679424923126,0.38225782058257024
thanh5+𬓓,thanh5,0.0899244025349617,0.5067091610934531,0.24320440789874476
thanh5+𡃙,thanh5,0.05264132469892502,0.7952263446563537,0.12065524743526028
thanh5+𡓾,thanh5,0.1870286464691162,0.5750875003350178,0.21714266555220654
thanh5+𠸬,thanh5,0.10873711854219437,0.7356289744316671,0.1947242630815039
thanh5+𠻆,thanh5,0.10171407461166382,0.6346266508445294,0.3032525927098781
thanh5+󱤉,thanh5,0.1287238895893097,0.5688939895296107,0.5546514873646143
thanh5+𬗏,thanh5,0.07778843492269516,0.7199401060873953,0.12359229865584254
thanh5+𡅍,thanh5,0.1123495101928711,0.6806487556075662,0.17383093646891434
thanh5+󱧀,thanh5,0.12198648601770401,0.5496818064558138,0.4460430234813922
thanh5+󰮝,thanh5,0.08371005952358246,0.6535582022784098,0.20561133164990383
thanh5+𥮈,thanh5,0.10038723796606064,0.4919783351235462,0.2215123552097522
thanh5+󱫳,thanh5,0.09022141247987747,0.6615308106589685,0.2345523004568161
thanh5+𰦫,thanh5,0.09954851120710373,0.6818033562854929,0.2280973711265197
thanh5+𧋅,thanh5,0.10801821947097778,0.5217846368989532,0.21045721833258116
thanh5+󱬧,thanh5,0.11492111533880234,0.5832559887541974,0.2954748948891608
thanh5+𡅩,thanh5,0.156466543674469,0.5154555976442514,0.33548932874738063
thanh5+󰂻,thanh5,0.0718991830945015,0.7493673839551014,0.11869346466608238
thanh5+𤬪,thanh5,0.10506518185138702,0.6476918819620228,0.1573554848652463
thanh5+𡜒,thanh5,0.08814610540866852,0.5622847441478364,0.1778045244070501
thanh5+󱞡,thanh5,0.10431283712387085,0.5170919052389636,0.3219973770735423
thanh5+𫏝,thanh5,0.11395439505577087,0.5522158820297303,0.3188246952177384
thanh5+啩,thanh5,0.09072703123092651,0.6063672616807076,0.13538921760286188
thanh5+𢴎,thanh5,0.11164011061191559,0.4907396087908201,0.35094909095530397
thanh5+󱎶,thanh5,0.14392390847206116,0.589553893289524,0.4331146074077115
thanh5+𦛲,thanh5,0.1187925785779953,0.6291594895706606,0.3155222127413838
thanh5+󱜉,thanh5,0.10114684700965881,0.628738053865212,0.6692014713133592
thanh5+󱝾,thanh5,0.1558820754289627,0.4245374356490636,0.375342792165632
thanh5+󱗘,thanh5,0.12184114754199982,0.6480043714807563,0.30850304846858806
thanh5+󱜫,thanh5,0.12125297635793686,0.575073530863472,0.2575413066733874
thanh5+󱡴,thanh5,0.09213774651288986,0.6935096261770346,0.20478281005496654
thanh5+󱛋,thanh5,0.09465043991804123,0.7354349154918335,0.1815511714665278
thanh5+𠿴,thanh5,0.11976579576730728,0.5538854519388425,0.2793786915929664
thanh5+𫅰,thanh5,0.13673695921897888,0.42084467864809916,0.44330867444368244
thanh5+𤳧,thanh5,0.12336808443069458,0.6260269229482553,0.24453863428486391
thanh5+󱛹,thanh5,0.09724807739257812,0.6321979087616013,0.22053517271645603
thanh5+󰊎,thanh5,0.0789264366030693,0.6764221993417674,0.28415706542041597
thanh5+󱱣,thanh5,0.10487667471170425,0.6006053291836994,0.295653602377208
thanh5+󱞼,thanh5,0.1218051090836525,0.6600481046078669,0.2329350078341681
thanh5+󱟬,thanh5,0.12749874591827393,0.5093245248376268,0.24212912175725745
thanh5+𬖩,thanh5,0.09743429720401764,0.6966819362731996,0.21210445471130313
thanh5+𠬖,thanh5,0.08426962792873383,0.7066805142949404,0.1719170850423414
thanh5+𬧡,thanh5,0.11204428970813751,0.6106853971325427,0.17604171536885196
thanh5+𪥾,thanh5,0.0739862471818924,0.7469125231267838,0.13329219077040097
thanh5+󱤥,thanh5,0.08436734229326248,0.6924352845340861,0.17994342316209158
thanh5+𠚐,thanh5,0.11029046773910522,0.5984028867419331,0.24924588550237026
thanh5+𨡨,thanh5,0.11887221038341522,0.47424497475450217,0.3888331174132688
thanh5+𬪽,thanh5,0.08088310062885284,0.7140789817159169,0.18067634964678456
thanh5+󱝞,thanh5,0.13004708290100098,0.561888205273074,0.4373265906752693
thanh5+󱼒,thanh5,0.09743328392505646,0.6745764172406933,0.31189570552017476
thanh5+𦵠,thanh5,0.06368784606456757,0.6884590418060289,0.10512997733108066
thanh5+檤,thanh5,0.1290019452571869,0.6520433038497713,0.30527461080310087
thanh5+󱳬,thanh5,0.11895857006311417,0.5768378596709405,0.37740206522015507
thanh5+㖗,thanh5,0.07039440423250198,0.7836244680989134,0.12223836266048653
thanh5+𬓛,thanh5,0.14037074148654938,0.3833232651638512,0.3176893831946297
thanh5+󱙥,thanh5,0.10506504774093628,0.6994615114576815,0.14031065432660653
thanh5+𪦎,thanh5,0.07869323343038559,0.6836501105303053,0.1819404773611674
thanh5+㙩,thanh5,0.06865262985229492,0.7745775125854061,0.13377308737624893
thanh5+󱰺,thanh5,0.10946261882781982,0.5207057534899001,0.5224333163927415
thanh5+𡄾,thanh5,0.08101700246334076,0.5835906487967,0.16137094600465784
thanh5+󱲰,thanh5,0.1563776731491089,0.45310109848331576,0.3583846259980156
thanh5+󱋙,thanh5,0.09867963194847107,0.5586714817436323,0.37457434731810935
thanh5+󱋇,thanh5,0.12263540923595428,0.5130785907519813,0.2681745994414295
thanh5+󱦙,thanh5,0.10975463688373566,0.5459124702952398,0.29499275864941416
thanh5+𪭟,thanh5,0.12074138224124908,0.6063072640480296,0.12621946305136716
thanh5+𠌊,thanh5,0.13267256319522858,0.4575450568049885,0.22318736402687048
thanh5+𪡿,thanh5,0.14266936480998993,0.46520774915999624,0.2762539244935285
thanh5+𧞣,thanh5,0.1180456131696701,0.46462100159019204,0.4966620627509209
thanh5+𧜐,thanh5,0.12424702942371368,0.48531694195061603,0.4128786293143985
thanh5+󱓍,thanh5,0.10672339797019958,0.6192333809726951,0.35846978134121515
thanh5+𠾲,thanh5,0.12242937088012695,0.5903949730339617,0.4269705482762185
thanh5+𬉌,thanh5,0.08906617760658264,0.7164256305801867,0.17341194358436887
thanh5+𠵴,thanh5,0.11560949683189392,0.45088332131893855,0.2633404878785355
thanh5+󱞲,thanh5,0.11722980439662933,0.600273815833684,0.35584484154170265
thanh5+󰤴,thanh5,0.0802665650844574,0.8193765069084127,0.12891496691270335
thanh5+𡖡,thanh5,0.07282127439975739,0.7648436625029762,0.15355683861774153
thanh5+𫪄,thanh5,0.09359150379896164,0.6024518002339088,0.2007341425198762
thanh5+𫴇,thanh5,0.1279953420162201,0.525256650338755,0.3758033317629969
thanh5+󱟡,thanh5,0.177848681807518,0.47582905085765226,12.346876806933194
thanh5+󱀰,thanh5,0.0942205861210823,0.7027012129963527,0.17021808461319698
thanh5+󰌋,thanh5,0.07274588942527771,0.7183083484605066,0.18941656354429906
thanh5+𪝪,thanh5,0.12151892483234406,0.5305999992695478,0.3684239835409581
thanh5+𢯝,thanh5,0.15025198459625244,0.5488782578963624,0.22892046184664286
thanh5+𪱎,thanh5,0.17486712336540222,0.3723609419213859,0.5269818691855178
thanh5+󰬪,thanh5,0.13124552369117737,0.5068783642840426,0.32562527005235703
thanh5+𡑲,thanh5,0.11373835057020187,0.6673156768534719,0.2481154160624084
thanh5+𬃴,thanh5,0.11221131682395935,0.5325132191266931,0.31127292257265204
thanh5+𪢷,thanh5,0.0816134661436081,0.7025718105545836,0.1854563028396263
thanh5+𠶈,thanh5,0.1027640625834465,0.6837775498524961,0.15160925940518008
thanh5+𪀆,thanh5,0.06914397329092026,0.6770046279650117,0.21229167760617584
thanh5+𦲹,thanh5,0.0708482414484024,0.7055691679367609,0.22221120232694616
thanh5+󱜶,thanh5,0.11892472952604294,0.6742893521962242,0.18031925226843984
thanh5+𡫡,thanh5,0.1319407820701599,0.49706533973119915,0.4550247618835403
thanh5+󰁂,thanh5,0.12398234754800797,0.611193492227679,0.21043051021533302
thanh5+󰬽,thanh5,0.1014665961265564,0.5092223561303892,0.11163434678356525
thanh5+𡂄,thanh5,0.09011940658092499,0.5826646064024634,0.19311764902676698
thanh5+䐥,thanh5,0.11573364585638046,0.49488895006817696,0.3431097573481445
thanh5+𫮡,thanh5,0.1321868896484375,0.6680281231754751,0.24073049078114273
thanh5+𡚎,thanh5,0.10965046286582947,0.5917358155851237,0.43209809799891136
thanh5+󰊈,thanh5,0.10891915112733841,0.6771679485524618,0.2349318180171608
thanh5+󱪱,thanh5,0.12653085589408875,0.5767813909817094,0.39529882689932455
thanh5+󰢜,thanh5,0.11669519543647766,0.47817954545199565,0.2552259537402004
thanh5+𡃜,thanh5,0.0987677127122879,0.7467045547144718,0.12349630790591193
thanh5+󱓇,thanh5,0.10874319076538086,0.6454470804881328,0.22851847492885582
thanh5+󱫟,thanh5,0.1292220503091812,0.537829696989758,0.24772914319635544
thanh5+󱮾,thanh5,0.17463640868663788,0.24125076026665396,0.45322345606885195
thanh5+󱠠,thanh5,0.1627921462059021,0.3749739486900398,0.3398907200905255
thanh5+𫽦,thanh5,0.12723630666732788,0.5061865767226336,0.2922787309452017
thanh5+㨲,thanh5,0.09085714817047119,0.6388294089207178,0.21177610631217492
thanh5+𬊭,thanh5,0.08804570883512497,0.6342680883452917,0.16098643004363336
thanh5+󱩙,thanh5,0.092145174741745,0.6188203768313403,0.26731764581485545
thanh5+󱟛,thanh5,0.08350100368261337,0.6772441005260951,0.22928238870682768
thanh5+󰬨,thanh5,0.08746924996376038,0.6566075502870699,0.2417590558735442
thanh5+󰛕,thanh5,0.14857003092765808,0.3683479386654617,0.3995354133274154
thanh5+𪢒,thanh5,0.09693717211484909,0.7227140529244176,0.17939280958524662
thanh5+󰬲,thanh5,0.09316562116146088,0.6309637113881653,0.25944436901019247
thanh5+𬄪,thanh5,0.13434655964374542,0.5605484236719872,0.3220222835842475
thanh5+㘢,thanh5,0.17879733443260193,0.5467192776082567,0.5846302268843752
thanh5+𥵉,thanh5,0.11198605597019196,0.6243919939476822,0.33558898898452166
thanh5+𡃓,thanh5,0.09363928437232971,0.7014613810005431,0.20919282776815715
thanh5+𡑭,thanh5,0.1314397156238556,0.5203351833504855,33.25064111764262
thanh5+𬡶,thanh5,0.12218039482831955,0.5624110651426268,0.4478297677286596
thanh5+鮗,thanh5,0.08941689878702164,0.7063303819975965,0.21638182411834903
thanh5+󱞔,thanh5,0.12633651494979858,0.5793323272503291,0.2677482384944778
thanh5+蓸,thanh5,0.08949486166238785,0.6298827485950789,0.16961706964985998
thanh5+󱜖,thanh5,0.1032431498169899,0.7153057789125984,0.1620212818776152
thanh5+𪤠,thanh5,0.12126846611499786,0.6132357622954177,0.2232134172833243
thanh5+𡀲,thanh5,0.09551788866519928,0.6903662446959842,0.22829385421265214
thanh5+𪻋,thanh5,0.09962858259677887,0.6518911317757532,0.2723209881554836
thanh5+󰣡,thanh5,0.1340554803609848,0.5863158133376366,0.5981739913204939
thanh5+𪷘,thanh5,0.15376269817352295,0.3974009314350372,0.33856901728304073
thanh5+𪣮,thanh5,0.1271306872367859,0.6152714611182155,0.23075039198965555
thanh5+󱛦,thanh5,0.10877396166324615,0.5388252772058983,0.1896879075665577
thanh5+󱱀,thanh5,0.15096545219421387,0.6180043097565859,0.29792436463146005
thanh5+𬄃,thanh5,0.1044161394238472,0.48023358994037985,0.20630958830297552
thanh5+𫮒,thanh5,0.1108686551451683,0.6377554578472001,0.2654269833615456
thanh5+𦨭,thanh5,0.09553816169500351,0.6873599542425582,0.28105815230146197
thanh5+𥙒,thanh5,0.09117613732814789,0.6692696345746614,0.17017604979983394
thanh5+𩠱,thanh5,0.11611788719892502,0.6146169069202915,0.31234552567143337
thanh5+㖏,thanh5,0.09644126892089844,0.6769077836133931,0.1431307092571159
thanh5+󱘧,thanh5,0.10547388345003128,0.47597302151303655,0.1932651868717801
thanh5+𨨨,thanh5,0.07834874093532562,0.7288220748708921,0.17030978526112983
thanh5+󱤑,thanh5,0.08774615824222565,0.7083907182996877,0.1594514815940066
thanh5+𠾬,thanh5,0.12600602209568024,0.5414137037889102,0.258732190157047
thanh5+𫪦,thanh5,0.07069505751132965,0.7066202882727858,0.17729208195826004
thanh5+𤁯,thanh5,0.17020916938781738,0.5351707765670765,0.32294472934846974
thanh5+𦲼,thanh5,0.06467963755130768,0.7433699546497488,0.09953813063564161
thanh5+󰢷,thanh5,0.123419389128685,0.6054153806660001,0.2719856954775036
thanh5+㖕,thanh5,0.06839144229888916,0.762917268353987,0.09599930586656398
thanh5+𪞀,thanh5,0.07897864282131195,0.6716575360955382,0.2499701325686459
thanh5+𢀦,thanh5,0.06877110153436661,0.7467617849716789,0.2253149142665252
thanh5+󱞇,thanh5,0.09220840036869049,0.664987945615616,0.21762928909274715
thanh5+𬠥,thanh5,0.1014552190899849,0.5964238812339188,0.2448099869228516
thanh5+𪡽,thanh5,0.09364871680736542,0.5769267934874484,0.16205302169066516
thanh5+𢭿,thanh5,0.10480034351348877,0.640277469082081,0.24215528027568242
thanh5+𠽇,thanh5,0.07546188682317734,0.7269151408725166,0.1187928943029163
thanh5+婫,thanh5,0.07935437560081482,0.7110437209954413,0.15744413908116608
thanh5+𣞄,thanh5,0.10053625702857971,0.641730898994087,0.2766969032451057
thanh5+𠻉,thanh5,0.1031695008277893,0.6813831183589942,0.21327442511051645
thanh5+󱛱,thanh5,0.10396328568458557,0.6127002961450225,0.19393411374542133
thanh5+𩚧,thanh5,0.10498141497373581,0.7136709823856144,0.19754425443759202
thanh5+𥴙,thanh5,0.11202894151210785,0.6633446793751472,0.2849637146278862
thanh5+𰈏,thanh5,0.10615970194339752,0.6577757631704712,0.2397296019751375
thanh5+󱮺,thanh5,0.16158193349838257,0.41528233762098465,0.8784097148512092
thanh5+𡄰,thanh5,0.13492926955223083,0.5979055463881067,0.4813896844988734
thanh5+󰭂,thanh5,0.09168736636638641,0.7275016508953754,0.10234191247844786
thanh5+𫕹,thanh5,0.1576021909713745,0.5926387127827977,0.4262559213738784
thanh5+󱥥,thanh5,0.10271650552749634,0.6875851839012218,0.3130056127465883
thanh5+𪂱,thanh5,0.07261168211698532,0.7115784747298891,0.223805179645816
thanh5+󱤍,thanh5,0.11097487807273865,0.5103780648188507,0.27170005242435824
thanh5+󱭘,thanh5,0.12115922570228577,0.48567015034383615,0.3191030437004804
thanh5+󰭔,thanh5,0.07111713290214539,0.7266884406593419,0.10769865744911807
thanh5+󱰭,thanh5,0.10593397915363312,0.6375204648528106,0.5123242318103469
thanh5+𤉓,thanh5,0.1018281877040863,0.7269278475678714,0.20227045216953474
thanh5+𨄿,thanh5,0.14273831248283386,0.4908161312467602,0.27654384845425034
thanh5+𪡫,thanh5,0.077440544962883,0.667840199514156,0.09888850048249757
thanh5+󱧖,thanh5,0.11902034282684326,0.6091176020383712,0.24565378625619574
thanh5+󱙉,thanh5,0.12273238599300385,0.5959019531998602,0.4291094353204876
thanh5+㷝,thanh5,0.11270765960216522,0.6501046596334248,0.23165474145935153
thanh5+抋,thanh5,0.1212875247001648,0.673336241947416,0.19188523680189515
thanh5+𫉮,thanh5,0.12195754051208496,0.6505749677718493,0.4324613899569067
thanh5+󱤗,thanh5,0.10728748887777328,0.5113732376401576,0.9774862573385681
thanh5+𪧺,thanh5,0.09370951354503632,0.6619847458219696,0.24514371987188624
thanh5+𡎤,thanh5,0.1286713182926178,0.47924711111354373,0.25832691769202754
thanh5+󱥪,thanh5,0.10153299570083618,0.5738966753948765,0.1963450834456797
thanh5+󱦐,thanh5,0.15907667577266693,0.2828868922279345,0.4169390996099002
thanh5+󱟱,thanh5,0.10802646726369858,0.7047446835925791,0.10305132297809476
thanh5+𪰰,thanh5,0.09564675390720367,0.691906541169086,0.19752512146517823
thanh5+堹,thanh5,0.09389137476682663,0.6431571433275088,0.2620375648017524
thanh5+𤏦,thanh5,0.09248559921979904,0.6665730079819163,0.18330245702518377
thanh5+𪾭,thanh5,0.11160634458065033,0.6085037828451552,0.27710525241740713
thanh5+󱞗,thanh5,0.11652451753616333,0.6610373522093207,0.23972507257582396
thanh5+𫢖,thanh5,0.08170800656080246,0.7523955338839656,0.12579537731315613
thanh5+󱞴,thanh5,0.06465642154216766,0.6361504799037033,0.12886903035152678
thanh5+󱛲,thanh5,0.09121724218130112,0.6600951473983656,0.18509690594562953
thanh5+𦿄,thanh5,0.09024138003587723,0.5328312668259307,0.20733036303074334
thanh5+𪢤,thanh5,0.09809882193803787,0.548665311979124,0.24384108341287278
thanh5+𧋸,thanh5,0.14069150388240814,0.5392069401176017,0.2840632049883744
thanh5+𠹍,thanh5,0.11253094673156738,0.6760983406523249,0.17696360021964605
thanh5+𠺚,thanh5,0.0915839821100235,0.6388325528739699,0.18317711470928635
thanh5+𩯁,thanh5,0.1506614089012146,0.5920224745954994,0.2625012788325685
thanh5+𬄹,thanh5,0.1262591928243637,0.5668446991482572,0.7245274802262128
thanh5+溒,thanh5,0.11164694279432297,0.6518748928842742,0.30246603275402134
thanh5+𩝭,thanh5,0.10155970603227615,0.6732077080013539,0.2474587628023132
thanh5+𫪎,thanh5,0.11831487715244293,0.565308463687916,0.36340451019573744
thanh5+󱛍,thanh5,0.07982972264289856,0.7242169004145614,0.14353906780367678
thanh5+󱝹,thanh5,0.08505970984697342,0.719346586106964,0.21431000621512866
thanh5+㖪,thanh5,0.11022982746362686,0.7077682855103452,0.15754174240170005
thanh5+𭈙,thanh5,0.1120646744966507,0.5185163324413617,0.2174705495247975
thanh5+𠷇,thanh5,0.11521472781896591,0.4018954888440568,3.027871117424293
thanh5+䀭,thanh5,0.09148561209440231,0.6345783457489269,0.13738760456791196
thanh5+𭉷,thanh5,0.07902376353740692,0.7014921429589994,0.12338432188081355
thanh5+𠺼,thanh5,0.06912165880203247,0.7579471714165876,0.15927945183803263
thanh5+󱚫,thanh5,0.09097927808761597,0.6497037830086261,0.26451055623137437
thanh5+𫬪,thanh5,0.10675927251577377,0.6406355840280659,0.35037969182378276
thanh5+𥋲,thanh5,0.10930909216403961,0.6182485857085576,0.37722525277292945
thanh5+󰢔,thanh5,0.1241559311747551,0.5641480680344348,0.304559207558756
thanh5+󱝖,thanh5,0.13902315497398376,0.5608364765797266,0.29438289032485176
thanh5+𧟝,thanh5,0.1243147924542427,0.48071559751867476,0.26765896446371745
thanh5+󱦮,thanh5,0.1056770458817482,0.6196960577201815,0.20875610683246837
thanh5+󱮝,thanh5,0.11819291859865189,0.5213878853565241,0.25965120714353934
thanh5+𠴇,thanh5,0.12073297053575516,0.7203403415745548,0.15708217062885868
thanh5+󱞈,thanh5,0.10711859166622162,0.6325048059006942,0.32868200208098547
thanh5+󱥓,thanh5,0.08693501353263855,0.5960883536802132,0.2860875926644044
thanh5+󱤒,thanh5,0.07694888859987259,0.6916091035593159,0.2105198302952629
thanh5+𬊐,thanh5,0.08680066466331482,0.57740695292683,0.18120093475759538
thanh5+𪡱,thanh5,0.08768189698457718,0.725663353882837,0.21645884201342203
thanh5+𡓯,thanh5,0.1127241998910904,0.5940018276402578,0.399272597800264
thanh5+𡀫,thanh5,0.0931219607591629,0.6793871563878953,0.1465536962965982
thanh5+󱟂,thanh5,0.09390786290168762,0.5160917129785805,0.20330840088211513
thanh5+𦽎,thanh5,0.0684351846575737,0.7771547386365673,0.10403670145373671
thanh5+𫣝,thanh5,0.12447015941143036,0.347126488925758,0.29096941019407935
thanh5+𡞗,thanh5,0.06198717653751373,0.7676672900384292,0.16285891632402835
thanh5+𩛸,thanh5,0.09512430429458618,0.6515283090416003,0.19099072757566873
thanh5+𬟻,thanh5,0.07199738919734955,0.766821763262725,0.0933905734967299
thanh5+𡝦,thanh5,0.11231294274330139,0.6268636822060975,0.2852398290999165
thanh5+𰈨,thanh5,0.12146022915840149,0.6084995275404473,0.364957382258555
thanh5+𡁼,thanh5,0.15862107276916504,0.46720000549779744,6.055373027856242
thanh5+󱢜,thanh5,0.09528915584087372,0.6548506385105234,0.23687274464975805
thanh5+󱹙,thanh5,0.11703943461179733,0.3890621496188851,0.35072026835820447
thanh5+囄,thanh5,0.07453722506761551,0.633324328080091,0.2960390702691679
thanh5+󱢰,thanh5,0.13463900983333588,0.5042300763921567,23.239038601552405
thanh5+𦟋,thanh5,0.16077449917793274,0.34613595253017854,0.20837369827312704
thanh5+𡅫,thanh5,0.12016069144010544,0.44941827139224805,0.16172348389788174
thanh5+𡎡,thanh5,0.09895993024110794,0.6336245064963378,0.2580462101696344
thanh5+󱫂,thanh5,0.10588866472244263,0.6080231334124763,0.3803686054393
thanh5+𠱜,thanh5,0.09514497220516205,0.6589342617163293,0.212619418511667
thanh5+𨁋,thanh5,0.10801073163747787,0.7119072441032915,0.1963872317463117
thanh5+󱛴,thanh5,0.09125974774360657,0.6297149269716962,0.19230545518814346
thanh5+󱞃,thanh5,0.11084197461605072,0.5634482726737536,0.24378917577930315
thanh5+󱷿,thanh5,0.1068948432803154,0.6462465910935271,0.2000565333786387
thanh5+𫰄,thanh5,0.12886640429496765,0.582787349056528,0.2882342142183109
thanh5+󱳦,thanh5,0.13225820660591125,0.6968311116155724,0.1527443478829122
thanh5+󱪉,thanh5,0.09560754895210266,0.5251479565174985,0.25762062916857337
thanh5+𬕳,thanh5,0.0802246481180191,0.6859335881647989,0.12575344347669884
thanh5+𡐮,thanh5,0.07610562443733215,0.6777264012327724,0.21991935010412886
thanh5+󱙲,thanh5,0.11255164444446564,0.6364495015306855,0.2800300023974161
thanh5+𪮩,thanh5,0.09779880195856094,0.5608264443612808,0.3462353076990264
thanh5+󱰐,thanh5,0.11338920891284943,0.6310644561828018,0.24932800556562465
thanh5+𡫐,thanh5,0.12677304446697235,0.48766539764676486,4.288138534700692
thanh5+󰞬,thanh5,0.10615535825490952,0.6288314258739083,0.196393615387823
thanh5+𬏖,thanh5,0.11362570524215698,0.5471204390207793,1.5916847817506703
thanh5+𦩳,thanh5,0.08565285801887512,0.7073530026514525,0.24867128634463462
thanh5+󱜺,thanh5,0.07857363671064377,0.7007214653800241,0.11939977959340538
thanh5+㨫,thanh5,0.1619485467672348,0.40314553408359577,0.265688431783412
thanh5+𬮷,thanh5,0.16101641952991486,0.47705295649785306,0.4648993225239744
thanh5+𧍆,thanh5,0.13780462741851807,0.624292575299385,0.2641530799682263
thanh5+𫽠,thanh5,0.13391007483005524,0.5496956398474127,0.1698764136701192
thanh5+󱢉,thanh5,0.09247264266014099,0.6710255632011788,0.18277608330750653
thanh5+󱠢,thanh5,0.1286522001028061,0.44530362272924984,0.29119344095345484
thanh5+𩼁,thanh5,0.12272968888282776,0.5322468301599892,0.4596961306424232
thanh6+󱦗,thanh6,0.10705714672803879,0.691524553069524,0.4906581005638344
thanh6+𫪀,thanh6,0.08622127026319504,0.7028379543566328,0.4233095077771103
thanh6+󱞜,thanh6,0.1342904269695282,0.6189241622969469,0.21354637516789773
thanh6+𡫫,thanh6,0.09396986663341522,0.7000770673093225,0.34400774920168836
thanh6+埨,thanh6,0.06983490288257599,0.7720020642424336,0.179779627211714
thanh6+𦝺,thanh6,0.08454862982034683,0.6293429346652233,0.08671778838593668
thanh6+𪝅,thanh6,0.08894675970077515,0.6655404293705931,0.17198138917068503
thanh6+󱥄,thanh6,0.07304168492555618,0.8201347882556652,0.12390587534472193
thanh6+𪴉,thanh6,0.0921442061662674,0.733038259884367,0.28520705955970327
thanh6+󱚕,thanh6,0.06480593234300613,0.7882975776143275,0.10288361216878211
thanh6+𠲃,thanh6,0.08334308117628098,0.7939312764115827,0.09139060215685885
thanh6+󱝢,thanh6,0.10930630564689636,0.6764425170369741,0.31197764665099403
thanh6+󱩗,thanh6,0.09260600805282593,0.7198643196886346,0.10377484568053723
thanh6+𦵠,thanh6,0.10185405611991882,0.6981622763834421,0.4997995900055916
thanh6+睈,thanh6,0.12089430540800095,0.7800197218338782,0.1783919901657932
thanh6+𬞑,thanh6,0.0617760568857193,0.7766389373880621,0.1075738289238752
thanh6+𫪁,thanh6,0.0748920813202858,0.7719939303623721,0.11270590094151518
thanh6+󱝑,thanh6,0.06544817984104156,0.7226910553616905,0.0950428610184988
thanh6+𡉖,thanh6,0.05087164044380188,0.7907802302031174,0.17435487976845374
thanh6+󰴾,thanh6,0.08964495360851288,0.782112217897678,0.15110805663173063
thanh6+󱝙,thanh6,0.05297316983342171,0.785955705480953,0.15668463809211172
thanh6+𠲜,thanh6,0.07875420153141022,0.7737017852817092,0.1215183270205172
thanh6+󱩸,thanh6,0.08188973367214203,0.7581715575365022,0.1436187353157147
thanh6+𠽂,thanh6,0.07319404184818268,0.7322169255912916,0.14759555942122624
thanh6+姈,thanh6,0.05762101337313652,0.8254532061220284,0.12907663432515334
thanh6+𢶹,thanh6,0.06554461270570755,0.8099839117136295,0.14628657936858738
thanh6+𥾸,thanh6,0.08624975383281708,0.6815448486158836,0.11522190881334878
thanh6+𠼇,thanh6,0.13177470862865448,0.6756645024851544,0.28581661344204584
thanh6+𪢘,thanh6,0.06454366445541382,0.7424321594721525,0.19006354681748486
thanh6+𧋸,thanh6,0.10738391429185867,0.6241256689320362,0.45107507699172883
thanh6+󱞣,thanh6,0.12596994638442993,0.46750717204998476,0.279132563853828
thanh6+󱟁,thanh6,0.08892563730478287,0.6390497246984366,0.2864565218040913
thanh6+𫯐,thanh6,0.0930313989520073,0.6888217037818196,0.16662764149594403
thanh6+㺜,thanh6,0.12337037175893784,0.40016727645065636,0.32836826938664637
thanh6+󱓍,thanh6,0.13761766254901886,0.7094029149644008,0.30929804240590153
thanh6+𧒊,thanh6,0.0700790137052536,0.7216464295356183,0.18969054782291303
thanh6+󰠎,thanh6,0.06787031143903732,0.8211168215933167,0.10869974526657035
thanh6+󱋃,thanh6,0.06471952795982361,0.7816408507987643,0.2767809237521117
thanh6+󱲙,thanh6,0.09258851408958435,0.7954724184996296,0.17700219862248998
thanh6+󱠠,thanh6,0.10041627287864685,0.6188000886069348,0.3749800988920969
thanh6+𧍆,thanh6,0.12205348163843155,0.6178610932314953,0.2745211749653282
thanh6+󱋠,thanh6,0.11063643544912338,0.7486579351261428,0.21007917396739265
thanh6+𡎤,thanh6,0.11128365248441696,0.5454798697137765,0.20560258679892543
thanh6+𪱴,thanh6,0.07642295956611633,0.7618917163365898,0.11075087488366268
thanh6+󰣿,thanh6,0.15946993231773376,0.5960474905505432,0.6334311736483523
thanh6+󱞿,thanh6,0.11186649650335312,0.5507971524399362,0.19872466130342517
thanh6+𠴖,thanh6,0.09387093782424927,0.7846724465124231,0.1966293212383965
thanh6+𪁄,thanh6,0.0781443864107132,0.6945000488277021,0.18663088872930675
thanh6+󱬊,thanh6,0.09561726450920105,0.6856068979218287,0.4788469395216209
thanh6+󱞈,thanh6,0.06136982515454292,0.7231052960891395,0.2962157777499341
thanh6+𠲡,thanh6,0.0657573938369751,0.7949885122984629,0.14795078703429704
thanh6+𡁎,thanh6,0.08843979984521866,0.6811829495737847,525.9006401614012
thanh6+󱟜,thanh6,0.07049426436424255,0.7697194127016868,0.18123356362308318
thanh6+𢰦,thanh6,0.07333976030349731,0.7370360057567465,0.19346572880220592
thanh6+𪸄,thanh6,0.13789814710617065,0.6540857660337306,0.38317846692731866
thanh6+𧜐,thanh6,0.16850587725639343,0.5521322662587762,27.164838746441337
thanh6+󱤥,thanh6,0.07083950191736221,0.7080010954259811,0.11848575915814973
thanh6+𠅐,thanh6,0.07888566702604294,0.758023373380967,0.3494295194281965
thanh6+󱙤,thanh6,0.1122952327132225,0.7196983745430515,0.25265184240646793
thanh6+㖏,thanh6,0.05995161086320877,0.8311367627353211,0.09114233792741548
thanh6+𠶍,thanh6,0.10232551395893097,0.7444220002384832,1.522311086884006
thanh6+󱢏,thanh6,0.09729068726301193,0.6799549059357872,0.2534178769123622
thanh6+󰮦,thanh6,0.06804637610912323,0.769942649248773,0.21003109215151308
thanh6+󱛣,thanh6,0.0837957039475441,0.709484801001295,0.2160884948438627
thanh6+󱥯,thanh6,0.05145814269781113,0.8251015240165956,0.18960279243178754
thanh6+󱝞,thanh6,0.12890678644180298,0.6721770943814622,0.43249581174078733
thanh6+𠴌,thanh6,0.060119904577732086,0.8030996300059831,0.14574486875976797
thanh6+𬂨,thanh6,0.04933403804898262,0.8457686175073909,0.07217509609307213
thanh6+󱙥,thanh6,0.09196599572896957,0.6459527266518932,0.14938621326738044
thanh6+󰤣,thanh6,0.06509334594011307,0.7616378086147231,0.13511527955333846
thanh6+𪬪,thanh6,0.1443737894296646,0.6216635331345579,0.32212125947427445
thanh6+󰯺,thanh6,0.08208099007606506,0.7707150875053794,0.2902713969702551
thanh6+𣎞,thanh6,0.08208170533180237,0.7097320371565536,0.17460109205490512
thanh6+𠸽,thanh6,0.0640326663851738,0.818145696145962,0.2503092911528327
thanh6+󰁐,thanh6,0.09508869051933289,0.6754265173348317,0.1203209044949446
thanh6+𤲼,thanh6,0.12335154414176941,0.5781006579863918,4.012171840272759
thanh6+𡃖,thanh6,0.13778969645500183,0.7059813315383331,0.23831178108292939
thanh6+𡅫,thanh6,0.06446530669927597,0.6876675446100986,0.19117338918245852
thanh6+𢆠,thanh6,0.10069002956151962,0.6111608606664444,0.16846146108296955
thanh6+󱞲,thanh6,0.0868111252784729,0.7058424748964532,0.24922641406775647
thanh6+󱜆,thanh6,0.06547578424215317,0.7345126936308555,0.25330427497065355
thanh6+󱬑,thanh6,0.11285454034805298,0.6582713971072488,0.3773563231858499
thanh6+󱱣,thanh6,0.0849594920873642,0.7978113749655803,0.23851256257927297
thanh6+󱤾,thanh6,0.0977032408118248,0.6360852951847714,0.1902572026407716
thanh6+󱫠,thanh6,0.1175481379032135,0.613913965051494,0.2085405860258036
thanh6+𡃆,thanh6,0.08324497938156128,0.7207356184008423,0.12815212438136728
thanh6+󱞟,thanh6,0.11428600549697876,0.4657525943763865,0.3804932002984079
thanh6+𦩳,thanh6,0.07268816977739334,0.8026904182858117,0.15039989672778517
thanh6+󱝳,thanh6,0.08620461821556091,0.791198995034108,0.18946501868266294
thanh6+𪰰,thanh6,0.10474344342947006,0.6535337724555179,0.13369608484787565
thanh6+挒,thanh6,0.06039977818727493,0.7763225023158642,0.07782829220994437
thanh6+𠵴,thanh6,0.07789310067892075,0.7344460645727908,0.09819258002970722
thanh6+󰸪,thanh6,0.10533495247364044,0.7370977949524498,0.36359589590667235
thanh6+𪖺,thanh6,0.15204714238643646,0.5724201266944283,1.2130025182414685
thanh6+󱙴,thanh6,0.08336658775806427,0.7055490586869718,0.157590252626315
thanh6+󱛖,thanh6,0.06655729562044144,0.7957306093991956,0.15707627511036557
thanh6+󱝆,thanh6,0.08080341666936874,0.7889122194573808,0.23860645059696847
thanh6+𥮈,thanh6,0.13946114480495453,0.4864135381187083,0.34122142980374365
thanh6+󱊚,thanh6,0.08138834685087204,0.7383460923381029,0.22899282699787182
thanh6+𬆅,thanh6,0.11044791340827942,0.574805737508214,0.26081631423952284
thanh6+𭡏,thanh6,0.11175187677145004,0.5110975287878541,0.12629340722836593
thanh6+󱫷,thanh6,0.06733844429254532,0.8355437356076775,0.10579739819493807
thanh6+抋,thanh6,0.07364398241043091,0.8051550337133139,0.12559786982505242
thanh6+󱬧,thanh6,0.06965666264295578,0.7082187551162942,0.10171083558689083
thanh6+𰈏,thanh6,0.10153643041849136,0.7130388849560636,0.47495958318370346
thanh6+󱺈,thanh6,0.059237584471702576,0.8290697128275414,0.12301655442012029
thanh6+󱭪,thanh6,0.08289942145347595,0.7593937573406909,0.1572813786402218
thanh6+󱨇,thanh6,0.05971967801451683,0.8103592562728389,0.11177262585897553
thanh6+𪡽,thanh6,0.13328653573989868,0.6226679121116907,41.71514950861445
thanh6+𡏯,thanh6,0.07668828964233398,0.7175255742929096,0.20859427502297634
thanh6+󱬎,thanh6,0.19553087651729584,0.4526298807504889,11.429741492882544
thanh6+󱜺,thanh6,0.0928763598203659,0.6711198319763276,0.09922734007557248
thanh6+󱛲,thanh6,0.11212100833654404,0.6704583741639479,0.26399859090904726
thanh6+𢶽,thanh6,0.11136618256568909,0.7097742462837504,0.3253296199929012
thanh6+󱭧,thanh6,0.05796435847878456,0.7786531320739708,0.087470757705806
thanh6+𡅯,thanh6,0.12955476343631744,0.6196938050473887,0.4534336085631385
thanh6+󱝭,thanh6,0.08987721055746078,0.8341717673467871,0.09828316277208542
thanh6+𡁛,thanh6,0.08065801113843918,0.6898506892591902,0.18363907262923
thanh6+𮜲,thanh6,0.08788874000310898,0.7339767504931618,0.15935282119763824
thanh6+𠷯,thanh6,0.14863775670528412,0.587548042466088,0.15062730148303013
thanh6+𬕌,thanh6,0.09381483495235443,0.7354585026252138,0.08635438232839869
thanh6+𪮽,thanh6,0.10536613315343857,0.7055286260604322,0.3104307261475989
thanh6+𪦎,thanh6,0.05344013497233391,0.7757486183935213,0.12640965431490972
thanh6+𫬠,thanh6,0.10712964087724686,0.6605362126482363,0.2683570366788511
thanh6+𨊌,thanh6,0.16597607731819153,0.563161822067526,0.4706337582271198
thanh6+啩,thanh6,0.07126417011022568,0.7870466329900468,0.07695294524455543
thanh6+𫴬,thanh6,0.09586994349956512,0.789473294496112,0.16103328229329186
thanh6+𭋙,thanh6,0.08073312044143677,0.7914267178770871,0.18046317654084051
thanh6+󱜲,thanh6,0.061499856412410736,0.8063008483097054,0.15345329797437593
thanh6+󱝀,thanh6,0.11376751959323883,0.5596009685638271,0.08954409634897216
thanh6+󱟟,thanh6,0.07086943835020065,0.7687244122321547,0.12788966073173305
thanh6+莰,thanh6,0.06624359637498856,0.7877222796744334,0.07134496906168918
thanh6+𫵊,thanh6,0.11337560415267944,0.6897774821433424,0.78268408447323
thanh6+𪸝,thanh6,0.11187517642974854,0.7832245157630521,0.1413462395210837
thanh6+󱰯,thanh6,0.09898558259010315,0.747505967267852,0.19572924218053003
thanh6+鏙,thanh6,0.07992786169052124,0.719355633405951,0.2799691477798752
thanh6+𣋇,thanh6,0.10685940086841583,0.743949039625668,0.3594382920274158
thanh6+󱎾,thanh6,0.06601165980100632,0.7967397571468287,0.177507856064156
thanh6+𫣝,thanh6,0.07689779996871948,0.7397887256465495,0.27270073720941584
thanh6+󱘡,thanh6,0.08296430110931396,0.686566088427887,0.1506451628765779
thanh6+󱖧,thanh6,0.11926432698965073,0.5972839758703071,0.39645451002623616
thanh6+𪻟,thanh6,0.09647537022829056,0.6402312561711662,0.2547006497013761
thanh6+㙩,thanh6,0.05082610249519348,0.8184072415889777,0.2444974409441978
thanh6+𡮛,thanh6,0.07485701888799667,0.7867565996463802,0.1870298992284437
thanh6+𬕳,thanh6,0.13205751776695251,0.6843173538258109,0.19809463558954
thanh6+󱟰,thanh6,0.10829192399978638,0.6599199045708894,0.18355318305288504
thanh6+𭉷,thanh6,0.09625902771949768,0.7356684244998393,0.16218729695083248
thanh6+󱫸,thanh6,0.13931438326835632,0.38788263167815673,0.3021367686736655
thanh6+𢀦,thanh6,0.08880506455898285,0.7702629999609055,0.3547259464081462
thanh6+󰢷,thanh6,0.08520738780498505,0.7762705554559691,0.3360265854179015
thanh6+󱞻,thanh6,0.10767753422260284,0.7689941455033187,0.09867511379456806
thanh6+𬂻,thanh6,0.059416547417640686,0.733436379489779,0.15079687429106534
thanh6+𤗹,thanh6,0.11441659927368164,0.5751768752611061,0.2954003139026394
thanh6+𫴯,thanh6,0.17094780504703522,0.48704531034253484,0.23428075172217108
thanh6+󱷿,thanh6,0.07794269174337387,0.7820546448173061,0.22932703485154948
thanh6+󱛅,thanh6,0.073551706969738,0.7510281284429738,0.1540946864391116
thanh6+󰡊,thanh6,0.054920047521591187,0.8025816727169252,0.13054429791301111
thanh6+󱞝,thanh6,0.09479942917823792,0.5415499930006455,0.11154296913454576
thanh6+𡎡,thanh6,0.04999788850545883,0.8590632295918795,0.13286598247924417
thanh6+𡃜,thanh6,0.11319909244775772,0.6332303356948229,0.1817560639388337
thanh6+𢹾,thanh6,0.09105387330055237,0.6964230413637391,0.20860581545959833
thanh6+𪝪,thanh6,0.07827644050121307,0.7933483635926821,0.14750978615067553
thanh6+𠻇,thanh6,0.08860267698764801,0.6849101836401104,0.26867261184587427
thanh6+󱛕,thanh6,0.09031566977500916,0.7045282869286207,0.4097647330687642
thanh6+𭊳,thanh6,0.1068345159292221,0.7071239040885715,0.3406413752895802
thanh6+𫊬,thanh6,0.0873432457447052,0.7731264895260794,0.20832659589993588
thanh6+𧜗,thanh6,0.08391173928976059,0.7221730626074389,0.224011376698234
thanh6+󱜈,thanh6,0.05563383921980858,0.7821403943093072,0.2764254261090851
thanh6+𡄡,thanh6,0.06779143959283829,0.7667566676183738,0.16862325590330252
thanh6+󱭘,thanh6,0.12396696209907532,0.5581702612476718,0.9108404797268598
thanh6+󱝒,thanh6,0.0490877628326416,0.8292280666983829,0.08918292523486276
thanh6+檤,thanh6,0.1023668497800827,0.7309202903339158,0.3315716424542278
thanh6+𡔒,thanh6,0.13383246958255768,0.6221156432054397,0.38455080580784284
thanh6+𥖑,thanh6,0.13055019080638885,0.5410885581130718,0.4694519992573735
thanh6+󰈠,thanh6,0.04932253807783127,0.7889725450878141,0.09519913181567663
thanh6+𡁚,thanh6,0.07769211381673813,0.7703467458861782,0.336264199554509
thanh6+󱥭,thanh6,0.08342699706554413,0.722468824947824,0.1672061293980405
thanh6+𧒅,thanh6,0.07680052518844604,0.6439415839638999,0.2179848811463628
thanh6+𩝻,thanh6,0.07020585238933563,0.7540725734060397,0.25035057766254415
thanh6+𦿄,thanh6,0.08625458180904388,0.6922451988620283,0.3832198947543488
thanh6+󰊈,thanh6,0.1305397003889084,0.710153566397012,0.20693403481507958
thanh6+𡂷,thanh6,0.0509784035384655,0.7847962193152511,0.13792376223748012
thanh6+𦞎,thanh6,0.08917238563299179,0.6576570075490121,0.20299814212363695
thanh6+󱨕,thanh6,0.08835932612419128,0.7428409536182009,0.1875803990365298
thanh6+󱘓,thanh6,0.10292276740074158,0.750523895911745,0.15086465991148332
thanh6+𪢌,thanh6,0.060864850878715515,0.8395915005491262,0.11995315845016187
thanh6+󱫴,thanh6,0.09990809857845306,0.7003412724027451,0.3203871920292638
thanh6+𪡦,thanh6,0.081215500831604,0.7494473998955783,0.23147320103558008
thanh6+󱫟,thanh6,0.14152170717716217,0.40853002873987687,0.2885825315221024
thanh6+𡃳,thanh6,0.12328732013702393,0.698330459362101,0.2519511978176998
thanh6+𪥘,thanh6,0.08696687966585159,0.6581540220572583,0.1213282660106505
thanh6+󱉲,thanh6,0.06995641440153122,0.62601705576903,0.12809344429584282
thanh6+𥙒,thanh6,0.09200715273618698,0.6969232109208225,0.23899292209908887
thanh6+󱠳,thanh6,0.07861916720867157,0.6894808982740945,0.38525003352502035
thanh6+󰢽,thanh6,0.1345709264278412,0.6623583539531007,21.706041762606457
thanh6+𩽈,thanh6,0.14455832540988922,0.4663171078831476,1.3164208336096206
thanh6+𮤭,thanh6,0.10249212384223938,0.7818100202364787,0.1331707973567712
thanh6+󰧺,thanh6,0.14186632633209229,0.5307069298424312,0.17808320096116556
thanh6+󱯧,thanh6,0.10253825783729553,0.6814540920624758,0.12847233120656487
thanh6+󱡑,thanh6,0.07675657421350479,0.814034400097038,0.10105407088791078
thanh6+󱮧,thanh6,0.08449633419513702,0.5567148304764415,0.2474673103032372
thanh6+𠜈,thanh6,0.06957102566957474,0.7643853140860388,0.06986925588144106
thanh6+灆,thanh6,0.08816482871770859,0.7473316130495726,0.2902473766595449
thanh6+㖪,thanh6,0.08532995730638504,0.7414255618704423,0.25621241024227803
thanh6+𬮷,thanh6,0.1274675726890564,0.7190697261452489,0.22723988786300786
thanh6+󱜾,thanh6,0.07643037289381027,0.7823224835313587,0.09995029195047635
thanh6+𥱰,thanh6,0.08683499693870544,0.7077638148215548,0.16504427566431681
thanh6+𡫶,thanh6,0.11276325583457947,0.7167678428940945,0.4251611528773505
thanh6+𣱿,thanh6,0.080145463347435,0.8140115081417386,0.061072526142153825
thanh6+󱝖,thanh6,0.11248563975095749,0.7446938913635165,0.16523930875395634
thanh6+󱚰,thanh6,0.060907840728759766,0.7701134945162021,0.1626328168236125
thanh6+𤳧,thanh6,0.06672696769237518,0.7232534723549624,0.26009581696064676
thanh6+󱮟,thanh6,0.07070780545473099,0.7884014329133016,0.15578454853927629
thanh6+𥌧,thanh6,0.07434652000665665,0.7711273258045043,0.30048170011942654
thanh6+𠴭,thanh6,0.09594965726137161,0.7770571150365762,0.19808781941132583
thanh6+󰮃,thanh6,0.07301821559667587,0.7342454788556919,0.16984669109532616
thanh6+󱝨,thanh6,0.08628321439027786,0.7657771940680004,0.1799964768049074
thanh6+𡮺,thanh6,0.17971807718276978,0.36456142623265275,0.5798887596690173
thanh6+𡉎,thanh6,0.06676866859197617,0.7976460220371249,0.12843460969870726
thanh6+𥯉,thanh6,0.125614732503891,0.5995918518646463,0.36069118216121554
thanh6+󱚴,thanh6,0.10599574446678162,0.6594560881423369,209.4948050564093
thanh6+󱥻,thanh6,0.05681257322430611,0.8090336874136952,0.15692832987444566
thanh6+󱰪,thanh6,0.07133273035287857,0.7571639253177226,0.15798515912337507
thanh6+󱮺,thanh6,0.13869400322437286,0.6355101489696453,0.9112437692256532
thanh6+𥊜,thanh6,0.13424299657344818,0.46441042331300814,0.33381133807284885
thanh6+𬖩,thanh6,0.12413306534290314,0.716380962215744,0.3220627985772198
thanh6+󱮮,thanh6,0.08571331202983856,0.7277090222242055,0.5022135438853971
thanh6+𫽠,thanh6,0.08740954101085663,0.662317178080532,0.08512250995091437
thanh6+𤏦,thanh6,0.11202920973300934,0.7126373523197028,0.3083319274803045
thanh6+󱳠,thanh6,0.10126414149999619,0.7068948043782358,0.23175043454716757
thanh6+𡕩,thanh6,0.08445897698402405,0.7965632587826678,0.22510883611109322
thanh6+𡑭,thanh6,0.04647618159651756,0.8108628863890115,0.12765774041024391
thanh6+𬖵,thanh6,0.07068201154470444,0.7631838812082743,0.18908425772879245
thanh6+𪢖,thanh6,0.09072618186473846,0.7446829355858245,0.15353954921778978
thanh6+𬄹,thanh6,0.13602642714977264,0.6552634542066258,0.44672221578947496
thanh6+󱜌,thanh6,0.043781060725450516,0.8777932825161855,0.07477578624419319
thanh6+󱺂,thanh6,0.08395843207836151,0.7260262119174699,0.24885135161976416
thanh6+鎫,thanh6,0.10719631612300873,0.5104988189769479,49.23032721654627
thanh6+𫞡,thanh6,0.13819372653961182,0.7152082051266296,0.19841972341354966
thanh6+󱟏,thanh6,0.12041901051998138,0.46575528649491815,0.18302110856203005
thanh6+󱞾,thanh6,0.07830380648374557,0.7182713847265828,0.20985686398917447
thanh6+󱞖,thanh6,0.07730399072170258,0.7321482923129912,0.2992093486107917
thanh6+󱰶,thanh6,0.16440457105636597,0.4801993693460494,0.4828070202336074
thanh6+𠺺,thanh6,0.06384418904781342,0.7592149142616595,0.07556342676719759
thanh6+󱛑,thanh6,0.10569240152835846,0.5600721638925132,0.143199074567676
thanh6+𫲰,thanh6,0.08743675798177719,0.6825498316947246,0.26046100675536515
thanh6+𢭿,thanh6,0.07204443216323853,0.8082636419660102,0.13255432103254403
thanh6+󱩩,thanh6,0.07594196498394012,0.712795669376345,0.11115028478697421
thanh6+𠺼,thanh6,0.05978880822658539,0.8215982902322495,0.0779817571378447
thanh6+𫛈,thanh6,0.14756792783737183,0.5855826617538602,0.3472534822927413
thanh6+𠳭,thanh6,0.07789801061153412,0.8142775545527864,0.17419538245388824
thanh6+𡁽,thanh6,0.10999207198619843,0.7132910847233044,0.3033867425400623
thanh6+𪉴,thanh6,0.09213714301586151,0.5763626247336517,0.4306122188140642
thanh6+󱛻,thanh6,0.06512246280908585,0.671727385617126,0.10057505517020902
thanh6+󱍺,thanh6,0.0729033499956131,0.6946036386759368,0.1060715116427905
thanh6+󱨨,thanh6,0.11896143853664398,0.5883058380676707,0.44252659331982924
thanh6+󱳴,thanh6,0.10338319092988968,0.6911598262657632,0.4181214621029981
thanh6+𪥾,thanh6,0.11864869296550751,0.6208766389139599,0.316372794697192
thanh6+󰮝,thanh6,0.07136942446231842,0.8061994423324181,0.11041491213789197
thanh6+㗶,thanh6,0.09194645285606384,0.7723055351600328,0.32187959869955535
thanh6+堹,thanh6,0.07626603543758392,0.658677670130802,0.1210386566547168
thanh6+𰈨,thanh6,0.07706664502620697,0.6450440821894075,0.2916751960054402
thanh6+󰢣,thanh6,0.08149480819702148,0.7533862412511454,0.12667438282807314
thanh6+䐥,thanh6,0.10074442625045776,0.744053366352271,0.26390567587680874
thanh6+󱝷,thanh6,0.08555509150028229,0.793658271229603,0.11254990540640979
thanh6+󰅲,thanh6,0.0807037502527237,0.759141378763359,0.24338020283358372
thanh6+󱯠,thanh6,0.11369010806083679,0.6791331566129734,1.6952236055037844
thanh6+󱓦,thanh6,0.08359358459711075,0.6801961313549473,0.27928408780673836
thanh6+𩠱,thanh6,0.17092463374137878,0.5424800101066667,153.40619697219387
thanh6+𠱜,thanh6,0.06555735319852829,0.727947261354161,0.11305945392843164
thanh6+𫫴,thanh6,0.07405570149421692,0.7390127768440775,0.35740121020529125
thanh6+󱣂,thanh6,0.07060154527425766,0.7297577141274567,0.2871810836970165
thanh6+󰞘,thanh6,0.08065630495548248,0.8114209699065468,0.09874441029590166
thanh6+󱯈,thanh6,0.08191871643066406,0.6942957167629762,0.13537788320702543
thanh6+󱟂,thanh6,0.11115488409996033,0.7131410127118554,0.13710704386407893
thanh6+𪞀,thanh6,0.06901267915964127,0.7913912511947843,0.17138608060770355
thanh6+𫼿,thanh6,0.04931891709566116,0.808276147835233,0.1247745207080666
thanh6+𪤽,thanh6,0.11376480013132095,0.6461350587591596,0.23129634018576797
thanh6+𪡈,thanh6,0.08284464478492737,0.794350599005984,0.14932890599445264
thanh6+𪢡,thanh6,0.08477721363306046,0.700821360695733,0.3259393664475409
thanh6+󱹡,thanh6,0.10388017445802689,0.5766349335637367,0.21843097884539062
thanh6+𥵖,thanh6,0.05793017894029617,0.6929693993465756,0.15227800993738347
thanh6+𤄮,thanh6,0.09191015362739563,0.6124559062960451,0.25755070932014934
thanh6+𪡫,thanh6,0.055155202746391296,0.8221551256077825,0.11499371877236135
thanh6+𠿀,thanh6,0.09823930263519287,0.5552315070006554,0.1563184891959741
thanh6+噃,thanh6,0.10437799990177155,0.6685191333949256,0.16506929531275089
thanh6+𡫡,thanh6,0.09463638812303543,0.7061568773986846,0.3172813101831234
thanh6+𣌌,thanh6,0.11257677525281906,0.514222267404051,0.21819361312581845
thanh6+󱟝,thanh6,0.10323483496904373,0.7293830670450366,0.19410581375299696
thanh6+𦄆,thanh6,0.08975847065448761,0.7555001283366273,4.8558207602059245
thanh6+󱪼,thanh6,0.12836070358753204,0.5960995163025787,0.36097483891110316
thanh6+󱪉,thanh6,0.11335286498069763,0.6079530358391706,0.3317008558418004
thanh6+㼫,thanh6,0.06537091732025146,0.7260197329417193,0.13687623155705927
thanh6+𣙯,thanh6,0.09231334179639816,0.7364457018821511,0.12965817371999247
thanh6+󱚚,thanh6,0.11355669051408768,0.5400762399136171,0.3890838153589704
thanh6+𣓾,thanh6,0.06336513161659241,0.608613272287001,0.1740417447784419
thanh6+󱢜,thanh6,0.10975433140993118,0.6616295410721506,0.1836888597944428
thanh6+󱞙,thanh6,0.08988748490810394,0.6632508277111017,0.14092417985871494
thanh6+𢷰,thanh6,0.09834455698728561,0.5683301605760614,0.2006285485884183
thanh6+𠱻,thanh6,0.05929609760642052,0.8074369942242965,0.14047076050815854
thanh6+󱞒,thanh6,0.09428197145462036,0.7394366434102558,0.2738119350156756
thanh6+𡳳,thanh6,0.12646785378456116,0.6221126685897631,0.5007714202929271
thanh6+󱰖,thanh6,0.1292695552110672,0.5194643366150308,0.41372909688870063
thanh6+󱤍,thanh6,0.11121886968612671,0.6504913667928984,0.4737076815461736
thanh6+󱹻,thanh6,0.1446622610092163,0.6465717919207434,0.6293768898888068
thanh6+𬛒,thanh6,0.08056847751140594,0.8012775284853816,0.22418745805418963
thanh6+𪢊,thanh6,0.06183489039540291,0.792993594756243,0.21633686578305444
thanh6+󱝐,thanh6,0.06758449971675873,0.7673514646832693,0.06704655948084413
thanh6+𩝭,thanh6,0.1348879039287567,0.6565806282052904,0.3270569185615087
thanh6+𡎜,thanh6,0.06502456218004227,0.7412670163960122,0.169006617140103
thanh6+󱧝,thanh6,0.11479517072439194,0.6989836201903054,0.3008455212404904
thanh6+󱞔,thanh6,0.0752740129828453,0.608160384557609,0.08526170863565867
thanh6+𠸯,thanh6,0.07272739708423615,0.756650905781424,0.19342553087031286
thanh6+𢴊,thanh6,0.050724513828754425,0.7778114125973001,0.1426416264058701
thanh6+󱞠,thanh6,0.0932183489203453,0.6769901937794492,0.23516686282121446
thanh6+𬀦,thanh6,0.06608713418245316,0.7772293346046253,0.18704189798335577
thanh6+󱪎,thanh6,0.11138901859521866,0.6866814518406131,0.44722722085742633
thanh6+澿,thanh6,0.10334423929452896,0.726574425526026,0.39954365973432965
thanh6+󱨿,thanh6,0.09650314599275589,0.7159408152866813,0.22050292633608004
thanh6+󱳭,thanh6,0.13899163901805878,0.4999567850862081,0.3106190950898809
thanh6+󰋓,thanh6,0.07329187542200089,0.7561280350272194,0.14383257102443314
thanh6+󱰤,thanh6,0.09052541106939316,0.6446307133131225,0.28704690828745866
thanh6+󱯑,thanh6,0.06602731347084045,0.8372213334124948,0.14329908839142655
thanh6+𪢤,thanh6,0.15270870923995972,0.548832503239746,0.35262577359750247
thanh6+󱥥,thanh6,0.09301318228244781,0.7872012387468434,0.12641792232771729
thanh6+𥶱,thanh6,0.12071943283081055,0.6863467842959188,0.5986364717960555
thanh6+𡌩,thanh6,0.08756790310144424,0.777288034934568,0.22082858578271583
thanh6+𠴇,thanh6,0.06549873948097229,0.8508896197805441,0.10420169104592607
thanh6+𰓖,thanh6,0.09209267795085907,0.7783611325268511,0.20562568837196749
thanh6+𪣱,thanh6,0.15712159872055054,0.5734362678758582,0.27524239668285216
thanh6+𪤲,thanh6,0.1196814477443695,0.7966812323672362,0.1740901321369738
thanh6+󱮑,thanh6,0.11030014604330063,0.6742014562328874,0.3282375121135303
thanh6+𥶂,thanh6,0.07952076941728592,0.7878580044414659,0.1328136981055386
thanh6+𦟏,thanh6,0.10639776289463043,0.5921933920787041,0.18598266400824626
thanh6+󰃧,thanh6,0.07428712397813797,0.7745761876739777,0.11712224183152019
thanh6+󱛆,thanh6,0.09331174194812775,0.774456442381866,0.11054064325449814
thanh6+𫉮,thanh6,0.08631882816553116,0.7266708343155137,0.3150812280430451
thanh6+󱛢,thanh6,0.07711204886436462,0.8017233566481452,0.1869076840191478
thanh6+𠾲,thanh6,0.08727999776601791,0.6877352932679808,0.3757261065400371
thanh6+󱲝,thanh6,0.07735466957092285,0.7425930824105172,0.1279089942266295
thanh6+𦽎,thanh6,0.07634209841489792,0.7523635022785932,0.23322541695413457
thanh6+𦲹,thanh6,0.0998428612947464,0.7347095225625472,0.18427970456826118
thanh6+󰙘,thanh6,0.09131400287151337,0.7103671376163738,0.1874282908117968
thanh6+𠽇,thanh6,0.07314931601285934,0.8281359795954399,0.19237778976293196
thanh6+󱹽,thanh6,0.07698826491832733,0.7745723180349838,0.1978850550891101
thanh6+𠺮,thanh6,0.06198233366012573,0.8667829470479747,22.19594410376583
thanh6+𡮥,thanh6,0.08439913392066956,0.7903403114721884,0.12751424874008963
thanh6+󱯄,thanh6,0.11370059847831726,0.5245799306875853,0.5901635594774112
thanh6+󱌰,thanh6,0.06722613424062729,0.7761854454475401,0.07277188042053656
thanh6+󱚛,thanh6,0.07770175486803055,0.7005283824086806,0.1905632324758465
thanh6+󱫑,thanh6,0.06012532860040665,0.8187524601684903,0.22903463625683995
thanh6+𥋲,thanh6,0.11191190034151077,0.7312133065231539,0.32128999395655794
thanh6+𦲼,thanh6,0.08802050352096558,0.7043546302089367,0.26546988554190637
thanh6+󰤴,thanh6,0.08898293972015381,0.7706636940787344,0.08267358530460485
thanh6+󱠧,thanh6,0.09675615280866623,0.7421741838198562,0.5473844401511423
thanh6+𫡸,thanh6,0.17235857248306274,0.5844697245258877,0.6192562982778193
thanh6+󱞳,thanh6,0.06779048591852188,0.8084022592348314,0.08145362000788602
thanh6+󰂘,thanh6,0.07856731116771698,0.8219201991785373,0.1289297538985778
thanh6+𪡆,thanh6,0.052837204188108444,0.7696631360087789,0.1017668763916401
thanh6+󱟲,thanh6,0.08890228718519211,0.7077609040656162,0.08759604936709008
thanh6+󱋇,thanh6,0.1078856810927391,0.5786341347901544,0.16002009849886087
thanh6+󱠡,thanh6,0.08318666368722916,0.687662651257862,0.30513599548015863
thanh6+𡀲,thanh6,0.06827253848314285,0.7623481761513679,0.24576049786297885
thanh6+󱀄,thanh6,0.1220226064324379,0.702100166967108,0.3032563530649109
thanh6+𫧾,thanh6,0.08925142884254456,0.7154707769644022,0.2654595317864763
thanh6+󱣆,thanh6,0.06764186173677444,0.7457634818725558,0.15506032915748494
thanh6+𡁝,thanh6,0.07123082131147385,0.777347012674668,0.11783291517580241
thanh6+󱤑,thanh6,0.08043459802865982,0.7235670807817879,0.24498465650240017
thanh6+𨡨,thanh6,0.10446489602327347,0.6727822351633227,0.2873817967748265
thanh6+󱯏,thanh6,0.08894481509923935,0.6731062370446458,0.190632855183449
thanh6+󱞆,thanh6,0.10267459601163864,0.739468518332364,0.3155637612988489
thanh6+󰼀,thanh6,0.07271282374858856,0.6786132579496016,0.12077813814398031
thanh6+𨄮,thanh6,0.0766230896115303,0.7088066811067107,0.14169802457055328
thanh6+󰅬,thanh6,0.10210205614566803,0.6871258664268249,0.1634502798515563
thanh6+𡓾,thanh6,0.14077289402484894,0.6333659274040147,0.3038759295819658
thanh6+圚,thanh6,0.11792972683906555,0.6152292293703931,0.2314015807258536
thanh6+󱟠,thanh6,0.09513039886951447,0.7249728795672011,0.200634540848448
thanh6+󰭔,thanh6,0.06718741357326508,0.7605608912697808,0.1426925792607535
thanh6+𡜒,thanh6,0.07530250400304794,0.578450816679155,0.14122226156133064
thanh6+𬏇,thanh6,0.07188199460506439,0.792021919823311,0.12463018013101079
thanh6+󰂄,thanh6,0.07164475321769714,0.8478443760594819,0.08361451512940078
thanh6+󱛽,thanh6,0.06393102556467056,0.7517996284021718,0.19193856200411932
thanh6+㗭,thanh6,0.07628955692052841,0.7355037311396281,0.2448202712630917
thanh6+󱳒,thanh6,0.09692980349063873,0.6269708454337789,0.3693983160765004
thanh6+󱚇,thanh6,0.14771561324596405,0.5568764726290807,0.31426203729414226
thanh6+󱥪,thanh6,0.11425583809614182,0.6548728939154896,0.22568617790968618
thanh6+𫢧,thanh6,0.0794188603758812,0.7583385942374483,0.14238465972553244
thanh6+𦟑,thanh6,0.10392777621746063,0.6494504480379313,0.1289885418296844
thanh6+㘢,thanh6,0.11366486549377441,0.7449235042342928,0.2989947639781458
thanh6+𨄿,thanh6,0.08849050849676132,0.7130288509123559,0.5817800986318242
thanh6+𪾭,thanh6,0.07763466984033585,0.7220448782417501,0.2016788246952701
thanh6+󱝾,thanh6,0.08344502747058868,0.7171751115334342,0.36294721443834127
thanh6+󰁂,thanh6,0.11016061902046204,0.7240253123451943,0.15355499575877324
thanh6+󱦔,thanh6,0.10049906373023987,0.6639954875959649,0.3304523989604238
thanh6+𩶽,thanh6,0.09023572504520416,0.7129340217528524,0.5243351971250209
thanh6+󰭙,thanh6,0.14664730429649353,0.5747410549611472,0.3870414565658469
thanh6+󱨱,thanh6,0.08408883213996887,0.7044844924950168,0.23084569370130406
thanh6+󱰺,thanh6,0.09770436584949493,0.5977867334805703,0.35032794074573465
thanh6+󰢉,thanh6,0.05187005177140236,0.8149442141822627,0.10702139989432419
thanh6+𡅍,thanh6,0.0720507949590683,0.7316865228810594,0.3520455567317374
thanh6+󰌋,thanh6,0.06668692082166672,0.8361109042981377,0.10916656448734248
thanh6+𡝦,thanh6,0.07999062538146973,0.7826211474887173,0.16066162075110815
thanh6+󱞗,thanh6,0.06310964375734329,0.7459638286554606,0.09769954260283857
thanh6+𡋦,thanh6,0.05537787079811096,0.8320221375132422,0.10128597877523014
thanh6+󱛹,thanh6,0.10943010449409485,0.7437352542462895,0.2717906949587425
thanh6+𰦫,thanh6,0.09082560241222382,0.6525360359481716,0.2620907298326272
thanh6+𠇕,thanh6,0.11039239168167114,0.7938014355379591,0.28096410079537487
thanh6+𬡶,thanh6,0.09318443387746811,0.7422625716990007,0.2073205398857122
thanh6+󱲥,thanh6,0.08153803646564484,0.7630825761160585,0.19370959712748195
thanh6+󱓇,thanh6,0.095435731112957,0.7149078586833156,0.39228084288290427
thanh6+𫉎,thanh6,0.06648647040128708,0.7254414784208887,0.1343520157087804
thanh6+𪺛,thanh6,0.07659871876239777,0.7863326043792531,0.11777565640399908
thanh6+󱦾,thanh6,0.07418929040431976,0.7714381025399847,0.13978341867416613
thanh6+󰶅,thanh6,0.14360739290714264,0.6477458957902986,0.2840191804475053
thanh6+󰬙,thanh6,0.05955645069479942,0.768095954966496,0.12129302163390326
thanh6+𬏻,thanh6,0.08320622891187668,0.7216555371387987,0.173677487839745
thanh6+𰋝,thanh6,0.08296127617359161,0.7439800719203785,0.09559757475532558
thanh6+󱪢,thanh6,0.08832664042711258,0.675358005394398,0.3057182488389445
thanh6+𫪦,thanh6,0.0439230315387249,0.8730809660479452,0.07530851622846797
thanh6+䰺,thanh6,0.1524839997291565,0.5740045079226826,312.4036276677278
thanh6+哠,thanh6,0.0959058552980423,0.7598264225748845,0.08871840309816814
thanh6+𠿴,thanh6,0.08693811297416687,0.7187341826521346,0.22670336661679405
thanh6+𫢖,thanh6,0.09690862894058228,0.6372460594483574,0.12517665714830573
thanh6+󱛵,thanh6,0.04871679097414017,0.824530998032942,0.17247806341355695
thanh6+𫑺,thanh6,0.09531012922525406,0.6013824833320763,0.2154908286742334
thanh6+𠀿,thanh6,0.0975765511393547,0.6888151482613347,0.12937613287500713
thanh6+鯑,thanh6,0.06634627282619476,0.7384518015939036,0.17618250867661098
thanh6+湳,thanh6,0.06672544777393341,0.7495748619016905,0.21539660731766933
thanh6+𡄫,thanh6,0.11854168772697449,0.57343533210889,89.83092024628898
thanh6+𫅲,thanh6,0.13515082001686096,0.6346034126709493,0.5070449843267919
thanh6+󰘵,thanh6,0.14655578136444092,0.616512804655064,0.6535280961652056
thanh6+唥,thanh6,0.057529933750629425,0.8301754889124763,0.17411330525153354
thanh6+󰬽,thanh6,0.06460839509963989,0.8003376086419186,0.17242838462422652
thanh6+󰥉,thanh6,0.10664161294698715,0.5604646840531545,0.2848844375990883
thanh6+𣒠,thanh6,0.10594499111175537,0.5924098834072188,0.18614462383617272
thanh6+𬄪,thanh6,0.10188998281955719,0.7060909535272435,0.40183392068725965
thanh6+󱰚,thanh6,0.13427546620368958,0.44556542636825575,0.2572759500014233
thanh6+𠾾,thanh6,0.05650792643427849,0.8648198855897661,0.17202300932915715
thanh6+󱞕,thanh6,0.06530537456274033,0.789199131493267,0.0910445501642705
thanh6+󱫪,thanh6,0.16986598074436188,0.538612414410862,0.6127310520789387
thanh6+濧,thanh6,0.1308431178331375,0.762706485523995,0.29493576104988856
thanh6+󱝪,thanh6,0.08972589671611786,0.7171910636035399,0.2414263345965033
thanh6+󱟬,thanh6,0.08382819592952728,0.7279393301424275,0.1931088402547648
thanh6+㷝,thanh6,0.12354026734828949,0.5168469195002036,0.15541567989762572
thanh6+𬔽,thanh6,0.11548332870006561,0.6320209930433762,0.14478144292707965
thanh6+𨨨,thanh6,0.10128054767847061,0.7307446506895957,7.1695116760776
thanh6+𡚝,thanh6,0.0532262809574604,0.7853304808027809,0.13825270344769156
thanh6+󱜴,thanh6,0.1488610804080963,0.6489907115412832,0.10084569038343615
thanh6+󰍱,thanh6,0.10464818775653839,0.5774846601203509,0.46649997599183884
thanh6+󱲰,thanh6,0.10880176723003387,0.4606460872282812,0.4707244528708767
thanh6+󱝝,thanh6,0.07749636471271515,0.7692230176812359,0.10899387788461674
thanh6+𣞄,thanh6,0.1207912415266037,0.5950359164829515,0.23810924942691924
thanh6+𡄾,thanh6,0.08259572833776474,0.7143798843070529,0.3621711800261889
thanh6+𡫐,thanh6,0.11457789689302444,0.7226783482602,0.30451459392786623
thanh6+𦨭,thanh6,0.12168662250041962,0.6068630798275503,0.31146679695321033
thanh6+𤉕,thanh6,0.132056325674057,0.5748658733690217,0.13814258924909886
thanh6+󱼒,thanh6,0.09252393990755081,0.720847339362809,4.3185435363223545
thanh6+𫪎,thanh6,0.12396488338708878,0.628175545025965,0.16726301766746796
thanh6+𭈖,thanh6,0.052569255232810974,0.816208626292391,0.11811636354506856
thanh6+𦼜,thanh6,0.10334774106740952,0.6718860788878639,69.0256418452774
thanh6+𡀫,thanh6,0.0592561811208725,0.8236738725961719,0.08779381886899572
thanh6+𡑲,thanh6,0.09938675910234451,0.7233881686589001,0.5003350830804562
thanh6+󰙯,thanh6,0.08336572349071503,0.7432937184024736,0.09568786371823124
thanh6+𭰺,thanh6,0.07741861045360565,0.7062815559698705,0.14181379220169718
thanh6+𩹹,thanh6,0.08650832623243332,0.5913103831220975,0.5220557249311695
thanh6+󰊫,thanh6,0.15282811224460602,0.6098694906075264,0.5807263359137771
thanh6+󱅒,thanh6,0.09840630739927292,0.7423903637832625,0.37387655702374584
thanh6+󱡉,thanh6,0.0942678302526474,0.7359060025555612,0.17269322663647155
thanh6+󰐨,thanh6,0.12758484482765198,0.5324539144073718,0.2335483478763469
thanh6+𧋅,thanh6,0.14195823669433594,0.7053791867673506,0.22933529034672814
thanh6+󱛋,thanh6,0.07652203738689423,0.8035133996974071,0.1599203991967227
thanh6+𡂄,thanh6,0.09022974222898483,0.7549385885213061,0.26447405739557317
thanh6+𠏠,thanh6,0.07025466114282608,0.7813151346918423,0.136014853271465
thanh6+󱀰,thanh6,0.0809580385684967,0.7760512165009879,0.19376890919806092
thanh6+󱞀,thanh6,0.0788000300526619,0.7781450183552233,0.31188257583021217
thanh6+𤐠,thanh6,0.15056727826595306,0.538291486835214,8.863733961561326
thanh6+󱩙,thanh6,0.11037129163742065,0.6834718018610745,0.5462610673840547
thanh6+󰣡,thanh6,0.06310831010341644,0.7197828701916422,0.11953159670870496
thanh6+𠼳,thanh6,0.10605226457118988,0.6072428578214363,0.20194298988981485
thanh6+󰘓,thanh6,0.10541146993637085,0.7074708225320088,0.3187172394970871
thanh6+𪱎,thanh6,0.12631317973136902,0.7170870117170317,0.31140157245552463
thanh6+󰘇,thanh6,0.15178099274635315,0.609179475387758,0.6110396653275246
thanh6+𠶎,thanh6,0.07491294294595718,0.7507369206268533,0.15157036819561862
thanh6+𪂱,thanh6,0.09767938405275345,0.5830335468395388,0.21014856437169918
thanh6+󱞢,thanh6,0.06695681810379028,0.7359721786129759,0.08565236374900538
thanh6+󰮡,thanh6,0.08396335691213608,0.6362979302480694,0.15464415218002894
thanh6+𡅩,thanh6,0.10661102086305618,0.6489694707846321,0.26380530387679707
thanh6+󱧨,thanh6,0.12861360609531403,0.7062726080256918,0.35559679232105457
thanh6+𨄸,thanh6,0.06688511371612549,0.7645892407965231,0.19563504060046696
thanh6+𫯲,thanh6,0.10038842260837555,0.6778137153936156,248.1813982144516
thanh6+𡄰,thanh6,0.08627040684223175,0.7301887919719369,0.2900512286629642
thanh6+𪡎,thanh6,0.09231477230787277,0.6723444491743933,0.20027193921234643
thanh6+𪶩,thanh6,0.05756114423274994,0.753129998630228,0.20318321037290432
thanh6+󱹓,thanh6,0.10357643663883209,0.7437184313879043,0.23402555689059668
thanh6+𪮩,thanh6,0.12363719940185547,0.6763117735337315,0.30877005626995774
thanh6+𪡴,thanh6,0.07951491326093674,0.7317609047345122,0.18936648680336796
thanh6+󱣶,thanh6,0.07480853796005249,0.6663217532312649,0.13365554470015747
thanh6+󱦪,thanh6,0.0530119389295578,0.7715011305027796,0.21101181253591736
thanh6+𠊙,thanh6,0.04836035519838333,0.7751985599357257,0.11093706372459307
thanh6+𠹍,thanh6,0.07762732356786728,0.7411657049903415,0.16651880154221263
thanh6+󱫗,thanh6,0.06286674737930298,0.7651350809287658,0.25663182365423737
thanh6+𡮨,thanh6,0.15952757000923157,0.5835084330503217,0.2817431009984856
thanh6+󱟕,thanh6,0.09282359480857849,0.7026220592713127,0.3023929066522957
thanh6+󱼓,thanh6,0.062295928597450256,0.7717386096442527,0.08837686661119333
thanh6+𡇻,thanh6,0.09193310886621475,0.7605940409258393,0.09916326855210351
thanh6+𪺇,thanh6,0.10548558086156845,0.7232435474266973,0.1785717248253321
thanh6+𦨂,thanh6,0.10444193333387375,0.5261682634680891,0.5662032265808977
thanh6+󱥓,thanh6,0.12039178609848022,0.7051284817974584,0.5362262517913279
thanh6+𪢷,thanh6,0.07938209176063538,0.7748725301598782,0.20532115014823912
thanh6+𫠼,thanh6,0.08044818043708801,0.7191974319012164,0.1269492560432333
thanh6+𫏙,thanh6,0.07075785845518112,0.746328436005113,0.21304826819577447
thanh6+𤻓,thanh6,0.10730021446943283,0.663737654816669,0.2989152344852019
thanh6+𣛤,thanh6,0.07012928277254105,0.6552602276737934,0.1184871058585479
thanh6+󱫂,thanh6,0.0868944600224495,0.636296142969067,0.1562009892885197
thanh6+𢅄,thanh6,0.0693649873137474,0.7792684550619812,0.15799297847450589
thanh6+󱝫,thanh6,0.12509876489639282,0.7319997663599858,0.17921951389073612
thanh6+󰬨,thanh6,0.06229355186223984,0.7930300506029524,0.22986857242982706
thanh6+󰛼,thanh6,0.08454979956150055,0.768941288177264,0.12906246905832133
thanh6+󱤉,thanh6,0.11811674386262894,0.7684497698904972,0.20010841115355862
thanh6+𠸩,thanh6,0.0510648638010025,0.8477629612986698,0.10642871082073264
thanh6+偖,thanh6,0.09362556785345078,0.6117749283794582,0.12739470940326497
thanh6+㗩,thanh6,0.10347557067871094,0.636029897025434,0.1736820024412968
thanh6+𤣡,thanh6,0.13039907813072205,0.61281781186166,0.6340933487217826
thanh6+𪣠,thanh6,0.096465103328228,0.691132282658379,0.18391903831211254
thanh6+篵,thanh6,0.07965962588787079,0.7476393371698624,0.25868073993496127
thanh6+𤬪,thanh6,0.07230468839406967,0.773459439550642,0.14837345842631636
thanh6+𠲏,thanh6,0.05883932113647461,0.7551279825519331,0.08101479018512023
thanh6+󰭏,thanh6,0.0703408420085907,0.8446698480009978,0.10311701897105859
thanh6+󱠰,thanh6,0.09725110232830048,0.6054528225532174,0.10510602440014764
thanh6+󱏛,thanh6,0.08184786140918732,0.6826108102153509,0.20063844967909905
thanh6+𩂄,thanh6,0.11639946699142456,0.6980674831006649,0.25402001250740186
thanh6+壉,thanh6,0.10925136506557465,0.6475637156813986,0.2545467560244586
thanh6+啲,thanh6,0.07997137308120728,0.5835892321952212,0.10985984666930783
thanh6+󱰗,thanh6,0.14320941269397736,0.5840188540217701,0.304238737226988
thanh6+𬞰,thanh6,0.1372550129890442,0.505531687385088,0.43925810320038855
thanh6+𡃙,thanh6,0.09327748417854309,0.7512316056613111,0.3438885356342695
thanh6+𠶒,thanh6,0.0647989958524704,0.8049267004754229,0.08757086021605191
thanh6+󱗘,thanh6,0.10939384251832962,0.6998210906611136,0.2688626216882038
thanh6+𨁟,thanh6,0.09728889167308807,0.7268574384257137,0.1362974563166076
thanh6+󱦡,thanh6,0.11045067012310028,0.6999907912353217,0.5344544985280498
thanh6+󰏏,thanh6,0.06713353842496872,0.6990546924102807,0.12566145134157194
thanh6+𠸫,thanh6,0.08527263253927231,0.7412794711042779,0.20166295538878967
thanh6+𫼰,thanh6,0.045947879552841187,0.8344925969317695,0.07938995916963476
thanh6+𫴇,thanh6,0.08389075845479965,0.6899596618147605,0.19839606240572016
thanh6+𫱗,thanh6,0.06347493827342987,0.7736306465022682,0.19891509760191547
thanh6+󱩬,thanh6,0.09124916791915894,0.6287853645773975,0.21662852554458034
thanh6+𥭑,thanh6,0.18961405754089355,0.6503327052802794,2.497035392690791
thanh6+󱜝,thanh6,0.05631551519036293,0.8570091866274475,0.05938607641618743
thanh6+𡅉,thanh6,0.10767839848995209,0.5571253762186155,0.24249087433446367
thanh6+󱟎,thanh6,0.09244157373905182,0.647120853495911,0.1895491551413564
thanh6+󰞬,thanh6,0.192349374294281,0.3971032568912454,0.24717913246110715
thanh6+󱝟,thanh6,0.12669238448143005,0.610405926012586,0.3636027142597456
thanh6+󱟫,thanh6,0.08765121549367905,0.6473293448689105,0.08275107251719409
thanh6+𩯁,thanh6,0.10239101946353912,0.6159635322691382,0.21730664870510386
thanh6+𠹰,thanh6,0.06420106440782547,0.7820550713010379,0.14186949451559958
thanh6+𫐹,thanh6,0.06511266529560089,0.7798637342282976,0.22574156221596478
thanh6+𧎠,thanh6,0.1580606997013092,0.41945143630346665,0.26006549575955273
thanh6+𬈗,thanh6,0.04682357981801033,0.7929411909067586,0.103602868702267
thanh6+𫮲,thanh6,0.11590638756752014,0.717311827986442,0.26042747841432057
thanh6+󰇵,thanh6,0.07328449934720993,0.7331478068034464,0.17269037514554983
thanh6+𪀆,thanh6,0.08273681998252869,0.6915792861976651,0.31597280697144803
thanh6+𦟟,thanh6,0.09536928683519363,0.7745894944997336,0.11011474691484813
thanh6+侱,thanh6,0.08017861098051071,0.7908745579495217,0.08995014487355019
thanh6+𫏝,thanh6,0.1133139505982399,0.541813842217258,0.18689272950229996
thanh6+󱧖,thanh6,0.05765330791473389,0.7978191685254947,0.09603970031433257
thanh6+󰢔,thanh6,0.08054915070533752,0.7528602530068709,0.1905701413567058
thanh6+𦝇,thanh6,0.07261910289525986,0.8064352877342212,0.11532692143006056
thanh6+𪤻,thanh6,0.06755188852548599,0.8123630059719631,0.1492760400140088
thanh6+𠲹,thanh6,0.07062271237373352,0.7310350915103221,0.266503263908811
thanh6+𫱞,thanh6,0.12608857452869415,0.4040496823241594,0.5717132566679864
thanh6+𢪭,thanh6,0.07499478757381439,0.6908097298563136,0.10606533970987964
thanh6+󱥑,thanh6,0.12230823189020157,0.4530284528771752,0.21529364508974505
thanh6+𫅰,thanh6,0.07086492329835892,0.7365785807335784,0.19357974922306465
thanh6+󱝸,thanh6,0.13066412508487701,0.7088257270821082,41.11546755821879
thanh6+𦛲,thanh6,0.06303432583808899,0.8066270544872673,0.10702852207983225
thanh6+󰄜,thanh6,0.12490148097276688,0.5590611631288185,0.4711870676024373
thanh6+㧪,thanh6,0.10192740708589554,0.648321566904846,0.1672423460031763
thanh6+𫽦,thanh6,0.08926277607679367,0.7546766129065876,0.20329314230995585
thanh6+󱯛,thanh6,0.14637437462806702,0.7303772423803412,0.312847332710028
thanh6+󰺥,thanh6,0.15714579820632935,0.5740917879396006,4.900008258028424
thanh6+㖀,thanh6,0.047925326973199844,0.8813818362693251,0.09150221536681084
thanh6+𤄷,thanh6,0.0769413635134697,0.751670152943976,0.22213896310300196
thanh6+𡍢,thanh6,0.08570131659507751,0.6315471566865968,0.22431509760577875
thanh6+𪩥,thanh6,0.08725352585315704,0.7621716802518712,0.2047460609227869
thanh6+󰛺,thanh6,0.05364573746919632,0.7895710333652484,0.12709943620527966
thanh6+󱸠,thanh6,0.13226661086082458,0.69543759866618,0.421216297628211
thanh6+󱚳,thanh6,0.10596168786287308,0.6495941530701415,0.3217871028015317
thanh6+𡁞,thanh6,0.07878009229898453,0.7344541865438574,0.5977768454581854
thanh6+𪡍,thanh6,0.09590808302164078,0.7420056198564269,0.09666302697099295
thanh6+󱞎,thanh6,0.07963551580905914,0.6454592957485843,0.10902125360313934
thanh6+𠮙,thanh6,0.05128434672951698,0.8753133807417226,0.2249706095875772
thanh6+𠻆,thanh6,0.0841987207531929,0.7321845081521213,0.24635065644042609
thanh6+󱙌,thanh6,0.10252542048692703,0.649422962564375,0.14379128237894473
thanh6+󰬛,thanh6,0.06776709854602814,0.8386738732487058,0.09703937387195312
thanh6+㗴,thanh6,0.08692018687725067,0.7448775240583492,0.1620717780826959
thanh6+𫿟,thanh6,0.11795953661203384,0.48923406754613447,0.46701914514805054
thanh6+㘗,thanh6,0.08431009948253632,0.7476951430092954,0.37615029906453584
thanh6+𪡗,thanh6,0.089266836643219,0.7013181106597489,0.08793755767592137
thanh6+󱬔,thanh6,0.10089883953332901,0.6671851451098766,0.46086502330216667
thanh6+𫲼,thanh6,0.08993598818778992,0.7404476352856051,0.2583216904574033
thanh6+𠸙,thanh6,0.0976778045296669,0.692817262792665,43.019710123461
thanh6+󱤲,thanh6,0.06764724850654602,0.776673908725242,0.15999138362287965
thanh6+捠,thanh6,0.08157674968242645,0.7681049956067582,0.09962790650973706
thanh6+󱡵,thanh6,0.13749666512012482,0.6607816688275155,0.331723874851656
thanh6+𡄧,thanh6,0.0819077268242836,0.6789559226128605,0.4901404992137557
thanh6+󱝹,thanh6,0.09874182939529419,0.6247019531861608,0.26627768509126803
thanh6+󱠢,thanh6,0.13751551508903503,0.6761086244233564,0.3893243622885041
thanh6+㖗,thanh6,0.07891560345888138,0.7858401427306074,0.18376639547298187
thanh6+󰬟,thanh6,0.102913036942482,0.5853997745519038,0.09441271804544303
thanh6+󱝂,thanh6,0.08504556119441986,0.6953463719652594,0.15076333312773157
thanh6+󱟱,thanh6,0.06690056622028351,0.8011462625888898,0.08003109477606112
thanh6+𠴘,thanh6,0.07611063867807388,0.6503038327264089,0.07526285126317868
thanh6+𡓟,thanh6,0.0829901397228241,0.7414853055314465,1.028688648517598
thanh6+󱧘,thanh6,0.07124150544404984,0.8257272058290394,0.10010550306860726
thanh6+󱋣,thanh6,0.09826920926570892,0.525656789095941,0.18771183029572489
thanh6+𠽙,thanh6,0.09679035097360611,0.6170718454426998,0.36290111249479184
thanh6+𡌡,thanh6,0.05955669656395912,0.8013298270592193,0.0859599597160604
thanh6+󱹪,thanh6,0.0765497013926506,0.7038197288078429,0.1576183523648466
thanh6+󱳦,thanh6,0.0860724076628685,0.6959867111588942,0.08388654402851987
thanh6+𡡇,thanh6,0.0777415782213211,0.7172309759969309,0.2731640432331381
thanh6+𤯱,thanh6,0.09039448201656342,0.7870885160529592,0.2221339895260466
thanh6+𭈒,thanh6,0.07798696309328079,0.7485264843970729,71.06115797317052
thanh6+𠷥,thanh6,0.06151185184717178,0.8741593448054303,0.08781184445055296
thanh6+𡀦,thanh6,0.07377958297729492,0.7057860890170011,0.327243018790575
thanh6+󱋭,thanh6,0.09834568202495575,0.7078950308299045,0.230934921011276
thanh6+󱡇,thanh6,0.12113931775093079,0.5353035293878484,9.199159177790898
thanh6+󱰮,thanh6,0.046099063009023666,0.8221789966701376,0.2100844599860594
thanh6+婫,thanh6,0.07522312551736832,0.7644191919642006,0.373287609392448
thanh6+𡦫,thanh6,0.0666779950261116,0.764607351105383,0.14902052040821373
thanh6+󱦩,thanh6,0.09330464154481888,0.7052013749060931,0.36305761682156823
thanh6+󱰍,thanh6,0.14661802351474762,0.6977511226013626,0.39231938340645395
thanh6+𪻋,thanh6,0.09604068845510483,0.694852427924996,0.2820182493580363
thanh6+󱢰,thanh6,0.09917165338993073,0.726059658111658,0.32987426824076316
thanh6+𩸴,thanh6,0.08322945237159729,0.7204359316376819,0.3063966674837013
thanh6+󱚫,thanh6,0.06217125058174133,0.8031995408670051,0.12156040172450222
thanh6+𤹕,thanh6,0.07861413806676865,0.7305253602118359,0.16039153770095504
thanh6+𠽏,thanh6,0.0577574297785759,0.801916841305484,0.09714633990573285
thanh6+󰄼,thanh6,0.07810807228088379,0.7494817866638099,0.2226630840079861
thanh6+𡓯,thanh6,0.07694919407367706,0.7473714380768988,0.19453091774115835
thanh6+𣘊,thanh6,0.05979517474770546,0.8180200630117845,0.20825620321599733
thanh6+󱝯,thanh6,0.10457737743854523,0.507241094002094,0.1708004760378744
thanh6+󱥦,thanh6,0.06459113955497742,0.7848209970772603,0.10726977029393697
thanh6+𪡿,thanh6,0.12846197187900543,0.708417567828733,0.21137446615811004
thanh6+堒,thanh6,0.05863696709275246,0.7822033895931179,0.2394557585769529
thanh6+𩵾,thanh6,0.059482965618371964,0.8076312342099938,0.17159617381174494
thanh6+𫯝,thanh6,0.08689185976982117,0.7548271933369809,0.08227157929126816
thanh6+󱞊,thanh6,0.08283189684152603,0.70506759185516,0.2690810257635795
thanh6+𩚧,thanh6,0.07079921662807465,0.7675100077495475,0.184053996842049
thanh6+𨅞,thanh6,0.08611002564430237,0.6971779359517324,0.15518144882431884
thanh6+󱠼,thanh6,0.12756696343421936,0.6801298911624793,0.08187225105671934
thanh6+𬛀,thanh6,0.08533690124750137,0.8076177250527916,0.09775203053505009
thanh6+𬠥,thanh6,0.07583018392324448,0.7166370815693616,0.26459707895664997
thanh6+𡐮,thanh6,0.12805058062076569,0.6320640886281794,287.1814418938836
thanh6+󰭠,thanh6,0.10107243806123734,0.7402235319463113,0.21018059776424258
thanh6+󱞡,thanh6,0.09965330362319946,0.6434682274967306,0.29463819088703475
thanh6+𤞦,thanh6,0.060501400381326675,0.7196051737620123,0.16592268772520896
thanh6+囄,thanh6,0.10459066927433014,0.6004007599224915,0.5530651698586216
thanh6+𡚎,thanh6,0.13470306992530823,0.6611669278455966,2.2417608698066345
thanh6+󰝎,thanh6,0.09253685921430588,0.6483201727358524,0.123167071953325
thanh6+𠼸,thanh6,0.07358948141336441,0.8415310069777447,0.17687058049133145
thanh6+𥐨,thanh6,0.06438585370779037,0.7547935207655291,0.16429543739388858
thanh6+𬉌,thanh6,0.05659424513578415,0.7573910771336018,0.2811870004393696
thanh6+溒,thanh6,0.05416940525174141,0.7590167258016998,0.11701153269861475
thanh6+𤶹,thanh6,0.08150123059749603,0.7683506580022385,0.11889314237657482
thanh6+𧿯,thanh6,0.054598744958639145,0.8173449995154575,0.0903064407044983
thanh6+𠬖,thanh6,0.07552056014537811,0.7354297343967306,0.13646901707197442
thanh6+𠸬,thanh6,0.0716247707605362,0.7214466583986617,0.13038244038501176
thanh6+󱌔,thanh6,0.08480729162693024,0.771253992603132,0.09460635796368418
thanh6+𨃌,thanh6,0.08650530874729156,0.5571340474870567,0.08523348627419973
thanh6+𠻅,thanh6,0.05955473706126213,0.7735534711157949,0.14169019089395835
thanh6+󱺃,thanh6,0.15560798346996307,0.6449486073873572,0.5074681918387722
thanh6+洅,thanh6,0.07591654360294342,0.8171997161074843,0.11766576447978172
thanh6+𪠉,thanh6,0.06570189446210861,0.8078410384760716,0.07832984598906777
thanh6+󱞇,thanh6,0.09110438823699951,0.6743581858742624,0.3211054006363255
thanh6+󱹜,thanh6,0.07032232731580734,0.8242015891521433,0.0981661599506329
thanh6+𡫨,thanh6,0.07835867255926132,0.5054181699005734,0.16866423231297664
thanh6+󱮝,thanh6,0.10292048752307892,0.6072655347847536,0.23178829700678705
thanh6+𠾺,thanh6,0.0647481307387352,0.7518079812788571,0.11673643460203581
thanh6+󱦯,thanh6,0.09440648555755615,0.7098922400881487,0.13651313983359006
thanh6+󱝗,thanh6,0.13030341267585754,0.7169333087592624,0.40591024819282434
thanh6+𬓓,thanh6,0.079742930829525,0.7092051605366158,0.30233683883054385
thanh6+󱙷,thanh6,0.07434694468975067,0.7685738475816328,0.14333622453741743
thanh6+𪢠,thanh6,0.0676097646355629,0.751239115966236,0.11956040521213057
thanh6+𠻉,thanh6,0.05942310765385628,0.7694603260920299,0.19870438487362616
thanh6+𤼞,thanh6,0.11415780335664749,0.5693365681945673,0.2703853429364136
thanh6+󱦋,thanh6,0.07787825167179108,0.5852519356241019,0.2564806962179713
thanh6+𦟖,thanh6,0.07254820317029953,0.7826956489957657,0.1846364174740497
thanh6+𥴘,thanh6,0.0915960744023323,0.6776126995755155,0.49137044737988883
thanh6+󱞴,thanh6,0.08225240558385849,0.6221103602937598,0.2959534751502206
thanh6+󱡰,thanh6,0.091135673224926,0.7226203566304651,0.1726804985907844
thanh6+𧞿,thanh6,0.11630299687385559,0.684446121858621,0.2696371813874277
thanh6+𫬱,thanh6,0.05146840959787369,0.8093465462433025,0.1998986304900816
thanh6+㖵,thanh6,0.06694196164608002,0.8170506837218141,0.09390802542900852
thanh6+󰌺,thanh6,0.09537138044834137,0.7527598352890774,0.2191497611624799
thanh6+𤋽,thanh6,0.06352615356445312,0.8077210585411156,0.13764841178452022
thanh6+󰝅,thanh6,0.09415875375270844,0.6593117903810485,0.19720945241974785
thanh6+䓬,thanh6,0.0788462832570076,0.7949640981323421,0.09729461432359514
thanh6+󱞦,thanh6,0.06584687530994415,0.8162800878744078,0.14958185194589993
thanh6+𰊣,thanh6,0.12511758506298065,0.6373202598783135,4.496412867770784
thanh6+󱟦,thanh6,0.12332574278116226,0.48364502840816287,0.254415932439479
thanh6+𫕹,thanh6,0.06647923588752747,0.755792581673345,0.19831528361749337
thanh6+鮗,thanh6,0.07288680970668793,0.7468489228136858,0.38200981772372383
thanh6+󰆐,thanh6,0.09585196524858475,0.6382532416694158,0.12856784154051162
thanh6+󱧔,thanh6,0.05674513056874275,0.8452751352539464,0.11592175535559102
thanh6+𫢶,thanh6,0.07546655088663101,0.8000250328801615,0.10757292090722415
thanh6+󱤗,thanh6,0.08757372200489044,0.6264873451032111,0.17230460726768357
thanh6+󱘠,thanh6,0.09008899331092834,0.7342846941533336,0.2410333575145205
thanh6+𡂉,thanh6,0.07113654166460037,0.7383719154462632,0.1506734788877105
thanh6+𢲾,thanh6,0.0797920674085617,0.734043581153981,0.2493469951651501
thanh6+湨,thanh6,0.06466425210237503,0.7774173976151316,0.17776248571713626
thanh6+󱤚,thanh6,0.11611323058605194,0.6493989691586997,0.4478229964587303
thanh6+󱣗,thanh6,0.0888759046792984,0.7085825784905813,0.28560487189477307
thanh6+󰬸,thanh6,0.10993466526269913,0.5671330481855633,0.15193545904597563
thanh6+󱞁,thanh6,0.08120545744895935,0.6558561317838297,0.20349573445576827
thanh6+󱚭,thanh6,0.07963769882917404,0.7736871668357039,0.1858140342078239
thanh6+𥴙,thanh6,0.1014748066663742,0.6919529606185582,0.15340804994247315
thanh6+𫔬,thanh6,0.06719324737787247,0.7953253551997167,0.13616751412206643
thanh6+󱜖,thanh6,0.06711224466562271,0.8244665270003763,0.1238614879163102
thanh6+𫫷,thanh6,0.11805829405784607,0.6672693317045519,0.21001487378359837
thanh6+𦷬,thanh6,0.08260534703731537,0.7242276070063222,0.30533526994551097
thanh6+𫟌,thanh6,0.08873628824949265,0.6502658070572962,0.1005772405622054
thanh6+󱞼,thanh6,0.07358807325363159,0.7707418438908383,0.18631062740305168
thanh6+󰬪,thanh6,0.13951659202575684,0.5933371958565244,0.4147930122533053
thanh6+󱢉,thanh6,0.0879913717508316,0.7519834265278258,0.12328863959081883
thanh6+𪢒,thanh6,0.07253289967775345,0.6690789931374467,0.21340335445877653
thanh6+󱹺,thanh6,0.051581718027591705,0.7642124031693943,0.12726827029326404
thanh6+󰧙,thanh6,0.12809818983078003,0.7980374535610042,0.21259009906490675
thanh6+󱲗,thanh6,0.08841855823993683,0.6545973424055158,0.12488441991017589
thanh6+𠸄,thanh6,0.07514102756977081,0.715820238528413,0.16598778156069083
thanh6+㨲,thanh6,0.0905577689409256,0.6537340992783929,0.16089364698683123
thanh6+󱯺,thanh6,0.1124546155333519,0.47991347435638315,0.297361152145471
thanh6+󱞃,thanh6,0.09865416586399078,0.717200090481666,0.27333213541739626
thanh6+𠹌,thanh6,0.09731529653072357,0.6020665810540629,0.29217613678924115
thanh6+𠶅,thanh6,0.07655473053455353,0.7189201346535011,0.08916877084446806
thanh6+󱞽,thanh6,0.10106518864631653,0.677271555696517,0.39926067054104086
thanh6+󱨫,thanh6,0.12393240630626678,0.6939398414121977,0.1606840984976942
thanh6+嘪,thanh6,0.09697383642196655,0.6497942875832804,0.15183242350474288
thanh6+𨆷,thanh6,0.11987052112817764,0.637512106659179,0.23610512538458725
thanh6+𨂚,thanh6,0.08527771383523941,0.6011877551663322,0.1796435312081828
thanh6+𡀇,thanh6,0.07631304115056992,0.6661961983947433,0.16832158961510543
thanh6+󱩛,thanh6,0.13250693678855896,0.6572399398618365,0.2259840877338597
thanh6+𫇿,thanh6,0.10033095628023148,0.6364980421275369,0.16464259711447152
thanh6+㤝,thanh6,0.08332816511392593,0.8149202184677256,0.2545211170952972
thanh6+󱹿,thanh6,0.07675798237323761,0.7691165312207691,0.23129005200723432
thanh6+󱚍,thanh6,0.07888737320899963,0.6736329723921866,0.19550090212937557
thanh6+𫪄,thanh6,0.1010337769985199,0.6849786196029389,0.28026480957685235
thanh6+󱟹,thanh6,0.13712698221206665,0.4673384701148173,0.2602433233641756
thanh6+𠺚,thanh6,0.06935615837574005,0.6953225208676598,0.1899128735320564
thanh6+𪿀,thanh6,0.0716126337647438,0.8157752862041824,0.20725956498219578
thanh6+𨪷,thanh6,0.10105281323194504,0.6460591716285304,0.17389365778573587
thanh6+󱬺,thanh6,0.09333843737840652,0.8133460956201397,0.1644214852357507
thanh6+𪭟,thanh6,0.07733210921287537,0.8437735186445444,0.06295662363035376
thanh6+𠿁,thanh6,0.06757043302059174,0.7728565983016832,0.25036872379152275
thanh6+𠷦,thanh6,0.07683665305376053,0.6642487654409674,0.16901849161744487
thanh6+󱟛,thanh6,0.05820731446146965,0.7820160709857058,0.07725220785499799
thanh6+󱛴,thanh6,0.10438421368598938,0.600854804932452,0.3724411185872711
thanh6+󱩫,thanh6,0.07730627059936523,0.707996617519332,0.21397448685967124
thanh6+𫫊,thanh6,0.04907587543129921,0.814483061318626,0.12069683843896446
thanh6+󱟢,thanh6,0.0756908729672432,0.7705212440888295,0.1505034362592712
thanh6+𥱫,thanh6,0.1194518655538559,0.6911905436680387,0.26066433319110416
thanh6+𦘱,thanh6,0.07601980865001678,0.8465127496197146,0.08893330069900961
thanh6+󱙭,thanh6,0.10490002483129501,0.7245473438163785,1.1025963845801703
thanh6+󱚂,thanh6,0.10584287345409393,0.747039857480756,0.3121114004385754
thanh6+𭈙,thanh6,0.12925992906093597,0.6193232161898392,0.14447365795835757
thanh6+𠴹,thanh6,0.06812022626399994,0.7546932235791057,0.0927913836694485
thanh6+𩀳,thanh6,0.07818885147571564,0.7514695246179329,0.26922416572978064
thanh6+󱝧,thanh6,0.08946772664785385,0.6041883381668735,0.08878640404592249
thanh6+𪷘,thanh6,0.07791566103696823,0.7274727622565607,0.2807422937792593
thanh6+󰬲,thanh6,0.11118735373020172,0.7458173196148287,0.2694690035303888
thanh6+𤎓,thanh6,0.09424211084842682,0.6736794009349328,0.22285580300517008
thanh6+𬏖,thanh6,0.14132742583751678,0.6513950505379108,28.46502274020682
thanh6+蓸,thanh6,0.0640045627951622,0.7266489364742014,0.11608794751312594
thanh6+𫄉,thanh6,0.08199409395456314,0.7582471514114538,0.19478771965754818
thanh6+𬅷,thanh6,0.11156762391328812,0.744303971585547,0.2724246347907778
thanh6+𫉩,thanh6,0.07932595908641815,0.6899388416052379,0.15694382942880414
thanh6+𩼁,thanh6,0.1798158884048462,0.5236969410699097,58.076898774713726
thanh6+󰢜,thanh6,0.08504423499107361,0.7258939655493993,0.17922183682687207
thanh6+𠷇,thanh6,0.072810597717762,0.7525843302343528,0.13087550373895512
thanh6+󱛙,thanh6,0.08605259656906128,0.7850781099734307,0.3689531712876475
thanh6+󰬥,thanh6,0.10363692045211792,0.6381923381582548,0.28602049774677607
thanh6+𬕷,thanh6,0.09708905965089798,0.7147964934653651,0.2719581592437988
thanh6+󱱀,thanh6,0.08776912838220596,0.7705610266713238,0.16422468879137542
thanh6+𫆶,thanh6,0.08725753426551819,0.7418166929614104,10.730817046172868
thanh6+𦀌,thanh6,0.06704796850681305,0.7826845927884108,0.25756320555377904
thanh6+󱘰,thanh6,0.08790125697851181,0.6595562636217527,0.13897743933527923
thanh6+𢯝,thanh6,0.11865095794200897,0.7062263592898723,0.1622198211510495
thanh6+𪧺,thanh6,0.0702708438038826,0.7294145649563567,0.18015592346607934
thanh6+𪣮,thanh6,0.062272150069475174,0.7900845023303045,0.1375961145996525
thanh6+𢴎,thanh6,0.08166132122278214,0.7526203119892821,0.2581624032499843
thanh6+𢠤,thanh6,0.08941446244716644,0.7246835183559621,0.18584440304395292
thanh6+𡏥,thanh6,0.059674814343452454,0.8055949939473904,0.0880296279257008
thanh6+󱚒,thanh6,0.08239085972309113,0.642819945197437,0.16894074653066035
thanh6+𬦄,thanh6,0.09551902115345001,0.7001245250978454,0.34513456196653336
thanh6+𫬪,thanh6,0.1255464106798172,0.6536642334021646,0.6128552236311499
thanh6+𠞡,thanh6,0.07185839116573334,0.7692232732129758,0.11982404907210452
thanh6+󱛪,thanh6,0.08430761098861694,0.7397103615288461,0.20801721787598826
thanh6+𫄋,thanh6,0.12084011733531952,0.6739151666697708,0.31963573432017606
thanh6+𢠿,thanh6,0.08714839071035385,0.7112954075579871,0.24089568611997278
thanh6+𡏠,thanh6,0.08737779408693314,0.704264493536936,0.22173770122634132
thanh6+󱞄,thanh6,0.09969574958086014,0.6538897923970183,0.4715783256071055
thanh6+𩸮,thanh6,0.09189984202384949,0.6413405556772848,0.3644702567529656
thanh6+󱟮,thanh6,0.0666467621922493,0.763483557546517,0.18760608021851866
thanh6+󱨈,thanh6,0.1078295111656189,0.702343355394458,0.29862045646707064
thanh6+𠿸,thanh6,0.045831289142370224,0.8287298205216694,0.12458801739219265
thanh6+󱦙,thanh6,0.07596351206302643,0.6433292204652086,0.2422006153892586
thanh6+𡃎,thanh6,0.14487922191619873,0.4737842725685674,84.75785966268778
thanh6+𡚄,thanh6,0.07528659701347351,0.7474256245550702,0.16309724001571402
thanh6+𤁔,thanh6,0.10538765043020248,0.6300052285883716,0.30121447683684527
thanh6+𫥸,thanh6,0.08221080899238586,0.8392017944119383,0.09989852499347884
thanh6+󱠱,thanh6,0.0833636075258255,0.7474565099984817,0.17446468094968293
thanh6+𢹊,thanh6,0.09122691303491592,0.7083061143088853,0.20278120882204653
thanh6+𨂗,thanh6,0.11817263811826706,0.45930062720066855,0.2390876534058247
thanh6+󱡴,thanh6,0.10930415987968445,0.488126547772772,0.3275561317945228
thanh6+𡑪,thanh6,0.057467564940452576,0.775935000266256,0.20274420002692595
thanh6+𫵞,thanh6,0.11709559708833694,0.6763631574584753,31.37067089102315
thanh6+𡮣,thanh6,0.11740852892398834,0.5664531455630768,0.23940786018849258
thanh6+󱘧,thanh6,0.06084788963198662,0.5813353765120628,0.10565670315869356
thanh6+𩠸,thanh6,0.09451305866241455,0.725930640311182,0.29433759601839843
thanh6+𫪌,thanh6,0.07123158127069473,0.7603259706177918,0.2161665034904686
thanh6+𨁋,thanh6,0.08199805021286011,0.7231117930324318,0.15296339493346048
thanh6+𬓛,thanh6,0.07851431518793106,0.7617667546799849,0.23384471717449437
thanh6+𦟋,thanh6,0.12264503538608551,0.4627539280750073,0.1693617807510069
thanh6+𬗏,thanh6,0.06570909172296524,0.7768096936952077,0.13145977145950846
thanh6+𧟝,thanh6,0.10226656496524811,0.6149001912833111,0.4065227923617423
thanh6+㙘,thanh6,0.054773714393377304,0.7314446320933609,0.16016734378478745
thanh6+𫮒,thanh6,0.07882097363471985,0.5557659040261628,0.17964025939156678
thanh6+𩇆,thanh6,0.13249890506267548,0.5599605795806112,0.49487808233143155
thanh6+𠚐,thanh6,0.0760270357131958,0.7205410315501294,0.15593226753158196
thanh6+󱫳,thanh6,0.11861921846866608,0.651429506740308,0.09974281836228728
thanh6+𬊭,thanh6,0.09195029735565186,0.7587968064756574,0.19032702980773472
thanh6+𫧟,thanh6,0.08552525192499161,0.7163627268884096,1147.7133753132616
thanh6+𧞣,thanh6,0.11458534747362137,0.6600128171105962,0.5337836978553595
thanh6+𭢌,thanh6,0.05804339796304703,0.8137460621210817,0.08882943730020311
thanh6+󱬐,thanh6,0.12733599543571472,0.6047375687660534,0.4296875226596278
thanh6+𡄳,thanh6,0.0679628998041153,0.7768967462188242,0.23088674467173756
thanh6+󱙉,thanh6,0.07818135619163513,0.749735897641871,0.18391285220442866
thanh6+󰂛,thanh6,0.07369527965784073,0.7597887292690335,1.0519433504580205
thanh6+󰮁,thanh6,0.08469416946172714,0.7217047296190442,0.5470063821038326
thanh6+𣖗,thanh6,0.10752587765455246,0.5783467721300964,0.2437616699248267
thanh6+𤉓,thanh6,0.0867694765329361,0.8061814682065778,0.1319422761340669
thanh6+󱯗,thanh6,0.0794963464140892,0.7776258622945943,0.17368869666686018
thanh6+󱞐,thanh6,0.09495479613542557,0.7420924723258974,0.1967851795571962
thanh6+󱰐,thanh6,0.11172442138195038,0.6775584795652418,0.3107881805956704
thanh6+𠹖,thanh6,0.10854160785675049,0.7468177919222805,0.35142081057944097
thanh6+󱳪,thanh6,0.11435748636722565,0.5735006820533807,0.15522143453201417
thanh6+𬑶,thanh6,0.10887067019939423,0.5565267754063922,0.3005416494816873
thanh6+婻,thanh6,0.09462982416152954,0.7180992495840224,0.21242349423943732
thanh6+𫥿,thanh6,0.10210303217172623,0.7413304705731724,773.7094702026443
thanh6+𣻢,thanh6,0.08574333786964417,0.7013686235299008,0.25729302912677243
thanh6+󰭂,thanh6,0.08020899444818497,0.7799907227550573,0.07532917170814726
thanh6+𢲠,thanh6,0.06624708324670792,0.7685350825408784,0.24946667161840827
thanh6+𠻱,thanh6,0.10972751677036285,0.7158415342104708,0.21444258511685574
thanh6+󱧀,thanh6,0.08320149034261703,0.6946406210839206,0.10725432990271105
thanh6+󱦐,thanh6,0.13320200145244598,0.6599983729631292,0.33588547984822875
thanh6+󱳬,thanh6,0.061972059309482574,0.7783742042115679,0.15581249838893244
thanh6+󰛈,thanh6,0.10511898249387741,0.6531838438399397,0.2931349730499265
thanh6+𡀬,thanh6,0.09645802527666092,0.7369397949405323,0.19635123537812335
thanh6+󱩻,thanh6,0.17883585393428802,0.4852939063320154,385.6137894587453
thanh6+󰜡,thanh6,0.09543954581022263,0.6035428367788193,0.08625958825713383
thanh6+呯,thanh6,0.07712854444980621,0.821296832840854,0.09380671905033604
thanh6+𫫜,thanh6,0.0651390478014946,0.789811943919273,0.2651982397637765
thanh6+朠,thanh6,0.08377525210380554,0.5826515968032171,0.1437147734206529
thanh6+󱟈,thanh6,0.09687621891498566,0.6554899009859688,0.3341700563110053
thanh6+胋,thanh6,0.07948529720306396,0.7801753957641933,0.17698399071413384
thanh6+󱋰,thanh6,0.08918358385562897,0.7349789391156002,0.31608669334163775
thanh6+𪤸,thanh6,0.07802119106054306,0.8143288131293573,0.09266144416407147
thanh6+𪢜,thanh6,0.08344855159521103,0.641161504134937,0.37435198727142255
thanh6+𤊤,thanh6,0.11528660356998444,0.6943032486968985,0.1952760788828237
thanh6+󱜉,thanh6,0.0828796923160553,0.7936275466881789,0.36202214660942555
thanh6+𬃴,thanh6,0.052723318338394165,0.7810890283550335,0.1375864655450331
thanh6+󰮯,thanh6,0.07060827314853668,0.687090821554842,0.19436372760121667
thanh6+𨆟,thanh6,0.09660563617944717,0.7473908603035853,0.21336824093134307
thanh6+𡁼,thanh6,0.041856132447719574,0.8382733845854266,0.1051653826182977
thanh6+󱤠,thanh6,0.07464152574539185,0.7833771994291439,0.21447202154459402
thanh6+𠾬,thanh6,0.08847258985042572,0.635071616993761,0.15847755120765109
thanh6+󱠑,thanh6,0.0853881761431694,0.712259540633187,0.6944056819692831
thanh6+󱌡,thanh6,0.08793375641107559,0.7408639035053075,0.28009216164939676
thanh6+𨔌,thanh6,0.10974718630313873,0.7037559694974649,0.822209798888987
thanh6+󱤒,thanh6,0.07716168463230133,0.6604138024076823,0.1792537529836734
thanh6+󱝻,thanh6,0.10219048708677292,0.6653429834833258,0.23698424607894006
thanh6+𣛦,thanh6,0.10346247255802155,0.497662477355815,0.3640473153078898
thanh6+𬈈,thanh6,0.07750608026981354,0.7828327001943778,0.2593490487910241
thanh6+󱛦,thanh6,0.06671787053346634,0.7797987166484354,0.10936054032409925
thanh6+𩛸,thanh6,0.05307153984904289,0.8261167332746928,0.14566568362079652
thanh6+𡖡,thanh6,0.07898247987031937,0.6812443672239282,0.10180279509761374
thanh6+𥵉,thanh6,0.08429787307977676,0.7319803315026978,0.15051549707923792
thanh6+󰌗,thanh6,0.14346732199192047,0.7112185021567705,441.29690135223404
thanh6+𭉆,thanh6,0.06895357370376587,0.7835755604364824,0.09865288238819984
thanh6+󱨜,thanh6,0.10104559361934662,0.6895123734663205,0.5360101465494301
thanh6+󱛱,thanh6,0.0641062781214714,0.7228176940522759,0.14609143874272731
thanh6+󱎶,thanh6,0.07206524163484573,0.7490109000254483,0.17984460937867439
thanh6+󱤈,thanh6,0.13251468539237976,0.6943597513211899,0.8580725986885479
thanh6+󰛕,thanh6,0.1094435602426529,0.6861197626448948,0.5519545912192282
thanh6+𬧡,thanh6,0.07829273492097855,0.6653951897517754,0.0863615116403708
thanh6+󱙰,thanh6,0.08975683897733688,0.6560504436904294,0.23494773504764488
thanh6+󰊎,thanh6,0.0834408551454544,0.6756407736441151,0.181975233398002
thanh6+𡃝,thanh6,0.10257558524608612,0.61356702857406,0.2867833603709767
thanh6+󱛺,thanh6,0.09415604174137115,0.6551111121129999,0.4749428715516561
thanh6+󰫽,thanh6,0.08903032541275024,0.7424011985016256,0.13381487819810464
thanh6+𩂀,thanh6,0.08643234521150589,0.7760006296349129,0.11464013536269697
thanh6+󱼖,thanh6,0.10091330856084824,0.5841822275010954,0.27579036556544906
thanh6+󱟡,thanh6,0.1194160059094429,0.7073379535687367,0.3571162954702269
thanh6+𠶊,thanh6,0.07159371674060822,0.796556956724438,0.09877701577509425
thanh6+𬟻,thanh6,0.055471453815698624,0.811602055568223,0.12724794106277174
thanh6+蝔,thanh6,0.07210525125265121,0.816384471695079,0.24194651543315807
thanh6+𪢍,thanh6,0.05055776983499527,0.758457816301679,0.13421687324004852
thanh6+𬄃,thanh6,0.07682658731937408,0.757382755140478,0.18432407405426562
thanh6+󱞮,thanh6,0.11929287761449814,0.743970461378864,0.1880991084117333
thanh6+𨪪,thanh6,0.09974955022335052,0.7192182146389513,0.3194393309106519
thanh6+󱢣,thanh6,0.07217856496572495,0.7470080629568825,0.21223865852823195
thanh6+󱚑,thanh6,0.1308954805135727,0.6992105749819784,0.32586494005070027
thanh6+󰺼,thanh6,0.06525173038244247,0.7966768736519869,0.17200783937225128
thanh6+󱟪,thanh6,0.09216603636741638,0.7141878037303976,0.2120124552108317
thanh6+𢙬,thanh6,0.10107814520597458,0.5958952755945555,0.12785905718231572
thanh6+䈊,thanh6,0.09960837662220001,0.6027871871767209,0.1919970620494826
thanh6+𪤠,thanh6,0.06312157958745956,0.7618658194516992,0.1661588066908094
thanh6+𠶂,thanh6,0.07416051626205444,0.8105048114054109,0.23194711214475236
thanh6+󱛍,thanh6,0.08236277103424072,0.7052274863406557,0.11651781684070985
thanh6+𬕻,thanh6,0.17390181124210358,0.5759272702138212,8.643766578242731
thanh6+󱛥,thanh6,0.07167010754346848,0.7482450468091355,0.30035516269627843
thanh6+𬙛,thanh6,0.12347114086151123,0.7027408319534435,0.15351331810953145
thanh6+𫮡,thanh6,0.07896891981363297,0.6955626386031623,0.21573386119380777
thanh6+𢵻,thanh6,0.044218339025974274,0.8176557921078506,0.13343485941098435
thanh6+𪟤,thanh6,0.06473901122808456,0.7597296603146412,0.10676773049662625
thanh6+𩯂,thanh6,0.14649733901023865,0.6186963817879633,0.2973385416567802
thanh6+𥌈,thanh6,0.12565644085407257,0.5705685339921603,0.40843725328983455
thanh6+󰂻,thanh6,0.06697676330804825,0.6812950606850847,0.12089184371146311
thanh6+󱹙,thanh6,0.08156592398881912,0.6727733856344008,0.24631044629220777
thanh6+󱜷,thanh6,0.10324297845363617,0.7793448962880047,0.22882756198739831
thanh6+󱮾,thanh6,0.1404164433479309,0.6176234862521011,0.5724423884858573
thanh6+𡉁,thanh6,0.057703640311956406,0.8253548787830988,0.10215719700359126
thanh6+𫫛,thanh6,0.0783555880188942,0.7486379699732184,0.19136876080829987
thanh6+󱜫,thanh6,0.08617765456438065,0.6808239725227516,0.11715005228053704
thanh6+󱞑,thanh6,0.11138151586055756,0.6659846175556633,0.15456332482297827
thanh6+𤁯,thanh6,0.10349074006080627,0.6593948039511238,0.5319141883202074
thanh6+𮫷,thanh6,0.10365931689739227,0.5686199959426878,0.12653813646322778
thanh6+𠼋,thanh6,0.10989418625831604,0.746542984291737,0.22984403027362918
thanh6+𡗅,thanh6,0.1396065354347229,0.6823790404113659,0.4383922126762667
thanh6+󱩳,thanh6,0.08393073827028275,0.7447430085021234,0.20695120191935998
thanh6+󱝺,thanh6,0.1538911908864975,0.6925732022147648,0.43008818142861877
thanh6+󰍖,thanh6,0.08214742690324783,0.6696234981072748,0.1258271372332736
thanh6+󰙅,thanh6,0.07828059792518616,0.7221130365516459,0.17236931560111027
thanh6+𡅑,thanh6,0.07357094436883926,0.7383063531867431,0.22440979614527903
thanh6+𫭅,thanh6,0.08620917797088623,0.6894688271842072,0.10468300202554422
thanh6+𪥑,thanh6,0.0798971951007843,0.7780239046197143,0.2196095517642486
thanh6+󱟉,thanh6,0.07076442241668701,0.7856739734659333,0.21380620118739022
thanh6+𨇉,thanh6,0.09675781428813934,0.4692755833955846,0.1624639604103558
thanh6+㗌,thanh6,0.08462785184383392,0.8172023899679113,0.19515570337287516
thanh6+󱡄,thanh6,0.08373136073350906,0.6710795196287951,0.32882556534762813
thanh6+𫆮,thanh6,0.0789160281419754,0.6652407947887582,0.1466652697823797
thanh6+󰨑,thanh6,0.07279317080974579,0.7328369443905838,0.1636654806445484
thanh6+𪶵,thanh6,0.06562159955501556,0.774354067353892,0.16401776032097085
thanh6+𣕞,thanh6,0.06635682284832001,0.773351331411629,0.1614614256789972
thanh6+𡪦,thanh6,0.05638570711016655,0.7890220959121392,0.1390537736725655
thanh6+㖕,thanh6,0.11595091968774796,0.7533161825817453,0.11436742640960261
thanh6+藞,thanh6,0.07311803847551346,0.7133540815531586,0.2825705009718052
thanh6+󱗳,thanh6,0.08973166346549988,0.7147725435928253,0.3062723468002833
thanh6+𬪽,thanh6,0.09860898554325104,0.6910470205194191,0.10602673065116801
thanh6+𠿵,thanh6,0.09461158514022827,0.7252343016407945,0.2644744589713982
thanh6+󱪚,thanh6,0.11364475637674332,0.745222820032238,0.17832617922417449
thanh6+󱦅,thanh6,0.060806434601545334,0.824801082823379,0.1050324007236307
thanh6+𧌂,thanh6,0.06180647388100624,0.8352151657260332,0.17314133302783974
thanh6+󱦮,thanh6,0.09532049298286438,0.6020912277704933,0.18305924448282282
thanh6+󱙵,thanh6,0.09253084659576416,0.7170479408666907,0.4208964609077724
thanh6+𬊐,thanh6,0.08230329304933548,0.8006587751418242,0.12234259412323868
thanh6+󱙲,thanh6,0.08599000424146652,0.6677921010295043,0.17930593497586833
thanh6+󱞅,thanh6,0.08717073500156403,0.7076266313947035,0.12276098473249357
thanh6+哖,thanh6,0.07031147181987762,0.7668638024354847,0.15299884430505295
thanh6+䀭,thanh6,0.12758868932724,0.7602147330642791,0.871743842337704
thanh6+𣔧,thanh6,0.06007251515984535,0.7962057636634193,0.1923166551406946
thanh6+𠌊,thanh6,0.11394044011831284,0.675405463382984,0.3475875590095632
thanh6+𧍇,thanh6,0.05714377760887146,0.8172410155079145,0.14671668444091732
thanh6+󱟨,thanh6,0.1161186695098877,0.7010298407636752,0.42562279928279406
thanh6+𠶈,thanh6,0.0914248451590538,0.6257912077286629,0.09330605567044285
thanh6+󱋙,thanh6,0.0869564637541771,0.701846374681812,0.23172853194460585
thanh6+𠮨,thanh6,0.0600166954100132,0.8572806208337513,0.09405182024006602
thanh6+󱢅,thanh6,0.07870330661535263,0.667028221281246,0.23842480792387158
thanh6+𨮉,thanh6,0.14598329365253448,0.6567893896542368,0.49863702581989044
thanh6+娫,thanh6,0.07468830049037933,0.7393933191959412,0.3063480125707591
thanh6+󱡗,thanh6,0.08095663040876389,0.7712252622513488,0.1478970306938967
thanh6+𫰄,thanh6,0.0766935870051384,0.6563265265130216,0.2347296211546446
thanh6+㨫,thanh6,0.06633087992668152,0.8048420491842222,0.1909005462043899
thanh6+󱜶,thanh6,0.05426207557320595,0.7850902072582975,0.15612353374167257
thanh6+󱛳,thanh6,0.05972634628415108,0.7962154326910099,0.15195536046455357
thanh6+𢢈,thanh6,0.10721813142299652,0.6244364195025581,0.35082656986041
thanh6+󱭷,thanh6,0.08938377350568771,0.6815692469312137,0.36683490704424315
thanh6+𰇵,thanh6,0.09260451793670654,0.7972344357582113,0.20494073299220272
thanh6+𡞗,thanh6,0.0828629806637764,0.6432736063042924,0.2798564758963397
thanh6+󱬻,thanh6,0.12012522667646408,0.6114101346282439,0.2309480783220137
thanh6+𪡱,thanh6,0.06174660474061966,0.7287589374895956,0.10012065512801364
thanh6+𡃓,thanh6,0.09092961996793747,0.7178343060871546,0.2753432060234216
thanh6+󱰭,thanh6,0.09409070760011673,0.6744344805593584,0.34387527787511724
thanh6+󱩈,thanh6,0.1502932906150818,0.5760148004135992,0.30140052047715526
thanh6+󱢥,thanh6,0.12013803422451019,0.6245743294301148,0.6747436733092091
thanh6+󱪱,thanh6,0.1395021677017212,0.6487085996630262,0.46100631465245673
thanh6+𢪥,thanh6,0.07187370955944061,0.6941280234466328,0.11707186162145101
thanh6+󱝘,thanh6,0.07262323796749115,0.7793060176710541,0.1869337341023134
thanh6+𠿱,thanh6,0.07695286720991135,0.7868198472067311,0.311616696472048
thanh6+𡎔,thanh6,0.09154924005270004,0.780834904649479,0.18029714701758992
thanh7+圚,thanh7,0.11954797804355621,0.6244916761178789,0.1902252886532867
thanh7+𠞡,thanh7,0.1068052276968956,0.6225055738372457,0.19355817411394452
thanh7+󱞁,thanh7,0.07244227081537247,0.7134764079686152,0.12333334455536771
thanh7+𪝅,thanh7,0.11032808572053909,0.7483473102640132,53.25867358319433
thanh7+𪢒,thanh7,0.058751512318849564,0.7964175090867205,0.30193862925959397
thanh7+𤣡,thanh7,0.16849970817565918,0.32825080766279185,0.46613757989014615
thanh7+󱬊,thanh7,0.10011865943670273,0.6943715150346774,0.36631499327401257
thanh7+󱛺,thanh7,0.10937782377004623,0.6370086119071225,0.9616563819959033
thanh7+𡅉,thanh7,0.08332385867834091,0.7155153017407884,0.13905532080711636
thanh7+󱦾,thanh7,0.09750939160585403,0.642291026652082,0.14998611587853908
thanh7+𠶎,thanh7,0.06142449006438255,0.8398701898807669,0.06305956587212605
thanh7+𫧟,thanh7,0.05223848298192024,0.8177739868975095,0.10801543405678347
thanh7+𠿀,thanh7,0.06811194121837616,0.7316090097017565,0.1331371435500331
thanh7+𠷦,thanh7,0.07934797555208206,0.6679529232512198,0.18777953981299078
thanh7+𡃜,thanh7,0.08486226946115494,0.731928163710862,0.11189865068201528
thanh7+𣞄,thanh7,0.089757040143013,0.6587098294090116,0.16111850534632038
thanh7+𫔬,thanh7,0.07395218312740326,0.739836347202804,0.12928058112374852
thanh7+𨆟,thanh7,0.0855240672826767,0.7940460426812367,0.10838245098579123
thanh7+󱟪,thanh7,0.0860944390296936,0.7357393477347673,0.31727039141522556
thanh7+𠻅,thanh7,0.06164446473121643,0.7272761524339684,0.15350395922061746
thanh7+󱟮,thanh7,0.08019580692052841,0.6490410751709778,0.2591435416349136
thanh7+󱩫,thanh7,0.06360781192779541,0.791962035212521,0.1828390220149967
thanh7+󱠰,thanh7,0.06344212591648102,0.8125501077427765,0.08302491743716568
thanh7+𪬪,thanh7,0.1706816703081131,0.5815523414706543,0.485556579866055
thanh7+𤁯,thanh7,0.08343293517827988,0.6662665877849404,0.1729371641534172
thanh7+󱪚,thanh7,0.11800514161586761,0.6644691550656476,0.12079453973653376
thanh7+󱣗,thanh7,0.11497659236192703,0.4088732380079118,0.3134258666856077
thanh7+𡏯,thanh7,0.052885837852954865,0.7748929657468024,0.1093933087882697
thanh7+𫢶,thanh7,0.09821561723947525,0.7757603369990698,0.22439411707973397
thanh7+𦲹,thanh7,0.06637153774499893,0.7507975473559767,0.09018631261320618
thanh7+󰴾,thanh7,0.07138486951589584,0.7698133999812464,0.1612759746752156
thanh7+𫥸,thanh7,0.08031696081161499,0.816162210046866,0.11755166449835365
thanh7+󱞖,thanh7,0.05307361111044884,0.8031181077757574,0.08631174540780602
thanh7+𣓾,thanh7,0.08051471412181854,0.5262017749592933,0.09711212898099586
thanh7+󱥭,thanh7,0.06984586268663406,0.7767481805165615,0.14971605548752429
thanh7+󱦮,thanh7,0.09159863740205765,0.6727640192613988,0.24680140685031957
thanh7+󰞘,thanh7,0.08150161802768707,0.8075334829870228,0.09681972906052234
thanh7+󱛳,thanh7,0.060308948159217834,0.7800236798189832,0.10415253859508904
thanh7+󱫑,thanh7,0.0856015682220459,0.6728948539656433,0.36863971208418306
thanh7+󱯺,thanh7,0.07913734763860703,0.7464778974521898,0.22024240269002715
thanh7+󱼒,thanh7,0.0739389955997467,0.684359642823277,0.1707802226343578
thanh7+𫢧,thanh7,0.0644075945019722,0.8217003836184993,0.15891456892480407
thanh7+篵,thanh7,0.09526626765727997,0.7250588910373736,0.3417938482407701
thanh7+𦝇,thanh7,0.09392307698726654,0.7771459749309423,0.15999906604217518
thanh7+朠,thanh7,0.09277459233999252,0.74254249083337,40.6079698948386
thanh7+󱨇,thanh7,0.08444324880838394,0.6571452399652615,0.09081153975223812
thanh7+𠻱,thanh7,0.09908479452133179,0.6768959362639675,0.14466739268723422
thanh7+󱰐,thanh7,0.10652564465999603,0.577369343456436,0.20824470256844266
thanh7+󱫷,thanh7,0.08426612615585327,0.7136535460084714,0.10651259302855039
thanh7+㤝,thanh7,0.05501021072268486,0.8318369808560205,0.11461052157679515
thanh7+𬄃,thanh7,0.08322024345397949,0.6229722361543232,0.1365775452287139
thanh7+𢠤,thanh7,0.08271893858909607,0.7698745957137072,0.13846729706925484
thanh7+𡑲,thanh7,0.09283044934272766,0.7470173037437353,0.29430132241592766
thanh7+󱥥,thanh7,0.10265633463859558,0.6996967846028015,0.17354084277645643
thanh7+㙘,thanh7,0.07443824410438538,0.7526779047224635,0.30023014162324024
thanh7+󱝳,thanh7,0.0643957257270813,0.8431687953306508,0.14114027289703526
thanh7+󰣡,thanh7,0.07617799192667007,0.6885466432789198,0.19181657761223017
thanh7+𣌌,thanh7,0.09946376830339432,0.6056685221080352,0.321607232274659
thanh7+󱝨,thanh7,0.0783313661813736,0.7066866209034354,0.14196205898933661
thanh7+󰮡,thanh7,0.10881169140338898,0.495115937627504,0.14158984726996604
thanh7+󱞙,thanh7,0.09078290313482285,0.7333655235462457,0.10476601906985612
thanh7+𠾺,thanh7,0.11281511932611465,0.6813459829244004,0.45548894877253776
thanh7+󱀰,thanh7,0.08936373889446259,0.6892296884736933,0.18913731110670018
thanh7+𡫐,thanh7,0.10704784095287323,0.7028465156777083,0.21619312822914372
thanh7+𢅄,thanh7,0.09571916610002518,0.6712039014800779,0.15976280953524813
thanh7+溒,thanh7,0.04813097417354584,0.7934195181865146,0.20836096397671702
thanh7+󱝟,thanh7,0.07916025817394257,0.7681125089946623,0.14726602291320223
thanh7+𥋲,thanh7,0.09681437164545059,0.7249027006991927,0.15814352641511933
thanh7+湨,thanh7,0.08895844221115112,0.6875244358411179,0.12718010222851753
thanh7+󱫗,thanh7,0.09586655348539352,0.5537702761843734,1.7505747760864707
thanh7+𧒊,thanh7,0.07671639323234558,0.7506356561665981,0.18112687120440396
thanh7+𮤭,thanh7,0.08697157353162766,0.8057994067829672,0.3091290484164423
thanh7+󱝪,thanh7,0.08036047965288162,0.7213968817628522,0.1763674722762143
thanh7+󱞝,thanh7,0.09873701632022858,0.595028279834858,0.26172135741019503
thanh7+󱼖,thanh7,0.07681100815534592,0.7910705675400092,0.17555645970034053
thanh7+𡃆,thanh7,0.10168003290891647,0.7517455213674351,0.16826297405985213
thanh7+󰘵,thanh7,0.120045006275177,0.5588227872476483,0.32723181187818606
thanh7+𠶂,thanh7,0.07744055986404419,0.7017226407655076,0.25920516949915234
thanh7+󱓇,thanh7,0.06503619998693466,0.7790819738977309,0.17289750731459144
thanh7+𧍆,thanh7,0.15864133834838867,0.48841215139746574,8.169043786199298
thanh7+󱤾,thanh7,0.09261389821767807,0.7429227138479206,0.23057958073175958
thanh7+𫏝,thanh7,0.09333212673664093,0.6600678063034287,0.18208286233318072
thanh7+𨨨,thanh7,0.09444992989301682,0.7760806130005765,0.32563825868503876
thanh7+灆,thanh7,0.06649384647607803,0.7699079930737621,0.12713487121138617
thanh7+𦨂,thanh7,0.1301039308309555,0.6218083909780878,0.8535554608391919
thanh7+𠴇,thanh7,0.05976402759552002,0.8336512146964266,0.17279889738533993
thanh7+𩶽,thanh7,0.047950852662324905,0.7827104552678661,0.17091534096878844
thanh7+𪱎,thanh7,0.133047416806221,0.7040083071469586,0.275232425651804
thanh7+󰆐,thanh7,0.09616745263338089,0.7113036146359295,0.12848463646902844
thanh7+𥯉,thanh7,0.08970339596271515,0.7230786110755563,0.25150810864716444
thanh7+𫉮,thanh7,0.06770511716604233,0.8091057531017951,0.11333554926192925
thanh7+󱚂,thanh7,0.09156903624534607,0.7698608505821319,0.39648991894675745
thanh7+𪤲,thanh7,0.11325066536664963,0.7825190631599742,0.2191871677147732
thanh7+󰛺,thanh7,0.05815152823925018,0.8087241779135478,0.07606230063539438
thanh7+󱰭,thanh7,0.06368478387594223,0.7854068856128844,0.17630214386040113
thanh7+󱨿,thanh7,0.10320375114679337,0.7145924977550114,0.13113815382503013
thanh7+󱯏,thanh7,0.05183707922697067,0.7971628773361293,0.14000220327544344
thanh7+󱛥,thanh7,0.07056161016225815,0.7791790831475314,0.070424977759813
thanh7+󱩈,thanh7,0.11060523986816406,0.622313784729935,0.17018893473932953
thanh7+󰌺,thanh7,0.08480700850486755,0.7501499867854442,0.19076787859397337
thanh7+󰇵,thanh7,0.05758405104279518,0.8246048232418359,0.10678827372470773
thanh7+󱚕,thanh7,0.08014639467000961,0.7719437185799244,0.1905086248115414
thanh7+󰫽,thanh7,0.08444275707006454,0.676690519629784,0.11971380933517821
thanh7+󱟰,thanh7,0.09630226343870163,0.6535922152156589,0.11089902586351506
thanh7+𩂄,thanh7,0.08710750937461853,0.7341939073176789,0.1656273079546451
thanh7+󱛪,thanh7,0.12948474287986755,0.5929703975911704,0.2937499534452386
thanh7+𤞦,thanh7,0.07718878239393234,0.7286972818128143,0.3354016374328154
thanh7+󱳠,thanh7,0.06404608488082886,0.7870356140193726,0.12043029483027017
thanh7+󱝺,thanh7,0.08933638036251068,0.7213250043017929,0.10947036571130263
thanh7+𠼸,thanh7,0.05968736857175827,0.8226539751650765,0.14470121582816578
thanh7+󱟟,thanh7,0.07159388810396194,0.7503793249646643,0.1373647302801881
thanh7+󰙘,thanh7,0.13221140205860138,0.6413936905108001,135.5401424291961
thanh7+𬑶,thanh7,0.0885932520031929,0.7498812051866314,0.12666990794589036
thanh7+𩇆,thanh7,0.11205261945724487,0.6341174478025915,0.46161271439867374
thanh7+𫯝,thanh7,0.09827256947755814,0.6996048448228199,0.08311787370107433
thanh7+󱤗,thanh7,0.06747060269117355,0.7425446834121914,0.10407621015785924
thanh7+󱢥,thanh7,0.0956287682056427,0.6436989176605911,0.37609320792295725
thanh7+󱣂,thanh7,0.07946067303419113,0.6231817820422684,0.1629201663788946
thanh7+𠊙,thanh7,0.06657703220844269,0.7232617696503422,0.07727997631561438
thanh7+󱳦,thanh7,0.07722266018390656,0.7590904222861372,0.07509022663616814
thanh7+𦛲,thanh7,0.08028943091630936,0.7714319564187769,0.19863347448482135
thanh7+󱰖,thanh7,0.08483300358057022,0.7159275704949222,0.22232755531781445
thanh7+𫊬,thanh7,0.06421411782503128,0.81333368854847,0.08435554173207908
thanh7+󰁂,thanh7,0.11139307916164398,0.7329873109505763,0.16957347442772006
thanh7+󰠎,thanh7,0.09871205687522888,0.763021639998731,0.19440877970898343
thanh7+𬏇,thanh7,0.07465693354606628,0.8046704114895499,0.1144625655141077
thanh7+𥌈,thanh7,0.09447915107011795,0.7436389434805524,0.4031836734860925
thanh7+󱫳,thanh7,0.12545029819011688,0.66436409307569,0.1323389074419741
thanh7+𤐠,thanh7,0.08978211134672165,0.7341000424843579,0.29094293051629694
thanh7+𡫶,thanh7,0.0832890048623085,0.7505028601500272,0.222221764484858
thanh7+󱖧,thanh7,0.09472094476222992,0.6921440780033933,0.24688397264177397
thanh7+𪢌,thanh7,0.11399880051612854,0.5828431455353442,0.1317115699968783
thanh7+󱙤,thanh7,0.10568094253540039,0.6888328141202632,0.1330670490208368
thanh7+𡚎,thanh7,0.12572692334651947,0.46128361138092056,0.281536079308123
thanh7+𬕌,thanh7,0.09254665672779083,0.7410610903873376,0.11021409676005557
thanh7+󱛑,thanh7,0.09798842668533325,0.7104092170705832,0.1957164852334595
thanh7+姈,thanh7,0.0981840044260025,0.618043431848604,0.12432504543588774
thanh7+󱝆,thanh7,0.09620444476604462,0.7896545119304137,0.20188435458095824
thanh7+𠾬,thanh7,0.053704340010881424,0.8215200642007618,0.10185391345211113
thanh7+𬈈,thanh7,0.06459779292345047,0.7399330585031068,0.17228645957751718
thanh7+𡳳,thanh7,0.0927077978849411,0.6500295476856246,0.26566682007288217
thanh7+󱜴,thanh7,0.13647201657295227,0.6187468519241559,0.08923864300726166
thanh7+𰈏,thanh7,0.0928695946931839,0.7859996903552403,0.2979526535197468
thanh7+󱨈,thanh7,0.09642546623945236,0.658872329900705,0.20586247574982083
thanh7+𢹾,thanh7,0.08434860408306122,0.7922717531609083,0.2749537866075777
thanh7+󱡴,thanh7,0.09007950872182846,0.7306866970086213,0.3853837759816499
thanh7+󱹡,thanh7,0.08534388989210129,0.720724053388134,0.15664108163922216
thanh7+󱬔,thanh7,0.08131501078605652,0.7993237483362517,0.17287823515538078
thanh7+󰬙,thanh7,0.08448287099599838,0.6810813153097057,0.10673281085338482
thanh7+𦼜,thanh7,0.061467234045267105,0.6829497375963595,0.2409913009061323
thanh7+𡄳,thanh7,0.09421665966510773,0.7203676504991153,0.33406012627900217
thanh7+󱹺,thanh7,0.06952537596225739,0.766286442886055,171.88703489720623
thanh7+󰂘,thanh7,0.0696716457605362,0.8382288117251009,0.11859939458176066
thanh7+𫫜,thanh7,0.06140388920903206,0.7567005757122404,0.18486043175535935
thanh7+𬞑,thanh7,0.05977145582437515,0.7706402852731813,0.13232309027307596
thanh7+󱜾,thanh7,0.05849740281701088,0.8374861987918257,0.08999012466532859
thanh7+𡚄,thanh7,0.0789225623011589,0.6973836903884082,0.1694384242617751
thanh7+󱘰,thanh7,0.08941826224327087,0.6797218422851582,0.1134499422818143
thanh7+󱭘,thanh7,0.08826729655265808,0.6663994809437973,0.29249490767372877
thanh7+𫱗,thanh7,0.06663066148757935,0.8178373273838431,0.1143014467512377
thanh7+󱟬,thanh7,0.11790703982114792,0.6992570911113255,0.07602966255640088
thanh7+𫴯,thanh7,0.10647665709257126,0.7142186981937196,0.07412867794081109
thanh7+󱞴,thanh7,0.055192455649375916,0.7364072023741708,0.15297118631809029
thanh7+󱞣,thanh7,0.10633693635463715,0.5492631425334803,0.17767105968540406
thanh7+󱛆,thanh7,0.08232256025075912,0.7665058039898753,0.11905027927277202
thanh7+󱝝,thanh7,0.07175428420305252,0.8448826283773246,0.07852085438397358
thanh7+𫬠,thanh7,0.13069501519203186,0.5060855208802703,0.24495669949321144
thanh7+𠺺,thanh7,0.06571218371391296,0.7993385600972548,0.1593064115848376
thanh7+󰞬,thanh7,0.17611706256866455,0.5235666614475765,0.2484097600514801
thanh7+𬛀,thanh7,0.08906116336584091,0.740722916197528,0.10792618590083258
thanh7+󱞎,thanh7,0.11744768917560577,0.7313054995884453,0.22504879837313752
thanh7+󱝒,thanh7,0.058315105736255646,0.8495981920035488,0.09595607586160433
thanh7+藞,thanh7,0.06609640270471573,0.7758153236112673,0.23210397391408524
thanh7+󱚛,thanh7,0.09573447704315186,0.7508281083743509,0.24505286779011617
thanh7+󱛕,thanh7,0.1098482608795166,0.6965883685506971,0.20595819781669897
thanh7+𠴭,thanh7,0.05959632992744446,0.7664456821277775,0.10374382768490477
thanh7+󰊈,thanh7,0.12220171093940735,0.7403096452235395,0.24991368122554125
thanh7+𬊐,thanh7,0.11340843141078949,0.6814711106569143,0.11517639884935675
thanh7+𦲼,thanh7,0.07969288527965546,0.7045978958059558,0.20117457004166409
thanh7+𥌧,thanh7,0.08583730459213257,0.6584494500095135,0.31259650220931756
thanh7+𡀲,thanh7,0.06230956315994263,0.7428806545513253,0.1587340955949485
thanh7+󱞼,thanh7,0.05904975160956383,0.7959032796240754,0.14236188861101765
thanh7+󰄼,thanh7,0.06073273718357086,0.7583936938070217,0.11436010839934589
thanh7+𠴌,thanh7,0.07650195062160492,0.7875276627342079,0.16057305766643656
thanh7+󱜺,thanh7,0.05458487197756767,0.7380465150493429,0.07698204655960957
thanh7+𡃙,thanh7,0.11940419673919678,0.7217054056762365,0.39541092250859244
thanh7+𡫫,thanh7,0.05023984611034393,0.7887464122364515,0.10836206862701468
thanh7+󱰍,thanh7,0.13751506805419922,0.5488047693265076,0.1931468232703604
thanh7+𬉌,thanh7,0.056786321103572845,0.7870529081476599,0.22157380045688388
thanh7+󰧙,thanh7,0.12119993567466736,0.7549037115848898,0.10963983702131132
thanh7+󱍺,thanh7,0.07541503012180328,0.7144734536728532,0.11710690365837641
thanh7+𢴎,thanh7,0.08333463221788406,0.7686862126545875,0.1373694076934198
thanh7+𪢊,thanh7,0.07301174104213715,0.7504768262591307,0.2430020724129569
thanh7+󰢜,thanh7,0.05953007936477661,0.8012567950376287,0.10670725649676789
thanh7+抋,thanh7,0.053297609090805054,0.8246145672248392,0.08160416132881788
thanh7+󱓍,thanh7,0.0938466414809227,0.7412201508968614,0.16433234609336128
thanh7+󱝙,thanh7,0.06430578976869583,0.7577801689515983,0.18709782863986757
thanh7+𢶹,thanh7,0.06297755241394043,0.7915878676243725,0.11127168673806119
thanh7+𦟑,thanh7,0.07749145478010178,0.8032923789692203,0.1377791922169059
thanh7+𣛤,thanh7,0.10074570775032043,0.7082283321928503,0.8359780325289851
thanh7+󱨜,thanh7,0.08306863158941269,0.6862127449911966,0.37077873779168175
thanh7+󰣿,thanh7,0.09014067053794861,0.7452936104080151,0.1716575418699803
thanh7+󱞅,thanh7,0.051524754613637924,0.8178894791597823,0.07541808078206665
thanh7+𬊭,thanh7,0.0974545031785965,0.7813419453087539,0.4050260042613811
thanh7+𤏦,thanh7,0.09025454521179199,0.7678762020972909,0.20001170190772652
thanh7+󰘓,thanh7,0.07768178731203079,0.691515710459624,0.15339617805734743
thanh7+󱉲,thanh7,0.09721381962299347,0.6622147051104043,0.28417682680291106
thanh7+𫴬,thanh7,0.10372134298086166,0.817803379421944,0.1834955884735493
thanh7+𡦫,thanh7,0.08204027265310287,0.6408103061370022,0.14164521856138515
thanh7+󱨫,thanh7,0.14122462272644043,0.6647422766445966,0.21360696238309618
thanh7+𦽎,thanh7,0.07197590917348862,0.719126827328499,0.16206581069500484
thanh7+𨔌,thanh7,0.11551300436258316,0.6102973005820749,0.7512472371678691
thanh7+󰬲,thanh7,0.09866970032453537,0.7428854128669136,0.16403688190516194
thanh7+󰬨,thanh7,0.05770200863480568,0.7971122977362283,0.18721197784238253
thanh7+󱼓,thanh7,0.10624304413795471,0.6907961384290877,0.14114017773538637
thanh7+𬪽,thanh7,0.07058543711900711,0.7972814239177949,0.11575600539079008
thanh7+㗌,thanh7,0.07759753614664078,0.8176757970140863,0.1409648880874704
thanh7+󱛲,thanh7,0.06247175857424736,0.7803913576355136,0.13981100023567739
thanh7+𥵖,thanh7,0.0995851457118988,0.6893049499206625,0.24414262679911702
thanh7+𬃴,thanh7,0.052521247416734695,0.7723372035410611,0.1284497485499282
thanh7+󱜈,thanh7,0.09074698388576508,0.6691184014226542,0.3252778959015592
thanh7+噃,thanh7,0.07122359424829483,0.7984678996980514,0.15892405763681558
thanh7+𡏥,thanh7,0.06491360068321228,0.7983604197587111,0.15518990572213212
thanh7+󱞡,thanh7,0.08473077416419983,0.720719595710658,0.12035413491938336
thanh7+󰤣,thanh7,0.08602531254291534,0.6388037850213466,0.20397976191335646
thanh7+𡗅,thanh7,0.10973113030195236,0.7158098771515897,0.30119213797566274
thanh7+𦩳,thanh7,0.07331102341413498,0.7124901018964643,0.12820604530995502
thanh7+𪢖,thanh7,0.07485655695199966,0.766790835190205,0.09526429015528537
thanh7+𮫷,thanh7,0.08860611170530319,0.7726701910274298,0.2628471457548291
thanh7+󱋣,thanh7,0.064726822078228,0.7730699185441845,0.20367160693926303
thanh7+𫪎,thanh7,0.10272655636072159,0.656696358394751,0.09779615265750057
thanh7+󱧖,thanh7,0.04412918910384178,0.8395293995796208,0.08147678491003792
thanh7+𠶈,thanh7,0.08058077841997147,0.7002199068270241,0.1075771358749471
thanh7+󱢅,thanh7,0.1269773691892624,0.510773061886013,0.3733304172566346
thanh7+𤯱,thanh7,0.07716985791921616,0.7530410624666796,0.1600884420475125
thanh7+󱟕,thanh7,0.09197014570236206,0.5285091876397179,0.14516406810468
thanh7+𡁽,thanh7,0.0895344465970993,0.7092585629725554,0.21493495785540842
thanh7+󱭪,thanh7,0.11158356815576553,0.703255504312198,0.3806628788027393
thanh7+󱙭,thanh7,0.11393028497695923,0.5402426559362213,0.17438874246738947
thanh7+𣱿,thanh7,0.07865026593208313,0.7792329061683195,0.07366882216572346
thanh7+㺜,thanh7,0.08086322993040085,0.6877798257068146,0.3451474687545442
thanh7+𩠸,thanh7,0.08596980571746826,0.7105888301893883,0.26616078458525294
thanh7+𨁋,thanh7,0.07255098968744278,0.7614110720234252,0.12352874089763051
thanh7+󰄜,thanh7,0.12109318375587463,0.6501049218215812,0.43947947668743065
thanh7+󰍖,thanh7,0.10490651428699493,0.7029808167738743,0.27439027742929173
thanh7+𧞣,thanh7,0.0774969831109047,0.6992450727200122,0.29494128488977733
thanh7+󱰺,thanh7,0.1233598068356514,0.44626166695523856,0.7307926082839326
thanh7+𦝺,thanh7,0.10416007041931152,0.6305590967321087,0.1377186769319055
thanh7+𬖵,thanh7,0.0779922604560852,0.7070047143785003,0.18726108260546614
thanh7+󱟉,thanh7,0.061443451792001724,0.7372241427812023,0.1086696980392798
thanh7+𢢈,thanh7,0.08056395500898361,0.7718182484987117,0.22765862448286808
thanh7+𨃌,thanh7,0.10414870083332062,0.5480333485287219,0.21653622133778125
thanh7+󱛢,thanh7,0.06199580058455467,0.838327089609706,0.10284450447194833
thanh7+󱲗,thanh7,0.08825832605361938,0.7270025253628668,0.14053394972186078
thanh7+𪢜,thanh7,0.0641518160700798,0.7388635762867044,0.1772532746075388
thanh7+𢵻,thanh7,0.06150531768798828,0.8098467758692843,0.14232951992658605
thanh7+󰛕,thanh7,0.10557375848293304,0.6766467358316548,0.19211161059365578
thanh7+壉,thanh7,0.11548041552305222,0.6722502754886167,0.159031224864611
thanh7+𪰰,thanh7,0.0760599672794342,0.8055410394653464,0.12558696912001296
thanh7+𦿄,thanh7,0.0672910064458847,0.7696503238442012,0.25357822509943895
thanh7+𠴘,thanh7,0.09834364801645279,0.5977164833817245,0.09771124441339125
thanh7+󱱣,thanh7,0.07252418994903564,0.7917134621880512,0.1619409419527649
thanh7+鯑,thanh7,0.07176760584115982,0.7132477011601802,0.2836586358472073
thanh7+𬅷,thanh7,0.07229180634021759,0.7985473315861452,0.14265706425292138
thanh7+𫫴,thanh7,0.06469152122735977,0.7571826548065471,0.2945952413819879
thanh7+𠌊,thanh7,0.12651923298835754,0.45876378594387746,0.08989524552175938
thanh7+𬛒,thanh7,0.06455889344215393,0.8046043617293974,0.1374994389239775
thanh7+󱙌,thanh7,0.1155652105808258,0.6127607131667041,0.18801925323969002
thanh7+𪞀,thanh7,0.05568854510784149,0.7670455054749866,0.08346680281317986
thanh7+󱱀,thanh7,0.09637026488780975,0.7293832309089698,0.5444514797141163
thanh7+󱦗,thanh7,0.11212565749883652,0.6728380930308929,0.45150874633568255
thanh7+󰁐,thanh7,0.06551700085401535,0.8073878397241203,0.14443241370479362
thanh7+󱙴,thanh7,0.12816128134727478,0.49428322504233085,0.42422847777168915
thanh7+󱬐,thanh7,0.08431448042392731,0.6748661542119306,0.12932421021588966
thanh7+󱰯,thanh7,0.09687601774930954,0.7345006615845683,0.11972140860280217
thanh7+𪢤,thanh7,0.11973640322685242,0.5762023796920138,0.1949762477980461
thanh7+𫉩,thanh7,0.06653400510549545,0.8425955726275232,0.10827150551853167
thanh7+𠹍,thanh7,0.07343830913305283,0.7760419446363006,0.1028577389404892
thanh7+𠜈,thanh7,0.06800208985805511,0.801914102840898,0.08287043672830051
thanh7+鏙,thanh7,0.07675088196992874,0.7824245124256424,0.24280343050284273
thanh7+𬂻,thanh7,0.05385904759168625,0.8059159302659522,0.08314373019768471
thanh7+𡐮,thanh7,0.08000747114419937,0.7500586694902958,0.14567283896878944
thanh7+𠻉,thanh7,0.052093248814344406,0.8107903884913177,0.2868780492207472
thanh7+𡃝,thanh7,0.07362624257802963,0.7536046052871676,0.17166328000062445
thanh7+󱚴,thanh7,0.06187449395656586,0.730469168121614,0.09495800616802014
thanh7+𬞰,thanh7,0.14265337586402893,0.4716460162432317,0.6347296794483203
thanh7+唥,thanh7,0.0318625308573246,0.8734025412686293,0.11835086379601271
thanh7+𡅯,thanh7,0.08748181164264679,0.6783406146535519,0.31620708191827734
thanh7+󱤠,thanh7,0.09365218877792358,0.7147770588817808,0.18494015866733163
thanh7+哠,thanh7,0.06771399080753326,0.8279502252506995,0.10943512465877368
thanh7+󱯑,thanh7,0.09128900617361069,0.7221218267389033,0.2895809399298977
thanh7+𦟖,thanh7,0.06735800206661224,0.7514211992896187,0.160796912530738
thanh7+󱷿,thanh7,0.06489811092615128,0.7936523595286971,0.11870168213574124
thanh7+𠇕,thanh7,0.0935935527086258,0.7401188460827722,0.13384520153739768
thanh7+󱦡,thanh7,0.12478579580783844,0.6316093454530189,0.2013469220992611
thanh7+㖏,thanh7,0.069944366812706,0.8175136396449738,0.2066395367499565
thanh7+𪱴,thanh7,0.09474314004182816,0.7078540727807178,0.1994045887622621
thanh7+𨊌,thanh7,0.0839398205280304,0.7249148565241569,0.20441552381316994
thanh7+𡅍,thanh7,0.07618838548660278,0.716929858220745,0.2594714626996735
thanh7+啲,thanh7,0.049858249723911285,0.8642010555312997,0.09060091412138364
thanh7+󱧘,thanh7,0.0540284737944603,0.865265130009521,0.08356559012949592
thanh7+𬀦,thanh7,0.05796568840742111,0.8038229717257351,0.12286827655512982
thanh7+𥱫,thanh7,0.08531209826469421,0.7532549428393474,0.2544078321411117
thanh7+󱝭,thanh7,0.0731014534831047,0.8496826172768728,0.09677499656353282
thanh7+󱝸,thanh7,0.10395878553390503,0.6530751408212492,0.4258545325461771
thanh7+𩽈,thanh7,0.11139929294586182,0.6710234165540436,0.4607998659998869
thanh7+󱜲,thanh7,0.06106341630220413,0.8420446647057507,0.11718311747334619
thanh7+𡜒,thanh7,0.06899167597293854,0.6050443459414901,0.1459551673557927
thanh7+󱩛,thanh7,0.08809109777212143,0.7596053615597067,0.1566358432140197
thanh7+𠹖,thanh7,0.10589641332626343,0.7077267572508549,37.01087254533192
thanh7+𫼿,thanh7,0.053088244050741196,0.817496212152625,0.1591063868384918
thanh7+󱥓,thanh7,0.12285162508487701,0.662808104459289,0.25207941309418114
thanh7+𬏖,thanh7,0.1054641604423523,0.7182298675813238,0.34985920271184034
thanh7+󰂻,thanh7,0.07355332374572754,0.6941012124773209,0.08400441133791968
thanh7+󱫪,thanh7,0.12474203109741211,0.6771168334576191,0.5486947492071644
thanh7+󰢔,thanh7,0.08137305080890656,0.5751675535493154,0.11681685041336243
thanh7+𬠥,thanh7,0.08297059684991837,0.6447754432972664,0.17912643480209045
thanh7+𪡈,thanh7,0.05027194321155548,0.8652261073294228,0.0884974278975127
thanh7+󱡉,thanh7,0.10385018587112427,0.6549611083416702,0.27468620570721797
thanh7+󱥄,thanh7,0.0966920554637909,0.7336387966630233,0.17875132023508022
thanh7+󰊎,thanh7,0.1054026260972023,0.7737977411336491,0.2999193180573922
thanh7+䓬,thanh7,0.09545773267745972,0.6662358374632589,0.10715900896549073
thanh7+𫢖,thanh7,0.11664561182260513,0.6951673720455561,0.22268790328291246
thanh7+𨡨,thanh7,0.1053270474076271,0.6617640343517749,0.15690693451224083
thanh7+󱟛,thanh7,0.09357137233018875,0.7453096705118687,0.2579775072265781
thanh7+󱮧,thanh7,0.05387046933174133,0.7467652636667526,0.1482497242603316
thanh7+𭈒,thanh7,0.061223555356264114,0.8560218218208886,0.0898456733121018
thanh7+󱝀,thanh7,0.054776329547166824,0.8205831027612976,0.07563277010514734
thanh7+󱬑,thanh7,0.06995977461338043,0.7671457555953963,0.23813641390047005
thanh7+󱞒,thanh7,0.07373583316802979,0.7657221443215969,0.20804827278809954
thanh7+𥴙,thanh7,0.09244673699140549,0.7312731104707527,0.16746142150820698
thanh7+󱞊,thanh7,0.08751384913921356,0.6547876142244571,0.10693037220580622
thanh7+󱛻,thanh7,0.06994450837373734,0.7562800639242706,0.1684571025946184
thanh7+𫪦,thanh7,0.058850716799497604,0.8101172167689976,0.17880870430936016
thanh7+蓸,thanh7,0.06922044605016708,0.8034720653080396,0.19728718214601249
thanh7+啩,thanh7,0.08334361016750336,0.7296150002118597,0.1455939531057443
thanh7+󰂛,thanh7,0.07007113844156265,0.7459414744315571,0.2116130517595529
thanh7+𠷇,thanh7,0.08977299183607101,0.7059788199647207,0.29720307621902364
thanh7+𡫡,thanh7,0.08637543767690659,0.626816913644081,0.13115880657899617
thanh7+莰,thanh7,0.06415008008480072,0.7775693604224614,0.0840921634520906
thanh7+𤲼,thanh7,0.10620440542697906,0.7411185910723631,0.1570505590599887
thanh7+󱛙,thanh7,0.06408332288265228,0.815988669664769,0.2575860671169154
thanh7+捠,thanh7,0.06237928569316864,0.799871483853817,0.07855028891120143
thanh7+𪟤,thanh7,0.06790578365325928,0.6931744558631482,0.12660323078462252
thanh7+𫅲,thanh7,0.1427292823791504,0.6034608601802213,0.36139528217223965
thanh7+𡁞,thanh7,0.06207723170518875,0.7620827298227465,0.1995121401592329
thanh7+󱰪,thanh7,0.0651838481426239,0.7323850528153034,0.21448967186266069
thanh7+󱋭,thanh7,0.0668708086013794,0.7666015401204292,0.10421671518982144
thanh7+𠴹,thanh7,0.06458831578493118,0.8263602852901676,0.17487839487429024
thanh7+󱟎,thanh7,0.054978638887405396,0.7493025926128589,0.13534134420920696
thanh7+𠼇,thanh7,0.11107946932315826,0.7087777498752079,0.13132431396642122
thanh7+󱪉,thanh7,0.09285710752010345,0.6859654666944781,0.2746775188488461
thanh7+𠴖,thanh7,0.07206383347511292,0.8141439780193477,0.1313479080294868
thanh7+󱌔,thanh7,0.07211923599243164,0.7550122727013893,0.1350796380840513
thanh7+𰇵,thanh7,0.06085382401943207,0.8326369727480645,0.11629332059171499
thanh7+𠻆,thanh7,0.06043660640716553,0.8163855672249452,0.16202312129331212
thanh7+󱢜,thanh7,0.08475816249847412,0.7709414889052852,0.11866522212842186
thanh7+㗭,thanh7,0.07474186271429062,0.6778528354405534,0.11476776411399099
thanh7+󰝅,thanh7,0.09479806572198868,0.6910852861535076,0.27296491723175437
thanh7+󱲥,thanh7,0.0656362995505333,0.7282108606315107,0.2018009940516546
thanh7+𫪌,thanh7,0.09936073422431946,0.7598602446259486,0.2072247974612236
thanh7+󱅒,thanh7,0.11468259245157242,0.6988834444879446,0.4046263232279248
thanh7+󱚇,thanh7,0.0637664720416069,0.7324695429710163,0.12311761477461917
thanh7+濧,thanh7,0.10602647066116333,0.7408635398691831,0.29126003282634555
thanh7+󱫂,thanh7,0.05574967712163925,0.7707672657780306,0.14921404139897396
thanh7+𢆠,thanh7,0.092814140021801,0.7387871681721463,0.1735730884430798
thanh7+𫯲,thanh7,0.07094280421733856,0.7090880600368992,0.11668439895389109
thanh7+𢭿,thanh7,0.06640046089887619,0.7137895840163655,0.09653125743868073
thanh7+𣕞,thanh7,0.08357302099466324,0.6709849107181121,0.3385512698803488
thanh7+󱠳,thanh7,0.06830394268035889,0.6661295411759341,0.1805307138175333
thanh7+𡄧,thanh7,0.09315824508666992,0.6693114789909522,0.10683316100345701
thanh7+󰜡,thanh7,0.06465540826320648,0.8123666487009696,0.18258980496595667
thanh7+𫿟,thanh7,0.10781905800104141,0.6625385353333118,0.3299251914130669
thanh7+𢲠,thanh7,0.06319794803857803,0.7602727601771894,0.11962865746463881
thanh7+󰺥,thanh7,0.09728661924600601,0.7164941244579299,0.2618102294255511
thanh7+󱎾,thanh7,0.056285738945007324,0.8205405320419499,0.16104536152589818
thanh7+𠶍,thanh7,0.05885211005806923,0.7369580416627373,0.07830474829400409
thanh7+𡄡,thanh7,0.08642720431089401,0.6602465661614015,0.2585702779214823
thanh7+󱜷,thanh7,0.06466671824455261,0.8193388842556916,0.08597150206006778
thanh7+󱬻,thanh7,0.08685334026813507,0.7509963698020575,0.1962500078675148
thanh7+𠼳,thanh7,0.09538732469081879,0.6913052183731182,0.15303782369765587
thanh7+𦵠,thanh7,0.07151603698730469,0.7566221466633462,0.12599947549389687
thanh7+𩀳,thanh7,0.1053583174943924,0.7056973282887855,0.7770467565075722
thanh7+󱥯,thanh7,0.05092712864279747,0.8074781777109439,0.18015265495528623
thanh7+󰌋,thanh7,0.1064729243516922,0.7084052450478258,0.16276332028623966
thanh7+𡀇,thanh7,0.08578084409236908,0.74874927491096,0.4367843877437599
thanh7+󱤒,thanh7,0.06566310673952103,0.6628139581262092,0.14849223650651966
thanh7+󰮯,thanh7,0.10135746747255325,0.6773506821689439,0.327875518000519
thanh7+𧟝,thanh7,0.12371467798948288,0.5967268495501048,0.40558951148104505
thanh7+󱪎,thanh7,0.07331573218107224,0.7439117008391744,0.1586730330668499
thanh7+󱦔,thanh7,0.0819658488035202,0.6327329527864232,0.12134888089433253
thanh7+𠽇,thanh7,0.06842382997274399,0.776234827582611,0.23772298166020653
thanh7+𥴘,thanh7,0.08324157446622849,0.5885924289929575,0.43114693638484
thanh7+𣛦,thanh7,0.0803987979888916,0.7087395601245327,0.1893278204766535
thanh7+𡌡,thanh7,0.11682397872209549,0.7153793369258787,0.18641849016311818
thanh7+󱤉,thanh7,0.1587083786725998,0.6339286617757114,213.1011119908898
thanh7+𡪦,thanh7,0.057198185473680496,0.8045984985927112,0.13861078184506725
thanh7+𧜗,thanh7,0.06861617416143417,0.8060394111406245,0.19782235392772196
thanh7+𫵊,thanh7,0.10032922774553299,0.6378208666508619,0.24040305303377618
thanh7+󰧺,thanh7,0.10946449637413025,0.7339098442474363,0.15410222348635566
thanh7+𩛸,thanh7,0.0752149224281311,0.7348960068335486,0.3144625476035656
thanh7+󰢉,thanh7,0.07940909266471863,0.7684622940667862,0.1320643244637851
thanh7+󱞟,thanh7,0.09146664291620255,0.6750861086877266,0.25525304754893896
thanh7+𠱻,thanh7,0.0877583920955658,0.6943914296921043,0.09344763516098557
thanh7+󰭂,thanh7,0.1080964207649231,0.7412430473064984,0.16306518189507135
thanh7+󱰚,thanh7,0.07834213227033615,0.7440527711494078,0.13392656867374583
thanh7+𠸙,thanh7,0.07975403964519501,0.7923775348162159,0.22925178315572162
thanh7+󱟝,thanh7,0.13740766048431396,0.6719439806678296,0.28455184562225067
thanh7+嘪,thanh7,0.07694882154464722,0.7840671171517121,10.086440465496004
thanh7+𤻓,thanh7,0.10518981516361237,0.717204658387597,0.3681546595170642
thanh7+𩼁,thanh7,0.10463377088308334,0.6157715731629264,0.18965199938700175
thanh7+󱚰,thanh7,0.09518182277679443,0.6129291572215402,0.3125129740502213
thanh7+𫆶,thanh7,0.0647713840007782,0.7682067195328509,0.12792333871614478
thanh7+𬕻,thanh7,0.10058625787496567,0.6414441254583011,0.3152429994368208
thanh7+󱠑,thanh7,0.07238580286502838,0.7402152793219289,0.41536180307504916
thanh7+󱟁,thanh7,0.08233139663934708,0.5656147102590005,0.29246671147470643
thanh7+󱞜,thanh7,0.1636345237493515,0.695581409281959,0.3256981567799041
thanh7+𠲡,thanh7,0.06842298805713654,0.7503460491849228,0.14297516062079613
thanh7+𡃓,thanh7,0.07143052667379379,0.6850092550662491,0.09726640417570731
thanh7+㨫,thanh7,0.06462801247835159,0.7734866652034411,0.17465386452484688
thanh7+𤬪,thanh7,0.05255604535341263,0.8625990248148487,0.08851687428627976
thanh7+𡏠,thanh7,0.07898768037557602,0.7557760554838091,0.08308336546245805
thanh7+󱟫,thanh7,0.11753907054662704,0.6653516731682392,0.1546135056592068
thanh7+󱝧,thanh7,0.06288694590330124,0.7496823751647971,0.21545753052527986
thanh7+󱜝,thanh7,0.0546547956764698,0.7980592022016183,0.08852527988140202
thanh7+𪥘,thanh7,0.0758255273103714,0.7884793516107867,0.06832082884297579
thanh7+𠿁,thanh7,0.09682352095842361,0.6944003511126831,0.3015463514535421
thanh7+𪶵,thanh7,0.06104046106338501,0.7864751894872571,0.1190515600140335
thanh7+𩠱,thanh7,0.11605057120323181,0.733421988666557,0.38735942070061374
thanh7+󰂄,thanh7,0.053258154541254044,0.8407341378021052,0.09088167307371668
thanh7+𫄉,thanh7,0.09430364519357681,0.5255536282599539,0.20511628114063363
thanh7+𪸝,thanh7,0.09655017405748367,0.804983643026721,0.15923837370372784
thanh7+󱛹,thanh7,0.10278051346540451,0.7584551264087485,0.2379931147462777
thanh7+󱙉,thanh7,0.09216095507144928,0.7177691251901184,0.37960714100513987
thanh7+𢷰,thanh7,0.13643670082092285,0.6445912555026229,6.687419542244872
thanh7+󱤑,thanh7,0.07143023610115051,0.640996087931445,0.13229137995614568
thanh7+𫲰,thanh7,0.08987990766763687,0.6572860407533517,0.3375269284219356
thanh7+𠳭,thanh7,0.05621783807873726,0.8457567827093445,0.09561561206887499
thanh7+󱳴,thanh7,0.10201720893383026,0.6761380474667237,0.24827245455104316
thanh7+𢹊,thanh7,0.11654931306838989,0.5974802225275037,0.2553912624598154
thanh7+𪡽,thanh7,0.06695911288261414,0.7501087236963718,0.1449534252759844
thanh7+𫮒,thanh7,0.07761160284280777,0.7046544797966519,0.18401869410888785
thanh7+𧜐,thanh7,0.11421558260917664,0.6817516608660579,0.2501706659712662
thanh7+󱬺,thanh7,0.10970921814441681,0.7847542328263969,0.1935687291865331
thanh7+󰬥,thanh7,0.10649855434894562,0.6329077260965819,0.1766986037634324
thanh7+𦟋,thanh7,0.12092047929763794,0.6777226088362264,0.1846186295729051
thanh7+𧌂,thanh7,0.10512971878051758,0.6367398526954958,0.11254328362713661
thanh7+󱞀,thanh7,0.10605558753013611,0.4723603044904176,0.21836396457732973
thanh7+󰝎,thanh7,0.07784736901521683,0.7050820599085326,0.07652990427648299
thanh7+𩸴,thanh7,0.06366988271474838,0.7627807151837258,0.20323888080704466
thanh7+󱨱,thanh7,0.06576501578092575,0.7774764840950315,0.09987007035291245
thanh7+󱋙,thanh7,0.09581156075000763,0.7441234600764632,0.1781264023970536
thanh7+蝔,thanh7,0.053022656589746475,0.8247457320502755,0.18901403761434854
thanh7+𠿴,thanh7,0.11340315639972687,0.5067861960452815,0.23397518362768135
thanh7+𣒠,thanh7,0.05694671720266342,0.8300037961022317,0.27655392033901316
thanh7+󰋓,thanh7,0.061815813183784485,0.7774908661417992,0.1259389537847408
thanh7+󱧀,thanh7,0.08294949680566788,0.7768089854813913,0.1597925428399952
thanh7+𫫛,thanh7,0.08134821057319641,0.7766729086819469,279.5304432054863
thanh7+𥶱,thanh7,0.0918027013540268,0.6939004787607407,0.15691749310317757
thanh7+𮜲,thanh7,0.12229330837726593,0.6473649134208695,0.300468351873809
thanh7+𤉕,thanh7,0.10964414477348328,0.7084796359978497,0.13858185151592547
thanh7+𬓓,thanh7,0.11069674789905548,0.534287662124542,0.5432210810200038
thanh7+󱲰,thanh7,0.10392266511917114,0.6022174602619695,0.6037527316467503
thanh7+𠬖,thanh7,0.09217724204063416,0.7762910589530623,0.39541157933215826
thanh7+󰮦,thanh7,0.09829002618789673,0.6670961432115967,0.2610212608896316
thanh7+𠲹,thanh7,0.08025413751602173,0.718932249639032,0.43145174918283624
thanh7+𡃳,thanh7,0.13301695883274078,0.6216234218413065,0.40569102273604435
thanh7+𪢍,thanh7,0.06916725635528564,0.6886590666489721,0.19759918153691813
thanh7+󱟢,thanh7,0.05361086502671242,0.7964853897054842,0.09648118818246894
thanh7+𣎞,thanh7,0.0865214616060257,0.6785505152016932,0.20136958178430375
thanh7+㼫,thanh7,0.08109023422002792,0.6726857704027444,0.10718525286609232
thanh7+𫪀,thanh7,0.07460246235132217,0.7632716200589507,0.283477438233186
thanh7+𢙬,thanh7,0.09395954757928848,0.6086842412732465,0.1296517749768462
thanh7+𰈨,thanh7,0.09220169484615326,0.6881321225859031,0.46867204675084
thanh7+󱤲,thanh7,0.06503936648368835,0.7796160894436093,0.13459287484997937
thanh7+𠶒,thanh7,0.09632750600576401,0.7052809802624275,0.07204346627968077
thanh7+󱛽,thanh7,0.0423857644200325,0.8602332610448283,0.10367783115593765
thanh7+㖗,thanh7,0.05685456097126007,0.7909136486364694,0.07195504126231929
thanh7+𫰄,thanh7,0.06261774152517319,0.7635350505802998,0.21086830808941545
thanh7+𬙛,thanh7,0.09129255264997482,0.7812625626192851,0.10531703734964236
thanh7+𨇉,thanh7,0.09407462179660797,0.6634331775615656,0.14025149827336608
thanh7+𠺚,thanh7,0.08184965699911118,0.7979852792489467,0.1376702658739265
thanh7+𰓖,thanh7,0.11589561402797699,0.7028071217933115,0.22692854498743567
thanh7+𠹌,thanh7,0.07327543944120407,0.7779639731378502,0.2738635475373458
thanh7+󱞮,thanh7,0.1115872710943222,0.8013535492142045,0.1458903315061661
thanh7+𫭅,thanh7,0.09126720577478409,0.7566324072955077,0.1797643071823628
thanh7+󱝹,thanh7,0.12391238659620285,0.6483688345066698,0.541286266007097
thanh7+󱝾,thanh7,0.08659787476062775,0.6973451910381567,0.3239347518905634
thanh7+𫪄,thanh7,0.06034446880221367,0.8404241114238497,0.11150026776648359
thanh7+󱞃,thanh7,0.10398636013269424,0.720103411376252,0.3074035539282513
thanh7+𪡍,thanh7,0.09583690762519836,0.8155167815437283,0.07287260557455737
thanh7+󱝘,thanh7,0.05861222371459007,0.7782694461015877,0.13272446760565745
thanh7+󱛴,thanh7,0.08860106021165848,0.634835841089729,0.16433938576952578
thanh7+𠺮,thanh7,0.05921262875199318,0.8792811039327537,0.07665298223808684
thanh7+𠽂,thanh7,0.04828774556517601,0.8512273688625166,0.10335506059439559
thanh7+󱩗,thanh7,0.08750373870134354,0.7518628525268645,0.13583498731110258
thanh7+𡮺,thanh7,0.14829403162002563,0.5158624913065353,0.3699900457107412
thanh7+󰬸,thanh7,0.08968935906887054,0.6693102569709714,0.16218695650083084
thanh7+󱫠,thanh7,0.09977913647890091,0.7729190270095996,0.2006468288027764
thanh7+𬈗,thanh7,0.05003726854920387,0.8409597301682988,0.08638885802537334
thanh7+󰙅,thanh7,0.06251383572816849,0.7141545815532464,0.16727301772463812
thanh7+𡀦,thanh7,0.07684310525655746,0.7548545351898478,0.2657107424027884
thanh7+𠽙,thanh7,0.05822744593024254,0.7957770442206086,0.19287768692364735
thanh7+󱟦,thanh7,0.07146655768156052,0.7356720215008937,0.18426367817266706
thanh7+𡖡,thanh7,0.07616444677114487,0.7049155635614682,0.1491273971854605
thanh7+挒,thanh7,0.0737723782658577,0.6414810941979814,0.09174695577018187
thanh7+󱯄,thanh7,0.08415153622627258,0.5868465763429765,0.24178775018205187
thanh7+𨪪,thanh7,0.056660525500774384,0.7751931760932274,0.13640762022182593
thanh7+𨪷,thanh7,0.07986634224653244,0.6761881394761389,0.26883466362504393
thanh7+󱦪,thanh7,0.07084284722805023,0.7365415062950519,0.20166017899450797
thanh7+𬆅,thanh7,0.07760791480541229,0.7213652246492549,0.2367685033653173
thanh7+𫽠,thanh7,0.059795692563056946,0.7614588920855534,0.09111137191659774
thanh7+󱸠,thanh7,0.11117244511842728,0.7166462525411821,0.42044472986703313
thanh7+𫫊,thanh7,0.04834401607513428,0.8752787230569979,0.13114099459353037
thanh7+󱹽,thanh7,0.08043204993009567,0.811220628697294,0.10426399601124102
thanh7+𠸩,thanh7,0.05135698989033699,0.8221214091249728,0.08398515656916698
thanh7+󱪱,thanh7,0.11555784940719604,0.6928348701462106,0.37029643308491517
thanh7+𭋙,thanh7,0.07330650836229324,0.8152164603459877,0.11245815364351412
thanh7+󱰶,thanh7,0.14646323025226593,0.6617743776209624,0.33447195083623643
thanh7+󰬽,thanh7,0.08329947292804718,0.6677660304238158,0.18775255180706604
thanh7+鮗,thanh7,0.0906568318605423,0.7334619836547163,0.2731030933177745
thanh7+𬂨,thanh7,0.04333113133907318,0.8612516789585408,0.0805055500114759
thanh7+𨮉,thanh7,0.09336516261100769,0.6417233740320948,0.17955485483569655
thanh7+󱬧,thanh7,0.07545438408851624,0.7710410955282402,0.21356422540338973
thanh7+󱲝,thanh7,0.07716198265552521,0.7887369800310677,0.11006695468697407
thanh7+𠸽,thanh7,0.05545872077345848,0.7686907365394504,0.22510663279137033
thanh7+𫪁,thanh7,0.06836644560098648,0.7657097383248562,0.12928667852738995
thanh7+󱞠,thanh7,0.14434035122394562,0.3560761345624565,0.49597397695526685
thanh7+󰅲,thanh7,0.07129042595624924,0.7530619901776027,0.6911068073506988
thanh7+婫,thanh7,0.05642552673816681,0.7586276737847713,0.23040531381957632
thanh7+󱰤,thanh7,0.08885404467582703,0.7438806591088971,0.2698295299146824
thanh7+𭉆,thanh7,0.11499098688364029,0.629889510851131,102.56092615384092
thanh7+𠵴,thanh7,0.06049242615699768,0.8040667936577036,0.1324314642059071
thanh7+󱧨,thanh7,0.10102279484272003,0.6373729621516807,0.27913422157964757
thanh7+𧒅,thanh7,0.05850281938910484,0.8246119882727571,0.12455567511193194
thanh7+𫐹,thanh7,0.06868328899145126,0.7324954609904988,0.1866845733767898
thanh7+󰮝,thanh7,0.0704663023352623,0.7950822326481515,0.15767799814232678
thanh7+𡁚,thanh7,0.07020840793848038,0.7896056681603946,0.1834796453816797
thanh7+𩵾,thanh7,0.07865389436483383,0.6955632472238737,0.10878618282600068
thanh7+󱦋,thanh7,0.08436857908964157,0.6812369947974137,0.32014989301970914
thanh7+󰙯,thanh7,0.08301006257534027,0.7354134006611216,0.08937741425848318
thanh7+𡁎,thanh7,0.09072215110063553,0.6806724260579404,196.39375693913613
thanh7+󱤍,thanh7,0.10317172855138779,0.6664317302101816,0.36367226548837767
thanh7+𪺛,thanh7,0.09780137985944748,0.7499285037259207,0.1607642252349829
thanh7+󱛖,thanh7,0.04850230738520622,0.8126126772234141,0.0711455527837309
thanh7+󰸪,thanh7,0.09565937519073486,0.7274371504444661,0.25765577759305597
thanh7+𡂷,thanh7,0.06923212856054306,0.7328899259693241,0.22913588459376918
thanh7+󱙵,thanh7,0.12618158757686615,0.6168070982499143,0.6868913395488269
thanh7+󱘧,thanh7,0.06050477549433708,0.7644591249449727,0.21174091361483252
thanh7+𪩥,thanh7,0.08566533029079437,0.6985412508376008,0.10380615612196598
thanh7+𠚐,thanh7,0.07327146828174591,0.7876793078862641,0.08692056794409553
thanh7+𤉓,thanh7,0.08740846812725067,0.7939181506735095,0.32802251116000664
thanh7+󱮺,thanh7,0.14736852049827576,0.6093472843435851,4.709627621053031
thanh7+𡋦,thanh7,0.09268350899219513,0.718151733581261,0.15194681982175404
thanh7+󱟨,thanh7,0.0955929160118103,0.7053172644747723,0.17517622710154082
thanh7+󱮾,thanh7,0.14926771819591522,0.5711553282113818,0.6677274447780065
thanh7+𡀫,thanh7,0.07983507961034775,0.7813147611593454,0.21218838671549936
thanh7+󱞢,thanh7,0.0829186961054802,0.7120829176217021,0.152242201428647
thanh7+󱗘,thanh7,0.12249602377414703,0.6290980161779599,0.34607923780114147
thanh7+𡕩,thanh7,0.06442850083112717,0.83838541343816,0.10499363862059237
thanh7+𬕷,thanh7,0.08526533097028732,0.7450429962194467,0.2327903935966982
thanh7+𭢌,thanh7,0.0797567144036293,0.7719676844392929,0.14653330145930296
thanh7+𪀆,thanh7,0.05154624581336975,0.7718929536569052,0.2671857534244014
thanh7+󱞿,thanh7,0.06706161051988602,0.7443609269946023,0.12484951497729387
thanh7+𪢘,thanh7,0.058869048953056335,0.7940787627004847,0.2060323304119113
thanh7+󰼀,thanh7,0.09614436328411102,0.6976205996216339,0.3866882934886285
thanh7+𠮨,thanh7,0.06767654418945312,0.7318655382306883,0.08501070478025434
thanh7+𬮷,thanh7,0.10825958847999573,0.6676073647481703,0.29277117763085186
thanh7+𨁟,thanh7,0.12464102357625961,0.6785404882546349,2.2698677860715324
thanh7+𪭟,thanh7,0.07797911018133163,0.8253536610432585,0.05997911723389343
thanh7+󱋰,thanh7,0.10479027777910233,0.7151838243274178,0.3915122795309475
thanh7+󱰮,thanh7,0.07264198362827301,0.6989196299871501,0.24427343577048455
thanh7+󱥑,thanh7,0.06263171136379242,0.7784642866114486,0.1027228351891769
thanh7+𡓾,thanh7,0.11291088163852692,0.621035902957272,0.22242065188412474
thanh7+𥶂,thanh7,0.09275731444358826,0.766228059554906,0.30640892858384733
thanh7+󱚑,thanh7,0.07944338023662567,0.7695132084267876,0.1334901310349942
thanh7+𪴉,thanh7,0.09999066591262817,0.6713191011954449,0.2797678078026855
thanh7+𢪥,thanh7,0.07985321432352066,0.654753286482787,0.1494876467079486
thanh7+󱝑,thanh7,0.06771320104598999,0.821666356643724,0.11439073383348393
thanh7+𡮥,thanh7,0.10736320167779922,0.71994315272747,0.15262276525336999
thanh7+睈,thanh7,0.07912244647741318,0.7760216809573595,0.14067361475496037
thanh7+󰢽,thanh7,0.04866898059844971,0.8517814958993297,0.13540825502665357
thanh7+󱹙,thanh7,0.09112218022346497,0.7194283236921629,0.249152635994873
thanh7+𫏙,thanh7,0.0838058665394783,0.5200259026882347,0.12020360955092868
thanh7+𪡫,thanh7,0.07677542418241501,0.6740584162640011,0.07614741955796889
thanh7+󱠡,thanh7,0.07530785351991653,0.6510881222536592,0.4463199175824893
thanh7+󰭔,thanh7,0.08165905624628067,0.7374164858151929,0.13978957572458164
thanh7+󱌰,thanh7,0.09134016931056976,0.8080508582588379,0.11539115078398826
thanh7+䀭,thanh7,0.05736348032951355,0.7988900966289688,0.08452052256632274
thanh7+󱩩,thanh7,0.08412366360425949,0.748479827207672,0.17501601051313567
thanh7+󱺂,thanh7,0.07818067073822021,0.7377923746866042,0.2396240712069729
thanh7+󱡄,thanh7,0.08634496480226517,0.6581693517101224,0.20087075121995965
thanh7+𠸬,thanh7,0.08331699669361115,0.6974897991530877,0.19863758852101485
thanh7+𫞡,thanh7,0.1616770476102829,0.493524418732594,0.22254352724294194
thanh7+󱜆,thanh7,0.07449944317340851,0.6937326778809786,0.09832663917951795
thanh7+󱞐,thanh7,0.08155855536460876,0.7209473497075833,0.145602164047315
thanh7+󱚒,thanh7,0.07266491651535034,0.7388697714210983,0.12094597750023249
thanh7+󱛣,thanh7,0.07981254160404205,0.7413208900006598,35.52364605555461
thanh7+󰨑,thanh7,0.07757444679737091,0.7622033978017442,0.18425026021275978
thanh7+𪖺,thanh7,0.09725602716207504,0.6768675090804631,0.7049970074095134
thanh7+󱋠,thanh7,0.08415041118860245,0.6714550659099322,0.17513473051968287
thanh7+𤄷,thanh7,0.08476098626852036,0.5777220002593243,0.18730019241245757
thanh7+󰃧,thanh7,0.07390004396438599,0.7456850878526426,0.1554565944573026
thanh7+𥭑,thanh7,0.11802757531404495,0.6815188492740034,0.15332449358447875
thanh7+󱦯,thanh7,0.07717638462781906,0.7477551103788053,0.2911409141523913
thanh7+𨂚,thanh7,0.05226133391261101,0.8302809810285379,0.13239398325771382
thanh7+󱺃,thanh7,0.05904807150363922,0.8208651237969303,0.09149554760577416
thanh7+𠸯,thanh7,0.07305022329092026,0.7977632209465905,0.15969154164277102
thanh7+侱,thanh7,0.09697365760803223,0.7730702391385704,0.12491806637043246
thanh7+󱟠,thanh7,0.10001156479120255,0.7327349513014,0.16719497796881325
thanh7+󰊫,thanh7,0.11344701796770096,0.6065779043257908,0.22917417126535133
thanh7+䰺,thanh7,0.09516501426696777,0.7502399122375746,0.09569208193665306
thanh7+󱯗,thanh7,0.10855276882648468,0.6763759788384169,0.3544425715342343
thanh7+𧋅,thanh7,0.08191284537315369,0.7688911369845173,0.11315976596846633
thanh7+𨄿,thanh7,0.07449077069759369,0.7355336070973014,0.21817117913328865
thanh7+󱝐,thanh7,0.0748567208647728,0.762249023984152,0.16871364803867503
thanh7+𡉎,thanh7,0.06606224924325943,0.811846469312188,0.19310515712150722
thanh7+𪢡,thanh7,0.1277271807193756,0.45668682558680357,0.13125604627936405
thanh7+𫕹,thanh7,0.07683510333299637,0.7276365547967621,0.13753286364340866
thanh7+󱙰,thanh7,0.06696470826864243,0.7662804595552722,0.10437349771128375
thanh7+󱊚,thanh7,0.053659483790397644,0.7876468903013735,0.17719476952784455
thanh7+󰶅,thanh7,0.06441987305879593,0.8060404041369131,0.09480172994813156
thanh7+󱭧,thanh7,0.06863723695278168,0.7483344526201389,0.15672475795867122
thanh7+𢠿,thanh7,0.0874156504869461,0.6125813982742244,0.09827326012356687
thanh7+𩯁,thanh7,0.09751906245946884,0.6479675774150739,0.2702596276509511
thanh7+𤳧,thanh7,0.06906632333993912,0.6524949710052801,0.23533608647507898
thanh7+󱞳,thanh7,0.060763537883758545,0.8118161688456182,0.0620653205256132
thanh7+󱞲,thanh7,0.10922341048717499,0.6872153685079527,0.4110191670325123
thanh7+𬄹,thanh7,0.08125920593738556,0.8168427007584215,0.1185983463432936
thanh7+𧋸,thanh7,0.07041560858488083,0.8194567732106977,0.10029688541901134
thanh7+堒,thanh7,0.05651270970702171,0.8173744229243051,0.16549800058000383
thanh7+𠸄,thanh7,0.07244116812944412,0.8307135599308408,0.16127279083298574
thanh7+㨲,thanh7,0.05241430178284645,0.8183334896926164,0.13938569791590485
thanh7+堹,thanh7,0.0676146075129509,0.8228915936921349,0.19398955083171063
thanh7+𪡿,thanh7,0.10689470916986465,0.7207408535283968,0.16694358262690379
thanh7+𰦫,thanh7,0.06424102187156677,0.8011002519011324,0.13539621432226137
thanh7+𦄆,thanh7,0.05976810306310654,0.7936916042394275,0.1770229976409924
thanh7+󱙥,thanh7,0.0854049101471901,0.7081441443864266,0.13502790931774813
thanh7+𠼋,thanh7,0.09765338152647018,0.6318967485902124,0.12471755096913213
thanh7+󰮃,thanh7,0.08478152751922607,0.6911582563755584,0.26094124929397977
thanh7+𪡦,thanh7,0.08665976673364639,0.7196628653072227,0.2608242506173794
thanh7+󱏛,thanh7,0.07252459228038788,0.6758770378641031,25.861663237245804
thanh7+󱫟,thanh7,0.09081108123064041,0.7057137744767318,0.27309961752467465
thanh7+𣻢,thanh7,0.06565923243761063,0.7894754726643127,0.1842698176233062
thanh7+㧪,thanh7,0.0704575851559639,0.7247980402416218,0.11708609585423528
thanh7+󰌗,thanh7,0.08954174071550369,0.811211031376212,0.11100601313240566
thanh7+󱛦,thanh7,0.05277252569794655,0.8492148941213652,0.1555038799778964
thanh7+𪢠,thanh7,0.06810732185840607,0.6880336845097262,0.18593631603165903
thanh7+𤼞,thanh7,0.0832546204328537,0.6214602313830561,0.22549468736354025
thanh7+󱟂,thanh7,0.12752529978752136,0.6448571842154481,233.2231051967618
thanh7+𡎤,thanh7,0.11896809935569763,0.47616231478113635,0.10894523522834203
thanh7+𡁝,thanh7,0.08787941932678223,0.6887443396981568,0.3204919885885423
thanh7+𡫨,thanh7,0.08250176906585693,0.7222340926127061,0.308252691871264
thanh7+㙩,thanh7,0.07809605449438095,0.8000811255073081,0.16817433859667652
thanh7+󱞻,thanh7,0.10834120213985443,0.739732438044749,0.17531837204284748
thanh7+𪡆,thanh7,0.09152457118034363,0.6106809081179444,0.11545690249125601
thanh7+𪡗,thanh7,0.1010839194059372,0.7667829324393001,0.15262821658080636
thanh7+󱜉,thanh7,0.06070023030042648,0.7872617057553535,0.1655948288525425
thanh7+󱓦,thanh7,0.08820872008800507,0.7649599408494892,0.24871044201444256
thanh7+𬡶,thanh7,0.0910262018442154,0.6773114662152081,0.3054360470718837
thanh7+𠻇,thanh7,0.07410576194524765,0.7184651185810329,0.1099353103361383
thanh7+𩸮,thanh7,0.061662282794713974,0.791101175066702,0.24711212650792413
thanh7+𠾲,thanh7,0.08418286591768265,0.7047891509957952,0.4945784204090577
thanh7+𡮣,thanh7,0.07453898340463638,0.6776571814305314,0.15651547343901365
thanh7+𪡎,thanh7,0.08960289508104324,0.7347975324337135,0.2372983995976392
thanh7+𡑭,thanh7,0.06417685747146606,0.7914900311843976,0.15196219951585302
thanh7+𠽏,thanh7,0.07594487071037292,0.7768710313256465,0.09579002223315307
thanh7+󱦙,thanh7,0.06911449134349823,0.6670787542888099,0.1659728285376011
thanh7+𰊣,thanh7,0.08719086647033691,0.7622371637967581,0.1963578720125244
thanh7+𦘱,thanh7,0.06919695436954498,0.8409745783127677,0.06448695231490513
thanh7+󱡵,thanh7,0.10876922309398651,0.748178752944522,0.16857132239050523
thanh7+𡁼,thanh7,0.07284977287054062,0.7238829583912261,0.15643216325967294
thanh7+󱨨,thanh7,0.10234420001506805,0.525742223219788,0.3366055494183929
thanh7+󱛱,thanh7,0.07875686883926392,0.7695696312359848,0.19481802610650714
thanh7+𬗏,thanh7,0.054961707442998886,0.8301241094405617,0.09963748034091725
thanh7+󱫸,thanh7,0.07614730298519135,0.714673272104073,0.11631257879323714
thanh7+𫮲,thanh7,0.1131977066397667,0.7573618119464036,0.5895984303008139
thanh7+𠶅,thanh7,0.054553400725126266,0.8087607515085871,0.095604336231907
thanh7+󱦩,thanh7,0.10634450614452362,0.6319689539329942,0.23514040343568945
thanh7+𠲏,thanh7,0.055915094912052155,0.8164694224525471,0.09108701919372399
thanh7+󰯺,thanh7,0.08812621235847473,0.6619806728919032,0.2606798095882502
thanh7+𫣝,thanh7,0.06877991557121277,0.7699756280369595,0.19291649234144645
thanh7+󱠠,thanh7,0.07765930891036987,0.6721335805256952,0.2687433882827582
thanh7+󱞦,thanh7,0.08107861876487732,0.7571075434039565,0.3308805060762332
thanh7+󰅬,thanh7,0.07446973770856857,0.7430368778000741,0.14389389934967253
thanh7+󰍱,thanh7,0.08357609063386917,0.7491958596773007,0.6951960227816224
thanh7+𬕳,thanh7,0.09790723025798798,0.6899143016729626,0.13725714545040044
thanh7+𡌩,thanh7,0.0905911847949028,0.7984836158103583,0.2401908885421293
thanh7+󰺼,thanh7,0.08317183703184128,0.7573983215346303,0.22142604326211124
thanh7+󱟈,thanh7,0.09245829284191132,0.7311358365777475,0.1710217027913594
thanh7+𦨭,thanh7,0.06172066554427147,0.7736263116509945,0.07943292383209438
thanh7+𠾾,thanh7,0.06131524220108986,0.826347898610041,0.39754959403018325
thanh7+𥐨,thanh7,0.059372324496507645,0.7722077946796394,0.23691749325018938
thanh7+𡚝,thanh7,0.0526597686111927,0.7567397879131476,0.11720726009394344
thanh7+𪤽,thanh7,0.08473160117864609,0.7595706235201956,0.11687922673142892
thanh7+󰛼,thanh7,0.0643385648727417,0.8292384631772809,0.09276573061651433
thanh7+󱎶,thanh7,0.10241395235061646,0.6328796376296786,0.4746456106654972
thanh7+𫯐,thanh7,0.06283038854598999,0.7024485062162192,0.0870769105638146
thanh7+󱩳,thanh7,0.09733689576387405,0.7265153854002282,0.351120141644238
thanh7+𪠉,thanh7,0.06327269226312637,0.7859879335803932,0.0850864960201973
thanh7+𡄾,thanh7,0.09461764991283417,0.640028955985112,0.39345113525544256
thanh7+𪡱,thanh7,0.08741724491119385,0.7503288162023287,0.23292852389938465
thanh7+𤶹,thanh7,0.11244145035743713,0.7415979413785697,0.12821817249303866
thanh7+󱚚,thanh7,0.12280634045600891,0.5637373433896038,0.34180552448436513
thanh7+𪥾,thanh7,0.07228780537843704,0.7938637618196162,0.12976013154256802
thanh7+㗶,thanh7,0.05535824969410896,0.7430173194671699,0.14984962185132528
thanh7+𡃖,thanh7,0.15154245495796204,0.6673795815401592,0.3075634518860812
thanh7+𫅰,thanh7,0.0968269631266594,0.6024615921876273,0.1658384339038342
thanh7+󱗳,thanh7,0.08080139756202698,0.6894932666339401,0.1864513075617618
thanh7+𡓟,thanh7,0.09937062114477158,0.5973435946083117,0.37601966033371265
thanh7+𡄰,thanh7,0.10332103073596954,0.6426145089906968,0.333207766552129
thanh7+𠹰,thanh7,0.04508087784051895,0.844748046221368,0.18895543959745895
thanh7+󰛈,thanh7,0.10381109267473221,0.6468945930805506,0.25720516994779724
thanh7+󱝫,thanh7,0.1195167675614357,0.7935933182480112,0.1116841711542209
thanh7+󱝞,thanh7,0.09187126904726028,0.6908271737596299,0.15416230298544145
thanh7+𭉷,thanh7,0.06344223767518997,0.8154112812020068,0.10345798632875809
thanh7+𰋝,thanh7,0.10275930166244507,0.684832162468341,0.08919839803974634
thanh7+󱰗,thanh7,0.08536003530025482,0.7584740501925947,0.24051011106525153
thanh7+󱮟,thanh7,0.06848298758268356,0.7467708966445374,0.18842669235372622
thanh7+㗩,thanh7,0.09767791628837585,0.713499544746337,0.35759389520104756
thanh7+𠺼,thanh7,0.076303631067276,0.7616299204214657,0.1212097315753128
thanh7+󱧔,thanh7,0.07834962010383606,0.8088918332732726,0.20251091623389383
thanh7+𡂄,thanh7,0.08862246572971344,0.7692826807602595,0.22083742365626738
thanh7+𡅩,thanh7,0.11971135437488556,0.7420629905656209,0.2567307763677333
thanh7+󱮝,thanh7,0.10264472663402557,0.7069723737280018,0.19332042168709865
thanh7+󰬟,thanh7,0.07355079799890518,0.6600004548977619,0.16699250092294596
thanh7+婻,thanh7,0.0705571323633194,0.616109522595416,0.16095695179559502
thanh7+󱢣,thanh7,0.10461120307445526,0.714172621530828,0.44353134037417735
thanh7+󰘇,thanh7,0.1539810448884964,0.6041499021755717,0.3018930818049656
thanh7+󱞔,thanh7,0.1100638136267662,0.4862757249639747,0.19626227769794946
thanh7+𡁛,thanh7,0.06665444374084473,0.8104387023542149,0.23892389137509176
thanh7+𡀬,thanh7,0.11710691452026367,0.7662906580738926,0.17061715904301014
thanh7+𡅑,thanh7,0.06063714623451233,0.776874132607486,0.16699927690438635
thanh7+󰢣,thanh7,0.08289577066898346,0.7703327150296855,0.3400311951248904
thanh7+󱢉,thanh7,0.08226791769266129,0.7530232097224451,0.076839166408461
thanh7+𢴊,thanh7,0.05390522629022598,0.75969263772156,0.099835057919476
thanh7+㘗,thanh7,0.10040751844644547,0.650831646683233,0.31317282884297376
thanh7+𤋽,thanh7,0.08997011929750443,0.6166303857958231,0.23550246048999468
thanh7+𫥿,thanh7,0.1257527470588684,0.5133103469181923,0.14321982618160656
thanh7+㖵,thanh7,0.0882878303527832,0.7847282397582162,0.13724784936128498
thanh7+󱞇,thanh7,0.10517562925815582,0.7066916018480879,1.401839178103602
thanh7+𤊤,thanh7,0.09560058265924454,0.7009920832404699,0.22410947697991554
thanh7+𪮩,thanh7,0.08034037053585052,0.6429034781885796,0.12094655044122778
thanh7+𧎠,thanh7,0.14827117323875427,0.70980563464601,0.33230013525138496
thanh7+㗴,thanh7,0.0615885891020298,0.8004861123353927,0.13877176489489695
thanh7+𪉴,thanh7,0.08150603622198105,0.756679762927221,0.2771555883990613
thanh7+𪺇,thanh7,0.11480074375867844,0.685892374202323,0.3329722798403583
thanh7+𫱞,thanh7,0.10870712250471115,0.7033576097158967,0.3201308309656272
thanh7+𪤸,thanh7,0.1413412094116211,0.4642773360450134,0.1254970264252602
thanh7+󱟏,thanh7,0.08912425488233566,0.6870257344261538,0.17751869014700616
thanh7+囄,thanh7,0.08961578458547592,0.6909359805709802,0.4843561607298191
thanh7+󱩙,thanh7,0.09449311345815659,0.7319290971407989,0.31759758270667443
thanh7+󰬛,thanh7,0.07972759008407593,0.8192561332293555,0.09450325613814896
thanh7+󱠢,thanh7,0.12473924458026886,0.6907347981872644,0.506405151646714
thanh7+𦞎,thanh7,0.08142170310020447,0.787690708573942,0.16850151344486966
thanh7+󱤥,thanh7,0.08079411089420319,0.7576566776357618,0.31235023014781144
thanh7+󱞗,thanh7,0.0738845020532608,0.7292857994941987,0.15863910855012933
thanh7+󱋃,thanh7,0.05909179896116257,0.7846379415087432,0.12850249837099034
thanh7+偖,thanh7,0.06504672020673752,0.7982160942434309,0.14692496960618695
thanh7+󱞾,thanh7,0.07273977994918823,0.761138048555711,0.1090355814285398
thanh7+𪦎,thanh7,0.06995361298322678,0.6203609950415262,0.2453892782100006
thanh7+󱝷,thanh7,0.10435424000024796,0.6819479618298401,0.2500045985450418
thanh7+𡄫,thanh7,0.09003381431102753,0.7262459250306703,0.5249050874965687
thanh7+󰤴,thanh7,0.091250941157341,0.7501691599370965,0.14644690914190286
thanh7+󱡗,thanh7,0.1016554981470108,0.6197833866975726,0.1606299699200547
thanh7+󰐨,thanh7,0.09359879791736603,0.6496303537851362,0.09677904794795585
thanh7+𣙯,thanh7,0.07709816098213196,0.8029348557035252,0.14699675356169709
thanh7+󱙲,thanh7,0.08314220607280731,0.5570911873687718,0.13159739847978033
thanh7+󱡇,thanh7,0.1192839965224266,0.43745578007536,0.6753217367553276
thanh7+胋,thanh7,0.07447589188814163,0.8293243111536436,0.08419277834940724
thanh7+󱌡,thanh7,0.1123645082116127,0.5921646266462904,0.2918695680188433
thanh7+㖪,thanh7,0.0704171285033226,0.6779448640288086,0.20930919919455926
thanh7+𬖩,thanh7,0.0699770450592041,0.7675052510557514,0.17000532171871877
thanh7+󱥪,thanh7,0.10888652503490448,0.6427153581144407,0.18853947740119711
thanh7+󱛅,thanh7,0.06743709743022919,0.790664129920398,0.10139775533762686
thanh7+󱨕,thanh7,0.09248782694339752,0.7334927797116491,0.13225085693206132
thanh7+湳,thanh7,0.07138341665267944,0.7258492408932128,0.102852060826828
thanh7+𨅞,thanh7,0.07598467171192169,0.7720253867177691,0.13727595443849697
thanh7+󱟲,thanh7,0.12193715572357178,0.6184279904756954,0.14204901438974435
thanh7+𪿀,thanh7,0.08497843891382217,0.7214050883831532,0.29793395693642477
thanh7+󱜫,thanh7,0.0595405139029026,0.7695613453573258,0.09589548752875843
thanh7+檤,thanh7,0.07573112845420837,0.7484405705166284,0.24897334104394683
thanh7+󱋇,thanh7,0.050290923565626144,0.8402307303799683,0.10964386672689548
thanh7+𪡴,thanh7,0.058240726590156555,0.8009691221435303,0.14370966110649458
thanh7+𡎜,thanh7,0.09534002095460892,0.5892764888953443,0.16291533407720313
thanh7+󱠼,thanh7,0.13967770338058472,0.7860650495371327,0.12197354876595046
thanh7+󱫴,thanh7,0.1393750011920929,0.632088911940135,0.34126322287735117
thanh7+󱚍,thanh7,0.10031358152627945,0.7718370852012516,0.41197524875581326
thanh7+󰭏,thanh7,0.08718441426753998,0.7545130097592385,0.15010194162640436
thanh7+𪣠,thanh7,0.07745756953954697,0.8169954661805525,0.12503118337012228
thanh7+𫫷,thanh7,0.09881771355867386,0.6390581028114549,0.27814104999904676
thanh7+𠮙,thanh7,0.09048782289028168,0.745177705625216,0.11184268788024464
thanh7+󱞽,thanh7,0.0641520768404007,0.7559556232622644,0.17176246670272943
thanh7+𡑪,thanh7,0.06251105666160583,0.7794714186089895,0.11393833776349736
thanh7+󱟹,thanh7,0.08518518507480621,0.5910070683877972,0.3135091158492443
thanh7+󰏏,thanh7,0.054283518344163895,0.7634587286612589,0.18104515677530356
thanh7+󱝖,thanh7,0.10977901518344879,0.7764896519467985,0.10317159954132256
thanh7+𫮡,thanh7,0.058362800627946854,0.7975489871941971,0.14035478022130196
thanh7+󱢏,thanh7,0.1209200918674469,0.5836407993048044,0.22127742396095149
thanh7+󱤈,thanh7,0.11074473708868027,0.5026447459568617,0.13304683663270342
thanh7+󱠧,thanh7,0.0693625882267952,0.7375546510718146,0.8114859878744625
thanh7+𬟻,thanh7,0.0872025191783905,0.8252766759047094,0.06333513533402782
thanh7+𪸄,thanh7,0.13275033235549927,0.6786185508550953,0.6745350293608396
thanh7+𪮽,thanh7,0.06885793805122375,0.7561270682299167,0.21109258120396335
thanh7+𫛈,thanh7,0.10544315725564957,0.6505577764318047,0.1431505224362233
thanh7+𥾸,thanh7,0.056907668709754944,0.8094606363720407,0.11665855490433757
thanh7+𪣱,thanh7,0.0745071992278099,0.7845825208175947,0.0751585326262901
thanh7+𡃎,thanh7,0.06836214661598206,0.6829507430268535,0.21700737698492614
thanh7+𪶩,thanh7,0.05994671210646629,0.7660600287102615,0.17624584765534282
thanh7+𠷥,thanh7,0.05971318483352661,0.8586993635937039,0.07989928772383086
thanh7+𬄪,thanh7,0.10464400053024292,0.7072772300646879,0.3410785618581394
thanh7+䐥,thanh7,0.08105655759572983,0.6737712289008178,0.22359514141034972
thanh7+𭈖,thanh7,0.059981830418109894,0.8204669688086711,0.08642360603562455
thanh7+𠿱,thanh7,0.04731312021613121,0.8427428589811778,0.14015484113377616
thanh7+𡓯,thanh7,0.08034823834896088,0.7555952256211734,0.25643581193898213
thanh7+𢲾,thanh7,0.0948774442076683,0.6167829184023541,0.14120067099681619
thanh7+𤎓,thanh7,0.05364660918712616,0.7753974814348009,0.14170911447249193
thanh7+𧿯,thanh7,0.06727021932601929,0.7832708496797546,0.15195112261434396
thanh7+󱯈,thanh7,0.07052876800298691,0.7372992918521849,0.14384703306368277
thanh7+𫧾,thanh7,0.06903897970914841,0.730325374812785,0.11743175606337419
thanh7+󱹓,thanh7,0.09359512478113174,0.7174415545831284,0.1663629716761619
thanh7+󱜶,thanh7,0.07558673620223999,0.6790238534793489,0.16516139921699902
thanh7+埨,thanh7,0.09759026765823364,0.7270024039489686,340.0787517348215
thanh7+󱳒,thanh7,0.09207981824874878,0.6225480431527392,0.46051216124959343
thanh7+󱥦,thanh7,0.07882455736398697,0.7735399941964518,0.1849021822583019
thanh7+󱹜,thanh7,0.0936843678355217,0.723143070266537,0.1590787167964186
thanh7+𠶊,thanh7,0.07434143126010895,0.7130487781983375,0.14963643135336194
thanh7+𥖑,thanh7,0.11315484344959259,0.64135115715544,0.4207862315822735
thanh7+󱬎,thanh7,0.15427717566490173,0.3788804305737012,0.3278256002487061
thanh7+𡔒,thanh7,0.12299498170614243,0.6153432274202193,0.4874366364340836
thanh7+󱛋,thanh7,0.0750352144241333,0.7935756024471199,0.1021631678492169
thanh7+󱩬,thanh7,0.06554053723812103,0.8080350942727669,0.11666664270859622
thanh7+㖀,thanh7,0.061979375779628754,0.8501326829647501,0.0909756453562503
thanh7+𠸫,thanh7,0.0862814262509346,0.7262633843589343,0.14125172181680815
thanh7+󱞈,thanh7,0.06810376048088074,0.7827769310013187,0.2682989834183746
thanh7+𪢷,thanh7,0.08954765647649765,0.6537046272841014,0.14737151661262468
thanh7+󱝢,thanh7,0.09930489212274551,0.7290892203960877,0.27818329355215105
thanh7+󰈠,thanh7,0.06435205787420273,0.7734423093923977,0.12119382190946333
thanh7+󱩸,thanh7,0.09542941302061081,0.7260491173132648,0.09973827475986881
thanh7+𠀿,thanh7,0.08610992878675461,0.7582001354474918,0.5388483145625224
thanh7+𠏠,thanh7,0.09661389142274857,0.7662117387217077,0.31556190419728036
thanh7+𤁔,thanh7,0.08659623563289642,0.7030926253595263,0.1730908909885952
thanh7+󱟡,thanh7,0.06141211837530136,0.7334436791633181,0.12194951162956279
thanh7+󱛍,thanh7,0.06710855662822723,0.765471864885839,0.09160362688727679
thanh7+󱜌,thanh7,0.04930415004491806,0.8785059362873501,0.0741057085633484
thanh7+𨂗,thanh7,0.08347593247890472,0.6803654710630556,0.17396603002658076
thanh7+𭰺,thanh7,0.0674339309334755,0.7974811230367693,0.0917144731251202
thanh7+𫬪,thanh7,0.11366260051727295,0.6660308630306031,0.31318211173670013
thanh7+󱠱,thanh7,0.06443105638027191,0.7257494294978972,0.12767451077776895
thanh7+𠿸,thanh7,0.05389587581157684,0.8364973308444339,0.16121096117318306
thanh7+󱳭,thanh7,0.1267388015985489,0.6878147511671383,0.38997374743417335
thanh7+𠷯,thanh7,0.11237934976816177,0.8299442571533251,0.08513314455725912
thanh7+𫴇,thanh7,0.1031048595905304,0.7263134683390667,0.40871183809907335
thanh7+󱀄,thanh7,0.09778337925672531,0.6407608732953664,0.16540971311523225
thanh7+𤄮,thanh7,0.09231603145599365,0.6839371832219403,0.3078881985095589
thanh7+𣔧,thanh7,0.08671000599861145,0.6803777574064838,0.2448215803654323
thanh7+𫽦,thanh7,0.0810246616601944,0.6850869881208029,0.10055073271359279
thanh7+𠿵,thanh7,0.07360746711492538,0.7309422856776853,0.21095699277026692
thanh7+󱳬,thanh7,0.0932820737361908,0.6738307954275095,0.15353294719257715
thanh7+𢰦,thanh7,0.057838425040245056,0.7515010396686541,0.08754497961962944
thanh7+𪣮,thanh7,0.060530781745910645,0.8099202477307058,0.10747621922423563
thanh7+哖,thanh7,0.06033124774694443,0.8086061943058755,0.07283803315575553
thanh7+𧍇,thanh7,0.0959373489022255,0.5651833496420667,0.17756920326672213
thanh7+𩯂,thanh7,0.1326056271791458,0.6402498956843854,0.3003962608656922
thanh7+󱤚,thanh7,0.10248258709907532,0.6713490714108719,0.1905003184462002
thanh7+𫆮,thanh7,0.09695037454366684,0.7200690584649564,0.29783293305800457
thanh7+󱞑,thanh7,0.06332066655158997,0.776037431955041,0.10756305692782027
thanh7+𨄸,thanh7,0.06409505754709244,0.7839055356714072,0.16118353495393142
thanh7+󱳪,thanh7,0.07880361378192902,0.7180774694191826,0.1140429617156045
thanh7+𢶽,thanh7,0.1310204118490219,0.6077529408290756,2.0158506435946264
thanh7+󱡰,thanh7,0.0697527602314949,0.7801766136144932,0.13689607095592457
thanh7+𦟏,thanh7,0.07487589120864868,0.8125637287024078,0.12972036151430102
thanh7+󱘡,thanh7,0.08187991380691528,0.7508935044839707,0.2920698619514971
thanh7+󱞆,thanh7,0.11537149548530579,0.5370776110516801,0.23893415276259014
thanh7+𫠼,thanh7,0.06294036656618118,0.8268370343329052,0.12426936769599528
thanh7+󱞕,thanh7,0.0813322365283966,0.7649032295964342,0.11956026474684056
thanh7+𬧡,thanh7,0.07933886349201202,0.7322903834244041,0.07332151019482218
thanh7+󱺈,thanh7,0.07675567269325256,0.7979799619739752,0.20367148263207338
thanh7+𣘊,thanh7,0.0657428428530693,0.8349275904453938,0.128161248205604
thanh7+𠲜,thanh7,0.09971410036087036,0.7526525126477726,0.213594062689393
thanh7+󱝗,thanh7,0.10640177130699158,0.7062981703820799,0.30555775558596804
thanh7+𥙒,thanh7,0.06171071156859398,0.7977791471162649,0.13132694925956778
thanh7+󱣶,thanh7,0.054031603038311005,0.7835658605543249,0.12119675412541657
thanh7+𭈙,thanh7,0.07968579232692719,0.7810120143569967,0.09517382672986752
thanh7+𫵞,thanh7,0.09329762309789658,0.6605350147660025,0.11987549747848121
thanh7+󰭠,thanh7,0.08766207844018936,0.7397987765468048,0.15762656616086626
thanh7+󱘓,thanh7,0.09826505184173584,0.7639700531892386,4.722137341017537
thanh7+󱢰,thanh7,0.08079565316438675,0.6982040081844468,0.11092555309667784
thanh7+𦀌,thanh7,0.07334671169519424,0.6162022296078593,0.12158550911912606
thanh7+呯,thanh7,0.08682037889957428,0.8386296372736586,0.11018584005589954
thanh7+澿,thanh7,0.08631150424480438,0.729172585512348,0.24224029616971163
thanh7+𢯝,thanh7,0.08403976261615753,0.7573427499969659,0.11471163979590386
thanh7+𪤠,thanh7,0.07252100110054016,0.8059416713412418,0.1700157923732825
thanh7+𪻋,thanh7,0.08408822864294052,0.7102487204839902,0.16732145100414172
thanh7+𠱜,thanh7,0.06234331801533699,0.7830359043153066,0.07600205770230543
thanh7+󱝂,thanh7,0.08893267810344696,0.662969997264534,0.10919163092419293
thanh7+𫼰,thanh7,0.06547235697507858,0.6896714024653874,0.07437894583813921
thanh7+󱝻,thanh7,0.07016579806804657,0.7454643961172654,0.16221715852607196
thanh7+𡍢,thanh7,0.0782933458685875,0.5619139461819007,0.11541681781192503
thanh7+󱟜,thanh7,0.07192084938287735,0.7775675541901101,0.10918030058643546
thanh7+󱛵,thanh7,0.05528603866696358,0.7910555342737783,0.14547341254998228
thanh7+𫇿,thanh7,0.08112728595733643,0.7747783053038083,0.11847177694649515
thanh7+𫡸,thanh7,0.1468995213508606,0.6140044755822448,0.5671318146346654
thanh7+󰢷,thanh7,0.07484906166791916,0.806455049124291,0.18104492025348554
thanh7+󰡊,thanh7,0.05047234892845154,0.828150407079425,0.16634187119100233
thanh7+𡞗,thanh7,0.05937572568655014,0.8072921912237925,0.12151889999236608
thanh7+󱚭,thanh7,0.1145903468132019,0.6004237164939498,0.33218858418465935
thanh7+𪧺,thanh7,0.07788073271512985,0.6987146223318283,0.17113384734897533
thanh7+娫,thanh7,0.08357035368680954,0.747899026761385,0.39584031096893696
thanh7+𡉖,thanh7,0.04591002315282822,0.7995395866894927,0.32342387030157205
thanh7+𫟌,thanh7,0.07272139936685562,0.7573182325423531,0.11078750394513416
thanh7+󱮑,thanh7,0.12625662982463837,0.5353270051749107,0.25804225056823327
thanh7+𡮨,thanh7,0.1338939219713211,0.7437994707647405,0.24376660775554057
thanh7+󱚳,thanh7,0.07719799131155014,0.7614998599072857,0.13780767421488016
thanh7+𥵉,thanh7,0.10112830996513367,0.7062250842571074,0.5224249675461059
thanh7+󱝯,thanh7,0.06850151717662811,0.772505647345172,0.19524788514875477
thanh7+𢀦,thanh7,0.08645258843898773,0.7810341663013947,0.1067208726972007
thanh7+𪻟,thanh7,0.10045791417360306,0.7217259932525719,0.2537458189544286
thanh7+𡂉,thanh7,0.06690122932195663,0.7688616176308949,0.1940400859622624
thanh7+𩝻,thanh7,0.06781837344169617,0.69870665105082,0.1824861463654657
thanh7+󱥻,thanh7,0.10361504554748535,0.620293591960664,0.17710071456841822
thanh7+䈊,thanh7,0.08438428491353989,0.6355647753768244,0.1063125291161741
thanh7+󱙷,thanh7,0.07338730245828629,0.7592007413427561,0.13394380157671104
thanh7+󱟱,thanh7,0.08452526479959488,0.8127060113260125,0.05562690913937297
thanh7+𥮈,thanh7,0.10532549768686295,0.6908652552565476,0.2547903507911969
thanh7+󱭷,thanh7,0.12447953224182129,0.642467964129687,20.245470528801544
thanh7+㖕,thanh7,0.08539801836013794,0.7942091351995034,0.07347505991364622
thanh7+𡅫,thanh7,0.08896531164646149,0.6003637906246433,0.28186308727425474
thanh7+󱹪,thanh7,0.08703534305095673,0.6252079673482319,0.247400416512629
thanh7+𨄮,thanh7,0.061927903443574905,0.8262503668924308,0.13608204910384045
thanh7+𥱰,thanh7,0.10110365599393845,0.5831466278180228,0.19048758902400387
thanh7+󱜖,thanh7,0.07651043683290482,0.8121140662066463,0.1786248481590331
thanh7+𦟟,thanh7,0.10622534900903702,0.7120747022602206,0.13908149031020325
thanh7+󱯠,thanh7,0.09862856566905975,0.6427162547169806,0.17075699049273543
thanh7+𣖗,thanh7,0.0873977541923523,0.7345999595448465,0.44424685829822025
thanh7+𧞿,thanh7,0.15338775515556335,0.6056393992560015,1.02837439093234
thanh7+𪾭,thanh7,0.0915922150015831,0.6979666612148209,0.21124203524811214
thanh7+㷝,thanh7,0.093827985227108,0.7276391305123906,0.09908040929004724
thanh7+𬏻,thanh7,0.09521522372961044,0.6942206303567335,0.17113769998501524
thanh7+𥊜,thanh7,0.07437378168106079,0.6960914869469106,0.10060550091035458
thanh7+洅,thanh7,0.0966341644525528,0.768036618148127,0.10000642811495096
thanh7+󰥉,thanh7,0.08970502018928528,0.6954973947726633,0.15267285693075427
thanh7+𩚧,thanh7,0.09103773534297943,0.7307993325542876,0.23313183728158318
thanh7+𫬱,thanh7,0.05967766419053078,0.7808994983298382,0.45260446605199744
thanh7+𣋇,thanh7,0.10981127619743347,0.7662739462875225,0.2800676358600159
thanh7+󱣆,thanh7,0.09529769420623779,0.7368444284935777,0.23433201869049367
thanh7+󱘠,thanh7,0.07072179019451141,0.7674025258268188,0.2013844932812842
thanh7+𤗹,thanh7,0.10992982238531113,0.5993651567891463,0.23694569417777045
thanh7+󱪼,thanh7,0.1011008471250534,0.7078969275933429,0.25649006758376974
thanh7+𬔽,thanh7,0.07601836323738098,0.7817434964653147,0.0861645322345194
thanh7+𪤻,thanh7,0.07833701372146606,0.8069836789067268,0.158826872823378
thanh7+𡮛,thanh7,0.07353731244802475,0.8029636215110012,0.18777914022637854
thanh7+󱮮,thanh7,0.11138466745615005,0.6833510381466334,0.43990129574496395
thanh7+𡇻,thanh7,0.08055528998374939,0.7774566799614946,0.09221211999329748
thanh7+󱹻,thanh7,0.1035601794719696,0.6422328850315213,0.17842132551610326
thanh7+𪷘,thanh7,0.07807515561580658,0.6813488264501935,0.1644680647609831
thanh7+𫉎,thanh7,0.056092917919158936,0.7402156148835476,0.18731282458008225
thanh7+𪂱,thanh7,0.0756077691912651,0.6378958538355145,0.1629182801563679
thanh7+𦷬,thanh7,0.05895008519291878,0.7666861646516978,0.10572243005641317
thanh7+󱲙,thanh7,0.09926515817642212,0.608175721152102,0.13577433250013854
thanh7+𪝪,thanh7,0.09122861176729202,0.7239380693256624,0.2255500966217603
thanh7+𩂀,thanh7,0.11388803273439407,0.6927770696654719,17.840099308742477
thanh7+𡎡,thanh7,0.09304633736610413,0.7614553721102385,0.11809744061307843
thanh7+𫲼,thanh7,0.06888588517904282,0.7696402405707041,0.11927418971823732
thanh7+󱦅,thanh7,0.0782114788889885,0.8013875476035023,0.17051948751004686
thanh7+㘢,thanh7,0.11526705324649811,0.6854171486896502,0.23807690189765676
thanh7+󱩻,thanh7,0.08968664705753326,0.7249716115305881,0.21445172406945345
thanh7+𬦄,thanh7,0.1014547199010849,0.7094966692213578,0.412780780530477
thanh7+󱡑,thanh7,0.07206364721059799,0.7998109175832584,0.07683928977422871
thanh7+󱦐,thanh7,0.12368510663509369,0.5586781838880711,0.34339357625461603
thanh7+𭊳,thanh7,0.0821528285741806,0.6901899473286631,0.11164906784714729
thanh7+𪁄,thanh7,0.06421444565057755,0.7338622901737626,0.13198721849314868
thanh7+𡎔,thanh7,0.11843155324459076,0.7568606489071625,0.31071676607721477
thanh7+𪥑,thanh7,0.06989489495754242,0.7661813479276879,0.10242067915804441
thanh7+𠲃,thanh7,0.06554002314805984,0.8043838547083301,0.0728234109518854
thanh7+𩹹,thanh7,0.06968307495117188,0.7415634264049219,0.2634021758987554
thanh7+󱯛,thanh7,0.11316885054111481,0.6857136738913112,0.14788014937095564
thanh7+𠅐,thanh7,0.08741507679224014,0.6861897152496774,0.18451380240608017
thanh7+󱞄,thanh7,0.06973498314619064,0.7436667322725615,0.1770750630157951
thanh7+𩝭,thanh7,0.06312775611877441,0.7169496606353176,0.1008303971415306
thanh7+𫄋,thanh7,0.07208747416734695,0.7816745783376187,0.1426732906528405
thanh7+𤹕,thanh7,0.06333962082862854,0.764070454785108,0.1772901532122094
thanh7+𬓛,thanh7,0.08320759236812592,0.7387763396070506,0.295722590188356
thanh7+󰬪,thanh7,0.09499712288379669,0.5444974179263542,0.1583349977716544
thanh7+𡉁,thanh7,0.1089143231511116,0.6678150710236311,0.22777889194655399
thanh7+󱧝,thanh7,0.10152153670787811,0.695958152501242,0.27521747416174114
thanh7+𨆷,thanh7,0.1340124011039734,0.5922422868894137,0.2786839552799913
thanh7+󱯧,thanh7,0.08594806492328644,0.7809672408293077,0.20669772804028752
thanh7+𢪭,thanh7,0.07449587434530258,0.7849215084166521,0.1049509893786797
thanh7+󰮁,thanh7,0.06383011490106583,0.7803873894633951,0.33704547334970036
thanh7+󱚫,thanh7,0.04815393686294556,0.8271322700646857,0.09931230929054587
thanh7+𫑺,thanh7,0.09313467890024185,0.53686472144248,0.2997811370554992
thanh7+鎫,thanh7,0.05283849686384201,0.7994649945358279,0.1636211878185688
thanh7+𡝦,thanh7,0.0703832358121872,0.7624314934786066,0.12871184415049625
thanh7+󱹿,thanh7,0.0708908662199974,0.7876640391881701,0.17287058595555052
thanh7+󱪢,thanh7,0.09776094555854797,0.7656307191417293,1.7705400485499332
thanh7+󰭙,thanh7,0.11917337030172348,0.5764161630344781,0.28624376789215944
thanh7+𡡇,thanh7,0.06587082892656326,0.74674615077324,0.15053146113229343
thanh7+𭡏,thanh7,0.06990934163331985,0.7639139684483964,0.13062223869081555
thanh8+𠴭,thanh8,0.06990768760442734,0.7975013866413523,0.1670482383798002
thanh8+𢴎,thanh8,0.05475017428398132,0.7782075832898809,0.16180543330582273
thanh8+𰈏,thanh8,0.05608434975147247,0.8090757281209365,0.2104878556946673
thanh8+󱯏,thanh8,0.05239926278591156,0.7989749873534663,0.11487576912430653
thanh8+𫯝,thanh8,0.08635402470827103,0.7489702007575292,0.08995462722712282
thanh8+𠷯,thanh8,0.059095706790685654,0.8370972355733226,0.18368464504757373
thanh8+𡄫,thanh8,0.08546721190214157,0.7246486186014485,0.4452641932570352
thanh8+𥵖,thanh8,0.0805528312921524,0.6799419649549665,0.1308475197989202
thanh8+𠺼,thanh8,0.06630325317382812,0.8258783603538495,0.07093410242873029
thanh8+󱜌,thanh8,0.045413319021463394,0.8617351458677479,0.15435981871018076
thanh8+󱟉,thanh8,0.0750451534986496,0.7154992524403855,0.16697312441832202
thanh8+𠽙,thanh8,0.06442736089229584,0.7943387075518213,0.1403625389826957
thanh8+󱰮,thanh8,0.07021325081586838,0.758826459045289,0.1582497442653483
thanh8+󱙉,thanh8,0.10394445806741714,0.6808160215096286,0.2750757688764596
thanh8+𠼇,thanh8,0.08490097522735596,0.7248572914421756,0.1573778291489476
thanh8+𪱴,thanh8,0.06448914110660553,0.8148366515430691,0.08428586354562745
thanh8+𫬠,thanh8,0.1167803406715393,0.5581597502171307,0.14930521897857407
thanh8+󰘵,thanh8,0.10921283811330795,0.6676474947271241,0.2432995547215364
thanh8+󱞇,thanh8,0.10009980201721191,0.665930305293477,0.12225069385451925
thanh8+𫉩,thanh8,0.07271618396043777,0.7807085001793997,0.09253945790230222
thanh8+󱪱,thanh8,0.07488191872835159,0.6967614779139708,0.15023374426263705
thanh8+𠾲,thanh8,0.07622592151165009,0.7486661420416771,0.2695643477000758
thanh8+󱳪,thanh8,0.09281518310308456,0.6220775152642881,0.15142354906922736
thanh8+󱙰,thanh8,0.061209600418806076,0.710863341727811,0.12833794578962374
thanh8+𫮲,thanh8,0.09790623933076859,0.6287981292619159,0.17093830602596136
thanh8+𣕞,thanh8,0.0478203110396862,0.791087145183727,0.11500385773102668
thanh8+󱞳,thanh8,0.05979321151971817,0.8427408468923409,0.06727473742559022
thanh8+󱚫,thanh8,0.06005419045686722,0.7813785235658751,0.09740793303278039
thanh8+濧,thanh8,0.08063311129808426,0.7636113789381066,0.15432881068534626
thanh8+󱤥,thanh8,0.05755535885691643,0.7655937771177086,0.16279010286898696
thanh8+𡁽,thanh8,0.0939524918794632,0.7303207787627679,6.910205751492907
thanh8+󱦔,thanh8,0.06242759898304939,0.6660017840553921,0.11799564571709446
thanh8+𪢖,thanh8,0.07478556782007217,0.6398578950405296,0.17523732062105626
thanh8+󱛲,thanh8,0.06897513568401337,0.7826495633539033,0.19001276826048671
thanh8+𡄧,thanh8,0.09314638376235962,0.5519239715771135,0.24474208204334835
thanh8+𡅯,thanh8,0.06868526339530945,0.6952953304228403,0.21492193692959097
thanh8+娫,thanh8,0.07325111329555511,0.747790187265593,0.28649334548911426
thanh8+󱛍,thanh8,0.06513772904872894,0.796797303336197,0.08049225644315437
thanh8+𩠱,thanh8,0.07463876157999039,0.7942426769239496,0.17630038410783164
thanh8+𥵉,thanh8,0.10431559383869171,0.6649204434215346,0.1357422337400115
thanh8+𪡴,thanh8,0.06419477611780167,0.7887063177397017,0.12265134339121607
thanh8+󱬎,thanh8,0.1379851996898651,0.527726334137713,0.34059551827405093
thanh8+󱝸,thanh8,0.06415821611881256,0.7785453850088518,0.18670574447433266
thanh8+󱡄,thanh8,0.052383195608854294,0.7704175321104363,0.20530998232404454
thanh8+𬉌,thanh8,0.05804647132754326,0.7594571582103976,0.09667705815359649
thanh8+𫲰,thanh8,0.09313506633043289,0.6420367474424137,0.3461133840478143
thanh8+󱯑,thanh8,0.07069400697946548,0.8339449560855585,0.13621852180481955
thanh8+𪥾,thanh8,0.06697351485490799,0.7636387779795509,0.1169328567107048
thanh8+󱌰,thanh8,0.0674690455198288,0.7547079140228924,0.08445267747292078
thanh8+𡃖,thanh8,0.13073445856571198,0.6971235177349902,0.21542839052669657
thanh8+𡏠,thanh8,0.09006880223751068,0.7410374001171364,0.15256099133152132
thanh8+󱲗,thanh8,0.10178608447313309,0.6940768475173815,0.20201495345393358
thanh8+󱙤,thanh8,0.08934791386127472,0.696387541150047,0.1130835446777312
thanh8+󱋰,thanh8,0.06334035843610764,0.8054416943135476,0.11257302290466098
thanh8+󱱣,thanh8,0.04910515621304512,0.7860443033967555,0.19491892909192976
thanh8+𡄰,thanh8,0.09888764470815659,0.6842253649618951,0.20385691133284278
thanh8+󱟹,thanh8,0.10297678411006927,0.5841512613153532,0.16642908205786977
thanh8+󱲝,thanh8,0.06306063383817673,0.7817636568091687,0.10364741059446157
thanh8+󱟮,thanh8,0.07926761358976364,0.6523097862282348,0.14975877112218833
thanh8+󱦅,thanh8,0.05231689289212227,0.8117188310990693,0.11530957103527022
thanh8+𡚄,thanh8,0.06677661091089249,0.7097632854665504,0.16527631791718903
thanh8+󱋠,thanh8,0.0738852322101593,0.7342157257507165,0.098184299742885
thanh8+󱨿,thanh8,0.10996577888727188,0.735422476327633,115.55757973763457
thanh8+𪡎,thanh8,0.07199381291866302,0.7637742504437398,0.13489730221728483
thanh8+󱟫,thanh8,0.0877649113535881,0.7184058802682386,0.13327092416297578
thanh8+𬊭,thanh8,0.0822247639298439,0.6835318767957925,0.22269380709488681
thanh8+𢭿,thanh8,0.060627471655607224,0.7517274214733349,0.10006930699889378
thanh8+𠅐,thanh8,0.07492244988679886,0.6338256169978923,0.1897672554509883
thanh8+󱭘,thanh8,0.099518783390522,0.6269269566575844,0.37066816519406237
thanh8+𠿵,thanh8,0.09943225979804993,0.7247285914870558,0.46052175101618475
thanh8+𡮥,thanh8,0.08389198035001755,0.8027507883539211,0.22297315407562435
thanh8+󱘰,thanh8,0.09621275216341019,0.6513636522307188,0.1831061656313833
thanh8+㖗,thanh8,0.05197208747267723,0.8704522818442854,0.07995584105742391
thanh8+𠻇,thanh8,0.06022210419178009,0.8148015676709346,0.12885408261376005
thanh8+𫴯,thanh8,0.09140695631504059,0.7148879116557121,0.10622072672181566
thanh8+𭈒,thanh8,0.07522909343242645,0.8031209879791086,0.08569110382191802
thanh8+󱚂,thanh8,0.08283925801515579,0.7644839283806114,0.1628933260893448
thanh8+󱚛,thanh8,0.07812981307506561,0.7362628515879633,0.1289016109995102
thanh8+󱛅,thanh8,0.06854910403490067,0.7974252883890941,0.18423987922926222
thanh8+󰮝,thanh8,0.10021853446960449,0.6183844141528337,0.13448306722912687
thanh8+𫏙,thanh8,0.07770563662052155,0.49471052912101215,0.10268507898184259
thanh8+󱞃,thanh8,0.07564587146043777,0.7867823865709056,0.1337987349346481
thanh8+󰫽,thanh8,0.11159223318099976,0.6970103988115853,54.49711298512256
thanh8+𭢌,thanh8,0.060112275183200836,0.8042116167506692,0.13881553415313994
thanh8+󱦗,thanh8,0.12566693127155304,0.6390907914917923,0.5804666604924945
thanh8+󱨜,thanh8,0.07829739898443222,0.6492410806772678,0.2678551396194511
thanh8+𪡿,thanh8,0.1035979837179184,0.659639743150795,0.1478367748227977
thanh8+󱳴,thanh8,0.0945349633693695,0.7178927082668227,0.21796132151921546
thanh8+𠚐,thanh8,0.09272554516792297,0.7408271573512192,0.23696706798116499
thanh8+𫪁,thanh8,0.06273825466632843,0.7963270983598038,0.1305777204570068
thanh8+󱛋,thanh8,0.09797109663486481,0.6456795430043106,0.1828202986720847
thanh8+󰊫,thanh8,0.11400165408849716,0.7698388315510769,0.2621761734671171
thanh8+󱩬,thanh8,0.06855498999357224,0.7594729499155188,0.1319085413961526
thanh8+𪡍,thanh8,0.07798191159963608,0.8370043943864185,0.12308558660489681
thanh8+󱣂,thanh8,0.07851123809814453,0.7462122391253583,11.486353262894719
thanh8+𥌧,thanh8,0.06248687580227852,0.7977740335667015,0.15914751859665127
thanh8+𡁛,thanh8,0.05640192702412605,0.8126921400921062,0.15825335113412425
thanh8+󱫑,thanh8,0.05294446647167206,0.8199837817511616,0.2171113471080425
thanh8+𨁟,thanh8,0.06817688792943954,0.7305666578319836,0.13383626381904828
thanh8+󱮾,thanh8,0.11056922376155853,0.6777724926857829,0.3230242096240587
thanh8+󱚰,thanh8,0.0560072585940361,0.7968913393062239,0.18537483917075415
thanh8+󱫳,thanh8,0.11577081680297852,0.7078855986170498,0.09353185388940229
thanh8+𠿁,thanh8,0.06839931011199951,0.7482230530076599,0.13923700457556468
thanh8+𠸩,thanh8,0.05242930352687836,0.8626514561674645,0.13373404831078123
thanh8+󱟂,thanh8,0.10092425346374512,0.7206832907073445,0.1867417871153422
thanh8+𦟟,thanh8,0.10415354371070862,0.6302849504615744,0.16885769827041053
thanh8+𪠉,thanh8,0.059163086116313934,0.8283088094400776,0.10226207948367431
thanh8+󱏛,thanh8,0.07856683433055878,0.7365435869527044,83.25635132932425
thanh8+󱓦,thanh8,0.09273374825716019,0.5981694585833655,0.2721749543289189
thanh8+󱠑,thanh8,0.07510827481746674,0.7211174636406732,0.4751433342489149
thanh8+󱋙,thanh8,0.0889388769865036,0.572471105653029,0.29176803907018595
thanh8+𣔧,thanh8,0.06513309478759766,0.7762276465956237,0.22880723835382488
thanh8+𪢘,thanh8,0.059405192732810974,0.7995452700122286,0.1485967485044577
thanh8+󱰭,thanh8,0.07119027525186539,0.7894646500590479,0.19950444903948794
thanh8+󱝭,thanh8,0.07458420842885971,0.7790645161012903,0.1418489138373714
thanh8+󱞆,thanh8,0.08989094942808151,0.679955675141284,0.2667103475202577
thanh8+𫥿,thanh8,0.07587681710720062,0.780147123585304,0.6584227183380856
thanh8+𫧾,thanh8,0.07973115146160126,0.787817092780095,0.08957105536975385
thanh8+𣋇,thanh8,0.09040972590446472,0.6884342813414093,0.09807053153375585
thanh8+𧋸,thanh8,0.1108892560005188,0.5802547222641399,512.458416102839
thanh8+㗌,thanh8,0.07749395072460175,0.8092062015619059,0.22045958574457913
thanh8+𬞰,thanh8,0.09236285835504532,0.5437108027485111,0.275458607573548
thanh8+𠾬,thanh8,0.053787942975759506,0.8208445290839379,0.1264839141470434
thanh8+󱀰,thanh8,0.06866049021482468,0.794579630998461,0.21745963986707828
thanh8+󱞟,thanh8,0.09410203993320465,0.6797997698929356,0.44330180583768586
thanh8+𬀦,thanh8,0.06037866324186325,0.7734512969808252,0.1244557456444354
thanh8+𠸬,thanh8,0.08194340765476227,0.7476845219120606,0.22646409415963142
thanh8+󱬻,thanh8,0.09272711724042892,0.7394202366595405,0.4062904272921947
thanh8+囄,thanh8,0.0907602459192276,0.7435254320359426,0.5651364747251854
thanh8+𩝻,thanh8,0.05770295858383179,0.8124646895148412,0.2014485633925069
thanh8+𪡆,thanh8,0.07682213932275772,0.6595058512782459,0.08691726818012337
thanh8+𥱰,thanh8,0.08473032712936401,0.771803092211376,0.23862480424572827
thanh8+𩠸,thanh8,0.07043003290891647,0.7632152878689348,0.271574225636772
thanh8+𢢈,thanh8,0.05671825259923935,0.7972184616976472,0.09958627928903686
thanh8+挒,thanh8,0.0494447723031044,0.8045698130846091,0.08414988994829405
thanh8+󱩗,thanh8,0.07041789591312408,0.8231924812130132,0.08806326363422066
thanh8+󱦩,thanh8,0.07827890664339066,0.7191977093448381,0.15907010875718514
thanh8+󱝙,thanh8,0.05564487725496292,0.8127793967638154,0.2660236041750835
thanh8+𫧟,thanh8,0.06064772605895996,0.7828549163919332,0.06405566836838263
thanh8+𡑭,thanh8,0.05770710110664368,0.8105304366313497,0.09234679770100677
thanh8+󰭙,thanh8,0.08430491387844086,0.730360289116552,0.17754001160571656
thanh8+𠽂,thanh8,0.07392066717147827,0.7239175229425354,0.14669612415667255
thanh8+𪀆,thanh8,0.05343957245349884,0.7807921584002487,0.2390262406818853
thanh8+󱝑,thanh8,0.0709807425737381,0.8334978210919054,0.15637199379362085
thanh8+𩼁,thanh8,0.13828466832637787,0.6337361708846,0.2941594174600865
thanh8+󱝝,thanh8,0.06277862191200256,0.7985640836342872,0.09262078394129165
thanh8+𣘊,thanh8,0.05109693855047226,0.8352873405376625,0.12159787114552473
thanh8+󱟨,thanh8,0.10589092969894409,0.7035230697727236,0.33192487059956993
thanh8+󱦐,thanh8,0.07774826139211655,0.7520008304001673,0.17867758787708268
thanh8+𠿱,thanh8,0.06421025097370148,0.774659911688908,0.10438402480305552
thanh8+󱞎,thanh8,0.06874687969684601,0.7730162349210082,0.13269225466419218
thanh8+𢀦,thanh8,0.07384510338306427,0.7355325273490098,0.11473598504041733
thanh8+󱥭,thanh8,0.06337831914424896,0.7438091843155261,0.16667244149499602
thanh8+𠾾,thanh8,0.047287408262491226,0.8748319912784962,0.0954451948161427
thanh8+𦝺,thanh8,0.07264238595962524,0.7584674481412027,0.12205898654324913
thanh8+󱜈,thanh8,0.06094222515821457,0.772128502077523,0.20286880034510058
thanh8+𫱗,thanh8,0.08058128505945206,0.6409230840370556,0.17488736832226778
thanh8+𡅉,thanh8,0.06737475097179413,0.8280428855559073,0.2095869595894099
thanh8+󱓍,thanh8,0.10515426099300385,0.7024873503426938,0.21046628928552047
thanh8+𠸄,thanh8,0.05982363596558571,0.8245130368092675,0.07921211156853603
thanh8+󱢅,thanh8,0.10742642730474472,0.6333245809446422,0.3107353470980608
thanh8+𥖑,thanh8,0.07717781513929367,0.736675000526007,0.24922947520186867
thanh8+󰬟,thanh8,0.07077337056398392,0.7451344647333664,0.0902481572298706
thanh8+󱜺,thanh8,0.11311352998018265,0.5504364943180763,0.10761159397364756
thanh8+󰬸,thanh8,0.07783791422843933,0.8100757153417817,0.14758570369439464
thanh8+󱀄,thanh8,0.08094166964292526,0.7406788009185391,0.14028622574152597
thanh8+𦵠,thanh8,0.0739893913269043,0.7322300361803163,0.22953586734297246
thanh8+󱝷,thanh8,0.10228323936462402,0.7685442089508355,0.1731512479421572
thanh8+󱞣,thanh8,0.09211637079715729,0.6299671774589843,0.10948894970977979
thanh8+󱞢,thanh8,0.08894949406385422,0.5978543704950706,0.10050487868514392
thanh8+𠱜,thanh8,0.06910871714353561,0.7439561790559683,0.10348367186091308
thanh8+󱗘,thanh8,0.07627546042203903,0.7923498805499704,0.2232569477267682
thanh8+󱠡,thanh8,0.0815720334649086,0.6162780059855818,0.3254857701839935
thanh8+󰬽,thanh8,0.06613312661647797,0.7003008482680954,0.16512945333138151
thanh8+󱋣,thanh8,0.0968024730682373,0.5668685421145789,0.24455768407369805
thanh8+𠲏,thanh8,0.04508402943611145,0.8679969667296068,0.08434985375101349
thanh8+󱤒,thanh8,0.07571689784526825,0.6573033379020395,0.27605215049617865
thanh8+𤗹,thanh8,0.09203457087278366,0.7395139690005901,0.2566345301411423
thanh8+󰌗,thanh8,0.06143059581518173,0.8209991474125271,0.0918694892471613
thanh8+𠼋,thanh8,0.09674093127250671,0.7453829131930968,0.12276172272526382
thanh8+󰢜,thanh8,0.10632409900426865,0.5585536535989726,0.18726473205855929
thanh8+󰮯,thanh8,0.06966900825500488,0.6958580278651599,0.13648124656856508
thanh8+󰭂,thanh8,0.09614748507738113,0.7938283947266161,0.15719567093848552
thanh8+姈,thanh8,0.044184207916259766,0.852747813263508,0.08868561464162526
thanh8+󱝪,thanh8,0.08076198399066925,0.6794815486656429,0.11851665684369293
thanh8+𡃓,thanh8,0.06723872572183609,0.7840078576381238,0.20783935183346544
thanh8+𤹕,thanh8,0.08119389414787292,0.6577337027007253,0.15210029300352904
thanh8+󱟬,thanh8,0.0783289447426796,0.7417461418703422,0.09482575943679089
thanh8+󱟢,thanh8,0.0565018430352211,0.7444590155799974,0.08711669290262225
thanh8+𪤸,thanh8,0.06627210974693298,0.8334623451210617,0.10889196987444964
thanh8+𡖡,thanh8,0.047586195170879364,0.8243873972681216,0.15631917540614218
thanh8+󱩛,thanh8,0.07803115248680115,0.7208232060283494,0.11207620978634296
thanh8+𪢒,thanh8,0.08036358654499054,0.6024888698878149,0.4094012413792039
thanh8+𤬪,thanh8,0.05710289627313614,0.8446491625356883,0.15889008122875647
thanh8+󱞦,thanh8,0.10322190821170807,0.6702759440469628,0.2718824246864315
thanh8+󱫂,thanh8,0.07282958179712296,0.8027060502363006,0.2477576661928739
thanh8+𠶂,thanh8,0.07143659144639969,0.7601221182163124,0.28947250550043335
thanh8+𪬪,thanh8,0.13934443891048431,0.6122153696464065,0.40313966683368596
thanh8+󰄜,thanh8,0.11887335032224655,0.6109140148310591,0.8617948699811097
thanh8+󱞈,thanh8,0.06157000735402107,0.772154140623108,0.10103836821034871
thanh8+󱞻,thanh8,0.0839211568236351,0.7296105145537548,0.08506179461842232
thanh8+󱨈,thanh8,0.0790853351354599,0.6804485933022362,0.1545073933464989
thanh8+󰛈,thanh8,0.07208791375160217,0.7946396124177539,0.20573854191742166
thanh8+𡄡,thanh8,0.07620913535356522,0.7088792708222799,0.1544898983493801
thanh8+檤,thanh8,0.06247762218117714,0.7925345453758359,0.27967833084893196
thanh8+󱸠,thanh8,0.07595062255859375,0.7473870288069331,0.27208379725044995
thanh8+󱢥,thanh8,0.09039965271949768,0.7372823948877711,0.2776302726059274
thanh8+㙩,thanh8,0.06643489748239517,0.8027725860337492,0.12250639515967167
thanh8+𡮺,thanh8,0.12808123230934143,0.5817324490234064,6.403603781914466
thanh8+󱙲,thanh8,0.10967022180557251,0.6065923293131049,1.595138617416137
thanh8+󱯗,thanh8,0.06093420833349228,0.7964252141209033,0.11464462996684084
thanh8+󱦋,thanh8,0.07006490230560303,0.72824701722255,0.20817149694770817
thanh8+󱹽,thanh8,0.05331431329250336,0.7985879170256072,0.08390272550994514
thanh8+𪮩,thanh8,0.08171667158603668,0.6677097585821911,0.15296049764989197
thanh8+𫪦,thanh8,0.046604279428720474,0.8314357397131095,0.08496459114856462
thanh8+𡅫,thanh8,0.04885611683130264,0.7838283772050256,0.23531472527632102
thanh8+𡏥,thanh8,0.091361865401268,0.6535141238672669,0.24722243514181116
thanh8+󱟟,thanh8,0.06511536240577698,0.786550194966459,0.12086518203150132
thanh8+𪸄,thanh8,0.08178192377090454,0.7799850439690399,0.16824844839075692
thanh8+𫟌,thanh8,0.06554587930440903,0.82710400085587,0.08128092932379984
thanh8+󱲙,thanh8,0.09943485260009766,0.7297700618137756,1.9439296505287753
thanh8+𩛸,thanh8,0.0512751080095768,0.8323297836316157,0.10584350452087897
thanh8+𡃙,thanh8,0.06351879984140396,0.7527310777640612,0.14908439211958846
thanh8+󱮟,thanh8,0.06859120726585388,0.7340028244070654,0.11872688087054346
thanh8+󱙷,thanh8,0.07286614924669266,0.7371139289764523,0.2563161627213801
thanh8+𨆷,thanh8,0.10561755299568176,0.580007951632379,0.19149935787668096
thanh8+𨄿,thanh8,0.05681990087032318,0.7951716720914899,0.22525319751282
thanh8+𥶱,thanh8,0.07585535943508148,0.7921938556691335,0.15972208179772318
thanh8+󰊈,thanh8,0.07690441608428955,0.7531418369468937,0.15448777488270346
thanh8+𠏠,thanh8,0.07572914659976959,0.7293290302341102,0.18483566484061487
thanh8+󱋇,thanh8,0.05242907255887985,0.8256889504715056,0.11169647218588823
thanh8+䐥,thanh8,0.0723617896437645,0.7475418702541778,0.12802414747558374
thanh8+𦟑,thanh8,0.07646416127681732,0.7421408085808403,0.11180399184604238
thanh8+󰌺,thanh8,0.056994225829839706,0.7966502878873162,0.10992015021971695
thanh8+𠶊,thanh8,0.05753084272146225,0.8630474821670349,0.12215868444351093
thanh8+㧪,thanh8,0.05537034943699837,0.741553140247131,0.11010414991930217
thanh8+篵,thanh8,0.06500368565320969,0.7644703379584947,0.14955990135551714
thanh8+󱟎,thanh8,0.06491547077894211,0.7223485198234274,0.11050007174223986
thanh8+𪧺,thanh8,0.061191342771053314,0.7670460056264059,0.15180951275350332
thanh8+𫆶,thanh8,0.06606200337409973,0.6883895030020852,0.1442088701092732
thanh8+󱹿,thanh8,0.08104513585567474,0.6702099170453722,0.18655560628011444
thanh8+󱝧,thanh8,0.06322792172431946,0.7964260946233768,0.15471799733667801
thanh8+𡫫,thanh8,0.0846928060054779,0.6324324641479159,0.13679813549196843
thanh8+𥴘,thanh8,0.07272759079933167,0.6930574834660154,0.15372109647403984
thanh8+󱩻,thanh8,0.0856863409280777,0.7878541414069773,0.12236592066156399
thanh8+󱰖,thanh8,0.08445626497268677,0.6871492021149983,0.12521605391111176
thanh8+𡅍,thanh8,0.0811152309179306,0.6734366242554434,0.24735922140288846
thanh8+𭰺,thanh8,0.09026321768760681,0.7310051099142015,0.13959077091617236
thanh8+𬛀,thanh8,0.07230514287948608,0.7106143306489698,0.10267423278449776
thanh8+𰈨,thanh8,0.064532071352005,0.7804096278075027,0.15228601245249507
thanh8+𫴬,thanh8,0.07572966814041138,0.8055933569111657,0.11124749373435244
thanh8+󰍖,thanh8,0.11877840757369995,0.5027405870655007,0.25375462069897287
thanh8+󰭠,thanh8,0.08925924450159073,0.809202926373554,0.14124546660606346
thanh8+𠹰,thanh8,0.05129985511302948,0.8179959236726579,0.1182901829242351
thanh8+󱙵,thanh8,0.06253010779619217,0.8062147403386626,0.24838673505312228
thanh8+𤄷,thanh8,0.07403737306594849,0.7640889861022508,0.3435925708978802
thanh8+𡦫,thanh8,0.07891685515642166,0.702019270609937,0.1825860736093424
thanh8+𠾺,thanh8,0.08827243745326996,0.7368493341283321,0.2611159579400379
thanh8+󱼓,thanh8,0.08173003792762756,0.7119228546383893,0.09507420985972476
thanh8+󱙴,thanh8,0.11254146695137024,0.6583444987406668,0.28165910687936707
thanh8+𬄪,thanh8,0.0930098369717598,0.784018810507377,0.4817657137533975
thanh8+𬔽,thanh8,0.08698803186416626,0.7405310053892621,0.1244690122139211
thanh8+󰙯,thanh8,0.07493402063846588,0.7674982799287338,0.11695606195540631
thanh8+𬮷,thanh8,0.10791010409593582,0.6929344171464639,0.14243771014585893
thanh8+󱞡,thanh8,0.07717646658420563,0.7017881453221312,0.16817862276069015
thanh8+󱞽,thanh8,0.09195860475301743,0.7433877756920972,0.140248028605643
thanh8+𢹊,thanh8,0.09707178920507431,0.7634831352592422,0.29129779671338696
thanh8+𢶹,thanh8,0.10977012664079666,0.5418474588489034,0.3042454841486016
thanh8+𫢶,thanh8,0.08080369234085083,0.6656061653736917,0.16115492814685473
thanh8+𥾸,thanh8,0.060151293873786926,0.798352199676266,0.1215464577437572
thanh8+𣛦,thanh8,0.10326676070690155,0.6842089153231724,0.6075995900305221
thanh8+𠳭,thanh8,0.06273557245731354,0.7404070885078677,0.07568654065786615
thanh8+𡑪,thanh8,0.056392792612314224,0.8110605464598776,0.12226309572392798
thanh8+𡁎,thanh8,0.048698775470256805,0.835330160768899,0.11648287470888635
thanh8+𫼿,thanh8,0.0817197859287262,0.5862946720448229,0.08292059664246947
thanh8+𬊐,thanh8,0.07630898058414459,0.7197692478411518,0.11476457758950574
thanh8+𪢡,thanh8,0.07809951156377792,0.7281150493693594,0.22307504834445765
thanh8+󰝎,thanh8,0.08517429977655411,0.7237042258304752,0.1734777688151439
thanh8+󱬑,thanh8,0.06505320966243744,0.7422424688953194,0.1923431502320495
thanh8+󱟠,thanh8,0.09039712697267532,0.7280443091483959,0.14181547442759193
thanh8+𩹹,thanh8,0.05969676747918129,0.8220541772647745,0.1763801728332088
thanh8+𫮡,thanh8,0.09414814412593842,0.6325337846065311,0.22074904646758467
thanh8+𦘱,thanh8,0.07538005709648132,0.8058001582015674,0.07149612609834527
thanh8+󱝂,thanh8,0.0937507152557373,0.645626600089341,0.07279969441270999
thanh8+𬦄,thanh8,0.05564505606889725,0.760327270855346,0.13245768848037023
thanh8+󱮺,thanh8,0.07746810466051102,0.7377381450125008,0.3794383198936963
thanh8+𡋦,thanh8,0.05359244719147682,0.8198405377085962,0.0869266148320294
thanh8+𪻟,thanh8,0.09034378826618195,0.7562981428103681,2.0525390632139033
thanh8+𩸴,thanh8,0.08624809235334396,0.6639653743057509,0.2488140847910253
thanh8+𫵊,thanh8,0.08199050277471542,0.6995511683820629,0.19277005792994084
thanh8+𫢖,thanh8,0.1013346016407013,0.5761809796094113,0.08590030374385325
thanh8+󱮮,thanh8,0.08606245368719101,0.7298831411372428,0.4892949535587599
thanh8+󱤾,thanh8,0.05827615037560463,0.7784165912034262,0.1922772584195637
thanh8+𠀿,thanh8,0.089510977268219,0.7364539018028246,0.12397367735394825
thanh8+󰺼,thanh8,0.08212503790855408,0.7218259451498519,0.15550508590820897
thanh8+󱍺,thanh8,0.07175275683403015,0.792554331068208,0.07782360103285046
thanh8+睈,thanh8,0.07179323583841324,0.8051717950761964,0.12785703340196528
thanh8+󰙅,thanh8,0.07289043813943863,0.6411103232759237,0.18496790898873816
thanh8+𪡫,thanh8,0.051808297634124756,0.7998230932204886,0.09351870351038595
thanh8+𤊤,thanh8,0.09087172895669937,0.7100978123071197,0.16307668225034488
thanh8+󰂛,thanh8,0.056564610451459885,0.8187950095822697,0.16707104789164837
thanh8+𫉎,thanh8,0.084649458527565,0.6608420542197151,26.6707238817032
thanh8+鯑,thanh8,0.07623432576656342,0.7031840656780577,0.28250178390845854
thanh8+󱙌,thanh8,0.07863067090511322,0.7223519623378442,0.13268200781611506
thanh8+󰭔,thanh8,0.05918741226196289,0.7490798187718121,0.07299387729025107
thanh8+𣛤,thanh8,0.07410921156406403,0.7630038456752931,32.68090774948251
thanh8+𫮒,thanh8,0.06437667459249496,0.6936346638153768,0.19046644017721123
thanh8+󰝅,thanh8,0.06838987022638321,0.711292622955034,0.09033054103539888
thanh8+朠,thanh8,0.056529391556978226,0.8258953701220964,0.12098194822092867
thanh8+󱢏,thanh8,0.10302170366048813,0.7139343552721286,0.1549179749309683
thanh8+𥋲,thanh8,0.11771975457668304,0.692862156208868,0.2015589923442206
thanh8+胋,thanh8,0.04803360998630524,0.8590375992324147,0.10667873661096301
thanh8+𭉆,thanh8,0.04104873910546303,0.8595942442845486,0.11865148336679056
thanh8+󱝨,thanh8,0.09793399274349213,0.6972030849480215,0.10451269964090405
thanh8+𫪌,thanh8,0.053324662148952484,0.8163517302091914,0.17506045257918346
thanh8+𠵴,thanh8,0.06521915644407272,0.7795633019615424,0.11071118562236065
thanh8+𭋙,thanh8,0.06425139307975769,0.8242194811587484,0.1684307254895475
thanh8+𫞡,thanh8,0.0872507095336914,0.7937579185266869,0.10122808225241031
thanh8+鎫,thanh8,0.0527007021009922,0.7981914331562326,0.11583799816951786
thanh8+󱟪,thanh8,0.08115529268980026,0.7400790146090611,0.2024734354519759
thanh8+𢴊,thanh8,0.07920627295970917,0.7295097865199763,13.792536656214665
thanh8+𧞣,thanh8,0.08224193751811981,0.6854501996117675,0.3243782460920269
thanh8+󱛪,thanh8,0.10986214131116867,0.6327452508945127,0.34955662648364766
thanh8+埨,thanh8,0.08304716646671295,0.7709143664393584,0.13616727633720319
thanh8+󰢽,thanh8,0.04276176914572716,0.8635972029418159,0.1096941504600442
thanh8+󱬐,thanh8,0.07408938556909561,0.7621131401904739,0.18536912453808815
thanh8+󱦯,thanh8,0.06394247710704803,0.738829975984974,0.13095654752968597
thanh8+𪢊,thanh8,0.04280129447579384,0.8418054583937324,0.15921852440263554
thanh8+㘢,thanh8,0.08342815190553665,0.7972732910994068,0.14844094092272575
thanh8+󱟦,thanh8,0.06662891805171967,0.6997280011560998,0.24493112202584144
thanh8+󱖧,thanh8,0.11976447701454163,0.525299020521695,0.38903044103979134
thanh8+󰊎,thanh8,0.06309716403484344,0.7528763964447469,0.24799566575738105
thanh8+𦀌,thanh8,0.05074749141931534,0.8018935157475691,0.10360301441743193
thanh8+󰂻,thanh8,0.06713689863681793,0.7491874889024001,0.17055801631715348
thanh8+󱨇,thanh8,0.09352073073387146,0.6963209887792756,0.1425214877780138
thanh8+啩,thanh8,0.07400166243314743,0.7530810543079904,0.11462589576369918
thanh8+𡫐,thanh8,0.08637998253107071,0.717870894042062,0.14324697449061494
thanh8+󱝘,thanh8,0.08052173256874084,0.7622995703705598,0.2971309086665301
thanh8+𦨂,thanh8,0.06991134583950043,0.7545349464580198,0.2812458439069821
thanh8+󱞕,thanh8,0.055582474917173386,0.7858566305092471,0.07660405696870767
thanh8+𬧡,thanh8,0.0939045399427414,0.668575638294539,0.1632486740126318
thanh8+𬂻,thanh8,0.04885073006153107,0.8265956020449163,0.09650254610387306
thanh8+𫅲,thanh8,0.11735711246728897,0.6385898237416766,0.32212102260009784
thanh8+𩀳,thanh8,0.10831312835216522,0.519482288534218,0.7020712900211552
thanh8+𡂄,thanh8,0.09020218253135681,0.7182837292613137,0.15508548150224596
thanh8+󱟛,thanh8,0.059788648039102554,0.777524649876387,0.270336583256076
thanh8+𪡱,thanh8,0.062315911054611206,0.6864986554081226,0.11330010214264341
thanh8+𧜗,thanh8,0.06549981981515884,0.7490940421917273,0.15298131719103403
thanh8+󱞿,thanh8,0.07024276256561279,0.7898057218659276,0.18171262805652297
thanh8+㗭,thanh8,0.09176480025053024,0.7132937345252968,0.24842023982067565
thanh8+󱦮,thanh8,0.0941544696688652,0.7353834480263436,0.21303236120312122
thanh8+󱞑,thanh8,0.06544020026922226,0.8118323350175277,0.1406373594053718
thanh8+𨇉,thanh8,0.08850783109664917,0.5887859881528495,0.2573429897671404
thanh8+𫬱,thanh8,0.047790735960006714,0.7941844308009834,0.16229124757477995
thanh8+𥭑,thanh8,0.08890479803085327,0.7459828926537215,0.138400307416963
thanh8+󱼖,thanh8,0.07608453929424286,0.7796432381585188,0.1490611646718217
thanh8+󱛑,thanh8,0.08470986783504486,0.6325771719966082,0.19126144645834842
thanh8+𪉴,thanh8,0.07900945097208023,0.7671900687263938,0.2449255202831655
thanh8+󱝹,thanh8,0.06605696678161621,0.7923193493639468,0.19458036219716549
thanh8+󱫴,thanh8,0.08834817260503769,0.6867325068279926,0.2944090310013134
thanh8+󱫠,thanh8,0.12402941286563873,0.614084392459558,0.28273297901001354
thanh8+󱧔,thanh8,0.06280700862407684,0.85401296059981,0.08276159718017313
thanh8+㷝,thanh8,0.09875689446926117,0.5992137256518307,0.10891661150153303
thanh8+𪱎,thanh8,0.10265107452869415,0.7129984462876326,0.09587401450251042
thanh8+𡡇,thanh8,0.06743774563074112,0.7280066470783786,0.15438963291446503
thanh8+㖪,thanh8,0.07058963924646378,0.6801986223893846,48.606991729499185
thanh8+󱞼,thanh8,0.056095775216817856,0.7944191337386404,0.20218939111669898
thanh8+𬄹,thanh8,0.10270033776760101,0.7382945404489774,0.25855508336377414
thanh8+𫲼,thanh8,0.0666300356388092,0.7472391018092537,0.10387422059489915
thanh8+󰬲,thanh8,0.08088701218366623,0.7975992038696306,0.1492020306327522
thanh8+󱗳,thanh8,0.07332757860422134,0.691416352810503,0.13811549382830424
thanh8+𠲜,thanh8,0.10750755667686462,0.7744453960004728,0.08970958564462167
thanh8+𪩥,thanh8,0.07854282855987549,0.7613268008047777,0.173311138288797
thanh8+𫔬,thanh8,0.061606265604496,0.8057937458802905,0.1045172589321633
thanh8+󱭪,thanh8,0.08431629091501236,0.6352597917954115,0.20740607931602395
thanh8+𠻆,thanh8,0.081220842897892,0.7483519452672536,0.09077631889295895
thanh8+󱩩,thanh8,0.08758526295423508,0.719386572475948,0.18376470738861564
thanh8+󱧀,thanh8,0.050339896231889725,0.7660977460668362,0.09974195306583918
thanh8+𨁋,thanh8,0.08269361406564713,0.7176403260309664,0.12124231368299988
thanh8+󰇵,thanh8,0.04225295037031174,0.8721696370637407,0.11031092505326016
thanh8+󱬊,thanh8,0.07402075827121735,0.7227468506509038,0.3647055326534255
thanh8+𪤽,thanh8,0.07126416265964508,0.8005955901222703,0.14276620222706923
thanh8+󱟕,thanh8,0.08279213309288025,0.6457326743174389,0.19859270147760463
thanh8+󱳬,thanh8,0.06613217294216156,0.8141687110041976,0.20083622366801923
thanh8+𨨨,thanh8,0.06615431606769562,0.797876387414638,0.17345495987952456
thanh8+𡮣,thanh8,0.07273174077272415,0.7200143051052708,0.14958422428645923
thanh8+𠴇,thanh8,0.08276784420013428,0.7503294425797116,0.1668816767817034
thanh8+𢪭,thanh8,0.05710094794631004,0.7967240022667345,0.07838428616380183
thanh8+󱓇,thanh8,0.09590974450111389,0.677730358027805,4.692286737611684
thanh8+󱛥,thanh8,0.0592128224670887,0.8607133455513646,0.14521927942185958
thanh8+𡁝,thanh8,0.07818104326725006,0.7327803706083599,0.20569546065343366
thanh8+𬙛,thanh8,0.08408856391906738,0.7379566441384627,0.08359430690833908
thanh8+󱚇,thanh8,0.08967092633247375,0.6891265883499271,0.17797822254186177
thanh8+󱨫,thanh8,0.13178671896457672,0.6652947542366757,0.09260833594428797
thanh8+󰮁,thanh8,0.06931979209184647,0.7750221733163485,0.2750382388348601
thanh8+󱮝,thanh8,0.07519198209047318,0.7025505191279335,0.1062003710553051
thanh8+𫆮,thanh8,0.05613759532570839,0.7934331168687747,0.1477671740622876
thanh8+𫠼,thanh8,0.09032636880874634,0.7543813963261314,0.12820845864991068
thanh8+󰺥,thanh8,0.12428823113441467,0.5794675914564187,0.3421264551127265
thanh8+𤐠,thanh8,0.07981638610363007,0.6028853993823745,0.16362076178451068
thanh8+𦝇,thanh8,0.07729187607765198,0.7184127373772118,0.13107308232590129
thanh8+𠴖,thanh8,0.07720557600259781,0.8074466044254117,0.08287598646557699
thanh8+𤉓,thanh8,0.06462717801332474,0.8400767743117086,0.12302482696572235
thanh8+󱜷,thanh8,0.1063878983259201,0.6024958118252093,0.10492539615932787
thanh8+𬞑,thanh8,0.0645868182182312,0.775074417326048,0.10845793543139352
thanh8+𡮨,thanh8,0.16860386729240417,0.5211238500063011,0.28766583119430933
thanh8+𢰦,thanh8,0.07260625809431076,0.7298469793907495,0.06706101548989839
thanh8+唥,thanh8,0.05042809247970581,0.8392790811872413,0.12015067851871271
thanh8+𪷘,thanh8,0.07952872663736343,0.719037906967293,0.24395177041596602
thanh8+󱫸,thanh8,0.057367242872714996,0.7285857360378505,0.15618489894742982
thanh8+𡓯,thanh8,0.0629875659942627,0.7760156297833223,0.26149038954197684
thanh8+𠷥,thanh8,0.06569887697696686,0.8232272520381735,0.07118614095591634
thanh8+𡁼,thanh8,0.06526849418878555,0.7816258099167802,0.23360332642049023
thanh8+𧍇,thanh8,0.054467059671878815,0.8686313654295795,0.11881986138403111
thanh8+󰴾,thanh8,0.05203060433268547,0.8174257422737601,0.07472994421479169
thanh8+󱤠,thanh8,0.058764003217220306,0.8389878524071775,0.09426222380383949
thanh8+󱘧,thanh8,0.06842105090618134,0.6273530140064761,0.12601528582992513
thanh8+󰜡,thanh8,0.052608393132686615,0.8055287410574734,0.08586210880246942
thanh8+䀭,thanh8,0.04085780307650566,0.8465377851481524,0.08008695882789606
thanh8+󱞔,thanh8,0.08011588454246521,0.573676639225337,0.11279062826074027
thanh8+𧒅,thanh8,0.06817348301410675,0.7611335219136156,0.13353139609071954
thanh8+𡀇,thanh8,0.04556121677160263,0.8265595736405837,0.14328285280027822
thanh8+𤼞,thanh8,0.13345107436180115,0.4687951386401363,0.3969611848768255
thanh8+哖,thanh8,0.047985535115003586,0.8282647361240298,0.08480094870585637
thanh8+󱟰,thanh8,0.07516107708215714,0.746929742617892,0.17751433274962528
thanh8+󱣗,thanh8,0.08721791207790375,0.7666276144510588,0.2472080169365758
thanh8+󱥪,thanh8,0.06498020142316818,0.7263447071432905,0.17143386131136898
thanh8+𠮨,thanh8,0.05312775447964668,0.8161235531162838,0.13930554614404042
thanh8+󰍱,thanh8,0.08034787327051163,0.6608800906309111,0.21988504897680985
thanh8+溒,thanh8,0.055165212601423264,0.7161864810465646,0.20942391116289238
thanh8+𡃳,thanh8,0.06577346473932266,0.7334496858557471,0.2193089496775872
thanh8+𣓾,thanh8,0.04920246824622154,0.8135197968817484,0.0739642001925496
thanh8+㖵,thanh8,0.08518457412719727,0.8237220263044404,0.11117974184716965
thanh8+𡌡,thanh8,0.06559119373559952,0.7913715193068613,0.13384299085865495
thanh8+󱞝,thanh8,0.07149353623390198,0.6717225851645277,0.1095615382915558
thanh8+𦟖,thanh8,0.07092966884374619,0.7672071257241102,0.19359088919259818
thanh8+󱜴,thanh8,0.10766810178756714,0.6998712424484574,0.15239708055196224
thanh8+󱅒,thanh8,0.08600091189146042,0.7687310717370459,0.25190924929742814
thanh8+󱺃,thanh8,0.08659349381923676,0.7143434142399978,0.23188334709432287
thanh8+󱯈,thanh8,0.08582809567451477,0.6551306442865114,0.14936390290452828
thanh8+𬏻,thanh8,0.08376069366931915,0.7211717215234353,0.113065713920855
thanh8+𪭟,thanh8,0.0822971761226654,0.769362346887661,0.10059987502880473
thanh8+𥊜,thanh8,0.08735348284244537,0.8136086783352408,0.14712846939346305
thanh8+󰅬,thanh8,0.06072351336479187,0.8202396418093173,0.12690274278243868
thanh8+󱝯,thanh8,0.10678285360336304,0.5798282709918908,0.2375642257691295
thanh8+󱛴,thanh8,0.06585326045751572,0.6865749601107202,0.1516172533897171
thanh8+󰢷,thanh8,0.07429581880569458,0.7696340067261237,0.21948506572222082
thanh8+𤯱,thanh8,0.07040230929851532,0.8089060881002779,0.15526206240726637
thanh8+󱜖,thanh8,0.07054527848958969,0.8481801521749238,0.13473141090272697
thanh8+󰮦,thanh8,0.06012514606118202,0.746524957652818,0.1780310348654867
thanh8+󱰚,thanh8,0.12376683950424194,0.7044508771861588,0.8446414951504528
thanh8+𪻋,thanh8,0.05828056484460831,0.7619423618705089,0.11131583420808884
thanh8+𡔒,thanh8,0.10020019859075546,0.6881939167160028,0.27257711413346775
thanh8+󱚕,thanh8,0.06819897145032883,0.7986546637797141,0.06626010525702485
thanh8+㗩,thanh8,0.1066884696483612,0.5966965650888681,0.0904223448457251
thanh8+𩇆,thanh8,0.09207247942686081,0.6507454341301343,0.23306578907352252
thanh8+󰠎,thanh8,0.08037257194519043,0.8021226348629776,0.24568940883501877
thanh8+堹,thanh8,0.054849907755851746,0.7962955712578088,0.2682312632348891
thanh8+𬟻,thanh8,0.05446130782365799,0.844231319105276,0.0862282335084289
thanh8+󱣶,thanh8,0.049817804247140884,0.7943555548783946,0.07288644390985989
thanh8+󱠼,thanh8,0.0943315327167511,0.7514060677236214,0.07434335978211469
thanh8+󱩫,thanh8,0.0673045665025711,0.8011916287360057,0.22862512350167485
thanh8+󰄼,thanh8,0.07150068879127502,0.7957252245867769,292.30463453581166
thanh8+𢵻,thanh8,0.0515463761985302,0.8378700440156522,0.17980466652242208
thanh8+𭊳,thanh8,0.06493028998374939,0.8041773063029384,0.13018764885626719
thanh8+𬖵,thanh8,0.07284148037433624,0.7590382114212662,0.17694884999233584
thanh8+嘪,thanh8,0.07062143087387085,0.8262381112349487,0.23184560307381327
thanh8+𢠿,thanh8,0.07787434756755829,0.6504724721494118,0.20840224068147253
thanh8+󰣡,thanh8,0.0641515702009201,0.6990913212582994,0.099692608299548
thanh8+𰊣,thanh8,0.07459554076194763,0.7207057207162073,0.13027301538331695
thanh8+󱝫,thanh8,0.11229744553565979,0.8103198041724117,0.0915278290876536
thanh8+󱎶,thanh8,0.09721435606479645,0.6251890551328794,0.3653316428944183
thanh8+𫫴,thanh8,0.06542818248271942,0.7405547650436338,0.26759911004414705
thanh8+𬑶,thanh8,0.07970062643289566,0.7595392798843728,0.15047247827000887
thanh8+󱝾,thanh8,0.055570848286151886,0.8181429025072234,0.17576089359539102
thanh8+𪶵,thanh8,0.06329748034477234,0.7790757802509805,0.22380992292053384
thanh8+𢷰,thanh8,0.08349845558404922,0.7843758051977767,0.21242944614616685
thanh8+󱎾,thanh8,0.09664301574230194,0.5978861095989437,0.12737956154587132
thanh8+𢲠,thanh8,0.05956300348043442,0.7939789192770437,0.08763261257436195
thanh8+𪢜,thanh8,0.09125823527574539,0.5037496655778346,99.02126796293919
thanh8+󰬪,thanh8,0.08911505341529846,0.7091492331474403,0.581580002669663
thanh8+󱙭,thanh8,0.06347724050283432,0.7518947002220358,0.08738159330939614
thanh8+𡪦,thanh8,0.05741894990205765,0.7765868419224776,0.1586516003173373
thanh8+𧿯,thanh8,0.0572417676448822,0.8352806163460423,0.11813278882669563
thanh8+𪡗,thanh8,0.07455196231603622,0.7754161358126013,0.08540563558382064
thanh8+𢅄,thanh8,0.06916800141334534,0.7341329447056761,0.12506372877893288
thanh8+󰆐,thanh8,0.10343930125236511,0.6119514492836302,0.15975076954684636
thanh8+󱠧,thanh8,0.06500299274921417,0.7513905657039055,0.25066842529773986
thanh8+𬓓,thanh8,0.11300461739301682,0.4457350266529643,0.1700498959885415
thanh8+𪁄,thanh8,0.07115961611270905,0.799465633126777,0.1492793122342483
thanh8+󱹜,thanh8,0.09352543205022812,0.7349370076642062,0.11141979418807572
thanh8+󱞜,thanh8,0.1011962816119194,0.7390179562591122,0.18672236264767153
thanh8+󰬨,thanh8,0.07005812972784042,0.5839390881019686,0.12657157450653625
thanh8+𡉎,thanh8,0.05973708629608154,0.8388324983717679,0.20735253794644184
thanh8+𪤲,thanh8,0.08327200263738632,0.781186005239462,0.15317561479269298
thanh8+𦛲,thanh8,0.0885808914899826,0.710860795222534,12.534071449748206
thanh8+𫄋,thanh8,0.05879088491201401,0.8126921230531884,0.23850077329111607
thanh8+𥯉,thanh8,0.07832789421081543,0.7156725585909459,0.227088737301239
thanh8+𫫊,thanh8,0.03762262687087059,0.8708664426790627,0.12206533043145386
thanh8+𩽈,thanh8,0.10973943024873734,0.6836821684221642,0.5641683649824065
thanh8+󱩳,thanh8,0.0752011239528656,0.749654075968351,0.20184729191736261
thanh8+𡄾,thanh8,0.051819730550050735,0.8257287239037755,0.1723795678506614
thanh8+󱝀,thanh8,0.049294497817754745,0.8254096177222808,0.09502947514292988
thanh8+𬕷,thanh8,0.0794171392917633,0.760041976734668,0.1698831026652888
thanh8+藞,thanh8,0.06148849055171013,0.7934534449284936,0.19443014549143578
thanh8+𦞎,thanh8,0.07834372669458389,0.6872376065171957,0.19886865002712972
thanh8+𣎞,thanh8,0.09203898161649704,0.5651772476314745,0.48654351931366285
thanh8+𫑺,thanh8,0.1224946603178978,0.6477605415225437,65.35990323115398
thanh8+󰬥,thanh8,0.07280762493610382,0.7256792945651688,0.1745106735331254
thanh8+𪤻,thanh8,0.061030250042676926,0.8453726059925919,0.10420975210977161
thanh8+㖀,thanh8,0.06468120962381363,0.8425058118759583,0.10637250030643113
thanh8+𩂄,thanh8,0.07462956756353378,0.7681019447008592,0.10141942830250678
thanh8+󱰍,thanh8,0.12162524461746216,0.7218672179571739,175.53666916460384
thanh8+𠱻,thanh8,0.055708423256874084,0.7629885105684932,0.11904480747221213
thanh8+鮗,thanh8,0.07067186385393143,0.6959608635782042,0.1544403532931463
thanh8+󱡰,thanh8,0.1021854430437088,0.5203871439808275,0.23383058781976285
thanh8+󱪉,thanh8,0.10260184109210968,0.5338862363706903,0.22190561554182778
thanh8+𡗅,thanh8,0.13101711869239807,0.7078247231601473,0.2975534278755428
thanh8+𡓟,thanh8,0.06511761993169785,0.790010575251403,0.3028585342635443
thanh8+𪢍,thanh8,0.06012064591050148,0.8050889932155187,0.12399500500951231
thanh8+𪺛,thanh8,0.09292536973953247,0.7557209331566667,0.1363993214432556
thanh8+𡫨,thanh8,0.10877744853496552,0.6227525327232847,0.23751041143257315
thanh8+䰺,thanh8,0.09771547466516495,0.6597310073308791,0.16539959094190063
thanh8+󱨱,thanh8,0.08894015848636627,0.7192783078272942,0.2609644039097135
thanh8+㖕,thanh8,0.0760609582066536,0.8537144973309669,0.07771571780157081
thanh8+󱳒,thanh8,0.11388042569160461,0.4178682659840759,0.4081496111334906
thanh8+󱞾,thanh8,0.07832413911819458,0.6886733464580008,0.10723306203328616
thanh8+󰛼,thanh8,0.044083740562200546,0.8624583435044694,0.08626264081655899
thanh8+󱡇,thanh8,0.09220442175865173,0.561877382737482,0.3183052879620611
thanh8+󱦾,thanh8,0.09238166362047195,0.7628400895544205,0.15506394690723216
thanh8+𫊬,thanh8,0.06899967789649963,0.7997927652830379,0.11050657950587915
thanh8+堒,thanh8,0.0666159838438034,0.8088458024127433,0.19750642322890058
thanh8+󰬛,thanh8,0.05394256114959717,0.785697735591313,0.08973537297592198
thanh8+󱝟,thanh8,0.10440792143344879,0.6640006043805345,0.1110228963917232
thanh8+𫫷,thanh8,0.0994669646024704,0.7111089528957663,0.1965420722152068
thanh8+𨡨,thanh8,0.11094748228788376,0.7242675757340648,0.17564279933390445
thanh8+𥐨,thanh8,0.060174863785505295,0.7477971015454993,0.2832983938041421
thanh8+󱩈,thanh8,0.10377152264118195,0.7142517279464596,0.35035364436198074
thanh8+呯,thanh8,0.07084351778030396,0.7930449455695124,0.11097685104563453
thanh8+󱰶,thanh8,0.11901845037937164,0.5889635165260015,0.1753461498734068
thanh8+𢶽,thanh8,0.06434899568557739,0.7829244188622233,0.11146194911446844
thanh8+𠮙,thanh8,0.0616268664598465,0.8237272126406385,0.08861400151802949
thanh8+䓬,thanh8,0.0670657753944397,0.798978277153741,0.07226693961678154
thanh8+𡳳,thanh8,0.10854925960302353,0.6733551833200996,0.33273916576574486
thanh8+󱢣,thanh8,0.09556981921195984,0.6930790223234404,0.3682461454691815
thanh8+󱥦,thanh8,0.08930633962154388,0.6359466926047699,0.1424494551422165
thanh8+󱩸,thanh8,0.08938290178775787,0.7572346191560246,0.07254079171788767
thanh8+𪡦,thanh8,0.05307403579354286,0.7730699479992816,0.11953691929338095
thanh8+𪝪,thanh8,0.08989943563938141,0.7720591187246636,0.20421887704869976
thanh8+𢹾,thanh8,0.07148991525173187,0.7792553150979077,0.10285828789810258
thanh8+𡃜,thanh8,0.08075637370347977,0.7392394617897275,0.13901740440632468
thanh8+𰇵,thanh8,0.06192588433623314,0.7650037730421116,0.07452078117580618
thanh8+󱹙,thanh8,0.05490745231509209,0.7903670576806592,0.15083995347481202
thanh8+𪢷,thanh8,0.05195137858390808,0.8256039482604792,0.111728006764631
thanh8+󱨕,thanh8,0.09931768476963043,0.7329149347569868,0.174832041454308
thanh8+捠,thanh8,0.04363230988383293,0.8398210067806043,0.08736660427772062
thanh8+󱘠,thanh8,0.08294866234064102,0.7244540459372015,0.29923740737060794
thanh8+𠴘,thanh8,0.07840904593467712,0.7661465422679322,0.08256866940021802
thanh8+󰃧,thanh8,0.10414005070924759,0.6554952654252237,0.20744041180362757
thanh8+𪿀,thanh8,0.0487150177359581,0.8387524811640186,0.13437488358094407
thanh8+㗶,thanh8,0.09706868976354599,0.7532738274127183,0.28322481204013844
thanh8+𫪄,thanh8,0.06832841038703918,0.8268817957702261,0.13481412151166547
thanh8+𭈙,thanh8,0.06001175194978714,0.7492980478939218,0.09523045593254724
thanh8+㖏,thanh8,0.0858050286769867,0.7393764908509685,0.1869384961574998
thanh8+󰼀,thanh8,0.054323822259902954,0.7574946324979369,0.14850157298698713
thanh8+𩯂,thanh8,0.1442071944475174,0.5367975019189836,0.23690870280870135
thanh8+󰡊,thanh8,0.05397099629044533,0.7725795210939423,0.21159866122746773
thanh8+󱜝,thanh8,0.05442562699317932,0.8430402513320606,0.1110270730939696
thanh8+󱝢,thanh8,0.09581558406352997,0.7306807106105866,0.2695775224924906
thanh8+󱜾,thanh8,0.06229360029101372,0.8430000881160958,0.07491219050189056
thanh8+󱚒,thanh8,0.06912867724895477,0.7813701213445593,0.125083496321162
thanh8+󱣆,thanh8,0.06484861671924591,0.8072250951844062,0.12944146607714235
thanh8+󱧨,thanh8,0.08858964592218399,0.733740000250596,0.22964921529078977
thanh8+󱳦,thanh8,0.09095805138349533,0.657834592183415,0.07875497577815611
thanh8+𡃎,thanh8,0.07510042190551758,0.71510427461694,0.20126280858094833
thanh8+𡎤,thanh8,0.09158104658126831,0.7103033075715862,0.30019246340895883
thanh8+𤣡,thanh8,0.13672012090682983,0.509692996149872,0.48681469796264126
thanh8+𪤠,thanh8,0.0784168615937233,0.7838055708406553,17.876809379510366
thanh8+󰧙,thanh8,0.0813102126121521,0.8384724770865023,0.15820511419258107
thanh8+󱚴,thanh8,0.07703366875648499,0.7242025543797146,0.254232859243358
thanh8+󱟜,thanh8,0.07142657786607742,0.6446123931008136,0.09266739030844418
thanh8+󱛺,thanh8,0.09146177768707275,0.6466102619516529,0.4300064871443526
thanh8+𠸽,thanh8,0.08147601783275604,0.6897860211999687,0.45029698988297856
thanh8+𢲾,thanh8,0.07505857199430466,0.7839167492586893,0.18650239276103028
thanh8+󱰯,thanh8,0.10269653797149658,0.6178575151569636,0.12268975662672921
thanh8+󱠰,thanh8,0.06913594901561737,0.8174465056479981,0.10315905632522072
thanh8+𡂷,thanh8,0.052901774644851685,0.7920642597799707,0.13691809656175621
thanh8+󱜶,thanh8,0.06858795136213303,0.7184998428902973,0.11808854330790843
thanh8+𤻓,thanh8,0.09781448543071747,0.6960269187859287,0.3311586528149861
thanh8+𧌂,thanh8,0.06776346266269684,0.7615186844542771,0.08818478020747307
thanh8+蝔,thanh8,0.05856337398290634,0.8005601795101502,0.14140507859431806
thanh8+𡄳,thanh8,0.07666866481304169,0.7381008436422493,0.20470994326790357
thanh8+澿,thanh8,0.08080224692821503,0.725669469758756,0.1217119893068922
thanh8+𢪥,thanh8,0.0649963915348053,0.6845504827986799,0.08550805453107896
thanh8+𧋅,thanh8,0.16659338772296906,0.5646312118674032,0.134432621043478
thanh8+𪡈,thanh8,0.06361225247383118,0.8089317704205686,0.09285909504235824
thanh8+𠿀,thanh8,0.08558174222707748,0.7979135700013908,0.2268935706178378
thanh8+𤎓,thanh8,0.07329130917787552,0.6985226440848625,0.1429261651347723
thanh8+𦩳,thanh8,0.06853458285331726,0.7837527348406017,0.13268197150372416
thanh8+𤞦,thanh8,0.06815433502197266,0.7870816157032032,0.09717573452035244
thanh8+󰌋,thanh8,0.10052906721830368,0.78984833364581,0.25417964220707845
thanh8+󱫗,thanh8,0.0573052242398262,0.7461048043217274,0.16685447992075678
thanh8+󱚑,thanh8,0.09192581474781036,0.680558597846885,0.12233275110518738
thanh8+󱳠,thanh8,0.07479974627494812,0.7668427466697629,0.1665699228065928
thanh8+𠸫,thanh8,0.06513648480176926,0.7595630539785149,27.899716034757592
thanh8+𪺇,thanh8,0.1435493379831314,0.612578024487076,0.9544878346307737
thanh8+󱞙,thanh8,0.05878844112157822,0.8199033652724821,0.08421370662930455
thanh8+𤶹,thanh8,0.0680428072810173,0.7200154311881685,0.13092765008683924
thanh8+󰘓,thanh8,0.08076339960098267,0.6850363432366425,0.18266759605307156
thanh8+𬕌,thanh8,0.07741682231426239,0.7546260464859481,0.07301575317968365
thanh8+󱺈,thanh8,0.0492534413933754,0.8350105081708368,0.10600264075336212
thanh8+󱹡,thanh8,0.06752938777208328,0.689258559926127,0.132023577138527
thanh8+󱠳,thanh8,0.07742234319448471,0.7759751053398559,0.15430559317089695
thanh8+𪢤,thanh8,0.06910604983568192,0.775276846010411,0.141925191580053
thanh8+𪰰,thanh8,0.09800241142511368,0.7127060787816666,0.11394754088243514
thanh8+𮫷,thanh8,0.06669711321592331,0.7994850454744907,0.2365502710793452
thanh8+𬓛,thanh8,0.09529678523540497,0.6834352807053565,0.24654470324188413
thanh8+󱥄,thanh8,0.06970473378896713,0.8422902760782112,0.11985910083195056
thanh8+𩵾,thanh8,0.05242730304598808,0.8223633817112472,0.15525124812672367
thanh8+𨂗,thanh8,0.07872164994478226,0.7045716295346685,0.2242863240436337
thanh8+𠺚,thanh8,0.08501745760440826,0.7806479706811547,0.3084062783420996
thanh8+𬠥,thanh8,0.0567803792655468,0.7185349049748737,0.11667013284701662
thanh8+𬂨,thanh8,0.06273911893367767,0.8383923859913144,0.0907778772289421
thanh8+𫯲,thanh8,0.0891076996922493,0.7034997691032165,0.27239206167399754
thanh8+󱟡,thanh8,0.0710393637418747,0.782206963366833,0.19045323974615627
thanh8+㗴,thanh8,0.06302250176668167,0.8488631863439859,0.0868214470478766
thanh8+𫫛,thanh8,0.0750715434551239,0.8033409069878599,0.20149513966415653
thanh8+𬛒,thanh8,0.07418259233236313,0.6400122065832381,0.1527172848213644
thanh8+󱭧,thanh8,0.0615125373005867,0.6634655817202655,0.08829299715124317
thanh8+󱤑,thanh8,0.08642981946468353,0.7354638427097125,0.32965843328951056
thanh8+󱛳,thanh8,0.0676344484090805,0.749996863713895,0.18061297354543449
thanh8+𡐮,thanh8,0.06909336894750595,0.8128476714032097,0.12822029916829286
thanh8+𦲹,thanh8,0.05451325699687004,0.7633128295205035,0.09501376738697113
thanh8+𥱫,thanh8,0.07461526989936829,0.7701886013475273,0.1711193718103401
thanh8+󱳭,thanh8,0.10720082372426987,0.5608815633617603,0.2817848176215664
thanh8+󱥯,thanh8,0.07112804055213928,0.7001755970273871,0.22685445931356743
thanh8+𨪷,thanh8,0.06278013437986374,0.7962417069334008,0.22971127250538037
thanh8+𫕹,thanh8,0.06338714808225632,0.8240928115508638,0.08831095789008364
thanh8+󱭷,thanh8,0.12958809733390808,0.477746437601246,0.27774197927073746
thanh8+󰅲,thanh8,0.09012041240930557,0.7071049312919311,0.6441927358424179
thanh8+𦽎,thanh8,0.08378662168979645,0.7585555698800863,0.3220129884022811
thanh8+󱚚,thanh8,0.0986674576997757,0.5900815821079337,0.29705258643980886
thanh8+𡜒,thanh8,0.050736285746097565,0.7687582843818572,0.13437156414853554
thanh8+𠶒,thanh8,0.10517445206642151,0.6523079562199022,0.08127391376325917
thanh8+󱤈,thanh8,0.13981354236602783,0.49464021806107134,226.61590831747324
thanh8+󱞀,thanh8,0.09993526339530945,0.65559322968793,0.2591707867983665
thanh8+𬕻,thanh8,0.10164832323789597,0.6478591452069535,0.38038813654268894
thanh8+󱛙,thanh8,0.04981638863682747,0.8081623995334807,0.19935881488008364
thanh8+𫿟,thanh8,0.0805932953953743,0.6289049217157439,0.275059735928514
thanh8+󰂄,thanh8,0.07470837235450745,0.8750079031466947,0.08644918758846722
thanh8+𦟋,thanh8,0.07567271590232849,0.7570993395440594,0.1423655424399621
thanh8+󱬧,thanh8,0.07297540456056595,0.7518332832308516,0.10839305554597624
thanh8+𤳧,thanh8,0.06102650240063667,0.7546650120151186,0.19643960403320307
thanh8+󱞠,thanh8,0.09877898544073105,0.6819871383716981,0.1287022421890526
thanh8+󱮧,thanh8,0.05438930541276932,0.8262913980918983,0.1947677401931189
thanh8+󱝻,thanh8,0.06471072882413864,0.746155853361141,0.14429398160731463
thanh8+𪝅,thanh8,0.05051538720726967,0.8579167686136826,0.0761827185655351
thanh8+𫄉,thanh8,0.1001053899526596,0.6983470940605944,0.18275817134859718
thanh8+𡫶,thanh8,0.13143078982830048,0.5184633748538154,0.29089210949223315
thanh8+𢯝,thanh8,0.06874269247055054,0.8366529007366625,0.09095485743098515
thanh8+󱞲,thanh8,0.15009653568267822,0.4653253165954253,0.22321498734714984
thanh8+𡂉,thanh8,0.0773235559463501,0.6997092989918129,0.15812522463368392
thanh8+𤋽,thanh8,0.08178943395614624,0.5640105796013862,0.09257326984284418
thanh8+𠶅,thanh8,0.04862464591860771,0.8274113262045402,0.077782328835677
thanh8+𠲡,thanh8,0.04956512898206711,0.793766193956089,0.11319605862938209
thanh8+𭡏,thanh8,0.1037055179476738,0.5439926595053722,0.18287213116714818
thanh8+𬖩,thanh8,0.05975803732872009,0.7827685324220585,0.11380410901576914
thanh8+𪸝,thanh8,0.06013326719403267,0.8209987956546733,0.10967416974225165
thanh8+󱋃,thanh8,0.06731270998716354,0.7199149917011808,0.19658578682690783
thanh8+󰁂,thanh8,0.10695873945951462,0.7621237354189186,0.14382595199692377
thanh8+𧒊,thanh8,0.08177496492862701,0.6294666123763482,5.818455699685653
thanh8+󱟱,thanh8,0.07830796390771866,0.8403985969475178,0.09916980942620107
thanh8+󱦡,thanh8,0.078498475253582,0.7367990242576069,0.2491030715770192
thanh8+啲,thanh8,0.07677505165338516,0.630730590967866,0.09440149702962013
thanh8+𠺮,thanh8,0.07450081408023834,0.6746677376708496,0.08900101128316219
thanh8+侱,thanh8,0.07894102483987808,0.7864954325277134,0.1214642519328797
thanh8+󱝒,thanh8,0.07464320212602615,0.7861782895733185,0.10299263280009412
thanh8+𠷦,thanh8,0.06308283656835556,0.7225679072566406,0.13833558338875893
thanh8+𪥑,thanh8,0.0703713595867157,0.7840976234468106,0.11017556371235271
thanh8+𡑲,thanh8,0.072486512362957,0.7045241924460723,0.19011937533782852
thanh8+󱨨,thanh8,0.06902744621038437,0.7734726141256156,0.18280964768467453
thanh8+𤏦,thanh8,0.06062830239534378,0.7953783149580961,0.11954062741990344
thanh8+󱊚,thanh8,0.049020618200302124,0.7891644724021099,0.14366001700757117
thanh8+󱹻,thanh8,0.11408776044845581,0.6275102945604837,0.3853484003774467
thanh8+󱜲,thanh8,0.05348701775074005,0.8636809166825972,0.15643187621722998
thanh8+󱬺,thanh8,0.10251220315694809,0.6898803851806264,0.18919803975963112
thanh8+󱡑,thanh8,0.10111799836158752,0.581795836766497,0.1094248238535785
thanh8+㘗,thanh8,0.0907171368598938,0.8099931348069236,0.20597264083432967
thanh8+󱩙,thanh8,0.08667948842048645,0.7209229991479656,0.26680622390214964
thanh8+𠜈,thanh8,0.06646256148815155,0.7714430247667133,0.06940280330648065
thanh8+𦟏,thanh8,0.058544889092445374,0.7927428419536926,0.12153631331222536
thanh8+抋,thanh8,0.0539306104183197,0.8290146485169103,0.16235687811260316
thanh8+󰶅,thanh8,0.0908757746219635,0.7376184012218011,0.10942798918105784
thanh8+󱠱,thanh8,0.08161904662847519,0.7683357745059013,303.3201055544725
thanh8+𪢠,thanh8,0.0765065997838974,0.6411113324964963,0.10278102554993045
thanh8+𣖗,thanh8,0.07792344689369202,0.7090769798167722,0.20913453309311322
thanh8+󰤴,thanh8,0.06039654091000557,0.8204783778900815,0.06994180870249557
thanh8+𫢧,thanh8,0.04992839694023132,0.8324183149849105,0.0937931969775302
thanh8+󰣿,thanh8,0.11254242807626724,0.7452112134472234,0.39038831760302717
thanh8+𬈈,thanh8,0.058138757944107056,0.8036802655812064,0.13212575453368924
thanh8+𫽠,thanh8,0.09664367139339447,0.5516061929637857,0.09245165885498484
thanh8+󱞅,thanh8,0.04667111113667488,0.8322156453681693,0.11666684801483201
thanh8+𥴙,thanh8,0.08949093520641327,0.7396041056454956,0.13593792506105884
thanh8+󱰤,thanh8,0.06699256598949432,0.7330610255744225,0.15285186328770214
thanh8+󱟁,thanh8,0.06769111007452011,0.7040203607639469,0.2510849162563294
thanh8+𡃝,thanh8,0.09946464002132416,0.6110297384279294,0.2619312451265143
thanh8+𠺺,thanh8,0.06566877663135529,0.8253247154964166,0.14529329394361612
thanh8+󱛻,thanh8,0.07412859052419662,0.5534571606786333,0.09310690455130342
thanh8+婻,thanh8,0.06882107257843018,0.7675728723424555,0.26912724803159677
thanh8+𠌊,thanh8,0.06314045190811157,0.7928281066624383,0.0934611412236818
thanh8+󱥑,thanh8,0.0985308587551117,0.6973579356095048,0.7482487519491788
thanh8+𡇻,thanh8,0.09170380234718323,0.7474424488165866,0.08179410447231517
thanh8+𠹖,thanh8,0.06000765040516853,0.7916978461887726,0.15885685645911124
thanh8+𪞀,thanh8,0.0798041820526123,0.7699204282934161,0.26384166620359445
thanh8+𠊙,thanh8,0.05396353453397751,0.7056074101814891,0.061377647009475095
thanh8+𡞗,thanh8,0.06105530261993408,0.6633970531172336,0.1316689129017413
thanh8+𡀦,thanh8,0.03827974200248718,0.8588729211858618,0.13391804662632661
thanh8+𤁔,thanh8,0.09380478411912918,0.5711452628156468,0.552778053425618
thanh8+󱞮,thanh8,0.10238511860370636,0.7286301954189959,0.11487442448054182
thanh8+𬕳,thanh8,0.11452248692512512,0.7513702691798538,0.4594509712215496
thanh8+𪶩,thanh8,0.06102212890982628,0.7244824977966117,0.1822414669541734
thanh8+𫬪,thanh8,0.08570486307144165,0.6919867282129709,0.22219700486899932
thanh8+󱫟,thanh8,0.07995201647281647,0.725985150023378,0.3907143013958043
thanh8+󱛽,thanh8,0.05008644983172417,0.7875319806659841,0.16636441567204707
thanh8+洅,thanh8,0.08011698722839355,0.8084746848354056,0.19077902519181042
thanh8+𦲼,thanh8,0.05866355821490288,0.7357041351385304,0.1340936486239642
thanh8+󱥓,thanh8,0.08451580256223679,0.7578742807857299,0.1733772995743761
thanh8+𡮛,thanh8,0.04875287413597107,0.8257727708770429,0.14827878329505725
thanh8+𫼰,thanh8,0.05664276331663132,0.7874382575601505,0.12387026308457903
thanh8+𦼜,thanh8,0.04633583873510361,0.8030888199884464,0.14838538901484102
thanh8+󱟲,thanh8,0.06944306194782257,0.753968870709005,0.0982432959672322
thanh8+𠇕,thanh8,0.05494789779186249,0.8350035398690583,0.20991139494334612
thanh8+󱲰,thanh8,0.08790063112974167,0.7048997981530526,0.25854436051713764
thanh8+𠶎,thanh8,0.07342412322759628,0.7030524594191597,0.1796458881409121
thanh8+𨄮,thanh8,0.07482997328042984,0.7598219491848568,0.26869176392056976
thanh8+𦿄,thanh8,0.0597829632461071,0.7426042169471716,0.11679727009146268
thanh8+𥌈,thanh8,0.09896458685398102,0.6639483407192177,0.16105967351860254
thanh8+𪢌,thanh8,0.08914527297019958,0.6426973128676534,0.09579994072904095
thanh8+󱡴,thanh8,0.10610973089933395,0.5518690063017955,0.3100011004167733
thanh8+󱠢,thanh8,0.10082964599132538,0.48872183416078346,0.2375973797689516
thanh8+𰓖,thanh8,0.10231894254684448,0.7487872122736463,0.2010193426593926
thanh8+󱜉,thanh8,0.07323437184095383,0.7901739669743812,0.3115775610084092
thanh8+𫯐,thanh8,0.08389811962842941,0.7021037367123096,0.16640713426843298
thanh8+圚,thanh8,0.1570672243833542,0.5204218851113733,0.27139424493423986
thanh8+𦷬,thanh8,0.06648246198892593,0.7548143790755315,0.110918910306469
thanh8+󱟈,thanh8,0.0774010568857193,0.7608568896902776,0.09487853723643914
thanh8+𫭅,thanh8,0.09514249861240387,0.7308230629578683,0.14141645317188828
thanh8+󱉲,thanh8,0.06240648776292801,0.7762967981286569,0.11761804990704729
thanh8+莰,thanh8,0.07079485803842545,0.7867016302142712,0.08233861289479015
thanh8+󰥉,thanh8,0.10786572098731995,0.6948630764416319,0.7626011540839817
thanh8+𰦫,thanh8,0.0614490807056427,0.7798313012128247,0.16157344111718597
thanh8+󱪢,thanh8,0.07168591022491455,0.7474264635172488,0.28818416585214174
thanh8+󰛺,thanh8,0.0488789826631546,0.8327817568879079,0.07662138310206414
thanh8+󱹪,thanh8,0.06953700631856918,0.6302115132429873,0.18165251972647342
thanh8+󱞐,thanh8,0.10948637127876282,0.6711077804796411,0.08647678622733744
thanh8+𣻢,thanh8,0.09088115394115448,0.6635528328684591,0.23170862809707793
thanh8+󰞘,thanh8,0.07579263299703598,0.8163798750272847,0.07936537310857122
thanh8+𡎜,thanh8,0.07289818674325943,0.7184500297110186,0.17606211820814635
thanh8+󱞖,thanh8,0.06449363380670547,0.7502618605807552,29.383872141597294
thanh8+󱤍,thanh8,0.08283831179141998,0.7758743202367355,0.14765891930512373
thanh8+󰬙,thanh8,0.07097436487674713,0.7255256168784453,0.09090223340369935
thanh8+󱝺,thanh8,0.06902839988470078,0.7572016804460691,0.11411490669289799
thanh8+󱪎,thanh8,0.06952530890703201,0.7536441989418325,0.2300363866288008
thanh8+󱛹,thanh8,0.08375424891710281,0.749007937832672,0.18272429878792384
thanh8+󱪚,thanh8,0.11922873556613922,0.6108398822827423,0.3123707103466365
thanh8+𨃌,thanh8,0.05911335349082947,0.7539856409703565,0.13169845294788668
thanh8+湨,thanh8,0.05750979483127594,0.8176023592094882,0.10186458679442528
thanh8+󱯠,thanh8,0.11363911628723145,0.5691247023780697,0.387288595395096
thanh8+󱛕,thanh8,0.061359796673059464,0.7782412999182966,0.19135623444257735
thanh8+󱡵,thanh8,0.06989763677120209,0.7892358913309522,0.08814119326726734
thanh8+󰸪,thanh8,0.08378748595714569,0.7829920653806105,0.2936729215762464
thanh8+󰛕,thanh8,0.10002072155475616,0.6947470005936783,8.470908284800947
thanh8+󱧝,thanh8,0.11597108840942383,0.721038757530883,0.33382516702614035
thanh8+󱥥,thanh8,0.08504051715135574,0.750099219373689,0.1335116289930007
thanh8+󱝗,thanh8,0.10430072247982025,0.7699622997887273,0.314508359863661
thanh8+𪟤,thanh8,0.07452481240034103,0.8043849994844532,0.0823583868140257
thanh8+𬏖,thanh8,0.11291982978582382,0.6699942756006982,0.27369048934463597
thanh8+𠻉,thanh8,0.04386366903781891,0.8299899102139875,0.2333111137384134
thanh8+𡀫,thanh8,0.07411004602909088,0.8015331267984822,0.1357367866302642
thanh8+㤝,thanh8,0.03899554908275604,0.855384924302245,0.09491134978234934
thanh8+󰙘,thanh8,0.0842648521065712,0.7684495741513871,0.6870175053685016
thanh8+𦄆,thanh8,0.05977075174450874,0.7703265302161436,0.1776469489727094
thanh8+󱟏,thanh8,0.09579590708017349,0.598688821380918,0.12250868234125252
thanh8+󰧺,thanh8,0.09252665936946869,0.7564506232221194,0.21029696568766554
thanh8+𬄃,thanh8,0.09184238314628601,0.6910963992281081,0.5192018339335668
thanh8+㼫,thanh8,0.08259565383195877,0.7089268213652072,0.20305819871733724
thanh8+󱤲,thanh8,0.10509662330150604,0.7045278124098814,0.2817694874128947
thanh8+蓸,thanh8,0.06454088538885117,0.8142146547952723,0.16719155390418516
thanh8+𫪀,thanh8,0.056661561131477356,0.8203213322539386,0.29902842774779165
thanh8+𠸯,thanh8,0.07836891710758209,0.7444253925141296,0.3747533738028317
thanh8+󱰗,thanh8,0.05495351552963257,0.7820800949190667,0.10256199142731776
thanh8+𪥘,thanh8,0.0733022540807724,0.789114057444109,0.09394772843409976
thanh8+󰤣,thanh8,0.06816300749778748,0.7985654705751628,0.08910385411403726
thanh8+𪮽,thanh8,0.05384968966245651,0.7631103921544796,0.14662603324302956
thanh8+𣌌,thanh8,0.07335932552814484,0.7381247750988512,0.15078266953457597
thanh8+󱡉,thanh8,0.10559743642807007,0.7444416100438097,0.20897614804186915
thanh8+󱞗,thanh8,0.06019602343440056,0.8223516773626757,0.08278679939660072
thanh8+𫛈,thanh8,0.1275424063205719,0.6013993368814224,0.4420146877172211
thanh8+󱌔,thanh8,0.08195202052593231,0.7392893764630927,0.08861124508357644
thanh8+󱞄,thanh8,0.06528765708208084,0.7871280813002337,0.14246033223196494
thanh8+󱰪,thanh8,0.07725556194782257,0.6921900365705472,0.1914789634734635
thanh8+𦨭,thanh8,0.057368166744709015,0.8453253206070527,0.10005878522329818
thanh8+󱤗,thanh8,0.0633680522441864,0.7958509140356023,0.162145670493936
thanh8+󱞁,thanh8,0.09148209542036057,0.6737592782034904,0.1623570536713452
thanh8+𫫜,thanh8,0.07927016168832779,0.6672675285409513,0.27473278885069136
thanh8+䈊,thanh8,0.09174209833145142,0.676285517789152,0.22111733661714317
thanh8+𠼳,thanh8,0.08040231466293335,0.7212829652529749,0.09433696109471584
thanh8+𪾭,thanh8,0.06877118349075317,0.753214500585916,0.2020272629090402
thanh8+󱢉,thanh8,0.0785086452960968,0.7634676598184968,0.08938062505593952
thanh8+󱢜,thanh8,0.07845882326364517,0.7233707506724896,0.15330365999904685
thanh8+󱦙,thanh8,0.07106990367174149,0.7354298528485784,0.23783336342726116
thanh8+󱼒,thanh8,0.08079899847507477,0.6280905220001547,0.19800620163909166
thanh8+󰞬,thanh8,0.13371136784553528,0.7224850776002366,0.2931141128871483
thanh8+𰋝,thanh8,0.07785899937152863,0.7430738400343552,0.0715323718762499
thanh8+󰨑,thanh8,0.06955485045909882,0.7553030823242007,0.1792333533379038
thanh8+𧟝,thanh8,0.08618014305830002,0.6500687245865672,0.30207860866284714
thanh8+𠿸,thanh8,0.05069733038544655,0.836724707734778,0.15844359649492226
thanh8+󱫪,thanh8,0.13288037478923798,0.5703075539984199,0.5201348142548948
thanh8+𫵞,thanh8,0.06496968120336533,0.7637443425157734,0.13394626762915993
thanh8+𠽇,thanh8,0.05366997793316841,0.831376422213059,0.2816511198494336
thanh8+𠬖,thanh8,0.07164055854082108,0.7536042627811324,0.07256855015367009
thanh8+󱡗,thanh8,0.06807238608598709,0.8051430281488815,0.08960761121808436
thanh8+󰯺,thanh8,0.08192942291498184,0.7662700385904376,0.28398182070219646
thanh8+󱟝,thanh8,0.08161207288503647,0.80032482762053,0.22415963157199112
thanh8+󰐨,thanh8,0.08479557931423187,0.7920355363562323,0.1789730444398351
thanh8+𫐹,thanh8,0.05229904130101204,0.8173064384722348,0.1238641605621662
thanh8+𡉁,thanh8,0.061205681413412094,0.8126307375847707,0.06967119489414357
thanh8+𠽏,thanh8,0.048550963401794434,0.8188413929445946,0.10350810436163664
thanh8+𡎔,thanh8,0.09465187788009644,0.7385878022162432,0.25316027852948014
thanh8+𬃴,thanh8,0.04984584450721741,0.8400561934172471,0.09650015448704745
thanh8+𪦎,thanh8,0.04339078068733215,0.817561318054954,0.14593095602828393
thanh8+𠲃,thanh8,0.05427706986665726,0.8202297986838281,0.086064442035952
thanh8+偖,thanh8,0.07516531646251678,0.6876673395070153,0.09341781880450822
thanh8+𥙒,thanh8,0.06941813230514526,0.7777754302953147,0.10028602095165558
thanh8+󱷿,thanh8,0.05168096721172333,0.8057330191476313,0.12342379502923895
thanh8+𩂀,thanh8,0.07270906865596771,0.7490616776591615,0.13012157366910398
thanh8+𨆟,thanh8,0.12509703636169434,0.6052590843820606,168.8504171640529
thanh8+𩶽,thanh8,0.05440813675522804,0.8004105589519642,0.12412330248152988
thanh8+󱛵,thanh8,0.0712466835975647,0.793210968700432,0.09909581907886177
thanh8+󰏏,thanh8,0.07098270952701569,0.780582219742602,42.50617891153606
thanh8+𡝦,thanh8,0.1089487299323082,0.7158662793844576,0.2520229806500022
thanh8+𬏇,thanh8,0.053167931735515594,0.836239682655599,0.14365993147520592
thanh8+󱛆,thanh8,0.05381050705909729,0.827052706482187,0.08551998531849271
thanh8+󱪼,thanh8,0.09331980347633362,0.6174708137540638,0.1284207597289102
thanh8+󱮑,thanh8,0.1135159581899643,0.5882834069863953,0.3897260517930056
thanh8+𤄮,thanh8,0.08528503775596619,0.744215525136746,0.24891237770921862
thanh8+㙘,thanh8,0.06063072383403778,0.7828488084192475,0.1667197161005328
thanh8+𧜐,thanh8,0.10299178957939148,0.6869748647338859,0.2511440487552848
thanh8+𣒠,thanh8,0.054604824632406235,0.8043607306659983,0.11818190468963952
thanh8+󱌡,thanh8,0.10349880158901215,0.6626091688929325,0.1741901965066822
thanh8+𢙬,thanh8,0.0763453021645546,0.7161143723330443,0.089558962676331
thanh8+𡀲,thanh8,0.05186726525425911,0.7812480385162408,0.12794173835253192
thanh8+󱱀,thanh8,0.07130426168441772,0.7667016565363346,0.1811026286306859
thanh8+󱦪,thanh8,0.05979626625776291,0.7796071575167652,0.24757800957876372
thanh8+灆,thanh8,0.06278036534786224,0.7721971481109916,0.17453211429945323
thanh8+󱥻,thanh8,0.08881589770317078,0.66161468825519,0.24923688815701292
thanh8+𩝭,thanh8,0.10207688808441162,0.6604918631196635,0.1478585878523133
thanh8+𠷇,thanh8,0.07368489354848862,0.7398101880769504,0.1661870654278039
thanh8+𧍆,thanh8,0.08247321844100952,0.678618134066365,0.22312986431534718
thanh8+𡁞,thanh8,0.07894022762775421,0.5774162072620777,0.19295487300624226
thanh8+𡫡,thanh8,0.09044697880744934,0.578805661513642,0.10557406010216118
thanh8+󱞒,thanh8,0.07281121611595154,0.7431362374138135,0.09954429419190917
thanh8+𭈖,thanh8,0.061980441212654114,0.7535821982484979,0.07800489913266084
thanh8+𨂚,thanh8,0.06518247723579407,0.8114039317511316,0.14824770125513315
thanh8+𬆅,thanh8,0.10883389413356781,0.5417165491885081,0.28640535915257637
thanh8+𫣝,thanh8,0.068536177277565,0.728507290797334,0.27524909303252365
thanh8+𮜲,thanh8,0.08074495196342468,0.7329053333557999,0.10108298684311301
thanh8+󱘡,thanh8,0.07659797370433807,0.6939490887345507,0.0970554973147712
thanh8+𡉖,thanh8,0.052106086164712906,0.8127130831093126,0.1601971490497373
thanh8+󱛖,thanh8,0.07502374053001404,0.7737971042141264,0.1542432773700737
thanh8+𤲼,thanh8,0.08913684636354446,0.7769655665220343,0.7358414810178652
thanh8+㺜,thanh8,0.06492149084806442,0.6953889453333338,0.11381896630461423
thanh8+󱝳,thanh8,0.06487508863210678,0.8277853907667732,0.206345232867109
thanh8+𤉕,thanh8,0.12057270109653473,0.5954865253236384,0.20705655677797144
thanh8+㨲,thanh8,0.07857649028301239,0.6217997477296768,0.12664793522410703
thanh8+𣙯,thanh8,0.07192879170179367,0.7770284918501494,0.12494484807173589
thanh8+󱚭,thanh8,0.08665651082992554,0.7744728833789192,0.2739902604121128
thanh8+𫰄,thanh8,0.07032159715890884,0.7865507210275836,0.2308043898429748
thanh8+哠,thanh8,0.07221879065036774,0.7917272637354409,1.0504822025276237
thanh8+𠿴,thanh8,0.10893817245960236,0.6762745656711275,0.15004571318305207
thanh8+󱤉,thanh8,0.10863139480352402,0.7252156656234071,0.26200447045666914
thanh8+𬈗,thanh8,0.07980988919734955,0.6833916743039636,0.15059796223827904
thanh8+鏙,thanh8,0.06137852743268013,0.800382303086026,0.1254975466133687
thanh8+󱝆,thanh8,0.06994257122278214,0.8306699958524492,0.0988653515583181
thanh8+󱢰,thanh8,0.07950437068939209,0.6449043082439256,0.10351504044613463
thanh8+𡓾,thanh8,0.12981761991977692,0.7320459012952301,0.11563160262087128
thanh8+𬪽,thanh8,0.06815686821937561,0.7905114110020331,1.527691677675841
thanh8+󱛢,thanh8,0.050394684076309204,0.8552281382647201,0.08435514590582231
thanh8+󰢉,thanh8,0.06661789119243622,0.8077933570533686,0.08117427642000045
thanh8+󱺂,thanh8,0.07987663894891739,0.7529972075261563,0.20832213207757103
thanh8+󰮃,thanh8,0.0834168791770935,0.7181989773890537,0.4539380468140197
thanh8+𪂱,thanh8,0.0751277282834053,0.6419543931467331,0.11763465381439193
thanh8+󱫷,thanh8,0.04274801164865494,0.892246554525471,0.0871012931925264
thanh8+𨔌,thanh8,0.073471300303936,0.7247522715699404,0.49446085396326134
thanh8+𪣠,thanh8,0.06409913301467896,0.8221864560383572,0.12736147728542305
thanh8+𢆠,thanh8,0.10143974423408508,0.6766167500038267,0.11926954066724715
thanh8+󱜫,thanh8,0.05773884057998657,0.7437919888291046,0.12338773029409596
thanh8+𡎡,thanh8,0.051449939608573914,0.8542387779714292,0.0889515504434348
thanh8+𩯁,thanh8,0.10251756757497787,0.6614014924257846,0.10921685117276043
thanh8+𠻱,thanh8,0.05574415251612663,0.8067053425511527,0.07038245473717959
thanh8+󱞊,thanh8,0.06205892562866211,0.7533880471910482,0.13607987090700796
thanh8+󱋭,thanh8,0.08532609790563583,0.7339501965474637,0.27457854917065855
thanh8+󰈠,thanh8,0.05471285060048103,0.8053412215362373,0.1325270049673927
thanh8+󱞴,thanh8,0.05767790973186493,0.7389045305225598,0.17596100804318512
thanh8+󱠠,thanh8,0.09225675463676453,0.45058216461025363,0.16869798465898245
thanh8+󰢔,thanh8,0.07625237852334976,0.7486489457255645,0.08681335831859271
thanh8+𠞡,thanh8,0.07959301769733429,0.797291906233793,0.10995198883793024
thanh8+󰂘,thanh8,0.08305142819881439,0.8370046746255595,0.12763883126014378
thanh8+𫇿,thanh8,0.08468788862228394,0.7329798134506131,0.10692906172738163
thanh8+𬅷,thanh8,0.08943668752908707,0.6920192680556081,0.07193509943845473
thanh8+𡚝,thanh8,0.0580185130238533,0.6985869935150332,0.09918498894899348
thanh8+𠹍,thanh8,0.07189559191465378,0.7667429065586567,0.14712241605736812
thanh8+𫥸,thanh8,0.0486413836479187,0.8782410707904043,0.07213718494751116
thanh8+󱝞,thanh8,0.07553892582654953,0.7107196314854457,0.14854560407107964
thanh8+𬡶,thanh8,0.07444512099027634,0.732036296744183,0.3189660264968807
thanh8+󱯛,thanh8,0.13186140358448029,0.6819490746746009,0.23105790191136122
thanh8+𨮉,thanh8,0.10867754369974136,0.5651100586527904,0.2923190964860652
thanh8+𧞿,thanh8,0.07999573647975922,0.7465835937499662,0.21423174758538918
thanh8+󱛦,thanh8,0.04548336938023567,0.8654972867012574,0.09769474486923596
thanh8+𡏯,thanh8,0.05484562739729881,0.7561543985695699,0.16279703037008406
thanh8+󱬔,thanh8,0.07038223743438721,0.8086226695351153,0.14114846401981193
thanh8+󱯄,thanh8,0.07004673779010773,0.6984678009653099,0.23342767246509424
thanh8+𨅞,thanh8,0.09145569801330566,0.6534493017507528,0.13559630731943215
thanh8+𠴹,thanh8,0.0538448765873909,0.8304264309111761,0.13142371520440796
thanh8+󱜆,thanh8,0.07287433743476868,0.7027877633944829,0.20128637123553794
thanh8+󱙥,thanh8,0.07578437030315399,0.7138710278397615,0.07905860572099545
thanh8+𠶈,thanh8,0.07622453570365906,0.7313317567453864,0.11159215485380815
thanh8+󰁐,thanh8,0.08099827915430069,0.7658370929990217,0.0731068481455715
thanh8+𫪎,thanh8,0.10479821264743805,0.6495367720944504,0.08860087660653904
thanh8+󱯺,thanh8,0.08701483905315399,0.5217395817916686,0.16571737394806138
thanh8+𬗏,thanh8,0.08957353979349136,0.6448482670025925,0.1206637798284192
thanh8+𠸙,thanh8,0.06087107211351395,0.824435937619241,0.19486178103027543
thanh8+𫏝,thanh8,0.05798405781388283,0.7665164426794666,0.09313660801281042
thanh8+𨪪,thanh8,0.08230666071176529,0.6562771111225169,0.17186819875717796
thanh8+噃,thanh8,0.09967687726020813,0.6357188013613747,0.09818114798731163
thanh8+󱹺,thanh8,0.051804445683956146,0.828556337698332,0.09593463874514858
thanh8+󱧖,thanh8,0.0626339316368103,0.7678554251322413,0.14141163513038435
thanh8+𡃆,thanh8,0.1348157823085785,0.716507641708473,0.17547427266195303
thanh8+壉,thanh8,0.10452014207839966,0.546108058686642,0.09804478465039738
thanh8+𠲹,thanh8,0.0772615373134613,0.7415738121902674,0.2051099520827834
thanh8+󱰐,thanh8,0.0896502137184143,0.7683383606019388,0.1400437413266145
thanh8+𪣮,thanh8,0.05797826126217842,0.788135738195585,0.20022390544818355
thanh8+󰢣,thanh8,0.08369304239749908,0.7555950112361571,0.2081539123496643
thanh8+𡁚,thanh8,0.05074315518140793,0.8365784987083968,0.18488511087701945
thanh8+󱚳,thanh8,0.09341777861118317,0.736427242717107,0.10702949318860466
thanh8+󱛣,thanh8,0.06393193453550339,0.7685022213953421,0.1390874086127433
thanh8+湳,thanh8,0.050506412982940674,0.7971835391093286,0.12059581809160382
thanh8+󱤚,thanh8,0.07690533995628357,0.6917926900940755,0.1755487283567169
thanh8+𪖺,thanh8,0.10403750836849213,0.6963687988636905,0.6047497583296361
thanh8+𡍢,thanh8,0.0874348059296608,0.5005879313389479,0.11437987817240779
thanh8+󱯧,thanh8,0.07274070382118225,0.8204390746483956,0.13600271633663955
thanh8+󰘇,thanh8,0.10243655741214752,0.7262179338730099,0.15135099495902027
thanh8+𡚎,thanh8,0.08739155530929565,0.6865004255294911,0.30990974604581073
thanh8+󰮡,thanh8,0.07776529341936111,0.6776104227815232,0.19847424146802642
thanh8+󱹓,thanh8,0.09385699033737183,0.782746276232644,0.0774576292874186
thanh8+𫅰,thanh8,0.07673389464616776,0.7348563801470402,0.14141334364911792
thanh8+𥮈,thanh8,0.1131860762834549,0.5269315287167972,0.20570442277359832
thanh8+𫱞,thanh8,0.10574986040592194,0.5645651621610802,0.2872954982175663
thanh8+𠻅,thanh8,0.05805610865354538,0.8142898797438061,0.15017250549206526
thanh8+󰋓,thanh8,0.046414490789175034,0.8090950564064897,0.07578263309881417
thanh8+𡅑,thanh8,0.09606418013572693,0.6166866836897469,0.6908041298567543
thanh8+𩚧,thanh8,0.06389567255973816,0.7705575446128599,0.10645443873987924
thanh8+𮤭,thanh8,0.08518001437187195,0.7650790490597543,0.10630024519163239
thanh8+𫉮,thanh8,0.07800979167222977,0.7009189687708781,0.16613388103698742
thanh8+𪴉,thanh8,0.07300591468811035,0.791021446517512,0.08460184231167552
thanh8+𩸮,thanh8,0.0633426159620285,0.7377959558475007,0.11869825919733572
thanh8+𡅩,thanh8,0.1303640902042389,0.6664821667406503,0.49798500291966175
thanh8+𣞄,thanh8,0.10868369787931442,0.6843147363052741,0.15914417789379343
thanh8+󱝖,thanh8,0.07494032382965088,0.8333875181914879,0.10952000320730688
thanh8+𪡽,thanh8,0.12132609635591507,0.7864222741413104,0.2967481528537441
thanh8+󰭏,thanh8,0.07705551385879517,0.821696432103628,0.2005508035755016
thanh8+󱘓,thanh8,0.07846434414386749,0.7508943859704634,0.1328993590740567
thanh8+𫽦,thanh8,0.07361490279436111,0.7427663027598779,0.19131074047428745
thanh8+𥶂,thanh8,0.08789946138858795,0.7746241073736254,0.15436139739705992
thanh8+𢠤,thanh8,0.07881177216768265,0.6832091382308212,0.11172282222769885
thanh8+𤁯,thanh8,0.07343055307865143,0.7305645565592738,0.1724657489907723
thanh8+󱝐,thanh8,0.06260978430509567,0.8689500992271045,0.06944647460012356
thanh8+𫴇,thanh8,0.07352481037378311,0.7724234568097685,0.26988561049549886
thanh8+𪣱,thanh8,0.11125421524047852,0.7226465498114734,0.14037211871698518
thanh8+𭉷,thanh8,0.09451963007450104,0.6199326362014254,0.15002628583110064
thanh8+󱰺,thanh8,0.1273653507232666,0.4025960183047228,0.7107809619835347
thanh8+󱚍,thanh8,0.057562120258808136,0.7490337091191813,0.33555141634283187
thanh8+𨄸,thanh8,0.07627364248037338,0.6047906676653199,0.15955040996678682
thanh8+婫,thanh8,0.06309910863637924,0.7997853858081958,0.22615255716897686
thanh8+𣱿,thanh8,0.054793838411569595,0.8507293151761229,0.06344278920908529
thanh8+𡀬,thanh8,0.1424597203731537,0.6748424157207071,7.949203486829872
thanh8+𨊌,thanh8,0.10865702480077744,0.6752483403010843,0.21816922182213294
thanh8+𠴌,thanh8,0.054944753646850586,0.8277756738124119,0.14795354140274614
thanh8+𡕩,thanh8,0.0692785382270813,0.8544665655711111,0.142742435723547
thanh8+𠼸,thanh8,0.06692924350500107,0.7928268960673059,0.08452022047617964
thanh8+󱛱,thanh8,0.05998656898736954,0.7170734466673434,0.1744829919705971
thanh8+㨫,thanh8,0.05447913333773613,0.8452024322796579,0.16426641599884687
thanh8+𠶍,thanh8,0.051731158047914505,0.7909375936569355,0.07343796804521986
thanh8+𡌩,thanh8,0.07166657596826553,0.8346668514560084,0.13433225461789697
thanh8+𠹌,thanh8,0.06373666971921921,0.7397538479838128,0.16911065618511426
thanh8+󱧘,thanh8,0.06781104952096939,0.8251053503969862,0.17187459990357287
thanh8+𧎠,thanh8,0.1066909208893776,0.6272086414118795,0.12370160777007666
thanh8+𫡸,thanh8,0.11079370230436325,0.6742207226862719,0.37499185242822924
thanh8+󱲥,thanh8,0.0711950957775116,0.8093843157850343,0.1699427393759586
